ticker,buy_trade_id,sell_trade_id,buy_date,sell_date,holding_days,buy_amount_min,sell_amount_min,match_status
KFFB,c1aed8243404,,2025-03-04,,,100001.0,,open
KFFB,5c68bdd243af,,2025-06-03,,,50001.0,,open
META,3b948200d359,3c93ab44c434,2025-02-26,2026-01-15,323.0,250001.0,500001.0,matched
META,6851b0289882,b14990403c13,2026-01-12,2026-01-21,9.0,1001.0,1001.0,matched
META,a08089d2b879,810906c4b361,2026-01-12,2026-02-01,20.0,100001.0,1001.0,matched
META,62ca5001581c,c20502d686c7,2026-01-21,2026-03-18,56.0,250001.0,250001.0,matched
META,307a8b07acd7,,2026-01-23,,,250001.0,,open
META,6d63047d7a81,,2026-01-23,,,50001.0,,open
META,50328cec6c8e,,2026-01-26,,,1001.0,,open
META,b048679aebb2,,2026-02-03,,,50001.0,,open
META,873ec1ec1d13,,2026-02-19,,,1001.0,,open
META,afc51c305f8c,,2026-02-23,,,1001.0,,open
META,b707fd022bb3,,2026-02-23,,,1001.0,,open
META,f8282093d3ef,,2026-03-02,,,250001.0,,open
META,cb4cfe03892a,,2026-03-11,,,100001.0,,open
META,ae7db176708a,,2026-03-12,,,100001.0,,open
META,2f942049b10e,,2026-03-17,,,15001.0,,open
META,26470082d9b9,,2026-03-23,,,15001.0,,open
META,9e1ad75b3ea3,,2026-03-23,,,15001.0,,open
MAIN,70685d8de2e0,,2025-12-03,,,50001.0,,open
BSX,,094372bfab21,,2026-01-06,,,250001.0,prior_position
BSX,2408748418b9,a21352e4b8b0,2026-01-12,2026-01-16,4.0,1001.0,250001.0,matched
BSX,bb2599b1c770,c111f32b085f,2026-01-12,2026-02-23,42.0,1001.0,1001.0,matched
BSX,9ed952d1a7d9,,2026-01-12,,,50001.0,,open
BSX,2bd86757bdf5,,2026-01-21,,,15001.0,,open
BSX,3480956857e5,,2026-03-11,,,1001.0,,open
BSX,ed10ec4e35c0,,2026-03-17,,,500001.0,,open
BSX,187b78453bdc,,2026-03-18,,,100001.0,,open
BSX,c9f6bf978e60,,2026-03-28,,,1001.0,,open
PGR,06ca574109f1,77ba58ff7855,2026-01-12,2026-02-10,29.0,50001.0,250001.0,matched
PGR,2ed6ba26d677,8f8be5f2af85,2026-01-12,2026-03-21,68.0,50001.0,1001.0,matched
PGR,239547dd3795,,2026-01-12,,,1001.0,,open
PGR,0af57916e41f,,2026-01-21,,,1001.0,,open
PGR,a53e86bf944b,,2026-02-12,,,1001.0,,open
PGR,5dabd62339c3,,2026-02-23,,,1001.0,,open
PGR,29cebe38046e,,2026-03-11,,,15001.0,,open
PGR,b852cbd1d56d,,2026-03-23,,,1001.0,,open
ACLS,,04c09bcf93fa,,2026-03-01,,,1001.0,prior_position
ACLS,3a08a8af3a92,,2026-03-04,,,15001.0,,open
PRGO,b998eb48d94e,720fd38ca442,2026-01-26,2026-03-30,63.0,1001.0,15001.0,matched
PRGO,e2cc0aae0f92,,2026-01-30,,,15001.0,,open
APOG,457f5216ee8b,2851f119ce97,2026-02-12,2026-02-26,14.0,15001.0,1001.0,matched
APOG,d4d969130561,,2026-03-30,,,15001.0,,open
ROP,,686e7783c08c,,2026-01-06,,,250001.0,prior_position
ROP,94755ea15efe,052829297eb0,2026-01-12,2026-02-12,31.0,100001.0,100001.0,matched
ROP,9417738d9e3f,e370e30b2ada,2026-01-21,2026-02-19,29.0,15001.0,1001.0,matched
ROP,24ca90c8e8d9,,2026-01-21,,,1001.0,,open
ROP,16668ad3d335,,2026-01-23,,,15001.0,,open
ROP,19fa6854ef2c,,2026-01-23,,,1001.0,,open
ROP,6349201f2b1f,,2026-02-12,,,1001.0,,open
ROP,7e1590372ba6,,2026-02-12,,,,,open
ROP,1ece91d10d06,,2026-03-17,,,500001.0,,open
ROP,d03629d9846d,,2026-03-18,,,50001.0,,open
ROP,feb4e5233afb,,2026-03-21,,,1001.0,,open
AMCR,26b62ef17867,346b240088b8,2026-01-23,2026-03-17,53.0,1001.0,1001.0,matched
AMCR,3e628a56352b,,2026-03-17,,,50001.0,,open
AMCR,e15a9e568882,,2026-03-17,,,50001.0,,open
AVY,f6b58825fcf9,,2026-03-16,,,1001.0,,open
PRU,,67eb1d16c4a3,,2026-03-04,,,1001.0,prior_position
PRU,,fb54c9f1508a,,2026-03-17,,,1001.0,prior_position
WSFS,f7f3064c2327,f9ab8acafdb0,2026-03-04,2026-03-30,26.0,50001.0,1001.0,matched
CPRT,,8a9ac803c1aa,,2026-01-08,,,15001.0,prior_position
CPRT,,dbeec269fc37,,2026-01-18,,,15001.0,prior_position
CPRT,3b85746f8fa3,c888d65d1d22,2026-01-23,2026-03-17,53.0,1001.0,1001.0,matched
CPRT,086537eac538,,2026-02-12,,,15001.0,,open
CPRT,319a46145ee1,,2026-02-19,,,1001.0,,open
CPRT,8cb9c81c58fa,,2026-02-23,,,1001.0,,open
CPRT,c9a1f04fb814,,2026-03-02,,,15001.0,,open
CPRT,e9e2c3f781cc,,2026-03-17,,,1001.0,,open
CPRT,dfc908b0e453,,2026-03-26,,,1001.0,,open
ISRG,3c0ba259945e,a7eef46be853,2026-01-06,2026-02-12,37.0,50001.0,1001.0,matched
ISRG,,af89d138e376,,2026-02-19,,,1001.0,prior_position
ISRG,f72513067867,366ffb043a22,2026-03-02,2026-03-17,15.0,50001.0,1001.0,matched
ISRG,2e7cc59d8e96,,2026-03-11,,,15001.0,,open
ISRG,3a210089db84,,2026-03-17,,,1001.0,,open
ISRG,e9539aaeb913,,2026-03-18,,,1001.0,,open
ISRG,21286416e3bf,,2026-03-23,,,15001.0,,open
DIOD,547523ad0d3a,,2026-02-12,,,15001.0,,open
DIOD,17bd0d70785f,,2026-02-21,,,1001.0,,open
UNP,,cd2b91f09ff1,,2026-01-08,,,15001.0,prior_position
UNP,cb06dac54fa0,46327ad77e6c,2026-01-12,2026-01-12,0.0,1001.0,1001.0,matched
UNP,,995eb036829b,,2026-01-18,,,15001.0,prior_position
UNP,,f5fc89b757b4,,2026-01-21,,,1001.0,prior_position
UNP,003b90be372e,,2026-03-02,,,15001.0,,open
UNP,ff893dd0f8a2,,2026-03-17,,,1001.0,,open
UNP,cb7ba6795875,,2026-03-31,,,1001.0,,open
ULTA,38b962216f58,,2026-01-06,,,100001.0,,open
ULTA,f40c2bc2ea34,,2026-01-06,,,100001.0,,open
ULTA,a75435fba51b,,2026-01-10,,,100001.0,,open
ULTA,67e71380474e,,2026-03-16,,,1001.0,,open
ULTA,f094fa523012,,2026-03-17,,,250001.0,,open
TOST,51a9b47dbd18,7fbd9174e389,2026-01-12,2026-02-12,31.0,1001.0,1001.0,matched
TOST,,0e0c81ff3be9,,2026-02-12,,,15001.0,prior_position
TOST,6ba55cb2905e,,2026-02-21,,,1001.0,,open
TOST,d11b26ffaf44,,2026-03-18,,,50001.0,,open
TOST,d0968311816b,,2026-03-23,,,1001.0,,open
APPN,98dbbc896053,,2026-01-31,,,,,open
CRM,bec452a96d60,4bea1cbc6d2e,2026-01-21,2026-01-21,0.0,15001.0,1001.0,matched
CRM,61e5d821bec7,ec21e653afb6,2026-01-23,2026-02-01,9.0,,1001.0,matched
CRM,43f7338e1f26,8e9e3728ffdb,2026-01-26,2026-03-23,56.0,1001.0,15001.0,matched
CRM,c1d3248f7e5f,,2026-02-06,,,1001.0,,open
CRM,bac466de94a1,,2026-02-12,,,1001.0,,open
CRM,cbc5ec729f47,,2026-02-12,,,1001.0,,open
CRM,4b67037c4c66,,2026-02-12,,,250001.0,,open
CRM,6fcd63ab854c,,2026-03-02,,,50001.0,,open
CRM,36f9fe0b8af5,,2026-03-11,,,250001.0,,open
CRM,f7a50f4ee301,,2026-03-11,,,15001.0,,open
CRM,7dd411724210,,2026-03-17,,,1001.0,,open
AVGO,653bdb592e84,89e2651b3dbf,2025-03-18,2026-03-02,349.0,15001.0,250001.0,matched
AVGO,3a80b18fc961,7945709ce6fd,2026-01-06,2026-03-17,70.0,50001.0,100001.0,matched
AVGO,3d0f68baef4b,,2026-01-31,,,1001.0,,open
AVGO,3e1e9e1363ad,,2026-02-02,,,100001.0,,open
AVGO,75692c9b9cda,,2026-02-10,,,1000001.0,,open
AVGO,9413ae08a2b4,,2026-03-06,,,100001.0,,open
AVGO,f81e9ae29418,,2026-03-11,,,50001.0,,open
AVGO,5aa59f0b719e,,2026-03-17,,,15001.0,,open
AVGO,d45d1cadc754,,2026-03-27,,,100001.0,,open
AVGO,e3ef58b7e00c,,2026-03-31,,,15001.0,,open
PODD,,a31758ad34e8,,2025-03-16,,,15001.0,prior_position
PODD,3f6060299b5c,5b02708fa210,2026-01-06,2026-02-10,35.0,100001.0,100001.0,matched
PODD,,b0f1d5e887ce,,2026-02-11,,,1001.0,prior_position
PODD,0a98945ebc4f,,2026-03-21,,,15001.0,,open
NOW,,9b87a1770c23,,2026-01-12,,,1001.0,prior_position
NOW,845fae92ee63,,2026-01-21,,,1001.0,,open
NOW,fc1e204ad748,,2026-02-10,,,1000001.0,,open
NOW,0fed626a9ea2,,2026-02-12,,,1001.0,,open
NOW,99988af67c45,,2026-02-23,,,1001.0,,open
NOW,1323f8d4963d,,2026-03-02,,,50001.0,,open
NOW,1985e08f5409,,2026-03-12,,,15001.0,,open
NOW,1e0dc43e81f5,,2026-03-18,,,100001.0,,open
NOW,b80cd873a4b4,,2026-03-28,,,1001.0,,open
VSNT,,03d57e250505,,2026-01-06,,,1001.0,prior_position
VSNT,23ac2cd9cb3d,f287f549c26e,2026-01-26,2026-02-19,24.0,100001.0,1001.0,matched
VSNT,5e96ec594f6a,c792c674182b,2026-02-06,2026-03-30,52.0,100001.0,1001.0,matched
VSNT,10f493d98fc1,,2026-02-12,,,1001.0,,open
VSNT,1d910c5e31c0,,2026-03-04,,,15001.0,,open
UFPT,,4ff632ccb46a,,2026-02-26,,,1001.0,prior_position
UFPT,,de24a16786d4,,2026-03-30,,,1001.0,prior_position
DASH,,5c0a5501008e,,2026-01-07,,,1001.0,prior_position
DASH,ede4a8d8c1f3,4611a6329980,2026-01-12,2026-01-17,5.0,50001.0,1001.0,matched
DASH,203592d5e057,9a42b78107d2,2026-01-16,2026-01-21,5.0,250001.0,50001.0,matched
DASH,df44cc51c4ee,60889a36da0a,2026-02-12,2026-03-21,37.0,1001.0,1001.0,matched
DASH,279e8a3680a8,,2026-03-02,,,15001.0,,open
DASH,70aa322ccd78,,2026-03-02,,,15001.0,,open
DASH,33f955f8e125,,2026-03-12,,,15001.0,,open
DASH,9681ae8556c8,,2026-03-17,,,500001.0,,open
DASH,0f4d843208fe,,2026-03-18,,,50001.0,,open
DASH,fd3555936b36,,2026-03-18,,,50001.0,,open
MATX,2c50080d9f9b,58836a917db6,2026-01-26,2026-02-21,26.0,15001.0,1001.0,matched
MATX,c83053d2f964,2dc4b58d35f6,2026-02-06,2026-03-30,52.0,15001.0,15001.0,matched
MATX,6ec4ae61b04f,,2026-03-04,,,15001.0,,open
PAYX,7bb4c2338932,d4d0a485963a,2026-01-21,2026-02-12,22.0,1001.0,,matched
PAYX,13dafda3391c,4cc43cd16608,2026-01-22,2026-03-11,48.0,15001.0,1001.0,matched
PAYX,72772493d294,,2026-01-23,,,15001.0,,open
PAYX,e09afbb4141a,,2026-01-23,,,15001.0,,open
PAYX,fcd350b3e97b,,2026-01-23,,,1001.0,,open
PAYX,55afb99b6e6b,,2026-02-10,,,500001.0,,open
PAYX,fb55505ccda7,,2026-03-11,,,100001.0,,open
PAYX,280920134ff3,,2026-03-17,,,1001.0,,open
PAYX,3d70c6348795,,2026-03-23,,,15001.0,,open
PAYX,7554afda4caa,,2026-03-26,,,1001.0,,open
PAYX,f20852362276,,2026-03-26,,,1001.0,,open
RRC,,85bf0e96aa84,,2026-01-21,,,1001.0,prior_position
GIS,,f8e2d34f5f62,,2026-01-21,,,100001.0,prior_position
GIS,98160aeaf6f8,a04eb03c317b,2026-01-23,2026-03-11,47.0,1001.0,1001.0,matched
GIS,d780ae51d856,0cf22264c848,2026-01-23,2026-03-17,53.0,1001.0,1001.0,matched
GIS,b81572bcf3cf,81a09fce681b,2026-02-23,2026-03-17,22.0,1001.0,1001.0,matched
GIS,,756e8ceacc40,,2026-03-26,,,1001.0,prior_position
AWI,d36e29e636ee,dbea4a299055,2026-03-04,2026-03-30,26.0,15001.0,1001.0,matched
NTRA,,6029bf0d733a,,2026-02-11,,,1001.0,prior_position
NTRA,,04b8b2521120,,2026-03-17,,,1001.0,prior_position
DIS,5cf7b36c0d9a,772f987bec6a,2026-01-21,2026-02-12,22.0,100001.0,100001.0,matched
DIS,ea5b1ed08ad6,,2026-01-23,,,1001.0,,open
DIS,d62d4598dc09,,2026-03-17,,,1001.0,,open
DIS,129792b779ee,,2026-03-18,,,100001.0,,open
DIS,d7e6ad60c629,,2026-03-23,,,1001.0,,open
DIS,dd4befe1b011,,2026-03-23,,,1001.0,,open
DIS,b194d0008214,,2026-03-26,,,1001.0,,open
D,,984a84304554,,2026-01-12,,,1001.0,prior_position
D,6cfeb3c31de3,,2026-01-23,,,15001.0,,open
D,367cd9df50e8,,2026-03-23,,,1001.0,,open
BKNG,cab8fce28c1f,2751ca23833c,2026-01-23,2026-01-23,0.0,1001.0,1001.0,matched
BKNG,,bb575ababb26,,2026-02-03,,,1001.0,prior_position
BKNG,,0c70747db193,,2026-02-10,,,500001.0,prior_position
BKNG,a29e54028192,,2026-02-12,,,100001.0,,open
BKNG,5da906e175cc,,2026-02-19,,,1001.0,,open
BKNG,627c584bfc0b,,2026-02-23,,,100001.0,,open
BKNG,e402092e5757,,2026-02-23,,,100001.0,,open
BKNG,8e779cf184c5,,2026-02-24,,,100001.0,,open
BKNG,dfbabb0a613a,,2026-03-18,,,100001.0,,open
BKNG,5ec7041d061a,,2026-03-21,,,15001.0,,open
BKNG,6a94f1d6d5ac,,2026-03-21,,,1001.0,,open
RDDT,,b0c65ed8be61,,2026-02-12,,,1001.0,prior_position
RDDT,21ca14871044,,2026-02-23,,,1001.0,,open
PANW,4b68919ee426,652ff0cbc0ac,2026-01-23,2026-02-10,18.0,15001.0,500001.0,matched
PANW,f6be06cb8972,1d0c263e27da,2026-02-19,2026-03-18,27.0,1001.0,50001.0,matched
PANW,75219f2300d1,,2026-03-02,,,50001.0,,open
PANW,69521e184684,,2026-03-11,,,15001.0,,open
PANW,1caed67c89d1,,2026-03-12,,,15001.0,,open
PANW,5004ff6419a0,,2026-03-17,,,1001.0,,open
PANW,0f8ad38917d1,,2026-03-21,,,1001.0,,open
SPGI,0eb2b36aee76,fe2c568eb156,2026-01-21,2026-02-10,20.0,15001.0,500001.0,matched
SPGI,acd686b12b67,2e10c9f2e260,2026-02-12,2026-02-12,0.0,1001.0,100001.0,matched
SPGI,f68eaf55bd03,,2026-02-23,,,1001.0,,open
SPGI,451618b094f0,,2026-03-11,,,15001.0,,open
SPGI,541ca7f5cafe,,2026-03-18,,,100001.0,,open
SABR,,f5fe6868b372,,2026-02-26,,,1001.0,prior_position
SABR,6c6833180aa3,,2026-03-30,,,15001.0,,open
MSFT,68209b4e2646,b0b255ef4497,2025-02-23,2026-01-12,323.0,15001.0,1001.0,matched
MSFT,23647be40b13,8175ae550219,2026-01-06,2026-01-12,6.0,500001.0,100001.0,matched
MSFT,99a4d5da2e37,95d00d0ecafa,2026-01-21,2026-02-10,20.0,15001.0,5000001.0,matched
MSFT,42a59fac1f04,c74d2324dbc1,2026-01-23,2026-02-13,21.0,250001.0,500001.0,matched
MSFT,b26168f2d15c,,2026-01-26,,,15001.0,,open
MSFT,4589f60f904b,,2026-02-12,,,1001.0,,open
MSFT,b68e80c5317e,,2026-02-12,,,250001.0,,open
MSFT,33de58cab655,,2026-02-19,,,1001.0,,open
MSFT,3c29cf0951a9,,2026-03-11,,,1000001.0,,open
MSFT,b464347ba8d2,,2026-03-17,,,50001.0,,open
MSFT,2e2aa3427e9c,,2026-03-17,,,15001.0,,open
MSFT,ec32960201a6,,2026-03-17,,,15001.0,,open
MSFT,a7253931fde5,,2026-03-18,,,250001.0,,open
MSFT,e0e84c51a652,,2026-03-18,,,250001.0,,open
MSFT,5aeffafea152,,2026-03-23,,,15001.0,,open
MSFT,b50032cf8357,,2026-03-25,,,100001.0,,open
MSFT,5bbbff31b0e9,,2026-03-31,,,100001.0,,open
SXC,5211e4b77c1f,,2026-02-26,,,1001.0,,open
C,4da27b9a78dc,98c9ad8eaf72,2026-01-17,2026-03-17,59.0,1001.0,1001.0,matched
C,9f3ea0e036bf,,2026-01-21,,,15001.0,,open
C,5aac261c8144,,2026-03-02,,,15001.0,,open
TROW,,8924fedd37c5,,2026-03-17,,,1001.0,prior_position
VYX,f4a0c9d3ba47,,2026-01-30,,,15001.0,,open
VYX,1570413192cc,,2026-02-26,,,1001.0,,open
VYX,d2b791417125,,2026-03-30,,,15001.0,,open
NAVI,5da5ce37875d,,2026-01-26,,,1001.0,,open
NAVI,a8628619bb28,,2026-02-26,,,15001.0,,open
NAVI,e422b9c7ae05,,2026-03-30,,,15001.0,,open
BRK-B,2f8e5bf2e2b7,80a9c690ce03,2026-01-07,2026-01-21,14.0,1001.0,1001.0,matched
BRK-B,f663360dcc16,25ffca99e1ee,2026-01-17,2026-03-18,60.0,1001.0,50001.0,matched
BRK-B,bb93cd5fb41b,a42882f41416,2026-01-23,2026-03-26,62.0,1001.0,15001.0,matched
BRK-B,590d031110c3,,2026-02-03,,,1001.0,,open
BRK-B,7d05d9e808f2,,2026-02-12,,,100001.0,,open
BRK-B,25fcf8548c29,,2026-02-23,,,15001.0,,open
BRK-B,38e360203333,,2026-02-23,,,15001.0,,open
CHDN,2fb2d6522b55,,2026-02-12,,,1001.0,,open
CHDN,b81fef23fc6d,,2026-02-12,,,1001.0,,open
CHDN,7c1d7dc86ee8,,2026-03-18,,,15001.0,,open
OMC,645d4331f918,f1ef72540b9e,2026-01-07,2026-02-10,34.0,1001.0,500001.0,matched
OMC,f289cd1795f0,627077451eb2,2026-01-12,2026-03-26,73.0,1001.0,1001.0,matched
OMC,34c7aa9d9788,,2026-01-17,,,1001.0,,open
OMC,1fc07853ec97,,2026-01-21,,,1001.0,,open
OMC,67f3f3aea53b,,2026-02-12,,,1001.0,,open
OMC,0293d33b481d,,2026-03-17,,,1001.0,,open
PLNT,,7ae2b4954ead,,2026-03-18,,,1001.0,prior_position
GPI,,4a4fe314e487,,2026-01-26,,,1001.0,prior_position
GPI,,ea4dcc0317d9,,2026-02-28,,,15001.0,prior_position
GPI,0b5657fab14b,,2026-03-30,,,50001.0,,open
AVA,46a45341cec3,3d2037a223b3,2026-03-04,2026-03-30,26.0,15001.0,1001.0,matched
TRUP,,655114556fb2,,2026-01-26,,,1001.0,prior_position
TRUP,d38c30a9622a,,2026-02-26,,,15001.0,,open
SWKS,c2a0a271df2b,1b22c08adfb0,2026-01-01,2026-03-17,75.0,100001.0,100001.0,matched
SWKS,364325e0ff8c,3db36d35fcb6,2026-01-21,2026-03-18,56.0,15001.0,1001.0,matched
SWKS,9c2210772944,,2026-03-02,,,50001.0,,open
SWKS,9d2c048be154,,2026-03-11,,,15001.0,,open
SWKS,feb8655b2627,,2026-03-21,,,1001.0,,open
ERIE,,c5a9266d18f4,,2026-03-18,,,1001.0,prior_position
ERIE,,f463deee0b24,,2026-03-26,,,1001.0,prior_position
CBSH,,48c26b2732c4,,2026-01-12,,,1001.0,prior_position
CBSH,a1e1bbbdef0f,,2026-03-18,,,100001.0,,open
ACN,6feb1a39211b,df163f5f1e46,2026-01-11,2026-02-12,32.0,250001.0,1001.0,matched
ACN,92484015da09,f8c4c9404f58,2026-01-21,2026-02-12,22.0,50001.0,250001.0,matched
ACN,0e2610c0a0ab,c40a2a5a0696,2026-01-21,2026-02-21,31.0,1001.0,1001.0,matched
ACN,baaf61dea603,ab1d1435259a,2026-02-10,2026-03-17,35.0,500001.0,1000001.0,matched
ACN,300ac395d0e2,,2026-03-02,,,15001.0,,open
ACN,f1d690c45b6f,,2026-03-12,,,15001.0,,open
ACN,32e4384ccf0f,,2026-03-16,,,100001.0,,open
ACN,12d10b290a41,,2026-03-21,,,1001.0,,open
SRPT,79c85d2f25d2,,2026-03-04,,,15001.0,,open
SRPT,7729b7b0b966,,2026-03-30,,,1001.0,,open
BX,c2800687cc6d,f5c5f06b4845,2026-02-12,2026-02-12,0.0,100001.0,1001.0,matched
BX,,667954e83bda,,2026-02-23,,,1001.0,prior_position
BX,a5574ab8cebe,52378f7ce451,2026-03-02,2026-03-14,12.0,50001.0,1001.0,matched
BX,1ebca6409f26,,2026-03-11,,,15001.0,,open
BX,f8f3a45f1d16,,2026-03-17,,,1001.0,,open
BX,3c5bbec466ee,,2026-03-18,,,100001.0,,open
SNOW,,14313639c4f9,,2026-01-27,,,1001.0,prior_position
SNOW,,97edc7748323,,2026-02-07,,,1001.0,prior_position
SNOW,,d666d1786e4e,,2026-02-12,,,15001.0,prior_position
SNOW,042585fc7299,,2026-02-23,,,1001.0,,open
SNOW,de51ca097089,,2026-03-17,,,1001.0,,open
SNOW,19c0b5f9b6a0,,2026-03-18,,,15001.0,,open
SNOW,deacc59a2ff4,,2026-03-18,,,15001.0,,open
SNOW,358ac4843a2a,,2026-03-26,,,1001.0,,open
SNA,7d44c73f441f,,2026-01-01,,,15001.0,,open
SNA,e9e629c15714,,2026-01-06,,,15001.0,,open
SNA,1ccc510980d1,,2026-03-16,,,1001.0,,open
CACC,,48504149f42b,,2026-01-12,,,1001.0,prior_position
V,ae5525d7505c,8c0661c99630,2026-01-07,2026-01-21,14.0,1001.0,15001.0,matched
V,bfb86f00ab30,ddaebb2b3fb7,2026-01-12,2026-01-26,14.0,50001.0,1001.0,matched
V,065deb0f91c6,577951c401fe,2026-01-17,2026-02-06,20.0,1001.0,1001.0,matched
V,0c84e36027b5,,2026-01-21,,,15001.0,,open
V,d3812aee58fa,,2026-02-12,,,100001.0,,open
V,e25e94a5b14d,,2026-02-12,,,1001.0,,open
V,161b326aeda3,,2026-03-12,,,100001.0,,open
V,2cd25bb4ffad,,2026-03-18,,,250001.0,,open
V,51add6573bff,,2026-03-21,,,15001.0,,open
V,8c5c0ca851ab,,2026-03-21,,,50001.0,,open
V,1be7aee85475,,2026-03-23,,,1001.0,,open
AVB,02ba8c55d6f1,5000783aaf9f,2026-01-06,2026-02-12,37.0,250001.0,1001.0,matched
AVB,8cd15dc7ddcd,,2026-01-12,,,500001.0,,open
AVB,caaca9935719,,2026-03-26,,,1001.0,,open
RBLX,,541304948eb4,,2026-01-08,,,15001.0,prior_position
RBLX,,7406fb67410e,,2026-01-12,,,1001.0,prior_position
RBLX,,6e323237ce67,,2026-01-18,,,15001.0,prior_position
RBLX,797f262236cc,,2026-01-21,,,1001.0,,open
RBLX,486e425c5edf,,2026-01-27,,,1001.0,,open
RBLX,4b8fb6372b22,,2026-01-28,,,1001.0,,open
UBER,82e1d9afb19a,aaac825bc99e,2026-01-06,2026-02-12,37.0,,1001.0,matched
UBER,f97371c1f0a8,7f8b5871574c,2026-01-07,2026-02-12,36.0,1001.0,100001.0,matched
UBER,a6cde715eb42,,2026-01-11,,,15001.0,,open
UBER,6f572451d791,,2026-01-12,,,1001.0,,open
UBER,b367613d8229,,2026-01-17,,,1001.0,,open
UBER,3f391a50d12b,,2026-01-21,,,50001.0,,open
UBER,619dbc580c7c,,2026-01-21,,,1001.0,,open
UBER,01104f9a8e62,,2026-03-02,,,15001.0,,open
UBER,88a0f6ea7f1b,,2026-03-11,,,1000001.0,,open
UBER,4ecc316daeee,,2026-03-18,,,100001.0,,open
UBER,4175bfd709e8,,2026-03-21,,,1001.0,,open
UBER,339b617e350b,,2026-03-23,,,1001.0,,open
UBER,99698d8548f7,,2026-03-23,,,1001.0,,open
UBER,3645ef8402db,,2026-03-26,,,1001.0,,open
NSIT,,449744d2a2ff,,2026-01-26,,,1001.0,prior_position
NSIT,ccb90e04c299,d2e7c56c73a5,2026-03-04,2026-03-30,26.0,15001.0,50001.0,matched
NKE,a2d1566f6ebb,38d29a9480d5,2026-03-11,2026-03-11,0.0,100001.0,100001.0,matched
NKE,,673f9a7c6171,,2026-03-26,,,1001.0,prior_position
BA,b8e61011e963,6b296731a929,2026-02-10,2026-03-17,35.0,1000001.0,500001.0,matched
BA,fc8fa896686c,faa9b47780a9,2026-02-10,2026-03-26,44.0,1000001.0,1001.0,matched
BA,ea81c48fd3f5,,2026-02-12,,,1001.0,,open
BA,1d01c58b2e5a,,2026-03-11,,,15001.0,,open
BA,fd2a7dc5afac,,2026-03-11,,,1001.0,,open
BA,738b737776be,,2026-03-31,,,15001.0,,open
PTC,4645289e45c7,d7f157026b92,2026-01-21,2026-03-26,64.0,15001.0,1001.0,matched
PTC,c106a1b50aab,,2026-01-23,,,1001.0,,open
PTC,98b630106dab,,2026-02-10,,,1000001.0,,open
PTC,c87551e2921b,,2026-02-10,,,1000001.0,,open
PTC,14c98cd399b3,,2026-02-19,,,1001.0,,open
PTC,24befa669e01,,2026-02-23,,,1001.0,,open
PTC,40021dd16c19,,2026-03-02,,,15001.0,,open
FLUT,,a71279db8acb,,2026-01-12,,,15001.0,prior_position
FLUT,825f5cb3e031,014829963468,2026-01-21,2026-03-17,55.0,1001.0,1001.0,matched
FLUT,f8f01ef2cc05,1c888e24fbec,2026-02-12,2026-03-26,42.0,1001.0,1001.0,matched
FLUT,592669111873,,2026-02-23,,,1001.0,,open
FLUT,eb2b383dfd07,,2026-03-18,,,50001.0,,open
GEN,df8c83f9c00b,7108cbe45385,2026-01-12,2026-02-12,31.0,1001.0,1001.0,matched
GEN,83499ac04d75,92b351270aec,2026-02-12,2026-03-26,42.0,15001.0,1001.0,matched
GEN,f60b6636b713,,2026-02-23,,,1001.0,,open
QCOM,ec81b54f8929,b5248250d167,2026-02-10,2026-02-12,2.0,500001.0,100001.0,matched
QCOM,8f3ab6fab83e,1a28a59b1869,2026-02-12,2026-02-19,7.0,1001.0,1001.0,matched
QCOM,,f595dc10da10,,2026-02-23,,,1001.0,prior_position
QCOM,7015106d6691,,2026-03-02,,,100001.0,,open
QCOM,349a3f959ece,,2026-03-11,,,50001.0,,open
QCOM,b1816373b254,,2026-03-11,,,1001.0,,open
QCOM,cc2624742dd8,,2026-03-12,,,15001.0,,open
QCOM,1d9507033a1c,,2026-03-23,,,15001.0,,open
QCOM,f750d3149890,,2026-03-23,,,15001.0,,open
QCOM,7385f6e0e385,,2026-03-25,,,15001.0,,open
QCOM,256c3c3b8136,,2026-03-26,,,1001.0,,open
OPLN,1622569b1b49,203e4b22e000,2026-03-04,2026-03-30,26.0,15001.0,1001.0,matched
OPLN,2351761f40f9,,2026-03-04,,,15001.0,,open
EXPE,e25a43a5d357,,2026-02-19,,,1001.0,,open
MORN,32ee707b26cd,,2026-01-02,,,50001.0,,open
MORN,f682c5b84c13,,2026-01-12,,,50001.0,,open
MORN,42de4754950b,,2026-01-23,,,1001.0,,open
MORN,525f0438e6f7,,2026-03-28,,,1001.0,,open
MET,b089d9fe173d,bf19e027eb7e,2026-01-12,2026-02-12,31.0,1001.0,15001.0,matched
MET,,ec953a101721,,2026-02-12,,,15001.0,prior_position
MET,,6b357e0c72f6,,2026-03-04,,,1001.0,prior_position
MET,ab868466f1d0,,2026-03-21,,,15001.0,,open
PRAA,953489547774,,2026-01-30,,,15001.0,,open
PRAA,8df585010e63,,2026-02-21,,,15001.0,,open
PRAA,5770999595f4,,2026-03-30,,,1001.0,,open
POOL,,d54f30fbba7c,,2026-02-23,,,1001.0,prior_position
POOL,53fb5b92377c,,2026-03-17,,,1001.0,,open
POOL,1aa78a68fe98,,2026-03-18,,,,,open
POOL,0a3da23e5947,,2026-03-21,,,1001.0,,open
DDOG,,bed04f64cd05,,2026-01-06,,,100001.0,prior_position
DDOG,14758c97b2af,43648ebbed13,2026-01-11,2026-01-12,1.0,15001.0,15001.0,matched
DDOG,aa838d727533,3aca95332700,2026-01-21,2026-03-18,56.0,1001.0,15001.0,matched
DDOG,1ed3d92e4e3d,7f0f6b551eb6,2026-01-23,2026-03-23,59.0,1001.0,50001.0,matched
DDOG,6e54927fa9a7,,2026-02-12,,,50001.0,,open
DDOG,3a9e19944c2a,,2026-02-19,,,1001.0,,open
DDOG,ccdd9615f2d6,,2026-03-02,,,15001.0,,open
DDOG,2ac814bf248b,,2026-03-17,,,500001.0,,open
AAP,097e17c82013,f202e55242ba,2026-01-26,2026-03-30,63.0,1001.0,1001.0,matched
AAP,d1f602aee14e,,2026-03-04,,,15001.0,,open
NEE,a1dcdafa2df3,,2026-01-12,,,1001.0,,open
NEE,4accdccdc16e,,2026-01-23,,,1001.0,,open
NEE,de65b82247ac,,2026-03-17,,,1001.0,,open
NEE,0ee083162654,,2026-03-31,,,1001.0,,open
CDNS,,68fd4f2541e2,,2026-01-06,,,250001.0,prior_position
CDNS,,e934428e3325,,2026-01-16,,,250001.0,prior_position
CDNS,2c284be3e7fc,15bf53d78608,2026-01-21,2026-02-23,33.0,15001.0,1001.0,matched
CDNS,b6263d17c429,,2026-01-23,,,1001.0,,open
CDNS,f381b89c765a,,2026-01-23,,,1001.0,,open
CDNS,5f7a8b99ec38,,2026-01-26,,,1001.0,,open
CDNS,5fa196e6b809,,2026-02-06,,,1001.0,,open
CDNS,ddf62eb6fe5f,,2026-02-19,,,1001.0,,open
CDNS,a33124c15527,,2026-03-02,,,100001.0,,open
CDNS,5fd3d57e2bed,,2026-03-11,,,1000001.0,,open
CDNS,328c5028d528,,2026-03-23,,,1001.0,,open
PYPL,a88f03de5563,,2026-01-12,,,50001.0,,open
PYPL,bc32d4163761,,2026-01-12,,,1001.0,,open
PYPL,ff680b8ee6cf,,2026-01-23,,,1001.0,,open
PYPL,4bf91997b91a,,2026-02-12,,,1001.0,,open
PYPL,9d024e0f616f,,2026-02-12,,,50001.0,,open
PYPL,f97d9180aec4,,2026-03-02,,,15001.0,,open
PYPL,87248fdf5a74,,2026-03-11,,,50001.0,,open
AZO,,067404f064f0,,2026-01-08,,,1001.0,prior_position
AZO,,0ec5bb3645f8,,2026-01-08,,,250001.0,prior_position
AZO,,64db0b756b67,,2026-01-08,,,250001.0,prior_position
AZO,2d3b8012ab34,336b738852c4,2026-01-12,2026-01-18,6.0,50001.0,1001.0,matched
AZO,81cc98b3fc92,,2026-03-23,,,1001.0,,open
A,5d6be29b975f,,2026-01-17,,,1001.0,,open
A,cd08555d5f3b,,2026-01-21,,,1001.0,,open
A,20dddff0f85f,,2026-03-11,,,50001.0,,open
A,c19d1d0cf9ce,,2026-03-31,,,15001.0,,open
TYL,41a0d4c4e6c5,c62dcea9592f,2026-01-01,2026-02-12,42.0,100001.0,1001.0,matched
TYL,8cba4273d436,b645d5465baa,2026-01-06,2026-03-18,71.0,100001.0,15001.0,matched
TYL,8cba4273d436,,2026-01-06,,,,,open
TYL,c621b3dd6ba4,,2026-01-21,,,1001.0,,open
TYL,c4b3e755f6d0,,2026-02-10,,,100001.0,,open
TYL,56a19db62ed6,,2026-02-23,,,1001.0,,open
TYL,f3cfd3efcaca,,2026-03-02,,,15001.0,,open
TYL,9f57bcd24e92,,2026-03-11,,,15001.0,,open
TYL,30f9a609a791,,2026-03-23,,,1001.0,,open
TEAM,b5b7b7c4f731,362b208315cf,2026-01-02,2026-01-12,10.0,1001.0,15001.0,matched
TEAM,238ed26b6a94,bf5d977d751b,2026-01-12,2026-01-21,9.0,1001.0,1001.0,matched
TEAM,aac8e42e02e3,9acca5d612cb,2026-01-26,2026-02-01,6.0,1001.0,1001.0,matched
TEAM,8ab51a69ac8f,162687855fe8,2026-02-19,2026-03-18,27.0,1001.0,50001.0,matched
FTNT,b80dec81c433,e59b4a194c9c,2025-03-02,2026-01-06,310.0,50001.0,250001.0,matched
FTNT,,40fd2657f81c,,2026-01-21,,,1001.0,prior_position
FTNT,448bfb64403c,379260db6828,2026-01-23,2026-03-11,47.0,,15001.0,matched
FTNT,72d8ffe08723,f69da4e7bc10,2026-02-19,2026-03-23,32.0,1001.0,15001.0,matched
FTNT,325d5b7b5729,,2026-02-23,,,1001.0,,open
FTNT,64b23a9c16d4,,2026-03-11,,,15001.0,,open
FTNT,eb375bd3d076,,2026-03-11,,,15001.0,,open
FTNT,19a4949fdd4c,,2026-03-12,,,15001.0,,open
FTNT,35705f2188c0,,2026-03-17,,,500001.0,,open
FTNT,fab9aa9624e2,,2026-03-17,,,500001.0,,open
TTD,e2a7bee7d301,1206f01dbede,2026-01-02,2026-02-19,48.0,1001.0,1001.0,matched
TTD,502846b21711,cde9a84f9d59,2026-01-12,2026-03-26,73.0,1001.0,1001.0,matched
TTD,d2da553a35f3,,2026-01-21,,,50001.0,,open
TTD,2f6319023230,,2026-01-23,,,1001.0,,open
TTD,61c612d68b22,,2026-02-10,,,50001.0,,open
TTD,44eddf39bab4,,2026-02-12,,,,,open
TTD,1f59593c8366,,2026-03-02,,,15001.0,,open
TTD,60d3d910dc6a,,2026-03-25,,,15001.0,,open
MSTR,,c5a0ae95e233,,2026-01-12,,,15001.0,prior_position
MSTR,c559ea8f0652,ed029b6c3b08,2026-02-12,2026-02-12,0.0,50001.0,1001.0,matched
MSTR,536350a7fbf1,f214938c23e1,2026-02-23,2026-03-18,23.0,1001.0,15001.0,matched
MSTR,b6c9a11b19a5,,2026-03-17,,,1001.0,,open
MSTR,11326fd43f54,,2026-03-26,,,1001.0,,open
MRSH,,322e584e0629,,2026-01-12,,,50001.0,prior_position
MRSH,cea60d2b5cc1,6cbcd872fc86,2026-02-12,2026-02-12,0.0,100001.0,1001.0,matched
MRSH,,ecedc6b6f5ed,,2026-02-23,,,1001.0,prior_position
MRSH,1fd24a0c7c1d,,2026-03-17,,,1001.0,,open
MRSH,7360a52103e8,,2026-03-18,,,100001.0,,open
MRSH,9c68d539e048,,2026-03-18,,,100001.0,,open
SNEX,467ff90c49a9,e4bb4c822e3c,2026-03-04,2026-03-30,26.0,15001.0,1001.0,matched
SNEX,f4f3bc02fd04,,2026-03-04,,,15001.0,,open
CSCO,354535ca10ed,,2026-01-21,,,15001.0,,open
CSCO,98a38b8dc98b,,2026-02-11,,,1001.0,,open
CSCO,01fbeeb785fc,,2026-03-02,,,100001.0,,open
CSCO,1fb800279e63,,2026-03-02,,,100001.0,,open
CSCO,0156825e1cd8,,2026-03-11,,,15001.0,,open
CSCO,19ab93c0e2dd,,2026-03-17,,,1001.0,,open
CSCO,261a093a6469,,2026-03-17,,,1001.0,,open
CSCO,5408aedc5914,,2026-03-23,,,15001.0,,open
CSCO,a7c2aa1c0d24,,2026-03-23,,,1001.0,,open
ACI,,e863c8fa93dd,,2026-01-12,,,1001.0,prior_position
DXPE,e078bd28bd8d,7ea677eb3eeb,2026-03-04,2026-03-30,26.0,15001.0,1001.0,matched
UNH,dbce37a53313,0aec2a6782a0,2026-01-12,2026-02-12,31.0,1001.0,1001.0,matched
UNH,9359541699de,,2026-01-23,,,100001.0,,open
UNH,0642d6b69ee5,,2026-02-03,,,100001.0,,open
UNH,e769edfc720c,,2026-02-10,,,1000001.0,,open
UNH,0731ac35ab96,,2026-02-23,,,1001.0,,open
UNH,fbea947a6aae,,2026-03-02,,,50001.0,,open
UNH,94df1ee0539f,,2026-03-11,,,15001.0,,open
UNH,1ea38932bf4d,,2026-03-17,,,1001.0,,open
UNH,65d7a183c835,,2026-03-17,,,1001.0,,open
UNH,cae16ced7e49,,2026-03-18,,,50001.0,,open
UNH,411a7595e823,,2026-03-23,,,15001.0,,open
UNH,71f01befb808,,2026-03-31,,,1001.0,,open
FISV,1f4d9c20ee33,c1149c2b6814,2026-01-06,2026-02-10,35.0,50001.0,100001.0,matched
FISV,507d4940975e,,2026-01-06,,,50001.0,,open
FISV,559c438122e8,,2026-01-12,,,,,open
FISV,763459557733,,2026-01-21,,,1001.0,,open
FISV,37b6f849325e,,2026-01-23,,,1001.0,,open
FISV,05eb1a0b151d,,2026-02-01,,,1001.0,,open
FISV,fb3619009a89,,2026-02-12,,,1001.0,,open
FISV,5c5ba76ded97,,2026-03-18,,,100001.0,,open
FISV,4a5ea3e1e592,,2026-03-25,,,15001.0,,open
FISV,d033d328a7be,,2026-03-26,,,1001.0,,open
CPS,456f957526ea,c1dc93aa9dbe,2026-01-06,2026-03-17,70.0,100001.0,1001.0,matched
WHD,,175f8cfe9e5d,,2026-03-30,,,1001.0,prior_position
CCI,,22615bab3950,,2026-01-06,,,100001.0,prior_position
CCI,,66c18992ee29,,2026-01-12,,,1001.0,prior_position
CCI,7b1214aed22f,618892f440a4,2026-01-21,2026-03-11,49.0,50001.0,1001.0,matched
CCI,12a5c2a2ee02,,2026-01-21,,,1001.0,,open
CCI,d463d243143e,,2026-02-12,,,1001.0,,open
CCI,f392bfa075dc,,2026-02-12,,,1001.0,,open
CCI,365bf7d20c39,,2026-03-26,,,1001.0,,open
BRO,88cdf1cec35e,e356c9dd02ad,2026-02-12,2026-02-23,11.0,15001.0,1001.0,matched
BRO,,56dfa60530dc,,2026-03-17,,,1001.0,prior_position
BRO,4270ef2545d5,,2026-03-18,,,50001.0,,open
BRO,7aba77392ee2,,2026-03-21,,,15001.0,,open
BRO,ba4408152037,,2026-03-26,,,1001.0,,open
RRR,,d5ba03dc586a,,2026-02-26,,,1001.0,prior_position
RRR,82e0c30b4355,,2026-03-30,,,50001.0,,open
RRR,de8617ae8e26,,2026-03-30,,,50001.0,,open
AMT,0d75b463bd2c,c840836ab47c,2026-01-12,2026-01-21,9.0,1001.0,1001.0,matched
AMT,,a11989f37e64,,2026-01-21,,,100001.0,prior_position
AMT,5a0844b9af60,966b998df474,2026-02-12,2026-03-21,37.0,,1001.0,matched
AMT,50583a0fdf88,,2026-03-17,,,1001.0,,open
JACK,,9da526bbdb29,,2026-03-01,,,1001.0,prior_position
PLTR,2eb04d8c8b31,22c8ecd82023,2026-01-06,2026-01-21,15.0,50001.0,100001.0,matched
PLTR,06f7c1c846a7,e4d3b639aa2f,2026-01-07,2026-01-23,16.0,1001.0,1001.0,matched
PLTR,63d29ff9c63d,b08f02f225b8,2026-01-17,2026-02-03,17.0,1001.0,1001.0,matched
PLTR,,d4ca8e5d944e,,2026-02-10,,,1000001.0,prior_position
PLTR,,c9a105b5cde3,,2026-02-12,,,1001.0,prior_position
PLTR,e6a1a4785d42,,2026-03-02,,,50001.0,,open
PLTR,c9f00fec67d9,,2026-03-11,,,15001.0,,open
PLTR,d1115634d167,,2026-03-12,,,15001.0,,open
PLTR,8ee5249bce4f,,2026-03-18,,,100001.0,,open
PLTR,db05b948db19,,2026-03-21,,,,,open
PEP,,ea96d50b0351,,2026-01-12,,,1001.0,prior_position
PEP,2450d8cd704a,,2026-01-17,,,1001.0,,open
PEP,a480f4eccdad,,2026-03-02,,,15001.0,,open
PEP,484910015cf4,,2026-03-04,,,1001.0,,open
PEP,52220d6c4d97,,2026-03-12,,,15001.0,,open
PEP,c798f01070ca,,2026-03-17,,,15001.0,,open
PEP,84211546e586,,2026-03-23,,,15001.0,,open
PEP,f5d497a1d0aa,,2026-03-23,,,15001.0,,open
PEP,534a5f06b4de,,2026-03-23,,,1001.0,,open
MAN,,b299558686b2,,2026-02-21,,,1001.0,prior_position
AMZN,45eb9c941d19,1e4c8dc52081,2026-01-06,2026-02-10,35.0,100001.0,5000001.0,matched
AMZN,8215c2dd167b,8f2f1cd8e095,2026-01-09,2026-02-12,34.0,500001.0,1001.0,matched
AMZN,3525c5a22b09,a37842b5c05a,2026-01-19,2026-02-12,24.0,500001.0,250001.0,matched
AMZN,86477b704555,ed7693e6d8dd,2026-01-23,2026-02-23,31.0,100001.0,1001.0,matched
AMZN,4277647198b7,,2026-01-23,,,50001.0,,open
AMZN,dfa85d4f78da,,2026-01-25,,,100001.0,,open
AMZN,c918107b0432,,2026-02-02,,,100001.0,,open
AMZN,cd44978dfebd,,2026-02-03,,,100001.0,,open
AMZN,b4c517571f13,,2026-02-05,,,100001.0,,open
AMZN,d1b355994908,,2026-02-13,,,250001.0,,open
AMZN,f418f296a22f,,2026-02-19,,,1001.0,,open
AMZN,d94f94a219d8,,2026-03-06,,,100001.0,,open
AMZN,d42972ce0407,,2026-03-11,,,250001.0,,open
AMZN,5c680a504c4e,,2026-03-17,,,50001.0,,open
AMZN,b4c562e7ea3b,,2026-03-17,,,15001.0,,open
AMZN,11536f56d7a9,,2026-03-19,,,1000001.0,,open
AMZN,69706aa888de,,2026-03-23,,,15001.0,,open
AMZN,b6d5d1dae6d7,,2026-03-23,,,15001.0,,open
AMZN,3835bc0da872,,2026-03-27,,,250001.0,,open
SNPS,c1f4902ae406,bd7a75330d08,2026-01-06,2026-02-19,44.0,50001.0,1001.0,matched
SNPS,6ffde55d103d,6d997137f7e9,2026-02-10,2026-03-18,36.0,1000001.0,15001.0,matched
SNPS,a1554a9f4cb8,,2026-03-02,,,50001.0,,open
SNPS,a62dccb62672,,2026-03-02,,,50001.0,,open
SNPS,70a74ad099ae,,2026-03-11,,,15001.0,,open
SNPS,002960dbf495,,2026-03-12,,,15001.0,,open
SNPS,138505e901f9,,2026-03-23,,,1001.0,,open
CAG,27128cfac7bc,52dd12712473,2026-02-11,2026-03-21,38.0,1001.0,1001.0,matched
CAG,486633ae8fb5,,2026-03-18,,,50001.0,,open
TSLA,926c8f564ec6,df49720b1868,2025-03-18,2026-01-23,311.0,15001.0,1001.0,matched
TSLA,,fed0cbb103fb,,2026-02-19,,,15001.0,prior_position
TSLA,8d39f5750baa,,2026-03-02,,,100001.0,,open
TSLA,4c1487389c72,,2026-03-23,,,15001.0,,open
WDAY,,9e48e772d438,,2026-01-12,,,1001.0,prior_position
WDAY,6d0b313b5f4f,b387cf5cc8d5,2026-01-21,2026-01-21,0.0,100001.0,1001.0,matched
WDAY,,94bd62aef010,,2026-01-21,,,15001.0,prior_position
WDAY,eed74ab2422e,56076576a49d,2026-01-23,2026-03-17,53.0,1001.0,1001.0,matched
WDAY,989ccbe12115,,2026-02-10,,,1000001.0,,open
WDAY,48295c66b5ec,,2026-02-12,,,1001.0,,open
WDAY,b9cacf2e2ccd,,2026-02-19,,,1001.0,,open
WDAY,3518756d401a,,2026-02-23,,,1001.0,,open
WDAY,5fd0063122de,,2026-03-02,,,15001.0,,open
WDAY,e32f768fe1fa,,2026-03-11,,,15001.0,,open
WDAY,7a4f09bd26e2,,2026-03-18,,,100001.0,,open
PZZA,,560493e1a182,,2026-01-02,,,1001.0,prior_position
PZZA,7053d1a37496,,2026-02-26,,,15001.0,,open
PZZA,d91a343ae0c4,,2026-03-30,,,1001.0,,open
ORCL,9e067775bdf4,fd623b9ceea9,2026-01-06,2026-01-21,15.0,1000001.0,1001.0,matched
ORCL,d7799329fa4f,dded731846bc,2026-01-08,2026-02-12,35.0,50001.0,100001.0,matched
ORCL,08df1d836ea6,,2026-02-23,,,1001.0,,open
ORCL,1f54bf626bc8,,2026-03-02,,,50001.0,,open
ORCL,26052f58b55c,,2026-03-02,,,50001.0,,open
ORCL,5a3c5f40c23a,,2026-03-11,,,15001.0,,open
ORCL,8c5d8630c3df,,2026-03-11,,,15001.0,,open
ORCL,2f861f999984,,2026-03-11,,,1001.0,,open
ORCL,321dcf0e9d03,,2026-03-12,,,15001.0,,open
ORCL,066fef345c73,,2026-03-17,,,1000001.0,,open
ORCL,a6eec7ed2e07,,2026-03-18,,,100001.0,,open
ORCL,c41133dc08eb,,2026-03-18,,,100001.0,,open
ORCL,617ab75ded1c,,2026-03-23,,,1001.0,,open
ORCL,77e48cd06848,,2026-03-23,,,1001.0,,open
ORCL,6ae7ce465ae7,,2026-03-25,,,15001.0,,open
ORCL,d63b7e3d9e10,,2026-03-27,,,15001.0,,open
DT,3a25a3b2712f,f269e284230b,2026-01-21,2026-02-12,22.0,100001.0,1001.0,matched
DT,1a48729c7b07,80e3f4b4df45,2026-01-21,2026-02-23,33.0,1001.0,1001.0,matched
DT,8f76c09f7898,,2026-02-01,,,1001.0,,open
CTSH,,04a69ce58fa0,,2026-01-21,,,15001.0,prior_position
CTSH,,be01e42e33b2,,2026-02-11,,,1001.0,prior_position
CTSH,c5720dfa10b3,eb48b99ed603,2026-02-12,2026-03-18,34.0,1001.0,15001.0,matched
CTSH,f09c23a893d4,,2026-02-23,,,1001.0,,open
CTSH,4672cc73e99a,,2026-03-31,,,1001.0,,open
KMI,,106f8e425f8d,,2026-01-12,,,1001.0,prior_position
KMI,69b900a0f01d,,2026-01-31,,,15001.0,,open
KMI,33a5f87dfbfa,,2026-03-02,,,15001.0,,open
CXW,253ee8ffb510,,2026-02-26,,,1001.0,,open
TDG,5698fb3aa44c,2e7442c04fa2,2026-01-06,2026-03-21,74.0,50001.0,1001.0,matched
TDG,dadfde474578,,2026-02-10,,,1000001.0,,open
SCVL,,f155bb65c1c8,,2026-03-30,,,1001.0,prior_position
CLSK,,b41fcdb37cc1,,2026-03-30,,,15001.0,prior_position
TMUS,3c5ea269f114,a18260ca4c76,2026-01-12,2026-01-18,6.0,50001.0,15001.0,matched
TMUS,2dafe9768630,585672297dbc,2026-01-12,2026-01-21,9.0,1001.0,100001.0,matched
TMUS,297f9bd38ac1,,2026-01-21,,,1001.0,,open
TMUS,90be761b0555,,2026-01-23,,,15001.0,,open
TMUS,5888a3b276b8,,2026-01-23,,,15001.0,,open
TMUS,5779d0508447,,2026-03-11,,,15001.0,,open
ANGI,,cd83a7b169e7,,2026-03-23,,,15001.0,prior_position
INVH,009a6633d7de,5ac756d0dd22,2026-01-06,2026-01-21,15.0,250001.0,1001.0,matched
INVH,,8fe333be966c,,2026-01-21,,,15001.0,prior_position
INVH,98aed34a3386,f658a7a65925,2026-01-23,2026-03-17,53.0,1001.0,250001.0,matched
INVH,0d31da26850e,,2026-01-26,,,1001.0,,open
INVH,1c80108550fd,,2026-02-03,,,1001.0,,open
INVH,f3ecac597412,,2026-03-11,,,50001.0,,open
BLMN,0c429814fffd,afaab4c41887,2026-02-26,2026-03-23,25.0,15001.0,15001.0,matched
BLMN,6ea0d21d23c0,,2026-02-26,,,15001.0,,open
LOPE,,058911c06b82,,2026-01-21,,,15001.0,prior_position
AGYS,,0a058e833322,,2026-01-26,,,1001.0,prior_position
AGYS,e1ae356abc3e,,2026-02-28,,,15001.0,,open
AGYS,888447f6df3e,,2026-03-30,,,15001.0,,open
CART,6df221be600d,,2026-01-21,,,15001.0,,open
BLDR,,b3cba04eeef8,,2026-01-08,,,15001.0,prior_position
BLDR,,c2da756fcb00,,2026-01-18,,,15001.0,prior_position
PINS,b092e52dfd4c,9b8de7fe5595,2026-02-12,2026-03-18,34.0,15001.0,15001.0,matched
AMSF,65fc8a97fe00,a90c5a6ed668,2026-01-26,2026-02-26,31.0,15001.0,15001.0,matched
BAH,8a84bb9caece,,2026-01-18,,,15001.0,,open
BAH,ee98303929cf,,2026-02-23,,,1001.0,,open
AMTM,d7bc7ca53df8,d0d0932dda06,2026-03-04,2026-03-30,26.0,15001.0,15001.0,matched
WKC,246b13dcde62,cfbc269eb543,2026-03-04,2026-03-30,26.0,15001.0,15001.0,matched
MSI,cd82fac52e31,f2f36b304c4f,2026-01-11,2026-01-21,10.0,100001.0,15001.0,matched
MSI,e1bc85cc85d5,,2026-01-13,,,100001.0,,open
MSI,af7e029a31ab,,2026-01-15,,,100001.0,,open
MSI,1cd832735e65,,2026-02-10,,,1000001.0,,open
MSI,528af77549c3,,2026-02-12,,,15001.0,,open
MSI,52de086cbc75,,2026-03-02,,,50001.0,,open
MSI,13cc2a968509,,2026-03-11,,,15001.0,,open
MSI,7aec7e28890d,,2026-03-17,,,1001.0,,open
MSI,ae3737568758,,2026-03-31,,,15001.0,,open
ITRI,33ed07564790,,2026-02-02,,,15001.0,,open
ITRI,74e64ebfe4ca,,2026-02-02,,,15001.0,,open
ITRI,0d66ec867da5,,2026-02-26,,,15001.0,,open
ITRI,d1e131cb1567,,2026-03-30,,,15001.0,,open
VCEL,,328f4d0d7f83,,2026-03-30,,,15001.0,prior_position
JBLU,ca12b8475e2a,,2026-03-04,,,15001.0,,open
JBLU,5c47df407950,,2026-03-30,,,15001.0,,open
BANF,30704399b9d8,849642a63965,2026-03-04,2026-03-30,26.0,15001.0,15001.0,matched
SCIO,,f16b82f163dd,,2026-03-04,,,15001.0,prior_position
GWRE,a7bc2a2beb21,8d38007644dd,2026-01-12,2026-02-12,31.0,1001.0,1001.0,matched
GWRE,ca0b73be9f64,eac4a6803a75,2026-01-12,2026-02-12,31.0,1001.0,1001.0,matched
GWRE,36757af569b7,,2026-02-12,,,15001.0,,open
GWRE,dc16105d1ca3,,2026-03-23,,,1001.0,,open
SSTK,,dac0c7f33a82,,2026-03-30,,,15001.0,prior_position
PAYC,b1e10ad92229,31c67873844e,2026-02-12,2026-03-18,34.0,50001.0,15001.0,matched
PAYC,5394662e03b5,18d3ffd1ccfc,2026-02-12,2026-03-30,46.0,1001.0,15001.0,matched
PAYC,4cd1e37ca96c,,2026-02-23,,,1001.0,,open
PAYC,a213ead8d2b6,,2026-02-23,,,1001.0,,open
PAYC,6d71d510d570,,2026-03-23,,,100001.0,,open
JCI,48a53c026cca,,2026-01-22,,,15001.0,,open
PCOR,,e020ee07ebbe,,2026-01-21,,,1001.0,prior_position
PCOR,c15d6d663906,f7308d599302,2026-01-23,2026-02-12,20.0,1001.0,15001.0,matched
PCOR,2efafc048ce9,,2026-02-03,,,1001.0,,open
PCOR,3cdf15bae2d7,,2026-02-12,,,1001.0,,open
VSAT,9a56bc5c9d07,,2026-03-30,,,15001.0,,open
DOCS,0b81603d8982,,2026-01-18,,,15001.0,,open
DOCS,111eeea99108,,2026-02-23,,,1001.0,,open
EVTC,2a84c8721d7b,bcf9db79b034,2026-02-12,2026-03-30,46.0,15001.0,15001.0,matched
EVTC,21a89fd15bd4,,2026-02-28,,,50001.0,,open
RNG,bed5322ba459,d54fdd49d6a4,2026-02-12,2026-03-30,46.0,15001.0,15001.0,matched
RNG,833167677ecc,,2026-03-04,,,15001.0,,open
EXC,,5732fddd3029,,2026-01-12,,,15001.0,prior_position
EXC,b6877d266fa7,,2026-01-31,,,15001.0,,open
EXC,10f1379007a4,,2026-03-23,,,1001.0,,open
EXE,370d545cc404,92ae711de047,2026-01-11,2026-03-17,65.0,15001.0,15001.0,matched
EXE,c821a22494bf,,2026-03-02,,,15001.0,,open
ALKS,6beba4834a59,d7eded52f3ba,2026-01-26,2026-01-26,0.0,15001.0,15001.0,matched
ALKS,a282d667128e,7062934ce99c,2026-01-26,2026-02-06,11.0,15001.0,15001.0,matched
ALKS,16c58fee5e88,,2026-03-30,,,50001.0,,open
JPM,,39896c323607,,2026-01-02,,,50001.0,prior_position
JPM,5b6836c85ae5,12390a3f0371,2026-01-07,2026-01-12,5.0,1001.0,50001.0,matched
JPM,8e3f56d7530c,e0a8558c88e0,2026-01-11,2026-01-22,11.0,50001.0,15001.0,matched
JPM,7fba53ddd4f2,113b2713eec7,2026-01-17,2026-03-18,60.0,1001.0,15001.0,matched
JPM,356f7d9dcc86,,2026-03-02,,,100001.0,,open
JPM,03cd8f6dcc2f,,2026-03-12,,,50001.0,,open
JPM,5cf72da1ba1a,,2026-03-21,,,15001.0,,open
JPM,732bdb773497,,2026-03-23,,,1001.0,,open
JPM,89406b1a11d9,,2026-03-23,,,1001.0,,open
JPM,52e5a29034ca,,2026-03-26,,,1001.0,,open
JPM,edc440e39d24,,2026-03-26,,,1001.0,,open
JPM,810341d4ffa8,,2026-03-31,,,100001.0,,open
AUR,a43e3923f37e,58cd672e3791,2026-02-12,2026-03-18,34.0,15001.0,15001.0,matched
AUR,79c74f010a02,,2026-02-21,,,1001.0,,open
AUR,50a3225cb094,,2026-03-26,,,1001.0,,open
WMT,4137ee9697e2,358d57bda8d7,2026-01-11,2026-03-06,54.0,15001.0,15001.0,matched
WMT,9a0cbc1e88cc,,2026-03-02,,,100001.0,,open
WMT,99e14474b4d1,,2026-03-12,,,15001.0,,open
WMT,db380f6d569e,,2026-03-23,,,15001.0,,open
WMT,51409caecdd5,,2026-03-25,,,15001.0,,open
AMRX,17e5277f1612,,2026-03-04,,,15001.0,,open
AMRX,8378dfa25ff3,,2026-03-30,,,15001.0,,open
BOOT,,30af7ad7b920,,2026-03-30,,,15001.0,prior_position
EXTR,,518252991641,,2026-01-26,,,15001.0,prior_position
HSTM,2b7afbd0b35b,ba08eef26218,2026-01-26,2026-01-26,0.0,50001.0,15001.0,matched
HSTM,,b41270429525,,2026-02-06,,,15001.0,prior_position
CXM,,9865b3bcf15a,,2026-01-26,,,15001.0,prior_position
CXM,605fa9714dc1,,2026-03-30,,,15001.0,,open
CAT,,f8f6377be80b,,2026-01-22,,,15001.0,prior_position
CAT,bb623aef9e38,,2026-03-02,,,50001.0,,open
CAT,b9a019a75763,,2026-03-11,,,15001.0,,open
CAT,36746cbb014a,,2026-03-23,,,15001.0,,open
CAT,da24d843407d,,2026-03-23,,,1001.0,,open
ROKU,2874ceaa1c5f,,2026-02-12,,,15001.0,,open
ALG,71041b16644f,,2026-03-04,,,15001.0,,open
ALG,51a6a3bab8f0,,2026-03-30,,,15001.0,,open
MLKN,,f84c75117104,,2026-03-30,,,15001.0,prior_position
SCSC,7570d3db420a,9c4bf8e3a703,2026-03-04,2026-03-30,26.0,15001.0,15001.0,matched
SCSC,e6fb5d68d455,,2026-03-04,,,15001.0,,open
URBN,9fc210daa72b,9bc05c0b7d47,2026-03-04,2026-03-30,26.0,15001.0,15001.0,matched
OTTR,64c393800a34,7d91236ecc3b,2026-02-26,2026-03-30,32.0,15001.0,15001.0,matched
OTTR,3c55fc690da0,,2026-03-04,,,15001.0,,open
IT,4106573efba6,4182462af37d,2026-01-06,2026-01-21,15.0,100001.0,15001.0,matched
IT,b6f9491fcfc9,7d3c616c2987,2026-01-16,2026-02-12,27.0,100001.0,1001.0,matched
IT,0b78105e0381,,2026-02-10,,,100001.0,,open
IT,d7fa4a7a2dcf,,2026-02-23,,,1001.0,,open
IT,3f4fa5542364,,2026-03-18,,,15001.0,,open
IT,9cb05aab35d5,,2026-03-18,,,15001.0,,open
IT,ee90d892155f,,2026-03-21,,,1001.0,,open
T,02cd9f1e9588,,2026-01-12,,,100001.0,,open
T,370ee343beab,,2026-01-12,,,15001.0,,open
T,19d4f2cf5b9e,,2026-01-21,,,1001.0,,open
T,5ab2f22f4a8d,,2026-01-23,,,100001.0,,open
T,b2a372fa2107,,2026-03-11,,,15001.0,,open
T,01b0c93c8b90,,2026-03-23,,,1001.0,,open
TNDM,,4f8c965b9181,,2026-03-30,,,15001.0,prior_position
AGNT,,d43b564e5b9a,,2026-03-30,,,15001.0,prior_position
JBTM,3f260eb80be4,,2026-01-30,,,15001.0,,open
JBTM,611968a985eb,,2026-02-26,,,15001.0,,open
JBTM,616f81f866b2,,2026-03-30,,,50001.0,,open
JBTM,9ccaecaab067,,2026-03-30,,,50001.0,,open
PLXS,,2e38ba501786,,2026-03-01,,,15001.0,prior_position
PLXS,3db7f30871d4,,2026-03-04,,,15001.0,,open
KTB,bcaef427d83c,,2026-01-26,,,1001.0,,open
KTB,f4a0b4974fb3,,2026-03-01,,,15001.0,,open
PENG,89f50f8eb1ec,,2026-03-01,,,15001.0,,open
PENG,03d3e965e509,,2026-03-04,,,15001.0,,open
ADSK,ef4b443a8aa4,36bca3341ed9,2026-01-21,2026-01-21,0.0,15001.0,1001.0,matched
ADSK,,d6c3061f0e2b,,2026-01-21,,,15001.0,prior_position
ADSK,9688ec01c590,6c5faf9d205e,2026-01-23,2026-02-10,18.0,1001.0,250001.0,matched
ADSK,fd280bea0da9,a854538537ce,2026-02-19,2026-02-23,4.0,1001.0,1001.0,matched
ADSK,a3f3208e510d,,2026-03-02,,,50001.0,,open
ADSK,ab0e027f749e,,2026-03-11,,,15001.0,,open
SANM,,b1b402c6b0e1,,2026-03-01,,,15001.0,prior_position
SANM,4ad0d4f2f92d,,2026-03-04,,,15001.0,,open
OLED,,737622fed614,,2026-03-18,,,15001.0,prior_position
HUM,96484704705b,72e02454c4bd,2026-01-21,2026-02-10,20.0,15001.0,100001.0,matched
HUM,,ab54701e74c1,,2026-02-12,,,1001.0,prior_position
HUM,479064f69caf,,2026-02-23,,,1001.0,,open
HUM,1a6f1861cc31,,2026-03-11,,,15001.0,,open
HUM,9dfa88ea5c99,,2026-03-11,,,15001.0,,open
HUM,1fec75af4c7d,,2026-03-17,,,1001.0,,open
HUM,5e2a9e12c6c9,,2026-03-26,,,1001.0,,open
PATK,,12332ba73e5a,,2026-03-01,,,15001.0,prior_position
PATK,c23db8df701e,,2026-03-04,,,15001.0,,open
HCI,,689d9f7c6b01,,2026-03-01,,,15001.0,prior_position
HCI,9d58bf27d22e,,2026-03-04,,,15001.0,,open
THRM,,ae7c26af29d5,,2026-03-01,,,15001.0,prior_position
THRM,61c50e0b2345,,2026-03-04,,,15001.0,,open
WGO,223b13fabd46,,2026-03-01,,,15001.0,,open
CARG,,4568d64822ff,,2026-02-26,,,15001.0,prior_position
CARG,5735172ddad2,,2026-03-01,,,15001.0,,open
LNN,9880cb89c8fe,1948b1156a50,2026-01-26,2026-03-30,63.0,15001.0,15001.0,matched
CARS,,4ef02618c77d,,2026-02-26,,,1001.0,prior_position
MBC,086d4b4915b5,,2026-02-26,,,1001.0,,open
MBC,f4361c10a13e,,2026-03-30,,,15001.0,,open
IOT,00e84778fa28,dffe61d30c1e,2026-01-12,2026-01-23,11.0,1001.0,1001.0,matched
IOT,2feee63cd56f,e03fa0f2b402,2026-01-21,2026-02-03,13.0,1001.0,1001.0,matched
IOT,,00a1ba4e6cf6,,2026-02-12,,,1001.0,prior_position
MGEE,,601797835de5,,2026-01-26,,,1001.0,prior_position
MGEE,,75087cca3b32,,2026-02-26,,,1001.0,prior_position
MGEE,6c96c9c2e5ca,,2026-03-04,,,15001.0,,open
MGEE,961a19bedc6c,,2026-03-30,,,15001.0,,open
VRNS,,c265a7629c53,,2026-02-12,,,1001.0,prior_position
J,8d9ac29d8f80,abd68b8d13eb,2026-01-01,2026-03-17,75.0,100001.0,100001.0,matched
J,,5689f9c5e0b2,,2026-03-27,,,15001.0,prior_position
YELP,,481afd2ca2d2,,2026-02-26,,,15001.0,prior_position
YELP,3d75abf80b8b,,2026-03-30,,,15001.0,,open
ROCK,,e6867bbb5e15,,2026-02-26,,,,prior_position
ROCK,6b3798665e57,,2026-03-30,,,15001.0,,open
PLAY,73e7889800ca,2783bd8d0eb0,2026-02-26,2026-03-23,25.0,15001.0,15001.0,matched
GTES,1f17cf894c44,,2026-03-04,,,15001.0,,open
GTES,c2aa053f78ed,,2026-03-30,,,15001.0,,open
ICUI,0709fa514c2f,7a76ecff2abc,2026-01-26,2026-02-26,31.0,15001.0,15001.0,matched
ICUI,25a469a7dbdd,,2026-03-30,,,15001.0,,open
ICUI,e28eceabd14a,,2026-03-30,,,15001.0,,open
SKY,21e94253fcc2,af7467307787,2026-03-04,2026-03-30,26.0,15001.0,15001.0,matched
HD,2a67b36d0636,10df4d7f7c02,2026-01-06,2026-01-10,4.0,,50001.0,matched
HD,9b4d4e3835ff,478c6d1c235e,2026-01-12,2026-03-21,68.0,1001.0,15001.0,matched
HD,d4c8680e4212,,2026-01-21,,,15001.0,,open
HD,3bda658ed42b,,2026-01-22,,,15001.0,,open
HD,342367c86fe2,,2026-02-12,,,250001.0,,open
HD,409910abe2f6,,2026-03-02,,,50001.0,,open
HD,3bfa4aa5ed88,,2026-03-11,,,50001.0,,open
HD,5fcd9178ee94,,2026-03-17,,,1001.0,,open
HD,f451cbae2240,,2026-03-17,,,1001.0,,open
HD,be0466cf11ad,,2026-03-18,,,250001.0,,open
HD,775d19dde864,,2026-03-21,,,15001.0,,open
LUMN,6c292abe9503,,2026-03-01,,,15001.0,,open
LUMN,be2d43962613,,2026-03-04,,,15001.0,,open
CRK,,f1783bc365c9,,2026-02-26,,,15001.0,prior_position
CRK,51f3516f5365,,2026-03-30,,,15001.0,,open
EIG,d669ef1c22ee,bdca32ca9d1d,2026-03-04,2026-03-30,26.0,15001.0,15001.0,matched
BANR,56ce3554e286,fb9d65161759,2026-03-04,2026-03-30,26.0,15001.0,15001.0,matched
UPBD,,70e3ef503778,,2026-03-30,,,15001.0,prior_position
EMBC,,06b47f8aa7d5,,2026-01-26,,,15001.0,prior_position
EMBC,bb0975de467c,,2026-02-26,,,15001.0,,open
EMBC,0d5f8ee6f923,,2026-03-30,,,15001.0,,open
ZG,,b870a0fc0a9c,,2026-01-12,,,15001.0,prior_position
ZG,c3c5146d119a,,2026-01-21,,,1001.0,,open
ZG,65bfefc34318,,2026-02-23,,,1001.0,,open
ZG,b0bfbfe92225,,2026-03-11,,,15001.0,,open
SMCI,7f8bced76291,,2026-01-23,,,1001.0,,open
SMCI,ce4844d0d6c9,,2026-01-23,,,1001.0,,open
SMCI,e614341d10b8,,2026-02-10,,,250001.0,,open
SMCI,d2d0d8d611c4,,2026-03-17,,,15001.0,,open
SMCI,465b428aa544,,2026-03-23,,,50001.0,,open
LNG,,5f8088c8f7ac,,2026-01-12,,,15001.0,prior_position
LDOS,,3c897b3c44d8,,2026-01-12,,,15001.0,prior_position
AAT,24132e88a747,,2026-01-26,,,15001.0,,open
LRN,b67ba2b471c6,b15490c5b6ec,2026-01-21,2026-02-26,36.0,15001.0,1001.0,matched
LRN,9c5eb690e7d8,e4173c9c457c,2026-03-04,2026-03-30,26.0,15001.0,15001.0,matched
LQDT,47062fbf1e23,a91975bf5f1b,2026-03-04,2026-03-30,26.0,15001.0,15001.0,matched
LQDT,debf9631e6b6,,2026-03-04,,,15001.0,,open
MRVL,,480011ac4136,,2026-01-21,,,15001.0,prior_position
MRVL,427459fd4cbd,,2026-02-19,,,1001.0,,open
ENVA,da208dc29bcf,,2026-03-01,,,15001.0,,open
ENVA,264dbe03c3df,,2026-03-04,,,15001.0,,open
WING,014d58374fc5,,2026-03-18,,,15001.0,,open
UCTT,e87a416e94dc,20e977de6f22,2026-03-04,2026-03-30,26.0,15001.0,15001.0,matched
RDN,,9f8779f4c257,,2026-03-30,,,15001.0,prior_position
KNSL,77bf06e9c721,5fa2700c3c39,2026-01-21,2026-03-18,56.0,1001.0,15001.0,matched
KNSL,a6a59304380c,,2026-01-21,,,1001.0,,open
KNSL,4bb1f3573e0e,,2026-02-23,,,1001.0,,open
KNSL,6af20c9dd0ff,,2026-03-21,,,1001.0,,open
TFX,0efb3214367e,4f8d67a1f42e,2026-01-28,2026-03-30,61.0,50001.0,15001.0,matched
TFX,35ef02651ed1,,2026-02-21,,,100001.0,,open
TFX,4b0a98ea00dd,,2026-03-04,,,15001.0,,open
CAKE,4308694890f2,a82d24b19aca,2026-03-04,2026-03-30,26.0,15001.0,15001.0,matched
CALM,1427b0de375f,,2026-02-26,,,1001.0,,open
CALM,93db15180234,,2026-03-30,,,50001.0,,open
CRWD,42309bd069cb,326e6e888df6,2026-01-21,2026-03-26,64.0,50001.0,1001.0,matched
CRWD,6d966c827906,,2026-01-21,,,1001.0,,open
CRWD,6f31beea4ead,,2026-02-10,,,250001.0,,open
CRWD,abe8973727a7,,2026-02-12,,,1001.0,,open
CRWD,5e654a4bdb74,,2026-02-19,,,1001.0,,open
CRWD,bcd73c0ef685,,2026-03-12,,,15001.0,,open
CRWD,7d2d3004c055,,2026-03-17,,,1001.0,,open
CSGP,,e83b32549262,,2026-01-02,,,50001.0,prior_position
CSGP,0de31bdb5c58,2a2ac5ac5235,2026-01-12,2026-01-12,0.0,50001.0,50001.0,matched
CSGP,18fb583b0802,,2026-02-10,,,50001.0,,open
CSGP,eeca04183793,,2026-02-12,,,1001.0,,open
CSGP,2ba259033c78,,2026-02-23,,,1001.0,,open
CSGP,35cca4db2f74,,2026-03-16,,,50001.0,,open
CSGP,a2b1ca3bd7ad,,2026-03-23,,,15001.0,,open
CSGP,d6bfa18e40c2,,2026-03-26,,,1001.0,,open
RKLB,,852a44ab0f95,,2026-01-02,,,15001.0,prior_position
RKLB,afa85b94f989,f89d2fc31b34,2026-01-12,2026-01-12,0.0,15001.0,15001.0,matched
RKLB,041df03102eb,75a5dac4f408,2026-01-21,2026-02-23,33.0,1001.0,1001.0,matched
AMP,29378b715a21,41fcf3ee6935,2026-02-12,2026-03-26,42.0,1001.0,,matched
AMP,,41fcf3ee6935,,2026-03-26,,,1001.0,prior_position
SNAP,a5c08312b1d2,,2026-01-21,,,1001.0,,open
SNAP,da7f61404138,,2026-02-12,,,50001.0,,open
SNAP,04fdc1eacc2e,,2026-02-23,,,1001.0,,open
GTLB,,6bbe15b906b3,,2026-01-08,,,15001.0,prior_position
GTLB,,1bfd5f397b40,,2026-01-18,,,15001.0,prior_position
GTLB,62ddb5276a20,,2026-01-21,,,1001.0,,open
GTLB,ebc198fda88d,,2026-02-12,,,50001.0,,open
GTLB,305067152d46,,2026-02-21,,,1001.0,,open
RYAN,7972a313ffdc,27b1e885af49,2025-03-18,2026-01-23,311.0,15001.0,1001.0,matched
RYAN,fd1910cc7832,f0c976f07f92,2026-01-02,2026-02-03,32.0,1001.0,1001.0,matched
RYAN,ee2d02880546,,2026-01-12,,,1001.0,,open
RYAN,7746accfd45b,,2026-01-26,,,1001.0,,open
RYAN,657f4a0f3e04,,2026-02-12,,,15001.0,,open
RYAN,d3617f7a5d51,,2026-03-17,,,1001.0,,open
CVLT,,dc76122b4d14,,2026-01-08,,,15001.0,prior_position
CVLT,,bf1d79c7e386,,2026-01-18,,,15001.0,prior_position
CVLT,2c6fa7f31320,6795fb89313e,2026-02-23,2026-03-26,31.0,1001.0,1001.0,matched
CMG,c202a25e44b2,,2026-02-10,,,500001.0,,open
CMG,6bba0a8ec00d,,2026-02-23,,,1001.0,,open
CMG,b6282d1b9be4,,2026-03-02,,,15001.0,,open
CMG,6d070af7e035,,2026-03-12,,,15001.0,,open
CMG,c37aa9c6b502,,2026-03-17,,,500001.0,,open
CMG,fb86c6f54761,,2026-03-18,,,15001.0,,open
EXLS,ed775a6a422e,,2026-01-23,,,1001.0,,open
EXLS,4e890fc825f3,,2026-02-12,,,1001.0,,open
PM,88a9ef4d0eee,,2026-01-02,,,50001.0,,open
PM,c09abcb9fa3e,,2026-01-06,,,500001.0,,open
PM,f289713c8d11,,2026-01-06,,,500001.0,,open
PM,670124aa7a84,,2026-01-12,,,1001.0,,open
PM,87df079447b3,,2026-01-23,,,100001.0,,open
PM,e3037a388ac0,,2026-02-03,,,100001.0,,open
PM,027dde5ca8eb,,2026-03-11,,,15001.0,,open
PM,91e99fcccc6d,,2026-03-12,,,50001.0,,open
PM,7f221130647c,,2026-03-17,,,1001.0,,open
PM,9a848d937d28,,2026-03-23,,,1001.0,,open
PM,1e03d5f11b2d,,2026-03-25,,,15001.0,,open
PM,b2bc624794e7,,2026-03-26,,,1001.0,,open
CBRE,,4b68bc82b1a7,,2026-01-21,,,15001.0,prior_position
CBRE,21879b4b336c,,2026-02-12,,,1001.0,,open
CBRE,22cabf1b0297,,2026-03-18,,,15001.0,,open
CBRE,da6d61251205,,2026-03-18,,,15001.0,,open
CBRE,a6238efba4af,,2026-03-21,,,15001.0,,open
CBRE,dfcc8e654569,,2026-03-23,,,1001.0,,open
CBRE,7071fea45405,,2026-03-28,,,1001.0,,open
DUOL,92e030830e64,3aa68faeaca6,2026-01-21,2026-03-18,56.0,1001.0,15001.0,matched
DUOL,ec43448b119d,341a48f523a9,2026-02-12,2026-03-26,42.0,15001.0,1001.0,matched
DUOL,c56b094b1765,,2026-02-23,,,1001.0,,open
AXON,15ec23cfb5e7,56417d656e78,2026-01-07,2026-02-23,47.0,1001.0,1001.0,matched
AXON,9833e9528ba9,5bbdcb54bc3a,2026-01-17,2026-03-18,60.0,1001.0,50001.0,matched
AXON,b3a4308813a5,,2026-02-10,,,1000001.0,,open
AXON,24c237897559,,2026-03-26,,,1001.0,,open
SNDK,600270027022,,2026-01-06,,,1001.0,,open
SNDK,9a796bce87d5,,2026-01-06,,,1001.0,,open
SNDK,0317cbaeba4c,,2026-01-11,,,15001.0,,open
SNDK,b494b5c31b28,,2026-02-12,,,1001.0,,open
SNDK,1ffbe690d9ed,,2026-03-21,,,15001.0,,open
VEEV,e9a90d2930d7,3c3eb9ac259b,2026-01-12,2026-02-12,31.0,50001.0,15001.0,matched
VEEV,4e31b3de5654,,2026-02-23,,,1001.0,,open
VEEV,b8bfbf93eed8,,2026-03-11,,,50001.0,,open
VEEV,430fe72c3d23,,2026-03-23,,,1001.0,,open
VEEV,e5ef73cd593f,,2026-03-23,,,1001.0,,open
VEEV,bbf94e4da387,,2026-03-26,,,1001.0,,open
SW,3f488c28cdc3,0df85c9e7b30,2026-01-23,2026-03-17,53.0,1001.0,1001.0,matched
SW,3f933193d34b,dbefcbcc682e,2026-01-25,2026-03-17,51.0,15001.0,100001.0,matched
SW,a176c7a9c20b,,2026-02-05,,,15001.0,,open
SW,696546eb975e,,2026-02-10,,,100001.0,,open
SW,893700d861d1,,2026-02-12,,,1001.0,,open
SW,948b949b98a0,,2026-03-16,,,15001.0,,open
SW,e7f321893cf1,,2026-03-16,,,15001.0,,open
SW,c3697f13d2ae,,2026-03-26,,,1001.0,,open
SAIL,e8e58ea25fba,759b6de5efcb,2026-02-21,2026-03-18,25.0,1001.0,50001.0,matched
SAIL,c98ba809617d,,2026-03-26,,,1001.0,,open
NTNX,187502d98377,f0744ab68e57,2026-01-12,2026-01-21,9.0,1001.0,1001.0,matched
NTNX,00290dca41cf,,2026-01-21,,,50001.0,,open
NTNX,cf3409a91b4b,,2026-02-23,,,1001.0,,open
DKNG,db33e0cda816,e5b86ca5c16f,2026-01-21,2026-02-23,33.0,1001.0,1001.0,matched
HRL,,5621d22b9e9c,,2026-01-08,,,15001.0,prior_position
HRL,93508f165086,7bc8820b085e,2026-01-12,2026-01-18,6.0,15001.0,15001.0,matched
HRL,789a93c59dfb,8b155e26570a,2026-01-23,2026-03-17,53.0,1001.0,1001.0,matched
HRL,a0475b9ad4ca,,2026-01-28,,,1001.0,,open
HRL,67d99690decb,,2026-02-08,,,1001.0,,open
MO,7211876f7fe6,,2026-01-06,,,500001.0,,open
MO,70a682055a7c,,2026-01-12,,,15001.0,,open
MO,1be7f674bc64,,2026-03-17,,,1001.0,,open
MO,11e5ec5c6e7e,,2026-03-26,,,1001.0,,open
DHI,,2f91d8397762,,2026-01-16,,,250001.0,prior_position
DHI,8420338f81b6,,2026-03-26,,,1001.0,,open
CRWV,a87717bb462e,,2026-01-23,,,1001.0,,open
CRWV,764a28510401,,2026-03-23,,,1001.0,,open
CRWV,89258127bbc1,,2026-03-26,,,1001.0,,open
BE,2e796e802770,,2026-03-26,,,1001.0,,open
LITE,abe63c23a263,,2026-03-11,,,15001.0,,open
LITE,e2293de178a8,,2026-03-21,,,50001.0,,open
LITE,53f24fd16bf7,,2026-03-23,,,1001.0,,open
LITE,0d9897cad357,,2026-03-26,,,1001.0,,open
O,9247d35528f1,,2026-03-26,,,1001.0,,open
KD,8aca74ca735d,,2026-02-12,,,15001.0,,open
KD,2d2046c7b216,,2026-02-23,,,1001.0,,open
KD,a9e72d1e3cfb,,2026-02-23,,,1001.0,,open
RBRK,b4f4d1f87c57,86d7bff8ee19,2026-02-12,2026-03-18,34.0,15001.0,15001.0,matched
RBRK,5db61d031bfb,7e7b94aa0aa9,2026-02-23,2026-03-26,31.0,1001.0,1001.0,matched
DOCU,8581a7c51eec,,2026-01-21,,,50001.0,,open
DOCU,e65917029dba,,2026-01-21,,,1001.0,,open
DOCU,2ace57018108,,2026-02-01,,,1001.0,,open
CVX,442affa7c631,,2026-01-12,,,100001.0,,open
CVX,63faa2582816,,2026-01-21,,,1001.0,,open
CVX,7be171dac5b2,,2026-01-22,,,15001.0,,open
CVX,5a8da1bd7514,,2026-01-23,,,100001.0,,open
CVX,e19357b32e20,,2026-03-02,,,15001.0,,open
CVX,8f4eea4c93d8,,2026-03-11,,,15001.0,,open
CVX,f88afcb8428a,,2026-03-11,,,15001.0,,open
CVX,41ab236e5a24,,2026-03-17,,,1001.0,,open
CVX,7a34488fae64,,2026-03-23,,,50001.0,,open
CVX,7a34488fae64,,2026-03-23,,,,,open
CVX,f3df75fa601a,,2026-03-25,,,15001.0,,open
CVX,f8a080ee7ebc,,2026-03-25,,,15001.0,,open
EFX,ae303e4cf654,8909a1e621d7,2026-01-12,2026-02-23,42.0,50001.0,1001.0,matched
EFX,ce5229612ed3,,2026-02-12,,,1001.0,,open
EFX,13ef8529e924,,2026-03-11,,,250001.0,,open
EFX,30d37be9a4a1,,2026-03-17,,,1001.0,,open
EFX,11b2e65f3ed6,,2026-03-26,,,1001.0,,open
TOL,c9ce203077d6,,2026-03-26,,,1001.0,,open
KMB,150fdbf7c4df,,2026-01-10,,,100001.0,,open
KMB,94580b28e338,,2026-01-23,,,15001.0,,open
KMB,1a88f111148b,,2026-01-26,,,1001.0,,open
KMB,8abda80f591f,,2026-02-06,,,1001.0,,open
KMB,6f175163d7c9,,2026-03-17,,,250001.0,,open
KMB,e1eba8d86621,,2026-03-31,,,15001.0,,open
VLTO,,d1b706af58b9,,2026-01-06,,,100001.0,prior_position
VLTO,3565c9717603,,2026-01-26,,,1001.0,,open
VLTO,a7aaa3794e3c,,2026-03-17,,,1001.0,,open
TLN,d8e5ee858b4f,c66d745fb358,2026-01-21,2026-03-26,64.0,1001.0,1001.0,matched
TLN,d7ab34135522,,2026-03-23,,,1001.0,,open
UPS,f3156ddd4802,,2026-01-06,,,100001.0,,open
UPS,c2c617342b83,,2026-01-22,,,15001.0,,open
UPS,2c3e100520c3,,2026-03-02,,,15001.0,,open
UPS,aecfe5818350,,2026-03-12,,,15001.0,,open
UPS,58b75ae9c58f,,2026-03-17,,,1001.0,,open
UPS,e2fde0b08df3,,2026-03-26,,,1001.0,,open
ATR,fe19f90cade6,,2026-03-26,,,1001.0,,open
CHE,573b4044feec,,2026-03-26,,,1001.0,,open
CHE,9893b2bb2648,,2026-03-26,,,1001.0,,open
AYI,24f7a86b334d,a8fdbe054de0,2026-01-21,2026-03-17,55.0,1001.0,1001.0,matched
CTAS,2adaad810632,,2026-03-23,,,1001.0,,open
CTAS,5a9009a10921,,2026-03-23,,,1001.0,,open
CTAS,c419ca719844,,2026-03-26,,,1001.0,,open
LMT,3e2e92474bdc,,2026-03-02,,,15001.0,,open
LMT,9e4a36bdc82f,,2026-03-12,,,15001.0,,open
LMT,48e5c0381c8b,,2026-03-23,,,1001.0,,open
CVNA,5675f728853d,2e50b5e4b685,2026-01-06,2026-03-17,70.0,15001.0,100001.0,matched
CVNA,002444472564,,2026-03-17,,,1001.0,,open
SYY,1310aebd3dbf,14b8d0b6f12e,2026-01-08,2026-01-12,4.0,250001.0,50001.0,matched
SYY,f01d453eea87,,2026-01-23,,,1001.0,,open
SYY,0158384faebb,,2026-03-23,,,1001.0,,open
TRGP,,87d1d3a4557f,,2026-01-06,,,50001.0,prior_position
TRGP,,932ea614d7cd,,2026-01-21,,,15001.0,prior_position
TRGP,cdf36b1e4984,,2026-03-23,,,15001.0,,open
TRGP,893bad2271a7,,2026-03-23,,,1001.0,,open
NXT,7ac5310ad961,,2026-03-23,,,1001.0,,open
HWM,c4a964203c8a,,2026-03-23,,,1001.0,,open
THG,74a187780fbc,,2026-03-23,,,1001.0,,open
THG,f212e6481f23,,2026-03-23,,,1001.0,,open
ANET,330c545b1116,,2026-02-10,,,15001.0,,open
ANET,383ad3d2f932,,2026-03-02,,,50001.0,,open
ANET,b11c29888371,,2026-03-11,,,15001.0,,open
ANET,4cc9686829b0,,2026-03-12,,,15001.0,,open
ANET,de390063eea5,,2026-03-17,,,1001.0,,open
ANET,7bef788a971a,,2026-03-21,,,1001.0,,open
ANET,ea35a96f7e27,,2026-03-25,,,15001.0,,open
CVS,176d23a74627,,2026-03-17,,,1001.0,,open
AMGN,4cbb9bf9c557,,2026-01-22,,,15001.0,,open
AMGN,355a2b83badd,,2026-03-17,,,1001.0,,open
AMGN,6f84759fc5e2,,2026-03-23,,,1001.0,,open
OTIS,,3d2ce0792b81,,2026-03-18,,,50001.0,prior_position
OTIS,b8dddfeea673,cd292222c521,2026-03-25,2026-03-26,1.0,15001.0,1001.0,matched
OTIS,1c653dcb615d,,2026-03-31,,,1001.0,,open
EXR,1f320529919a,,2026-01-23,,,1001.0,,open
CPNG,,42543cabe5d9,,2026-01-12,,,50001.0,prior_position
CPNG,68c97799ae5d,,2026-02-12,,,100001.0,,open
CPNG,e0b287829e66,,2026-02-12,,,1001.0,,open
CPNG,c54e4c7846a2,,2026-02-23,,,1001.0,,open
GDDY,,0c74b1c8ca97,,2026-01-21,,,1001.0,prior_position
GDDY,,5cc0a98faf13,,2026-02-12,,,1001.0,prior_position
GDDY,095cf0156424,,2026-03-02,,,15001.0,,open
GDDY,e4cda4201874,,2026-03-11,,,15001.0,,open
GDDY,dea18bcccc57,,2026-03-18,,,15001.0,,open
GDDY,c58deebd85fd,,2026-03-31,,,1001.0,,open
VICI,f6b0a85aa64e,,2026-01-12,,,15001.0,,open
VICI,dfa6abf1a2dc,,2026-03-26,,,1001.0,,open
VICI,3ec152ad2228,,2026-03-31,,,1001.0,,open
PFE,32dafa94d36c,,2026-01-25,,,15001.0,,open
PFE,79db8e748df1,,2026-02-05,,,15001.0,,open
PFE,7070f78c9f4b,,2026-03-17,,,1001.0,,open
PFE,b95436ba13c4,,2026-03-17,,,1001.0,,open
PFE,092ba643e2c0,,2026-03-23,,,1001.0,,open
GILD,349eab82a7f1,,2026-01-23,,,15001.0,,open
GILD,35d8899de2c6,,2026-02-03,,,15001.0,,open
GILD,ed2f72f8e346,,2026-03-11,,,15001.0,,open
GILD,34b6866b4988,,2026-03-17,,,1001.0,,open
GILD,22d1f52db907,,2026-03-23,,,1001.0,,open
BKR,eaf2e043ab93,,2026-03-23,,,1001.0,,open
PCG$X,270e79fc66f6,b81b42e136d4,2026-01-06,2026-02-11,36.0,50001.0,1001.0,matched
PCG$X,0de19e3230cb,,2026-01-23,,,1001.0,,open
PCG$X,a9cb049ca5ba,,2026-02-03,,,1001.0,,open
GLW,,cf2dafe37017,,2026-01-22,,,15001.0,prior_position
GLW,18dd2b34f2e2,,2026-03-02,,,15001.0,,open
GLW,ec6e9d036ea7,,2026-03-02,,,15001.0,,open
GLW,2a8d18af4457,,2026-03-11,,,15001.0,,open
GLW,5118632fa448,,2026-03-23,,,1001.0,,open
GD,e9bd16155017,,2026-03-23,,,1001.0,,open
VTR,7cbeff31912b,,2026-03-23,,,15001.0,,open
VTR,0186efcd2cb5,,2026-03-23,,,1001.0,,open
HCA,089ad8387ebc,,2026-03-23,,,1001.0,,open
TRMB,b3185fe8b27b,8038733817af,2026-01-12,2026-02-12,31.0,1001.0,1001.0,matched
TRMB,c1c9558f057d,f732708c1ef7,2026-01-21,2026-03-18,56.0,100001.0,100001.0,matched
TRMB,3d1384b164df,,2026-03-02,,,15001.0,,open
TRMB,6f0a226a02e8,,2026-03-02,,,15001.0,,open
TRMB,adaca25c7a52,,2026-03-12,,,15001.0,,open
NEM,2c93eb862753,,2026-03-02,,,50001.0,,open
NEM,d13d3ca6b924,,2026-03-02,,,50001.0,,open
NEM,b801fa35f2b4,,2026-03-12,,,15001.0,,open
NEM,daff2295235e,,2026-03-17,,,1001.0,,open
COIN,ed4875c3d390,6a52d2043739,2026-01-12,2026-03-26,73.0,15001.0,1001.0,matched
COIN,287e2bf5f481,,2026-01-21,,,50001.0,,open
COIN,0a910d378b82,,2026-01-23,,,1001.0,,open
COIN,5758ff56b44b,,2026-03-02,,,15001.0,,open
COIN,66428b65c4fa,,2026-03-11,,,50001.0,,open
COIN,57eae0aa400a,,2026-03-17,,,15001.0,,open
COIN,a69c8cec0449,,2026-03-17,,,15001.0,,open
COIN,f5b7ce755a3b,,2026-03-17,,,,,open
WMB,f671e531b34a,,2026-01-23,,,1001.0,,open
WMB,c34a96822e06,,2026-03-02,,,15001.0,,open
WMB,192c4c3c751b,,2026-03-12,,,15001.0,,open
WMB,5d21a9c089f1,,2026-03-17,,,1001.0,,open
CMCSA,60e2102e0c18,,2026-01-12,,,1000001.0,,open
CMCSA,d17ff7c70a08,,2026-01-12,,,1000001.0,,open
CMCSA,74f7042a3be8,,2026-01-23,,,15001.0,,open
CMCSA,aac7bd6c15ab,,2026-01-23,,,15001.0,,open
CMCSA,8bb0cd30ef0d,,2026-03-11,,,1001.0,,open
CMCSA,57b9854178d4,,2026-03-25,,,15001.0,,open
SOLV,14ad39c64143,,2026-02-12,,,1001.0,,open
SOLV,551c5d6e68ee,,2026-03-17,,,1001.0,,open
SOLV,2c0021abc070,,2026-03-26,,,1001.0,,open
ALAB,aced1c4bb822,793b0fcff4ae,2026-01-07,2026-02-12,36.0,1001.0,1001.0,matched
ALAB,60f27ee6a7f4,,2026-01-17,,,1001.0,,open
LOAR,cebe5bbf9456,,2026-02-23,,,1001.0,,open
LOAR,518b3b0c6d6a,,2026-03-26,,,1001.0,,open
VRT,cbeaaee9e0c3,,2026-01-17,,,1001.0,,open
ASTS,572d7ac50ea9,,2026-03-17,,,1001.0,,open
ASTS,04fb186c86d6,,2026-03-17,,,1001.0,,open
ALB,4c9cbfa552dc,,2026-03-13,,,15001.0,,open
ALB,c91cad587c8d,,2026-03-17,,,1001.0,,open
CHD,7599c5d89b83,,2026-01-21,,,1001.0,,open
CHD,d3bcbcea2725,,2026-01-21,,,1001.0,,open
CHD,df2e18c1e1b4,,2026-02-10,,,500001.0,,open
CHD,79bac0ac2f4d,,2026-03-17,,,100001.0,,open
BLK,,2debe07aef93,,2026-01-21,,,15001.0,prior_position
BLK,a0016234923b,,2026-03-02,,,15001.0,,open
BLK,5ca630311ecd,,2026-03-11,,,15001.0,,open
BLK,633ec89ab543,,2026-03-11,,,15001.0,,open
BLK,9d1fab0368ca,,2026-03-12,,,15001.0,,open
BLK,6b06224c98b5,,2026-03-17,,,1001.0,,open
BLK,1811218b937a,,2026-03-26,,,1001.0,,open
BLK,2c412729e83d,,2026-03-26,,,1001.0,,open
NOC,9bcd5e3f3eb7,,2025-03-17,,,1001.0,,open
S,c4373c93c19e,80eeccfe958a,2026-01-21,2026-02-23,33.0,1001.0,1001.0,matched
FIX,5550eea4c76e,,2026-01-06,,,100001.0,,open
FIX,779d58053321,,2026-01-06,,,100001.0,,open
FIX,aae76915b5dd,,2026-01-06,,,1001.0,,open
FIX,55cecd084027,,2026-03-12,,,15001.0,,open
FIX,fc62b623042b,,2026-03-23,,,1001.0,,open
CME,,f76dc167e01d,,2026-01-12,,,15001.0,prior_position
CME,009c7e360777,,2026-01-21,,,15001.0,,open
CME,3e2deca635f9,,2026-02-10,,,500001.0,,open
CME,91cc004241f9,,2026-02-10,,,500001.0,,open
CME,fc02629c75e8,,2026-03-02,,,15001.0,,open
CME,61591c800457,,2026-03-17,,,1001.0,,open
CARR,76c736a63b1e,,2026-01-12,,,50001.0,,open
CARR,034546d3c6bf,,2026-03-26,,,1001.0,,open
CARR,30f8404a9575,,2026-03-31,,,15001.0,,open
HSIC,,ea8e4b1294f8,,2026-02-23,,,1001.0,prior_position
HSIC,f50d2434b028,,2026-03-21,,,1001.0,,open
DORM,,5cc81bc678a8,,2026-01-26,,,1001.0,prior_position
DORM,d128905de3f4,,2026-01-30,,,50001.0,,open
TTAN,,3ffb75113807,,2026-03-26,,,1001.0,prior_position
KDP,0f66a94cb5ba,70a13426e338,2026-01-23,2026-03-26,62.0,15001.0,1001.0,matched
KDP,89f15b2f2027,,2026-01-23,,,15001.0,,open
APP,75ab4cbcb21b,3613367feeaf,2026-01-06,2026-02-10,35.0,15001.0,500001.0,matched
APP,7ed1b4103c48,49068cfed4a6,2026-01-06,2026-02-19,44.0,15001.0,1001.0,matched
APP,04e0ea706051,,2026-01-21,,,15001.0,,open
APP,03acb7c01c91,,2026-02-12,,,50001.0,,open
APP,684f251d8cb7,,2026-03-02,,,15001.0,,open
APP,3fa9af948e0e,,2026-03-17,,,1001.0,,open
APP,fa575be140dd,,2026-03-17,,,1001.0,,open
APP,5bc1ef09946d,,2026-03-18,,,50001.0,,open
APP,b76c7c4b7c3f,,2026-03-26,,,1001.0,,open
IQV,9d2160ff7e70,ae9423f60d8a,2026-02-10,2026-02-12,2.0,100001.0,1001.0,matched
IQV,,62ed13aea03e,,2026-02-23,,,1001.0,prior_position
IQV,abd0a8163a7f,,2026-03-31,,,15001.0,,open
MDB,4cc1809fa34a,4c6ee1bcc289,2026-02-19,2026-03-18,27.0,1001.0,15001.0,matched
MDB,cca1a7046536,,2026-03-17,,,1001.0,,open
MDB,4224719f633c,,2026-03-17,,,1001.0,,open
IDXX,,12c5108101a2,,2026-02-10,,,100001.0,prior_position
IDXX,cdcde5fdb5e8,286de7c84d22,2026-02-19,2026-03-17,26.0,1001.0,1001.0,matched
FICO,,14e7d98fe933,,2026-02-23,,,1001.0,prior_position
FICO,923261a68ae0,d4896baddde2,2026-03-02,2026-03-17,15.0,15001.0,100001.0,matched
FICO,d94676e36aa5,,2026-03-02,,,15001.0,,open
FICO,9128a7c3a162,,2026-03-11,,,50001.0,,open
FND,af705d66f018,6ea3ba7155d9,2026-03-18,2026-03-26,8.0,50001.0,1001.0,matched
CNC,16589b6f1b7c,59351857e8af,2026-01-12,2026-02-12,31.0,15001.0,15001.0,matched
CNC,748380c3e302,9224e314ec1a,2026-03-18,2026-03-26,8.0,15001.0,1001.0,matched
CNC,7f731eaa682d,ddde8905ad8d,2026-03-18,2026-03-26,8.0,15001.0,1001.0,matched
PATH,02f7815618a6,,2026-02-23,,,1001.0,,open
BBY,c7b8e5f0c18d,8397979e624a,2026-01-04,2026-01-23,19.0,1001.0,1001.0,matched
BBY,e712110231ae,,2026-01-12,,,15001.0,,open
BBY,2eb34caba3f1,,2026-03-14,,,1001.0,,open
BBY,4b5b2209ea70,,2026-03-31,,,1001.0,,open
FDS,,e30f8555760c,,2026-01-02,,,15001.0,prior_position
FDS,a7c96b378bc1,3c0c16639a63,2026-01-06,2026-01-12,6.0,100001.0,15001.0,matched
FDS,,d78b937407d9,,2026-02-10,,,100001.0,prior_position
FDS,6d1d93b05109,b76c8ce45c64,2026-02-12,2026-03-21,37.0,1001.0,1001.0,matched
FDS,c27c35fbaf5b,,2026-02-23,,,1001.0,,open
ACHR,,f32167844c3a,,2026-03-26,,,1001.0,prior_position
VRSK,,996e34813fdb,,2026-02-10,,,100001.0,prior_position
VRSK,,1b3ab39e8ae5,,2026-02-12,,,1001.0,prior_position
VRSK,,90ff02095db7,,2026-02-23,,,1001.0,prior_position
OGE,,d8e83583f5ec,,2026-01-12,,,1001.0,prior_position
PCTY,1a8b5324df08,c482e4190138,2026-01-21,2026-02-12,22.0,1001.0,15001.0,matched
PCTY,c7363419b3ee,,2026-01-21,,,1001.0,,open
PCTY,4c45beafa5f1,,2026-02-12,,,1001.0,,open
PCTY,49af01eb14e8,,2026-02-23,,,1001.0,,open
AFL,36684d2ff5fb,,2026-01-21,,,1001.0,,open
AFL,4956b639f250,,2026-03-23,,,1001.0,,open
ALNY,4dd3dd049cdf,901d633764d7,2026-01-23,2026-02-19,27.0,1001.0,1001.0,matched
GO,,d06ddb95d9b4,,2026-02-26,,,1001.0,prior_position
GKOS,7c29db8b7fb7,72cd2752e2a3,2026-01-26,2026-02-26,31.0,15001.0,1001.0,matched
GKOS,2d571576c71b,,2026-02-06,,,15001.0,,open
GKOS,6b6dd16b632b,,2026-03-30,,,15001.0,,open
GKOS,6b6dd16b632b,,2026-03-30,,,,,open
UNF,58ce106f8a3f,814373616ff3,2026-02-12,2026-02-26,14.0,15001.0,1001.0,matched
UNF,7a98e245ef0c,,2026-03-30,,,15001.0,,open
NVDA,e48e2936224f,b97f50e92297,2026-01-06,2026-01-17,11.0,500001.0,500001.0,matched
NVDA,9c0dbb3dd360,14b72c440f4b,2026-01-23,2026-03-06,42.0,15001.0,250001.0,matched
NVDA,4fb1e8f470fc,218bb2cc8704,2026-02-10,2026-03-11,29.0,1000001.0,500001.0,matched
NVDA,8d058fd0c918,257bbd7e1444,2026-02-12,2026-03-17,33.0,50001.0,500001.0,matched
NVDA,d72c47d929e9,,2026-02-12,,,50001.0,,open
NVDA,15ffcae12f2b,,2026-02-19,,,1001.0,,open
NVDA,190a4dc843f7,,2026-03-17,,,100001.0,,open
NVDA,b62eb04306bc,,2026-03-17,,,50001.0,,open
NVDA,fd1d4f2e6a17,,2026-03-18,,,50001.0,,open
NVDA,e2da2b2e987e,,2026-03-23,,,50001.0,,open
NVDA,d35c69412b5c,,2026-03-26,,,1001.0,,open
EBAY,c347527baea4,3f575466b08e,2026-01-23,2026-02-19,27.0,1001.0,1001.0,matched
EBAY,8b9827278b79,,2026-02-10,,,100001.0,,open
EBAY,494ee2e59cd7,,2026-03-17,,,250001.0,,open
BAX,fac21ffced4d,68de31153fe2,2026-01-23,2026-03-04,40.0,1001.0,1001.0,matched
BAX,ecb259e70275,,2026-03-11,,,15001.0,,open
SOFI,5726e658ce48,51b063fdcf26,2026-02-12,2026-02-12,0.0,15001.0,1001.0,matched
SOFI,cc734d7c4648,,2026-03-17,,,1001.0,,open
RAMP,f6f0b3ddc74a,e73453862aa2,2026-01-26,2026-02-26,31.0,15001.0,1001.0,matched
RJF,cb8b1b86ca4c,,2026-03-17,,,100001.0,,open
RJF,f958e391bec8,,2026-03-23,,,1001.0,,open
RJF,e0eb661b1c15,,2026-03-25,,,15001.0,,open
RJF,7394c135b642,,2026-03-26,,,1001.0,,open
VST,5117cd514892,46512616a6a8,2026-03-02,2026-03-26,24.0,15001.0,1001.0,matched
VST,4660e8304bd1,,2026-03-23,,,,,open
XYL,,96570b753d6f,,2026-01-21,,,1001.0,prior_position
XYL,95ac64314bd0,,2026-03-11,,,100001.0,,open
XYL,a72ce467c351,,2026-03-23,,,15001.0,,open
XYL,e2c767c1247e,,2026-03-23,,,15001.0,,open
AVNS,20a1850d99e2,d9197e2fd504,2026-03-04,2026-03-30,26.0,15001.0,1001.0,matched
EOG,f8846cd7bf38,a235414f663f,2026-01-01,2026-01-12,11.0,100001.0,1001.0,matched
EOG,ebfa4ce4a1de,,2026-01-11,,,15001.0,,open
EOG,077fdaa6887f,,2026-01-21,,,1001.0,,open
EOG,0eaf4904e951,,2026-01-23,,,15001.0,,open
EOG,b1e7fed191ba,,2026-01-23,,,15001.0,,open
EOG,6bc2e5507de3,,2026-02-01,,,1001.0,,open
EOG,66073e463cf7,,2026-03-17,,,1001.0,,open
HLI,,4dad87a9bd32,,2026-01-21,,,1001.0,prior_position
HLI,00e7c6dfed00,b2d8cc7217d0,2026-03-11,2026-03-26,15.0,,1001.0,matched
BAC,,daf1f401afc0,,2026-01-21,,,1001.0,prior_position
BAC,,8e6a1cd52852,,2026-02-23,,,1001.0,prior_position
BAC,,f4c70d128e17,,2026-03-11,,,100001.0,prior_position
BAC,92f5c8736ed1,,2026-03-17,,,1001.0,,open
BAC,707f41aa3b69,,2026-03-23,,,1001.0,,open
ZBRA,8cc397bab321,7ef1b523e055,2026-02-10,2026-03-17,35.0,500001.0,,matched
ZBRA,8139cf54eedb,,2026-03-02,,,15001.0,,open
ZBRA,3ef56e3724a6,,2026-03-12,,,15001.0,,open
ZBRA,764d8ba8801f,,2026-03-26,,,1001.0,,open
MOH,509d298168ec,5fe277a40227,2026-02-12,2026-03-26,42.0,15001.0,1001.0,matched
MOH,a7ba1cadd258,,2026-02-12,,,15001.0,,open
MOH,978b426e093d,,2026-03-23,,,100001.0,,open
ESS,,56f3a346f7e5,,2026-02-12,,,1001.0,prior_position
ESS,d11730b82263,,2026-03-23,,,1001.0,,open
JLL,,3af8a10b04a1,,2026-01-23,,,1001.0,prior_position
JLL,,d69751b4cf25,,2026-02-03,,,1001.0,prior_position
MKL,,7032db90eb69,,2026-03-11,,,1001.0,prior_position
WMG,,b5a9ed541111,,2026-02-19,,,1001.0,prior_position
RKT,,078d65356a9c,,2026-01-08,,,15001.0,prior_position
RKT,,f1551175535d,,2026-01-18,,,15001.0,prior_position
RKT,,9e6387350481,,2026-03-26,,,1001.0,prior_position
ACIW,,3e130aa80925,,2026-01-26,,,1001.0,prior_position
ACIW,,3481009e0feb,,2026-01-26,,,50001.0,prior_position
ACIW,,251899d2b0c9,,2026-02-06,,,50001.0,prior_position
ACIW,436d7ea1772c,,2026-03-13,,,100001.0,,open
INSP,,8c55dd14a600,,2026-02-21,,,15001.0,prior_position
ICE,0df945cd810f,,2026-01-06,,,15001.0,,open
ICE,365b52009ca5,,2026-01-06,,,15001.0,,open
ICE,2682b412c71f,,2026-03-11,,,15001.0,,open
ICE,783a76644393,,2026-03-17,,,250001.0,,open
SYK,b37f1c60b1f0,f6fd081f6fba,2026-01-07,2026-03-18,70.0,1001.0,100001.0,matched
SYK,de0f3eec1c36,,2026-01-17,,,1001.0,,open
SYK,8635a88b7309,,2026-03-02,,,15001.0,,open
SYK,d849d6add25e,,2026-03-02,,,15001.0,,open
SYK,fc6e875178ff,,2026-03-17,,,500001.0,,open
SYK,46ece1676926,,2026-03-21,,,1001.0,,open
SYK,df02b9525c5c,,2026-03-23,,,15001.0,,open
SYK,f5f4b7fae53c,,2026-03-23,,,15001.0,,open
APH,ff2289f2db70,,2026-01-01,,,15001.0,,open
APH,0d656d6cb2b5,,2026-01-11,,,15001.0,,open
APH,97d130d7d569,,2026-02-10,,,500001.0,,open
APH,7420c25bff7a,,2026-03-02,,,50001.0,,open
APH,14b1fe82ff65,,2026-03-12,,,15001.0,,open
APH,497241890c59,,2026-03-17,,,1001.0,,open
ABBV,14f22e7978d5,,2026-03-02,,,50001.0,,open
ABBV,7d7fbdd0a8b4,,2026-03-11,,,15001.0,,open
ABBV,9b4a8b77556c,,2026-03-11,,,15001.0,,open
ABBV,22d19be89a62,,2026-03-12,,,15001.0,,open
ABBV,e8229e536b17,,2026-03-21,,,15001.0,,open
GSHD,0958d7afd15e,,2026-03-30,,,15001.0,,open
GSHD,bc6fa86c3e69,,2026-03-30,,,15001.0,,open
EQIX,,8dad1074624b,,2026-01-21,,,15001.0,prior_position
EQIX,67e50114eb1c,,2026-03-02,,,15001.0,,open
EQIX,d1b6e76b5c25,,2026-03-02,,,15001.0,,open
EQIX,c390d16d1990,,2026-03-11,,,15001.0,,open
EQIX,b0fa4efaf541,,2026-03-17,,,1001.0,,open
EQIX,c790d992d883,,2026-03-21,,,15001.0,,open
EQIX,dcacf9b136f2,,2026-03-31,,,15001.0,,open
QNST,6dac57b9b1f4,,2026-01-26,,,15001.0,,open
QNST,69e36cfe9c05,,2026-02-06,,,15001.0,,open
MPWR,b3832f2010f7,,2026-01-21,,,15001.0,,open
MPWR,f24e5160d19c,,2026-03-02,,,100001.0,,open
MPWR,78b7c1a9a7f4,,2026-03-11,,,50001.0,,open
MPWR,5955ffb90653,,2026-03-21,,,15001.0,,open
MPWR,bd2396f87104,,2026-03-23,,,15001.0,,open
MPWR,c9a6e1373ddf,,2026-03-23,,,1001.0,,open
SBUX,55f64dacc0b7,,2026-01-06,,,50001.0,,open
SBUX,a62009a40a39,,2026-01-06,,,50001.0,,open
SBUX,3626e34ba06e,,2026-01-23,,,15001.0,,open
SBUX,a9be2000f080,,2026-01-23,,,1001.0,,open
SBUX,8f05647c528e,,2026-02-19,,,1001.0,,open
SBUX,56157b0bffce,,2026-03-02,,,15001.0,,open
SBUX,aaa230557e6d,,2026-03-11,,,1001.0,,open
SBUX,3f9be78603c6,,2026-03-12,,,15001.0,,open
SBUX,9b5af063a4f8,,2026-03-12,,,15001.0,,open
SBUX,a21110910e39,,2026-03-21,,,15001.0,,open
LULU,cc9e9d070215,68fe031aa7f1,2026-01-06,2026-02-10,35.0,15001.0,100001.0,matched
LULU,96b1cdf341a5,,2026-01-16,,,15001.0,,open
LULU,b8d43375f0bb,,2026-03-02,,,15001.0,,open
LULU,aba36f980dca,,2026-03-31,,,1001.0,,open
LIN,af133261af33,,2026-01-21,,,15001.0,,open
LIN,cf0020e2805a,,2026-02-10,,,500001.0,,open
LIN,b7c2e862a250,,2026-03-16,,,15001.0,,open
LIN,90d25b925185,,2026-03-23,,,50001.0,,open
LIN,949dbfd5f53a,,2026-03-23,,,50001.0,,open
LIN,2f47724f2f0d,,2026-03-25,,,15001.0,,open
LIN,a892baee88b3,,2026-03-25,,,15001.0,,open
NTAP,1a97b9847558,,2026-01-12,,,15001.0,,open
NTAP,4c74e24d4c27,,2026-01-12,,,15001.0,,open
NTAP,a928588954ba,,2026-03-02,,,15001.0,,open
NTAP,04804c208976,,2026-03-11,,,15001.0,,open
NTAP,90d6743dbcc7,,2026-03-11,,,15001.0,,open
FIG,163aba508062,,2026-02-12,,,15001.0,,open
FIG,51c1fbab7150,,2026-02-12,,,15001.0,,open
NBTB,6e41dd4bed48,,2026-03-04,,,15001.0,,open
NBTB,e65a737ef51b,,2026-03-04,,,15001.0,,open
MA,aea7722c785a,c39ad41f3ebc,2026-01-21,2026-03-18,56.0,15001.0,250001.0,matched
MA,83a7bde951b6,,2026-03-02,,,50001.0,,open
MA,7ee057a57129,,2026-03-11,,,15001.0,,open
MA,afd1c94809df,,2026-03-12,,,15001.0,,open
MA,68e836313287,,2026-03-17,,,1001.0,,open
MA,a0071a303c6d,,2026-03-23,,,1001.0,,open
MA,055d2a962b02,,2026-03-25,,,325202615001.0,,open
MA,5ab84af08c7c,,2026-03-25,,,15001.0,,open
MA,b5135468c70a,,2026-03-26,,,15001.0,,open
UPST,,efceeb872e89,,2025-03-18,,,15001.0,prior_position
UPST,a71ae208ecac,,2026-01-02,,,15001.0,,open
UPST,f0e2da79753e,,2026-01-12,,,15001.0,,open
XOM,93e87e23571f,,2026-03-02,,,100001.0,,open
XOM,b5ee112cde3a,,2026-03-06,,,15001.0,,open
XOM,99bc4d171c79,,2026-03-11,,,15001.0,,open
XOM,f29ec36d6097,,2026-03-11,,,15001.0,,open
XOM,7e409ede257c,,2026-03-12,,,,,open
XOM,42ca60612677,,2026-03-17,,,1001.0,,open
XOM,3dd76755bda3,,2026-03-23,,,15001.0,,open
XOM,b533169d518f,,2026-03-23,,,1001.0,,open
XOM,bca6ed486154,,2026-03-25,,,15001.0,,open
EME,553097c8a700,,2026-02-10,,,500001.0,,open
EME,e35e53617ddc,,2026-03-11,,,1001.0,,open
EME,343f20434017,,2026-03-12,,,15001.0,,open
EME,601d684ea2d9,,2026-03-12,,,15001.0,,open
EME,5a028d2829d6,,2026-03-17,,,500001.0,,open
PAYO,,b56bf8f79211,,2026-01-26,,,15001.0,prior_position
PAYO,,054caae4055f,,2026-02-06,,,15001.0,prior_position
PAYO,6a95a2351024,,2026-03-30,,,15001.0,,open
PAYO,e07bdcc0bdc3,,2026-03-30,,,15001.0,,open
AROC,0e808ede70e6,,2026-03-04,,,15001.0,,open
AROC,700aebd904cc,,2026-03-04,,,15001.0,,open
AROC,ced502400269,,2026-03-30,,,15001.0,,open
ENPH,076003171a52,,2026-01-26,,,15001.0,,open
ENPH,604e4fd5daf0,,2026-03-04,,,15001.0,,open
ENPH,937e745ff72c,,2026-03-04,,,15001.0,,open
BR,4e27bd9b328b,,2026-03-17,,,15001.0,,open
BR,5c3e58ce117d,,2026-03-17,,,15001.0,,open
BR,d3ca79bb7dd6,,2026-03-25,,,15001.0,,open
POWI,1f5c8d9fcc21,,2026-03-04,,,15001.0,,open
POWI,729342bfad68,,2026-03-04,,,15001.0,,open
CE,5c18443211bb,,2026-01-30,,,15001.0,,open
CE,0342fd988ad5,,2026-03-04,,,15001.0,,open
CE,1574fefbd54f,,2026-03-04,,,15001.0,,open
MRNA,8c1b0869e130,,2026-03-02,,,15001.0,,open
MRNA,e6ed4432ed86,,2026-03-02,,,15001.0,,open
EPAM,918226815a62,,2026-03-02,,,15001.0,,open
EPAM,f7b0ccffa33a,,2026-03-02,,,15001.0,,open
APTV,0aa5cbd37c21,,2026-03-02,,,15001.0,,open
APTV,278ba05fa911,,2026-03-02,,,15001.0,,open
AME,4e29efcb90aa,,2026-03-02,,,15001.0,,open
AME,d78fa938fceb,,2026-03-12,,,15001.0,,open
AME,eb123a185002,,2026-03-12,,,15001.0,,open
PTCT,ac7e9d8106b4,,2026-01-28,,,50001.0,,open
PTCT,c60d73a4b70a,,2026-02-26,,,50001.0,,open
PTCT,0ee05df165c6,,2026-03-04,,,15001.0,,open
PTCT,5b421b8b4c8a,,2026-03-04,,,15001.0,,open
PH,6315a7f6e920,,2026-03-02,,,15001.0,,open
PH,77c4ec721755,,2026-03-12,,,15001.0,,open
PH,77c4ec721755,,2026-03-12,,,,,open
PH,8b299d812e1e,,2026-03-23,,,15001.0,,open
PH,5cf501f738d7,,2026-03-23,,,1001.0,,open
TER,601dd094df10,,2026-01-06,,,100001.0,,open
TER,0938ddb33ed5,,2026-03-02,,,50001.0,,open
TER,746ae4802f72,,2026-03-02,,,50001.0,,open
TER,37287b0094c6,,2026-03-12,,,15001.0,,open
TER,435cc07cfe4e,,2026-03-12,,,15001.0,,open
TER,9c4a51c9a91e,,2026-03-23,,,15001.0,,open
LII,302ad829d478,,2026-01-01,,,15001.0,,open
LII,7cb057a0fea5,,2026-01-06,,,100001.0,,open
LII,e76067c7d9e1,,2026-01-11,,,15001.0,,open
LII,3d459763f2a0,,2026-02-10,,,500001.0,,open
LII,48869a357457,,2026-02-10,,,500001.0,,open
LII,17a15f6787e8,,2026-03-17,,,50001.0,,open
SHAK,0299a4cca230,c497185cb4c2,2026-03-04,2026-03-30,26.0,15001.0,15001.0,matched
SHAK,4b1b1a38b636,,2026-03-04,,,15001.0,,open
VRSN,4d62eb7a66e9,,2026-02-10,,,500001.0,,open
VRSN,1cb59f2cba9b,,2026-03-02,,,15001.0,,open
VRSN,d0d9ba9a0909,,2026-03-02,,,15001.0,,open
VRSN,f84c3daaba34,,2026-03-12,,,15001.0,,open
NRG,20d30b9c65e9,9b29248f0ee9,2026-01-06,2026-02-10,35.0,15001.0,100001.0,matched
NRG,ae2f92b54b45,,2026-01-06,,,15001.0,,open
NRG,b77a7e9ee1bd,,2026-01-21,,,15001.0,,open
NRG,83484df48718,,2026-03-11,,,15001.0,,open
COCO,5336533638fc,,2026-03-30,,,15001.0,,open
COCO,88824dacb376,,2026-03-30,,,15001.0,,open
SAFE,ae4378c6d5ff,,2026-03-30,,,15001.0,,open
SAFE,da84fc64909b,,2026-03-30,,,15001.0,,open
NFLX,,c6c83d9b2c35,,2026-01-12,,,250001.0,prior_position
NFLX,0ee8d7da006c,c80aca484b0e,2026-01-23,2026-02-10,18.0,100001.0,1000001.0,matched
NFLX,70824ac85d61,,2026-01-23,,,100001.0,,open
NFLX,52d0c3055201,,2026-02-12,,,250001.0,,open
NFLX,de5e813c1e3d,,2026-02-12,,,250001.0,,open
NFLX,46bd41d04482,,2026-02-12,,,1001.0,,open
NFLX,75671b6d7c10,,2026-02-12,,,1001.0,,open
NFLX,31b4ba72a6db,,2026-03-02,,,100001.0,,open
NFLX,db0f23be1054,,2026-03-11,,,15001.0,,open
NFLX,d85d373a6be3,,2026-03-12,,,50001.0,,open
NFLX,b375897b7fae,,2026-03-25,,,50001.0,,open
LRCX,49143bf05150,,2026-02-10,,,500001.0,,open
LRCX,4830f26ec7ec,,2026-03-02,,,100001.0,,open
LRCX,83a5638170c0,,2026-03-02,,,100001.0,,open
LRCX,cd0898514d42,,2026-03-11,,,50001.0,,open
LRCX,a8dc972d4fb9,,2026-03-12,,,50001.0,,open
LRCX,dedf3680b0e1,,2026-03-23,,,50001.0,,open
LRCX,31b01aeb2d21,,2026-03-25,,,15001.0,,open
LW,8da6a06237e1,,2026-03-17,,,15001.0,,open
LW,35c144015991,,2026-03-23,,,100001.0,,open
LW,8b6af90892c8,,2026-03-23,,,100001.0,,open
LW,bacdc8fb338e,,2026-03-30,,,15001.0,,open
TDY,5e85d90c449b,,2026-01-06,,,100001.0,,open
TDY,f236c5cc4f88,,2026-01-06,,,100001.0,,open
TDY,6b6e643d7c9b,,2026-03-02,,,15001.0,,open
TDY,da43a26ff0c6,,2026-03-11,,,15001.0,,open
COST,7b27375d16a0,,2026-01-06,,,100001.0,,open
COST,6e229963bd28,,2026-01-12,,,250001.0,,open
COST,a0927f7c253f,,2026-01-12,,,250001.0,,open
COST,858358f6bd20,,2026-01-12,,,1001.0,,open
COST,267af619c79e,,2026-01-23,,,100001.0,,open
COST,38bdcc471efa,,2026-02-10,,,1000001.0,,open
COST,30a1438980bd,,2026-03-02,,,100001.0,,open
COST,db544dce86a3,,2026-03-06,,,15001.0,,open
COST,071445ef611c,,2026-03-11,,,15001.0,,open
COST,f400a111a796,,2026-03-12,,,15001.0,,open
COST,0102f1651b52,,2026-03-23,,,1001.0,,open
COST,b034e15b77de,,2026-03-25,,,15001.0,,open
AAPL,d64b4eb6e8c1,,2026-01-23,,,250001.0,,open
AAPL,d363fbc9b617,,2026-02-03,,,250001.0,,open
AAPL,2e7135f5d960,,2026-03-02,,,1000001.0,,open
AAPL,81cbea4adad4,,2026-03-11,,,250001.0,,open
AAPL,0997f6a973a8,,2026-03-12,,,250001.0,,open
AAPL,cae11bf7da93,,2026-03-17,,,50001.0,,open
AAPL,64a10f430440,,2026-03-23,,,50001.0,,open
AAPL,198ad082d3f7,,2026-03-25,,,100001.0,,open
WM,365e83b7c4b2,,2026-01-06,,,250001.0,,open
WM,e5fafff130fb,,2026-01-06,,,250001.0,,open
WM,dd6e45ba6157,,2026-01-10,,,100001.0,,open
WM,67b54708d523,,2026-03-17,,,100001.0,,open
WM,0916f2e98b04,,2026-03-18,,,15001.0,,open
MAS,3448d33a3c97,,2026-01-06,,,100001.0,,open
MAS,c54589458859,,2026-01-06,,,100001.0,,open
BSY,e4330170c45e,,2026-01-02,,,50001.0,,open
BSY,a60e46a66b19,,2026-01-12,,,50001.0,,open
BSY,af75a042e03f,,2026-02-23,,,1001.0,,open
TRNO,400fa0793666,,2026-01-21,,,15001.0,,open
TRNO,1ca3c220a163,,2026-03-04,,,50001.0,,open
TRNO,bf404ad277a4,,2026-03-04,,,50001.0,,open
TRNO,7a4112f7a80e,,2026-03-30,,,50001.0,,open
WAT,d7834738398e,6edf1f9cc501,2026-01-06,2026-02-10,35.0,50001.0,100001.0,matched
WAT,90dfe1f2cde1,041f34cdc9a2,2026-01-07,2026-02-11,35.0,50001.0,100001.0,matched
WAT,b9da89778d9b,,2026-01-07,,,50001.0,,open
WAT,7a35439bb5fe,,2026-03-02,,,15001.0,,open
WAT,e01567b1ac8c,,2026-03-18,,,15001.0,,open
CORT,0ab349ce4f70,09f52dd326a7,2026-01-26,2026-01-26,0.0,50001.0,50001.0,matched
CORT,88593ee42351,9bf23a644e26,2026-02-06,2026-03-30,52.0,50001.0,15001.0,matched
CORT,0d2c1368e025,,2026-03-04,,,15001.0,,open
AMAT,911bdd57597c,,2026-01-23,,,50001.0,,open
AMAT,d50d98560665,,2026-02-03,,,50001.0,,open
AMAT,3b80706b217f,,2026-02-10,,,500001.0,,open
AMAT,b6f2a90719d9,,2026-03-02,,,100001.0,,open
AMAT,c2d35b02e628,,2026-03-11,,,50001.0,,open
AMAT,fe3ab1fa81c5,,2026-03-12,,,50001.0,,open
AMAT,1d84e1c6e469,,2026-03-21,,,15001.0,,open
FELE,63310017d692,,2026-03-04,,,50001.0,,open
FELE,f7492586284e,,2026-03-04,,,50001.0,,open
GBDC,482bd132f53a,,2026-03-17,,,50001.0,,open
GBDC,ce7fb70c8dd1,,2026-03-17,,,50001.0,,open
BMI,,7814059cbb24,,2025-01-26,,,15001.0,prior_position
BMI,0de2f57bb6c7,,2026-02-26,,,50001.0,,open
BMI,84cf8ee80ddc,,2026-02-26,,,50001.0,,open
BMI,b40749fa00f2,,2026-03-04,,,15001.0,,open
HIW,8815cf86ec8f,a4a2e5f98e31,2026-01-25,2026-01-26,1.0,15001.0,15001.0,matched
HIW,,3bda778acd98,,2026-02-06,,,15001.0,prior_position
HIW,2c8e6af2f524,,2026-03-30,,,50001.0,,open
HIW,eae1b6458849,,2026-03-30,,,50001.0,,open
WSM,15f1ce6c8216,,2026-03-17,,,50001.0,,open
WSM,d4a4b961a5d9,,2026-03-17,,,50001.0,,open
ALRM,7f1e9e653f4d,a40050d0c1b1,2026-01-26,2026-01-26,0.0,50001.0,15001.0,matched
ALRM,e3f50cdc4bb7,2e473fe6c4df,2026-02-06,2026-03-30,52.0,50001.0,50001.0,matched
ALRM,65cccd50719e,,2026-03-04,,,15001.0,,open
VRRM,e116fdf81b9a,,2026-01-21,,,,,open
VRRM,1e72bf52b354,,2026-01-26,,,50001.0,,open
VRRM,a309317a0a39,,2026-02-06,,,50001.0,,open
VRRM,5a3948604742,,2026-03-30,,,50001.0,,open
PNW,0b249fe7d2f7,,2026-01-06,,,50001.0,,open
PNW,a770b6317ce6,,2026-01-06,,,50001.0,,open
MKTX,,a0c55d238f0c,,2026-01-26,,,15001.0,prior_position
MKTX,48f3f8cf4131,,2026-02-26,,,50001.0,,open
MKTX,6bac39dd4e69,,2026-02-26,,,50001.0,,open
MKTX,cabc4c8e1c68,,2026-03-04,,,15001.0,,open
MKTX,611ed777e6df,,2026-03-30,,,50001.0,,open
CIEN,7d0a0c39fb00,,2026-03-25,,,50001.0,,open
CIEN,fbe651a8e2d2,,2026-03-25,,,50001.0,,open
PWR,f36be43faf14,,2026-01-06,,,50001.0,,open
PWR,2cbd8799d812,,2026-02-10,,,50001.0,,open
PWR,d6be39b71ade,,2026-02-10,,,50001.0,,open
PWR,8047ebd965c8,,2026-03-02,,,15001.0,,open
PWR,a79ca13312ac,,2026-03-11,,,1001.0,,open
PWR,2183c5282611,,2026-03-12,,,15001.0,,open
RHI,,c7402217dba9,,2026-01-26,,,15001.0,prior_position
RHI,,559cb3a79d39,,2026-02-06,,,15001.0,prior_position
RHI,c231df384065,,2026-03-30,,,15001.0,,open
CINF,,2f12fb4147a3,,2026-01-23,,,100001.0,prior_position
CINF,,ddfbcee70dc9,,2026-02-03,,,100001.0,prior_position
CINF,1ddc05f1526f,,2026-02-24,,,100001.0,,open
CWST,,a80b32157516,,2026-01-26,,,100001.0,prior_position
CWST,,0660ab7665f2,,2026-02-06,,,100001.0,prior_position
ZD,,c0d0a9e8eef9,,2026-01-26,,,15001.0,prior_position
ZD,,252544efac4a,,2026-02-06,,,15001.0,prior_position
CMS,,4a4d9c728390,,2026-01-12,,,15001.0,prior_position
CMS,20b2b22bcaed,,2026-01-23,,,1001.0,,open
CMS,ce5964e398f0,,2026-01-23,,,1001.0,,open
CASY,9291a6f1bdb4,,2026-01-07,,,1001.0,,open
CASY,6c00b9e1c34d,,2026-01-17,,,1001.0,,open
MMI,4d06fcc96a50,,2026-01-26,,,15001.0,,open
MMI,559c48cecbcc,,2026-01-26,,,15001.0,,open
PRGS,3662b61c32fa,93d2d9ab8a27,2026-03-04,2026-03-30,26.0,15001.0,15001.0,matched
PRGS,49d5195711a5,,2026-03-04,,,15001.0,,open
BLFS,4a8b17d73133,5293574c6ce7,2026-03-04,2026-03-30,26.0,15001.0,15001.0,matched
BLFS,797a5ffc29d5,,2026-03-04,,,15001.0,,open
ARLO,2dce582e5543,,2026-03-30,,,15001.0,,open
ARLO,36a741c82cfb,,2026-03-30,,,15001.0,,open
PLMR,69165dba896a,,2026-01-21,,,15001.0,,open
PLMR,69165dba896a,,2026-01-21,,,,,open
PLMR,ba748e6ba294,,2026-03-30,,,50001.0,,open
NSP,607e2a27d27e,,2026-02-12,,,15001.0,,open
NSP,b8cd439dfbaa,,2026-02-12,,,15001.0,,open
NSP,bebd9f79aa94,,2026-03-30,,,15001.0,,open
ITW,12a853509521,,2026-01-06,,,500001.0,,open
ITW,52dedf6f6a24,,2026-01-06,,,500001.0,,open
ITW,a1f36ab216d2,,2026-01-07,,,1001.0,,open
ITW,3fa947e49404,,2026-01-17,,,1001.0,,open
ITW,4f6136b32df4,,2026-03-12,,,15001.0,,open
MRK,e5a66f70d9e0,,2026-03-02,,,50001.0,,open
MRK,ca160018d14a,,2026-03-11,,,15001.0,,open
MRK,a65c084ef56e,,2026-03-17,,,1001.0,,open
MRK,b576d24df44c,,2026-03-17,,,1001.0,,open
MRK,1fef907635af,,2026-03-23,,,1001.0,,open
MRK,63521879d879,,2026-03-31,,,15001.0,,open
WEC,ae608f92986e,,2026-01-12,,,1001.0,,open
WEC,d7cc5ac2edf2,,2026-01-12,,,1001.0,,open
WEC,17c45a166815,,2026-01-23,,,1001.0,,open
TGT,6cb7c9d30a53,,2026-01-23,,,1001.0,,open
TGT,f5fca860fb27,,2026-03-17,,,50001.0,,open
TGT,b0ed46e3d48a,,2026-03-17,,,1001.0,,open
TGT,c0c00c865a47,,2026-03-23,,,15001.0,,open
ABNB,,19d4cbeac556,,2026-01-21,,,15001.0,prior_position
ABNB,3be71399a3a6,,2026-01-23,,,1001.0,,open
ABNB,4fde553cf85d,,2026-02-10,,,500001.0,,open
ABNB,8aa03582c246,,2026-02-19,,,1001.0,,open
ABNB,e27b99c64b5e,,2026-02-19,,,1001.0,,open
ABNB,cea8645e523d,,2026-03-02,,,15001.0,,open
RBA,2c932530ea92,,2026-03-17,,,1001.0,,open
RBA,c0dafa6377a0,,2026-03-17,,,1001.0,,open
AMD,028be7a18066,017b882195c4,2026-01-16,2026-03-17,60.0,50001.0,15001.0,matched
AMD,8f7c6b78d6ae,,2026-02-10,,,500001.0,,open
AMD,7b80b7acc49b,,2026-02-19,,,1001.0,,open
AMD,cc915074432d,,2026-02-19,,,1001.0,,open
AMD,7371eb92a11a,,2026-03-02,,,100001.0,,open
AMD,16004fa97031,,2026-03-11,,,50001.0,,open
AMD,a6c41f4a19d8,,2026-03-25,,,15001.0,,open
AMD,97ca56596c68,,2026-03-31,,,15001.0,,open
PCAR,4e55008e21d6,,2026-03-23,,,1001.0,,open
PCAR,8653f43c0b1c,,2026-03-23,,,1001.0,,open
ADMA,,34ad3961d21a,,2026-01-21,,,15001.0,prior_position
ADMA,,49a53c92023c,,2026-01-30,,,50001.0,prior_position
ADMA,b7fe6c392faf,,2026-03-04,,,15001.0,,open
TPG,d50903ab4230,dad03683c487,2026-01-21,2026-03-18,56.0,50001.0,50001.0,matched
DV,,bb44deb5b465,,2026-01-30,,,50001.0,prior_position
ADUS,c690a856f3a3,1a392e5d95be,2026-03-04,2026-03-30,26.0,15001.0,50001.0,matched
LH,,8443e0fbc7b4,,2026-01-21,,,,prior_position
BCPC,a6a5ff4e5172,57298d08ff61,2026-03-04,2026-03-30,26.0,50001.0,15001.0,matched
L,,9741235ecc35,,2026-01-12,,,15001.0,prior_position
CSW,cbdcd16a135b,4e1f814e220b,2026-03-04,2026-03-30,26.0,15001.0,15001.0,matched
BALL,4e2fab04f1da,1d26f9ea568a,2026-02-10,2026-03-11,29.0,50001.0,50001.0,matched
MSCI,29688a20a75f,7e70e7c2940c,2026-01-21,2026-01-21,0.0,15001.0,50001.0,matched
MSCI,9d15e466b0f3,,2026-03-11,,,15001.0,,open
HNI,0e03be2634e7,,2026-03-04,,,15001.0,,open
HNI,9d165264d981,,2026-03-30,,,50001.0,,open
IOSP,415e38f8e8af,,2026-03-04,,,50001.0,,open
IOSP,7daedd407256,,2026-03-30,,,50001.0,,open
EPAC,5cf3f18c5b46,b240e68cadc9,2026-03-04,2026-03-30,26.0,15001.0,50001.0,matched
CNK,7824ce840c66,,2026-01-21,,,,,open
CNK,45cd242890d3,,2026-02-26,,,15001.0,,open
CNK,7b5443470241,,2026-03-04,,,15001.0,,open
PJT,,979d61ef3c69,,2026-03-30,,,,prior_position
GEV,a8ccac481a5b,,2026-01-12,,,50001.0,,open
GEV,b5a08c5c59a0,,2026-01-21,,,1001.0,,open
GEV,9051d4cdd835,,2026-02-10,,,50001.0,,open
GEV,ac58515dda41,,2026-03-23,,,1001.0,,open
BOX,331b7e652ca1,,2026-03-04,,,15001.0,,open
BOX,c817cccb4de5,,2026-03-30,,,50001.0,,open
PRVA,83f3a2d526ea,,2026-03-30,,,,,open
CCL,c5b2cc48eff9,d04b4d3f9945,2026-02-10,2026-03-18,36.0,50001.0,15001.0,matched
CCL,86933c753bbf,,2026-03-17,,,,,open
CCL,764488e02169,,2026-03-25,,,15001.0,,open
JJSF,13250ffef8d1,ab79d76a527b,2026-01-21,2026-01-26,5.0,15001.0,15001.0,matched
DEI,,241ec8d74c86,,2026-01-26,,,15001.0,prior_position
DEI,,0408703b1fce,,2026-03-30,,,15001.0,prior_position
WD,00877e08fbcb,,2026-01-28,,,15001.0,,open
WD,a83c953a2a4e,,2026-03-30,,,15001.0,,open
VCTR,507aa08c5c20,9e8c63b5d7d7,2026-03-04,2026-03-30,26.0,15001.0,15001.0,matched
NEO,c0a24f570297,525ffe608c73,2026-03-04,2026-03-30,26.0,15001.0,15001.0,matched
CVCO,d2da2b4b3755,24580ae6e285,2026-02-02,2026-03-01,27.0,15001.0,15001.0,matched
CVCO,3e599949db6a,,2026-03-04,,,15001.0,,open
HE,75067d041cee,a5144f12858f,2026-03-11,2026-03-30,19.0,15001.0,15001.0,matched
WSC,f812f4768fe4,64afaab9dd8d,2026-02-26,2026-03-30,32.0,15001.0,15001.0,matched
WSC,d31b334e4b34,,2026-03-04,,,15001.0,,open
MDT,,35ee4f12f46b,,2026-03-18,,,15001.0,prior_position
MDT,19fb079c64b1,,2026-03-23,,,1001.0,,open
HAYW,0ddf85405003,,2026-03-04,,,15001.0,,open
HAYW,221d09e8bccf,,2026-03-30,,,15001.0,,open
GEHC,c3439c424eae,,2026-03-02,,,15001.0,,open
GEHC,c97d0ad065fb,,2026-03-11,,,15001.0,,open
GEHC,e5347f1e4ede,,2026-03-12,,,15001.0,,open
FERG,7992f217d5ab,,2026-01-12,,,15001.0,,open
FERG,de230e546eec,,2026-03-31,,,1001.0,,open
TGTX,,e49ef8257a59,,2026-01-21,,,15001.0,prior_position
TGTX,7eb6f2934a8c,,2026-02-28,,,50001.0,,open
TGTX,b5467e14c1bc,,2026-03-04,,,15001.0,,open
MC,abb21e6a4557,54f34c196c87,2026-02-21,2026-03-30,37.0,15001.0,15001.0,matched
MC,5f6a7279ab26,,2026-03-04,,,15001.0,,open
TTEK,94345be35520,,2026-03-18,,,15001.0,,open
BL,bbf7b75629d3,07b7e8235025,2026-01-26,2026-02-26,31.0,15001.0,15001.0,matched
BL,f0461385ae61,,2026-03-30,,,15001.0,,open
ELV,,7dc14bee5ce6,,2025-03-18,,,15001.0,prior_position
SFM,8a748b31e021,,2026-01-12,,,15001.0,,open
SFM,f268b1b60175,,2026-02-12,,,15001.0,,open
STEP,,dc2f32a3980e,,2025-02-28,,,15001.0,prior_position
STEP,e50f502fc3fb,,2026-03-30,,,50001.0,,open
DLR,74e83848ce9b,,2026-01-06,,,250001.0,,open
DLR,e76af06ebacf,,2026-03-02,,,15001.0,,open
DLR,7634a230e7f1,,2026-03-11,,,15001.0,,open
DLR,a6def2873a25,,2026-03-17,,,500001.0,,open
CEG,,580ff97aa436,,2026-02-10,,,250001.0,prior_position
ZTS,6dc12daad632,e59cc3d4247e,2026-01-01,2026-03-17,75.0,100001.0,100001.0,matched
ZTS,75c53fc4f8cf,,2026-01-12,,,250001.0,,open
TTWO,,eec0d78a4e48,,2026-02-10,,,100001.0,prior_position
AEIS,,cdbc6ce74787,,2026-02-02,,,100001.0,prior_position
TTMI,,9a984ed745fb,,2026-01-30,,,100001.0,prior_position
CDW,1d81ee1f2a86,b6043eeb90c9,2026-02-19,2026-03-17,26.0,1001.0,1000001.0,matched
CDW,99c20e7d2276,,2026-03-11,,,15001.0,,open
CDW,61b91b097ece,,2026-03-23,,,1001.0,,open
VYM,,9d4e9051fe93,,2026-01-23,,,1000001.0,prior_position
SPY,,752269ef6124,,2026-01-05,,,1000001.0,prior_position
SPY,,12293cd3fa68,,2026-01-29,,,1000001.0,prior_position
SPY,ae5d4741f9c7,8797574483f6,2026-03-04,2026-03-15,11.0,250001.0,1000001.0,matched
SPY,4149bc01515c,,2026-03-10,,,250001.0,,open
VOO,,39f9bb79224f,,2026-01-06,,,1000001.0,prior_position
VOO,,0ed7b5b36c96,,2026-01-16,,,1000001.0,prior_position
VOO,c2a0380cca43,3820ed2d3ff9,2026-01-31,2026-03-19,47.0,1000001.0,1000001.0,matched
VOO,65ec98458978,,2026-03-02,,,1000001.0,,open
VOO,e59cd5d484df,,2026-03-25,,,500001.0,,open
JBL,8262161a3b21,,2026-02-10,,,1000001.0,,open
JBL,8262161a3b21,,2026-02-10,,,,,open
JBL,ad59ade8cd77,,2026-03-02,,,50001.0,,open
JBL,72a71eeb55d5,,2026-03-23,,,50001.0,,open
MCHP,257c3d265c88,,2026-02-10,,,500001.0,,open
MCHP,84da8bdc9e89,,2026-02-10,,,500001.0,,open
MCHP,1490aebeaddb,,2026-03-02,,,15001.0,,open
MCHP,afd47dc3db6f,,2026-03-11,,,15001.0,,open
MCHP,e1a0386ca818,,2026-03-17,,,500001.0,,open
ABT,,ae2f946834d1,,2026-01-06,,,500001.0,prior_position
ECL,,117f7dc3cd61,,2026-01-06,,,250001.0,prior_position
ECL,a96220975600,,2026-03-11,,,250001.0,,open
DHR,9abc87c4aed9,10cf01abaff8,2026-03-02,2026-03-11,9.0,15001.0,100001.0,matched
DHR,fc9230104091,bbcebe9c63a4,2026-03-12,2026-03-17,5.0,15001.0,500001.0,matched
DHR,4dd8bf6c2e8d,,2026-03-17,,,1001.0,,open
NVR,ba595b5c4aae,6f87088c8ee1,2026-01-06,2026-03-17,70.0,250001.0,500001.0,matched
NVR,a950a9eda1ba,,2026-01-07,,,250001.0,,open
NVR,efd5b81e9c5d,,2026-03-18,,,50001.0,,open
IDCC,144e4860f45c,,2026-03-23,,,100001.0,,open
CTRE,9e7554c21f3d,,2026-03-23,,,100001.0,,open
DLTR,d7af62e6e760,,2026-01-06,,,100001.0,,open
DLTR,2b1a44cada8b,,2026-02-10,,,100001.0,,open
URI,,f598700565d1,,2026-02-10,,,100001.0,prior_position
URI,9666dbd70425,,2026-03-18,,,50001.0,,open
OKTA,7d1860588387,d28491b44aae,2026-02-23,2026-03-18,23.0,1001.0,50001.0,matched
ODFL,,bcd0ceec85ef,,2026-01-06,,,50001.0,prior_position
ODFL,24cd0c550511,,2026-03-02,,,15001.0,,open
MMSI,,f0f4b86f7063,,2026-02-21,,,50001.0,prior_position
MMSI,ce071afa369b,,2026-03-30,,,100001.0,,open
PHM,,8c5240962553,,2026-03-17,,,50001.0,prior_position
MHK,a0c392a063b4,3c82d7274ef4,2026-03-04,2026-03-30,26.0,50001.0,100001.0,matched
EAT,f38f9a75bb6b,,2026-03-04,,,15001.0,,open
EAT,ae83d0829433,,2026-03-30,,,100001.0,,open
FSLR,,244cca7a011d,,2026-01-01,,,100001.0,prior_position
FSLR,bfeee6f9d461,,2026-03-02,,,15001.0,,open
NDAQ,,16eaa213fa76,,2026-02-10,,,100001.0,prior_position
NDAQ,01c720eff68c,,2026-03-11,,,15001.0,,open
MTD,,0d0e53eccbe7,,2026-03-11,,,100001.0,prior_position
ON,093d44034c6d,,2026-01-06,,,15001.0,,open
ON,28b996af78dc,,2026-02-10,,,50001.0,,open
ON,ff5ce18c5339,,2026-03-02,,,50001.0,,open
ON,9d93041d6589,,2026-03-11,,,15001.0,,open
ON,18fa19bd6686,,2026-03-23,,,15001.0,,open
DFH,0acd3f967c79,,2026-01-30,,,15001.0,,open
INTC,0682e6926f47,,2026-03-02,,,50001.0,,open
INTC,300344bc7cdb,,2026-03-11,,,15001.0,,open
INTC,52aa81c3dab0,,2026-03-13,,,15001.0,,open
INTC,c53dd8c197eb,,2026-03-25,,,15001.0,,open
MU,bd18e2b3fde7,,2026-01-11,,,50001.0,,open
MU,22160d470760,,2026-03-02,,,100001.0,,open
MU,b552761a683d,,2026-03-12,,,15001.0,,open
MU,fe3282c68237,,2026-03-17,,,1001.0,,open
MU,74ed4236c5e6,,2026-03-23,,,1001.0,,open
MU,924d786ed2ec,,2026-03-25,,,50001.0,,open
SPHR,9e34a91ffc15,,2026-03-23,,,15001.0,,open
GOOGL,39a0663c4c6e,,2026-01-10,,,100001.0,,open
GOOGL,3319cdde908b,,2026-03-02,,,500001.0,,open
GOOGL,38480699e0ae,,2026-03-11,,,250001.0,,open
GOOGL,05af9deb38d0,,2026-03-12,,,250001.0,,open
GOOGL,5416e73194ff,,2026-03-17,,,15001.0,,open
GOOGL,92f29223351d,,2026-03-17,,,15001.0,,open
GOOGL,90c29b2475de,,2026-03-17,,,15001.0,,open
GOOGL,b409e8ae17e1,,2026-03-23,,,50001.0,,open
GOOGL,cafbef31d7bc,,2026-03-31,,,250001.0,,open
DXCM,f06b1cc35a08,,2026-03-21,,,15001.0,,open
XYZ,52015863bb0e,,2026-03-02,,,15001.0,,open
XYZ,8803f9393daf,,2026-03-21,,,15001.0,,open
TKO,229d56cb579d,,2026-03-25,,,15001.0,,open
PLD,6432b2351b74,,2026-03-17,,,100001.0,,open
PLD,aa00916c3a1d,,2026-03-23,,,50001.0,,open
PLD,af7330a4a3c0,,2026-03-23,,,1001.0,,open
PLD,e3b261f2d0d3,,2026-03-25,,,15001.0,,open
GS,46d45831a737,,2026-03-02,,,15001.0,,open
GS,650b2cea05dc,,2026-03-11,,,15001.0,,open
GS,719da4519911,,2026-03-17,,,1001.0,,open
GS,25e52fba4dab,,2026-03-21,,,15001.0,,open
GS,e4cf05137dfc,,2026-03-23,,,15001.0,,open
PSMT,5f7dd79c55ba,,2026-03-02,,,15001.0,,open
PSMT,3abef632da6c,,2026-03-11,,,15001.0,,open
PSMT,d543255bede9,,2026-03-25,,,15001.0,,open
LYV,7fe6a8c88e71,,2026-03-25,,,15001.0,,open
ARCC,d6fe1eac54dc,,2026-03-17,,,50001.0,,open
RMD,36f0f910e9c1,,2026-03-02,,,50001.0,,open
RMD,e1635d44c597,,2026-03-11,,,15001.0,,open
RITM,145745ac955f,,2026-03-01,,,50001.0,,open
RITM,2f6d6a89a143,,2026-03-23,,,50001.0,,open
LAUR,28ea4e44033e,,2026-03-23,,,50001.0,,open
LAUR,893faf07d6c0,,2026-03-30,,,15001.0,,open
OKE,1e58f4d5c2f7,,2026-01-21,,,50001.0,,open
OKE,f7d46b4ca158,,2026-01-23,,,15001.0,,open
OKE,b1cad9eabb05,,2026-03-11,,,1001.0,,open
OKE,1685ccaf24cc,,2026-03-12,,,15001.0,,open
STZ,b0a05b28311b,,2026-01-06,,,50001.0,,open
GFF,493c87c258f4,,2026-03-30,,,50001.0,,open
TSLX,d0509beee1bb,,2026-03-17,,,50001.0,,open
APAM,e9e4786b87ba,,2026-01-30,,,50001.0,,open
APAM,fef39609f403,,2026-03-04,,,15001.0,,open
TXN,fdfad4d91dc6,,2026-01-12,,,1000001.0,,open
TXN,6e9351857ae2,,2026-01-23,,,50001.0,,open
TXN,55bc6cdb23ce,,2026-01-31,,,15001.0,,open
TXN,f9b338728aec,,2026-03-16,,,15001.0,,open
TMO,b0873f400612,,2026-03-02,,,15001.0,,open
TMO,3dedfe6d24a3,,2026-03-11,,,15001.0,,open
TMO,c1d450b25288,,2026-03-21,,,15001.0,,open
VLO,fa779fd62c6b,,2026-03-23,,,15001.0,,open
DELL,86a0b9dca105,,2026-02-10,,,1000001.0,,open
DELL,c1f7bbb452b3,,2026-03-02,,,15001.0,,open
DELL,374560573f69,,2026-03-11,,,15001.0,,open
DELL,e3681898fe70,,2026-03-23,,,1001.0,,open
NUE,cda7e1de8eee,,2026-03-31,,,15001.0,,open
EVRG,6b29b77743db,,2026-03-12,,,15001.0,,open
EVRG,a2d2a836027f,,2026-03-23,,,15001.0,,open
TECH,19dd0fa72cba,,2026-03-23,,,15001.0,,open
ADI,023caef312a6,,2026-03-02,,,100001.0,,open
ADI,d02891469f64,,2026-03-11,,,15001.0,,open
ADI,cd903bedb346,,2026-03-11,,,1001.0,,open
ADI,57a2acafc768,,2026-03-12,,,15001.0,,open
ADI,469946e92ed5,,2026-03-31,,,15001.0,,open
STT,7499ece96315,,2026-03-23,,,15001.0,,open
WELL,38777c7ac6ce,,2026-01-12,,,1001.0,,open
WELL,edb4de2c8efc,,2026-03-23,,,15001.0,,open
OSIS,74c0eefa29f3,,2026-03-04,,,15001.0,,open
HPQ,a9298dba3029,,2026-01-21,,,15001.0,,open
HPQ,0e577428862e,,2026-03-02,,,15001.0,,open
YUM,1266afd55232,,2026-01-21,,,15001.0,,open
YUM,cddc13fb6a4b,,2026-03-17,,,1001.0,,open
NI,1cd533e48bae,,2026-01-21,,,15001.0,,open
NI,232194f1b020,,2026-03-14,,,1001.0,,open
EXPD,a3a5171501bf,,2026-03-02,,,15001.0,,open
EXPD,4e5288b1e4c9,,2026-03-12,,,15001.0,,open
IAC,8be7fcbee8d7,,2026-03-04,,,15001.0,,open
STLD,cf7e8db0b014,,2026-03-31,,,15001.0,,open
TEL,74a72be84d34,,2025-03-11,,,15001.0,,open
TEL,6a310f0b19a4,,2026-02-10,,,100001.0,,open
TEL,cd675c3bbb26,,2026-03-23,,,1001.0,,open
TEL,5d39c44e0997,,2026-03-31,,,15001.0,,open
CURB,895c1c5fb230,,2026-01-28,,,15001.0,,open
CURB,d0c06638c7d3,,2026-03-30,,,15001.0,,open
DECK,a4531ed76656,,2026-01-06,,,15001.0,,open
DECK,d69a5aecc471,,2026-03-02,,,15001.0,,open
ROK,46378c747b5c,,2026-03-02,,,15001.0,,open
ROK,ef33d2b64fe2,,2026-03-11,,,15001.0,,open
DAL,84f5daaad3d5,,2026-03-11,,,15001.0,,open
DAL,5d5a5700cacc,,2026-03-17,,,1001.0,,open
ZBH,4f934dd36757,,2026-03-11,,,15001.0,,open
ZBH,1c857423d7e2,,2026-03-23,,,1001.0,,open
LZ,434b122b711d,,2026-03-30,,,15001.0,,open
KLAC,7f82b26eee48,,2026-03-02,,,100001.0,,open
KLAC,5036aca8c9ea,,2026-03-21,,,15001.0,,open
KEYS,89324a83bcbe,,2026-03-02,,,,,open
KEYS,5b686446b3ef,,2026-03-11,,,15001.0,,open
KEYS,48e7d33c8bf1,,2026-03-23,,,15001.0,,open
CMI,778e9f53c726,,2026-03-02,,,15001.0,,open
CMI,ee6eeecacb13,,2026-03-23,,,15001.0,,open
MLM,f61f5be4b256,,2026-01-06,,,15001.0,,open
MLM,edc2b96584d3,,2026-03-23,,,15001.0,,open
GNRC,e4d39eb1c8cf,,2026-03-02,,,15001.0,,open
GNRC,cc042e4254be,,2026-03-17,,,15001.0,,open
GNRC,f7681229ac4f,,2026-03-23,,,15001.0,,open
BEN,9de2b9a72dfc,,2026-03-31,,,15001.0,,open
FCX,4eb8ee3692fc,,2026-03-11,,,15001.0,,open
FCX,8768542a830d,,2026-03-23,,,15001.0,,open
WHR,3bbf402d6838,,2026-03-11,,,15001.0,,open
RTX,942dce232e4d,,2026-03-02,,,15001.0,,open
RTX,cf5ee83bea69,,2026-03-11,,,15001.0,,open
RAL,612ccf8adda2,,2026-01-30,,,15001.0,,open
RAL,3a8faa73fdad,,2026-02-02,,,15001.0,,open
RAL,9de0b8e399cd,,2026-03-04,,,15001.0,,open
LKQ,a451e23fbd54,,2026-02-21,,,15001.0,,open
LKQ,44d27a94f800,,2026-03-04,,,15001.0,,open
ALGN,822e1445328b,,2026-03-23,,,15001.0,,open
XLY,d51746b1bbd0,,2026-03-10,,,100001.0,,open
ARE,6af3a9a758d9,,2026-01-06,,,100001.0,,open
XLE,d9da06afa32e,,2026-03-05,,,500001.0,,open
IEMG,7a916bce161f,,2026-03-04,,,500001.0,,open
IEMG,2f11fa0d9d6c,,2026-03-10,,,500001.0,,open
TT,30d7f06fa940,,2026-01-21,,,1001.0,,open
TT,ac45d3820c58,,2026-03-02,,,15001.0,,open
TT,1809c99fb545,,2026-03-11,,,1000001.0,,open
TT,ff504eba98c3,,2026-03-12,,,15001.0,,open
FFIV,5e03c09e3be6,,2026-01-06,,,250001.0,,open
FFIV,8a3e8e0538a1,,2026-03-02,,,15001.0,,open
FFIV,d0ac5e5072e8,,2026-03-12,,,15001.0,,open
XEL,a3403a1f14ac,,2026-01-06,,,250001.0,,open
XEL,fc07663ea34e,,2026-01-23,,,1001.0,,open
DVA,daeba80883fb,,2026-02-10,,,250001.0,,open
DVA,3c07221e2425,,2026-03-17,,,1001.0,,open
XLK,5cae401bdea0,,2026-03-10,,,250001.0,,open
EW,cd48bd4b6799,,2026-02-10,,,500001.0,,open
EW,448f6a5f651f,,2026-03-02,,,15001.0,,open
EW,0e3f2b30cfd2,,2026-03-11,,,15001.0,,open
HON,b2c95b0abadd,,2026-03-12,,,15001.0,,open
HON,d5e5f247ccc8,,2026-03-17,,,250001.0,,open
HON,e96e8c719146,,2026-03-17,,,1001.0,,open
MTCH,a1785603d442,,2026-03-23,,,100001.0,,open
NET,17dcdaebee7b,,2026-02-12,,,50001.0,,open
CHTR,ba400e34d7c1,,2026-01-06,,,50001.0,,open
Q,d5da90fe7ab2,,2026-01-10,,,100001.0,,open
Q,1f52aa7a366f,,2026-03-02,,,50001.0,,open
Q,5f0959a9811e,,2026-03-12,,,15001.0,,open
Q,f90a6f520661,,2026-03-17,,,100001.0,,open
LIF,20bcc02ad5db,,2026-03-23,,,50001.0,,open
GNR,9fa84cb63a35,,2026-03-10,,,,,open
TPR,affe63c7c6d9,,2026-03-17,,,50001.0,,open
SLM,c849f21a69c5,,2026-03-11,,,50001.0,,open
AEE,1751d036b0e5,,2026-01-06,,,100001.0,,open
AEE,4bf46d819a1b,,2026-01-13,,,1001.0,,open
MDLZ,0c9b23f9cd33,,2026-01-21,,,100001.0,,open
MDLZ,7500356099a2,,2026-01-23,,,15001.0,,open
XLF,f16780766a8e,,2026-03-10,,,100001.0,,open
COHR,7f875d09cadd,,2026-01-25,,,100001.0,,open
PBOG,f424f603e7bd,,2026-03-17,,,100001.0,,open
IR,f85ff62eec3b,,2026-01-06,,,100001.0,,open
CPAY,033f0c86077e,,2026-01-06,,,100001.0,,open
LAD,ed5da42f203e,,2026-03-18,,,50001.0,,open
MIR,e07fddb126a4,,2026-01-26,,,15001.0,,open
MIR,904f2222439f,,2026-03-30,,,50001.0,,open
PRIM,338e938845c1,,2026-03-04,,,50001.0,,open
VRTX,354609beda37,,2026-01-06,,,50001.0,,open
VRTX,ce434e0e5d6f,,2026-02-11,,,1001.0,,open
VRTX,9be37ff35917,,2026-03-02,,,15001.0,,open
VRTX,6ae2d896b591,,2026-03-12,,,15001.0,,open
HEZU,7a36a0132e1b,,2026-03-10,,,100001.0,,open
IPAC,f6e0c0bd65cf,,2026-01-10,,,100001.0,,open
WAY,0bae29aff41b,,2026-02-21,,,100001.0,,open
XLP,2f0f0f294090,,2026-01-10,,,100001.0,,open
ED,fdd5363e6fce,,2026-01-23,,,1001.0,,open
DRI,64911cb0cb83,,2026-01-23,,,1001.0,,open
LNT,ae64d4608cec,,2026-01-23,,,,,open
ARES,c9ea2121928b,,2026-03-17,,,1001.0,,open
CLSM,f2e8975dc630,,2026-03-17,,,1001.0,,open
BGC,0d7dec3d3d63,,2026-01-26,,,15001.0,,open
BGC,d30b4dd505f1,,2026-03-04,,,15001.0,,open
CABO,da45e5057ccf,,2026-01-30,,,15001.0,,open
CRH,497bd6fa222c,,2026-01-08,,,15001.0,,open
GOLF,e5c81bea6765,,2026-03-30,,,15001.0,,open
WERN,a37f142d461f,,2026-03-30,,,15001.0,,open
PRLB,94503cca0ee1,,2026-03-30,,,15001.0,,open
INSM,b8b78aa26e3e,,2026-01-23,,,1001.0,,open
INSM,ee39f1ae6166,,2026-02-19,,,1001.0,,open
PPL,0ebf92af1dcc,,2026-01-23,,,1001.0,,open
PPL,652cb23ccb80,,2026-03-17,,,1001.0,,open
AMN,ba70e9c19409,,2026-01-28,,,15001.0,,open
PEG,4bf3226c4e17,,2026-01-23,,,1001.0,,open
WWD,dc1cd9c2bfbb,,2026-03-11,,,1001.0,,open
RGLD,e2280083c6cd,,2026-03-31,,,1001.0,,open
MCK,f94cdaa3f073,,2026-03-23,,,1001.0,,open
ETR,76e92a6fd01f,,2026-03-11,,,15001.0,,open
ETR,f32f757720a1,,2026-03-17,,,1001.0,,open
IFF,ed3f8854be1c,,2026-03-17,,,1001.0,,open
FANG,7c1afbf10f94,,2026-03-23,,,1001.0,,open
EQT,37d07d7e488c,,2026-03-11,,,1001.0,,open
ENTG,6ec012b03bb3,,2026-03-23,,,1001.0,,open
TSN,507ae8d5fc07,,2026-03-17,,,1001.0,,open
APG,184cf3fadec0,,2026-03-17,,,1001.0,,open
FE,bbd89979f41b,,2026-01-23,,,1001.0,,open
FE,5428109caffe,,2026-03-02,,,15001.0,,open
VITL,9c1e6273ce9e,,2026-02-21,,,15001.0,,open
VITL,1308dd7a9865,,2026-03-23,,,1001.0,,open
CSX,66ee738c928d,,2026-03-17,,,1001.0,,open
CW,d0dc26e5b129,,2026-03-23,,,1001.0,,open
MNST,a086e6f86078,,2026-03-23,,,1001.0,,open
INTU,1f7ca39d7620,,2026-01-23,,,15001.0,,open
INTU,696f8ad9899b,,2026-02-19,,,1001.0,,open
PTEN,21e7af034219,,2026-03-04,,,15001.0,,open
DD,739f41bab099,,2026-03-11,,,15001.0,,open
SDGR,4288443229ea,,2026-03-30,,,15001.0,,open
LGIH,42ed57609a4f,,2026-03-13,,,15001.0,,open
NOG,698d95a1aaee,,2026-03-04,,,15001.0,,open
WBD,46da0ac4f058,,2026-03-12,,,15001.0,,open
APD,4056455ae3a6,,2026-03-11,,,15001.0,,open
KVUE,63ce2890f968,,2026-01-06,,,15001.0,,open
GDYN,601c7ba60f9d,,2026-03-30,,,15001.0,,open
KKR,dc9153db7963,,2026-03-02,,,15001.0,,open
KKR,4595a601e4bd,,2026-03-12,,,15001.0,,open
CNR,db76298087ae,,2026-03-04,,,15001.0,,open
KNTK,d0b099f7fb8d,,2026-03-04,,,15001.0,,open
ENR,03804825dbec,,2026-03-04,,,15001.0,,open
SBSI,2a05ce77c697,,2026-03-30,,,15001.0,,open
SLVM,74a740d801b3,,2026-03-04,,,15001.0,,open
ASTH,d8fdb2adac80,,2026-03-30,,,15001.0,,open
NABL,6bb5aaebbbc7,,2026-01-21,,,15001.0,,open
MNRO,211b39b5dcaf,,2026-03-30,,,15001.0,,open
MPT,800f9b9cec54,,2026-03-30,,,15001.0,,open
FUN,4165fe5e3702,,2026-03-04,,,15001.0,,open
FRPT,bb0079b339ad,,2026-03-04,,,15001.0,,open
UNIT,8f7d3b6a0e7f,,2026-03-04,,,15001.0,,open
WWW,f7883d02c0a9,,2026-03-04,,,15001.0,,open
GEO,496c0df5b567,,2026-03-04,,,15001.0,,open
REGN,4c7fa3bd2714,,2026-01-21,,,15001.0,,open
CBOE,f20cf984ca55,,2026-03-02,,,15001.0,,open
FDX,a94232b2e355,,2026-03-02,,,15001.0,,open
DVN,cb8faee4af41,,2026-03-02,,,15001.0,,open
TPL,ab37b2f49bac,,2026-03-02,,,15001.0,,open
CASH,74e29a455416,,2026-03-04,,,15001.0,,open
HUBB,b994076cc03a,,2026-03-02,,,15001.0,,open
FTV,83bfc68ccb65,,2026-03-02,,,15001.0,,open
MRP,756c9e198b76,,2026-03-04,,,15001.0,,open
AGX,c852ae4e6ef8,,2026-03-30,,,15001.0,,open
WT,a93b01c52fab,,2026-03-30,,,15001.0,,open
PBI,61b0dec904ac,,2026-03-04,,,15001.0,,open
PECO,ba4bf44538a6,,2026-01-26,,,15001.0,,open
TRIP,50846fe5413c,,2026-03-30,,,15001.0,,open
LYFT,2a40eb0d13cc,,2026-03-30,,,15001.0,,open
