trade_id,person,doc_id,txn_num,asset_name,action,transaction_date,disclosure_date,amount_min,amount_max,asset_class,ticker,source_doc
195f2454df66,Donald Trump,trump_278t_2025_08_19_a,11,DANVILLE VA SCH 2022 B1E GUAR CR ENH 4.00 % Duo Sop 1. 2025,purchase,2025-01-29,2025-08-19,50001.0,100000.0,other,,trump_278t_2025_08_19_a.pdf
a0149732e608,Donald Trump,trump_278t_2025_08_19_a,419,PENNSYLVANIA ST COMMN TPK REV SERB 8/E 5.00 % Duo Doc 1. 2025,purchase,2025-05-15,2025-08-19,50001.0,100000.0,other,,trump_278t_2025_08_19_a.pdf
93090dfe6647,Donald Trump,trump_278t_2025_08_19_a,417,OHIO ST HSG FIN AGY RESDNTL MTG REV SER ABIE 5.00 % Duo Mar 1. 2026,purchase,2025-05-05,2025-08-19,500001.0,1000000.0,other,,trump_278t_2025_08_19_a.pdf
cdf7a2f945b6,Donald Trump,trump_278t_2025_08_19_a,415,"RTH CHARLESTON SC LTD OBLIG TAX INCRMT PLG 2024 REV B1E 5.00 % Duo Oct 1, 2025",purchase,2025-05-05,2025-08-19,100001.0,250000.0,other,,trump_278t_2025_08_19_a.pdf
e30d26a00ccd,Donald Trump,trump_278t_2025_08_19_a,413,"MUNSTER IN SCH BLDG CORP AD VALOREM PPTYTAX 1ST MTG REV B1E 5.00 % Duo Jan 15, 2026",purchase,2025-05-05,2025-08-19,50001.0,100000.0,equity,,trump_278t_2025_08_19_a.pdf
8d51f35d8d0a,Donald Trump,trump_278t_2025_08_19_a,402,"CHARLOTTE MECKLENBURG HOSP AUTH NC HC SYS REV RFOG CAROLINAS HCA B1E 5.00 % Duo Jan 15, 2026",purchase,2025-05-05,2025-08-19,50001.0,100000.0,other,,trump_278t_2025_08_19_a.pdf
2080eb3d75a6,Donald Trump,trump_278t_2025_08_19_a,401,BUFFALO MN TAX ABATEMT UTIL RFOG 2023 B DB BIE 5.00 % Duo Fob 1. 2026,purchase,2025-05-05,2025-08-19,50001.0,100000.0,other,,trump_278t_2025_08_19_a.pdf
877c23017e3e,Donald Trump,trump_278t_2025_08_19_a,398,COMMONWEALTH FING A 5% DUE ON 06/01/28,purchase,2025-04-11,2025-08-19,1001.0,15000.0,other,,trump_278t_2025_08_19_a.pdf
076ac2fea190,Donald Trump,trump_278t_2025_08_19_a,396,"NEW HAMPSHIRE ST HSG FIN AUTH SNGL FAM MTG REV ACQ 2023A B1E GUAR GNMA 3.00 % Due Jul 1, 2028",purchase,2025-04-08,2025-08-19,50001.0,100000.0,other,,trump_278t_2025_08_19_a.pdf
4eba427791bf,Donald Trump,trump_278t_2025_08_19_a,394,I IOWA CITY IA BIE 3.00 % Duo Jun 1 . 2029,purchase,2025-04-08,2025-08-19,15001.0,50000.0,other,,trump_278t_2025_08_19_a.pdf
5f4cf84a2675,Donald Trump,trump_278t_2025_08_19_a,393,GEORGETOWN TX COMB TAX & REV CTF OBLIG 2021 DB B1E 4.00 % Duo Aua 15. 2029,purchase,2025-04-08,2025-08-19,15001.0,50000.0,other,,trump_278t_2025_08_19_a.pdf
e73f69faea37,Donald Trump,trump_278t_2025_08_19_a,390,CINCINNATI OH VARIOUS PURP IMPT DB BIE 4.00 % Duo Doc 1. 2031,purchase,2025-04-18,2025-08-19,100001.0,250000.0,other,,trump_278t_2025_08_19_a.pdf
9af163fbe946,Donald Trump,trump_278t_2025_08_19_a,389,CENTRAL WA UNIV SYS REV RFOG AGM CR 010 11ll98.994 3.45% 3.375 % Duo May 1. 2031,purchase,2025-04-08,2025-08-19,15001.0,50000.0,other,,trump_278t_2025_08_19_a.pdf
e5546c7e9949,Donald Trump,trump_278t_2025_08_19_a,387,"NEVADA ST HWY IMPT A REV BIE 4.00 % Duo Doc 1, 2031",purchase,2025-04-17,2025-08-19,15001.0,50000.0,other,,trump_278t_2025_08_19_a.pdf
3488025dabb4,Donald Trump,trump_278t_2025_08_19_a,385,"PLAINFIELD IN CMNTY HIGH SCH BLDG 1ST MTG SER A REV BIE ST INTRCPT PTC 4.00 % Duo Jan 15, 2031",purchase,2025-04-14,2025-08-19,15001.0,50000.0,other,,trump_278t_2025_08_19_a.pdf
73da6427d706,Donald Trump,trump_278t_2025_08_19_a,380,RALEIGH NC COMB ENTRPRS SYS REV COMB SER A B1E 4.00 % Duo Doc 1. 2034,purchase,2025-04-03,2025-08-19,50001.0,100000.0,other,,trump_278t_2025_08_19_a.pdf
8ed37fff5c37,Donald Trump,trump_278t_2025_08_19_a,378,KIRTLAND Ml CMNTY CLLG DIST CLLG FAC BIE B/Q 4.00 % Duo Mav 1. 2032,purchase,2025-04-03,2025-08-19,100001.0,250000.0,other,,trump_278t_2025_08_19_a.pdf
162f6ec138bd,Donald Trump,trump_278t_2025_08_19_a,375,ALBUQUERQUE NM TRANSN INFRA GROSS RCPTS TAX IMPT REV BIE PTC 4.00 % Duo Jul 1. 2031,purchase,2025-04-03,2025-08-19,15001.0,50000.0,other,,trump_278t_2025_08_19_a.pdf
0ef9afdb6f2b,Donald Trump,trump_278t_2025_08_19_a,371,"MISSOURI ST HSG DEV COMM SNGL FAM MTG REV SER C B1E GTD GNMA 3.75 % Duo May 1, 2032",purchase,2025-03-27,2025-08-19,100001.0,250000.0,other,,trump_278t_2025_08_19_a.pdf
89bff6b34021,Donald Trump,trump_278t_2025_08_19_a,370,"MISSOURI ST HSG DEV COMM SNGL FAM MTG REV SER C BIE GTD GNMA 3.70 % Duo Nov 1, 2031",purchase,2025-03-27,2025-08-19,100001.0,250000.0,other,,trump_278t_2025_08_19_a.pdf
631e6729c82e,Donald Trump,trump_278t_2025_08_19_a,368,"MARYLAND ST OPT TRANSN CONS TRANSN REV BIE 3.00 % Duo Nov 1, 2028",purchase,2025-03-27,2025-08-19,100001.0,250000.0,other,,trump_278t_2025_08_19_a.pdf
d6a4a22fba60,Donald Trump,trump_278t_2025_08_19_a,367,"HAWKEYE CMNTY CLLG IA SCH 2025 BIE 4.00 % Duo Jun 1, 2029",purchase,2025-03-27,2025-08-19,100001.0,250000.0,other,,trump_278t_2025_08_19_a.pdf
927d38a4e326,Donald Trump,trump_278t_2025_08_19_a,366,STERLING HEIGHTS Ml CAP IMPT BIE 4.00 % Duo Aor 1. 2029,purchase,2025-03-21,2025-08-19,,,other,,trump_278t_2025_08_19_a.pdf
2f04a209acab,Donald Trump,trump_278t_2025_08_19_a,340,HOUSTON TEX INDPT S 5% DUE ON 09/15129,purchase,2025-03-11,2025-08-19,,,other,,trump_278t_2025_08_19_a.pdf
0e34b1f2e95a,Donald Trump,trump_278t_2025_08_19_a,420,PHILADELPHIA PA GAS WKS REV 1998GENL ORDINANCE 15TH 8/E 5.00 % Duo A-on 1. 2026,purchase,2025-05-11,2025-08-19,100001.0,250000.0,other,,trump_278t_2025_08_19_a.pdf
e52ce3f06ba6,Donald Trump,trump_278t_2025_08_19_a,421,RACINE WI RFOG SERB 8/E 4.00 % Duo Doc 1. 2025,purchase,2025-05-15,2025-08-19,50001.0,100000.0,other,,trump_278t_2025_08_19_a.pdf
e5887c4527d5,Donald Trump,trump_278t_2025_08_19_a,429,JEA FLA ELEC SYS REV SUB REV 5.0000% 10/01 /26,purchase,2025-05-16,2025-08-19,500001.0,1000000.0,other,,trump_278t_2025_08_19_a.pdf
952109515ca5,Donald Trump,trump_278t_2025_08_19_a,434,"COLORADO SPRINGS co UTIL REV RFOG SYS SER A 2 8/E 5.00 % Duo Nov 15, 2025",purchase,2025-05-16,2025-08-19,,100000.0,other,,trump_278t_2025_08_19_a.pdf
c1fe9b08c7b3,Donald Trump,trump_278t_2025_08_19_b,2004,PLAINFIELD IN CMNTY HIGH SCH BLOG CORP MTG REV 8/E ST INTRCPT PTC 3.00 % Due Jul 15,purchase,2025-07-08,2025-08-19,15001.0,50000.0,equity,,trump_278t_2025_08_19_b.pdf
2da6409e0ceb,Donald Trump,trump_278t_2025_08_19_a,506,MElROPOLITAN GOVT NASHVILLE 5.0000% 07/01129,purchase,2025-06-13,2025-08-19,500001.0,1000000.0,other,,trump_278t_2025_08_19_a.pdf
439c1a0452e4,Donald Trump,trump_278t_2025_08_19_a,503,"KENTUCKY ST PPTY & BLDGS COMMN REV PJ 108 SER ABIE PTC 5.00 % Duo Aun 1, 2028",purchase,2025-01-21,2025-08-19,50001.0,100000.0,other,,trump_278t_2025_08_19_a.pdf
91d3557ae3f1,Donald Trump,trump_278t_2025_08_19_a,502,WELLBORN SPL UTIL DIST TX WlR SYS REV BAMBIE B/Q 3.50 % Duo Jul 15. 2026,purchase,2025-06-12,2025-08-19,50001.0,100000.0,other,,trump_278t_2025_08_19_a.pdf
f17bd072994d,Donald Trump,trump_278t_2025_08_19_a,501,"FLORIDA INS ASSIST INTERLOCAL AGY FL INS ASSMT REV SER A 1 BIE 5.00 % Duo Soo 1, 2026",purchase,2025-06-12,2025-08-19,250001.0,500000.0,other,,trump_278t_2025_08_19_a.pdf
fe0b80a581f0,Donald Trump,trump_278t_2025_08_19_a,486,LOWER COLO RIV AUTH TEX REV 5.0000% 05/15/28,purchase,2025-06-11,2025-08-19,500001.0,1000000.0,other,,trump_278t_2025_08_19_a.pdf
ec68ccba8b44,Donald Trump,trump_278t_2025_08_19_a,485,CENTRAL PLAINS ENERGY PROJ N 5.0000% 08/01/30,purchase,2025-06-11,2025-08-19,500001.0,1000000.0,other,,trump_278t_2025_08_19_a.pdf
15515994b6d4,Donald Trump,trump_278t_2025_08_19_a,469,PEFA INC IOWA GAS PROJ REV B 5.0000% 09/01/49,purchase,2025-06-05,2025-08-19,500001.0,1000000.0,equity,,trump_278t_2025_08_19_a.pdf
886e0d6d2cfd,Donald Trump,trump_278t_2025_08_19_a,468,COLORADO HEALTH FACS AUTH RE 5.0000% 11/15/60,purchase,2025-06-05,2025-08-19,,,other,,trump_278t_2025_08_19_a.pdf
f253fd6890fb,Donald Trump,trump_278t_2025_08_19_a,467,NEW YORK NY CITY HSG DEV CO 3.7500% 05/01/65,purchase,2025-06-05,2025-08-19,500001.0,1000000.0,other,,trump_278t_2025_08_19_a.pdf
cf9e09c3e75f,Donald Trump,trump_278t_2025_08_19_a,466,"MILL CREEK IN CMNTY SCH BLDG AD VALOREM PPTY TAX 1ST MTG REV 8/E 8/Q 5.00 % Duo Jan 15, 2026",purchase,2025-06-04,2025-08-19,100001.0,250000.0,other,,trump_278t_2025_08_19_a.pdf
87d81fd8067c,Donald Trump,trump_278t_2025_08_19_a,317,TULSAOKSERAB/E4.00 % Duo Jan 1.~,purchase,2025-01-31,2025-08-19,,,other,,trump_278t_2025_08_19_a.pdf
5c68bdd243af,Donald Trump,trump_278t_2025_08_19_a,465,"KENTUCKY INC KY PUB ENERGY AUTH GAS SPLY REV SER A 8/E 4.00 % Duo Doc 1, 2050",purchase,2025-06-03,2025-08-19,50001.0,100000.0,equity,KFFB,trump_278t_2025_08_19_a.pdf
dc1b31d4a694,Donald Trump,trump_278t_2025_08_19_a,460,NEW YORK NY GO BOS FISCAL 5.0000% 08/01/29,purchase,2025-06-02,2025-08-19,500001.0,1.00000010000125e+18,other,,trump_278t_2025_08_19_a.pdf
179d671c5539,Donald Trump,trump_278t_2025_08_19_a,459,GREATER CLARK BLDG 5% DUE ON 07/15/39,purchase,2025-05-30,2025-08-19,500001.0,1000000.0,other,,trump_278t_2025_08_19_a.pdf
ef5d5055274b,Donald Trump,trump_278t_2025_08_19_a,455,CHICAGO ILL O HA 5.25% DUE ON 01/01/53,purchase,2025-05-28,2025-08-19,500001.0,1000000.0,other,,trump_278t_2025_08_19_a.pdf
e3d5db501029,Donald Trump,trump_278t_2025_08_19_a,454,NEW HAMPSHIRE HEALT 5% DUE ON 08/01/55,purchase,2025-05-27,2025-08-19,500001.0,1000000.0,other,,trump_278t_2025_08_19_a.pdf
75adbbed6360,Donald Trump,trump_278t_2025_08_19_a,452,KANSAS ST DEPT TRANSN HWY RE 5.0000%,purchase,2025-05-22,2025-08-19,500001.0,1.0000005000011e+19,other,,trump_278t_2025_08_19_a.pdf
37250a8601c2,Donald Trump,trump_278t_2025_08_19_a,451,CONNECTICUT ST HEALTH & EDL 5.0000% 07/01/64,purchase,2025-05-19,2025-08-19,500001.0,1000000.0,other,,trump_278t_2025_08_19_a.pdf
e80a0e762af3,Donald Trump,trump_278t_2025_08_19_a,446,UNIVERSITY CO ENTRPRS SYS REV SER A 8/E 5.00 % Duo Jun 1. 2026,purchase,2025-05-16,2025-08-19,100001.0,250000.0,other,,trump_278t_2025_08_19_a.pdf
c6c2ce59d8b3,Donald Trump,trump_278t_2025_08_19_a,445,TEXAS WOMANS UNIV REV FING SYS SER A 8/E 5.00 % Duo Jul 1. 2025,purchase,2025-05-16,2025-08-19,15001.0,50000.0,other,,trump_278t_2025_08_19_a.pdf
97d3d36d8f65,Donald Trump,trump_278t_2025_08_19_a,440,"NEWARK HIGH ED FIN CORP 1X ED REV THE HUGHEN CTR INC 2021 A 8/E PSF GTD 4.00 % Due Aug 15, 2025",purchase,2025-05-16,2025-08-19,100001.0,250000.0,equity,,trump_278t_2025_08_19_a.pdf
9b3074b7f9ac,Donald Trump,trump_278t_2025_08_19_a,438,"KNOXVILLE TN CMNTY DEV CORP MLTIFAM REV COLL HSG WILLOW PJ 8/E 3.75 % Duo Doc 1, 2027",purchase,2025-05-16,2025-08-19,50001.0,100000.0,equity,,trump_278t_2025_08_19_a.pdf
8dbdbaea41d9,Donald Trump,trump_278t_2025_08_19_a,435,CUYAHOGA OH MET HSG AUTH MLTIFAM HSG REV WADE PK LP 8/E 4.75 % Duo Doc 1. 2027,purchase,2025-05-11,2025-08-19,100001.0,250000.0,other,,trump_278t_2025_08_19_a.pdf
1cdce1ecee6c,Donald Trump,trump_278t_2025_08_19_a,463,"I TEMPLE TX NT 8/E 4.00 % Duo Aua 1, 2026",purchase,2025-06-02,2025-08-19,50001.0,100000.0,other,,trump_278t_2025_08_19_a.pdf
007cc6dc0651,Donald Trump,trump_278t_2025_08_19_a,311,NEWYORKN Y CITYT 5% DUE ON 11/01/501,purchase,2025-03-13,2025-08-19,500001.0,1000000.0,other,,trump_278t_2025_08_19_a.pdf
f1729aa40815,Donald Trump,trump_278t_2025_08_19_a,384,ERIE CO CTF PARTN REV BIE 010 11ll97.499 3.7% 3.50 % Duo Nov 1. 2031,purchase,2025-04-11,2025-08-19,100001.0,250000.0,other,,trump_278t_2025_08_19_a.pdf
1a6cfff9a360,Donald Trump,trump_278t_2025_08_19_a,284,"ARIZONA ST TRANSN BRO EXCISE TAX REV BIE 5.00 % Duo Jul 1, 2025",purchase,2025-03-12,2025-08-19,100001.0,250000.0,other,,trump_278t_2025_08_19_a.pdf
225261a6df44,Donald Trump,trump_278t_2025_08_19_a,180,"WARREN CNlY KY BRO ED 8/E 5.00 % Duo Dec 1, 2025",purchase,2025-02-24,2025-08-19,250001.0,500000.0,other,,trump_278t_2025_08_19_a.pdf
0cb5d227f105,Donald Trump,trump_278t_2025_08_19_a,178,"MIAMI DADE CNlY FL PUB FACS REV RFOG JACKSON HLTH SYS SER A 8/E 5.00 % Due Jun 1, 2025",purchase,2025-02-24,2025-08-19,100001.0,250000.0,other,,trump_278t_2025_08_19_a.pdf
af485847614e,Donald Trump,trump_278t_2025_08_19_a,174,"IOWA CENT CMNlY CLLG DORM RFOG MERGED AREA V REV 8/E 8/Q 3.00 % Duo Jun 1, 2025",purchase,2025-01-24,2025-08-19,100001.0,250000.0,other,,trump_278t_2025_08_19_a.pdf
6428cbc11a7a,Donald Trump,trump_278t_2025_08_19_a,169,"BLACK BELT ENERGY GAS DIST AL GAS PREPAY REV PJ 4 SER A 1 8/E VAR 4.00 % Duo Doc 1, 2049",purchase,2025-02-24,2025-08-19,250001.0,500000.0,other,,trump_278t_2025_08_19_a.pdf
313445292897,Donald Trump,trump_278t_2025_08_19_a,167,AIR PRODUCTS ANO 4.85%34 DUE 02/08/341,purchase,2025-01-24,2025-08-19,500001.0,1000.0,other,,trump_278t_2025_08_19_a.pdf
74117e02ccb5,Donald Trump,trump_278t_2025_08_19_a,165,"TEXAS ST UNIV SYS FING RFOG SER A REV 8/E PTC 5.00 % Duo Mar 15, 2026",purchase,2025-01-21,2025-08-19,15001.0,50000.0,other,,trump_278t_2025_08_19_a.pdf
69f29c49d3f2,Donald Trump,trump_278t_2025_08_19_a,164,"PORT ARANSAS TX COMB TAX LTD PLG REV CTF OBLIG 2025 OB 8/E 8/Q 5.00 % Duo Fob 1, 2026",purchase,2025-01-21,2025-08-19,250001.0,500000.0,other,,trump_278t_2025_08_19_a.pdf
440ebc730c18,Donald Trump,trump_278t_2025_08_19_a,161,"METROPOLITAN ATLANTA RAPID TRAN AUTH GA SALES REV RFOG NPFG 8/E 525 % Due Jul 1, 2025",purchase,2025-01-21,2025-08-19,250001.0,500000.0,other,,trump_278t_2025_08_19_a.pdf
76e7d0c9c084,Donald Trump,trump_278t_2025_08_19_a,307,"HUTCHINSON KS SERAB/E4.00 % Duo Oct 1, 2032",purchase,2025-03-13,2025-08-19,50001.0,100000.0,other,,trump_278t_2025_08_19_a.pdf
90c382608cc9,Donald Trump,trump_278t_2025_08_19_a,159,"HARRIS CNlY TX MUD 105 RFOG 2019 8/E CR ENH 3.00 % Duo Mar 1, 2026",purchase,2025-01-21,2025-08-19,500001.0,1000.0,other,,trump_278t_2025_08_19_a.pdf
e35098716fbf,Donald Trump,trump_278t_2025_08_19_a,156,CHATTANOOGA TENN HE 5% DUE ON 12/01/34,purchase,2025-02-21,2025-08-19,,,other,,trump_278t_2025_08_19_a.pdf
9e04f947c69e,Donald Trump,trump_278t_2025_08_19_a,182,"CENTRAL PLAINS ENERGY PJ NE GAS SPPLY REV RFOG 8/E 4.00 % Duo Doc 1, 2049",purchase,2025-01-25,2025-08-19,250001.0,500000.0,other,,trump_278t_2025_08_19_a.pdf
e30c6dbb917c,Donald Trump,trump_278t_2025_08_19_a,152,TEXAS TRANSN COMMN 5%40TPK TRAN DUE 08/1S/40XTRO,purchase,2025-02-20,2025-08-19,500001.0,1000.0,other,,trump_278t_2025_08_19_a.pdf
dd7d431fe1eb,Donald Trump,trump_278t_2025_08_19_a,140,HARRIS CN1YTEXMET5% DUE ON 11/01/26,purchase,2025-02-20,2025-08-19,500001.0,,other,,trump_278t_2025_08_19_a.pdf
0e2533d5bfbe,Donald Trump,trump_278t_2025_08_19_a,133,RTH SPENCER CNlY 5% DUE ON 07/15131,purchase,2025-02-19,2025-08-19,500001.0,1000000.0,other,,trump_278t_2025_08_19_a.pdf
19fd867170b1,Donald Trump,trump_278t_2025_08_19_a,132,I LIBERTY NY DEV 5.25% 10/01/35,purchase,2025-02-19,2025-08-19,500001.0,1000000.0,other,,trump_278t_2025_08_19_a.pdf
02195ba1681a,Donald Trump,trump_278t_2025_08_19_a,79,"ARLINGTON TX HIGH ED FIN CORP UPLIFT ED SER A REV 8/E PSF GTD 5.00 % Duo Doc 1, 2025",purchase,2025-02-10,2025-08-19,100001.0,250000.0,equity,,trump_278t_2025_08_19_a.pdf
f4b8b31fd1df,Donald Trump,trump_278t_2025_08_19_a,77,WISCONSIN ST HLTH & EFA REV ADVOCATE AURORA HLTHCARE SER C 3 B1E 5.00 % Duo Auo 15. 2054,purchase,2025-02-06,2025-08-19,50001.0,100000.0,other,,trump_278t_2025_08_19_a.pdf
6cfeb99f4572,Donald Trump,trump_278t_2025_08_19_a,67,HAMILTON STHESTRN IN SCHS SER ABIE ST INTRCPT 5.00 % Duo Jun 30. 2025,purchase,2025-02-06,2025-08-19,50001.0,100000.0,other,,trump_278t_2025_08_19_a.pdf
508bcc4adda9,Donald Trump,trump_278t_2025_08_19_a,66,GREATER CLEVELAND OH REGL TRAN AUTH SALES TAX RFOG Cl REV B1E 5.00 % Duo Doc 1. 2029,purchase,2025-02-06,2025-08-19,50001.0,100000.0,other,,trump_278t_2025_08_19_a.pdf
bc98fe6bdf7f,Donald Trump,trump_278t_2025_08_19_a,65,"DISTRICT COLUMBIA HSG FIN AGY MLTIFAM HSG REV FAJRCLIFF PLAZA BIE PTC 5.00 % Duo Doc 1, 2026",purchase,2025-02-06,2025-08-19,50001.0,100000.0,other,,trump_278t_2025_08_19_a.pdf
9dfc9e7418e1,Donald Trump,trump_278t_2025_08_19_a,31,"SHARONVILLE OH SPL OBLIG REV 8/E 4.00 % Due Doc 1, 2025",purchase,2025-03-01,2025-08-19,100001.0,25000050.0011,other,,trump_278t_2025_08_19_a.pdf
5929926730a8,Donald Trump,trump_278t_2025_08_19_a,28,"LOWER AL GAS DIST GAS GAS DIST PJ 2 REV 8/E 4.00 % Duo Doc 1, 2050",purchase,2025-01-30,2025-08-19,,,other,,trump_278t_2025_08_19_a.pdf
6aab14c84336,Donald Trump,trump_278t_2025_08_19_a,13,"GRANO RAPIDS Ml PUO SCHS SCH BLDG & SITE RFOG AGM BIE 5.00 % Duo May 1, 2041",purchase,2025-01-29,2025-08-19,50001.0,100000.0,other,,trump_278t_2025_08_19_a.pdf
60b51eaf245e,Donald Trump,trump_278t_2025_08_19_a,151,TEXAS TRANSN COMMN 5% DUE ON 08/15/40,purchase,2025-02-20,2025-08-19,500001.0,1000000.0,other,,trump_278t_2025_08_19_a.pdf
dbcd7b02097e,Donald Trump,trump_278t_2025_08_19_a,183,"GREATER CLARK BLOG CORP IN 1ST MTG SERB REV 8/E ST INTRCPT 6.00 % Duo Jan 15, 2026",purchase,2025-01-25,2025-08-19,250001.0,500000.0,equity,,trump_278t_2025_08_19_a.pdf
a2803ec0611e,Donald Trump,trump_278t_2025_08_19_a,160,"LAFAYETTE LA COMMNS SYS REV RFOG AGM 8/E 5.00 % Due Nov 1, 2025",purchase,2025-02-21,2025-08-19,1000001.0,5000000.0,other,,trump_278t_2025_08_19_a.pdf
86157d1e3eaf,Donald Trump,trump_278t_2025_08_19_a,192,PENNSYLVANIA ST TPK 5% DUE ON 12/01/43,purchase,2025-02-27,2025-08-19,,,other,,trump_278t_2025_08_19_a.pdf
d88253cbe890,Donald Trump,trump_278t_2025_08_19_a,282,"NEW ORLEANS LA SEW SVC REV 8/E PTC 5.00 % Duo Jun 1, 2028",purchase,2025-03-11,2025-08-19,15001.0,50000.0,other,,trump_278t_2025_08_19_a.pdf
3b948200d359,Donald Trump,trump_278t_2025_08_19_a,188,"I META PLATFORMS, 4.75%34 DUE 08/15/34",purchase,2025-02-26,2025-08-19,250001.0,500000.0,equity,META,trump_278t_2025_08_19_a.pdf
0e404e3bb47c,Donald Trump,trump_278t_2025_08_19_a,279,"GREATER ATTLEBORO TAUNTON REGL TRAN AUTH MA REV ANTIC NT 8/E BIO 4.00 % Due Auo 15, 2025",purchase,2025-03-11,2025-08-19,250001.0,500000.0,other,,trump_278t_2025_08_19_a.pdf
31241521e3d0,Donald Trump,trump_278t_2025_08_19_a,269,"PLEASANT HILLS BORO PA 2025 8/E BIO 5.00 % Due"""""" 1, 2025",purchase,2025-03-10,2025-08-19,50001.0,100000.0,other,,trump_278t_2025_08_19_a.pdf
9696c8317bda,Donald Trump,trump_278t_2025_08_19_a,262,"CUYAHOGA OH MET HSG AUTH MLTIFAM HSG REV WADE PK LP 8/E 4.75 % Duo Doc 1, 2027",purchase,2025-03-10,2025-08-19,100001.0,250000.0,other,,trump_278t_2025_08_19_a.pdf
219dc02dd4c8,Donald Trump,trump_278t_2025_08_19_a,253,OAK CREEK-FRANKLIN 4% DUE ON 04/01/28,purchase,2025-03-06,2025-08-19,500001.0,1000000.0,other,,trump_278t_2025_08_19_a.pdf
f8d428c53d42,Donald Trump,trump_278t_2025_08_19_a,252,MONROEVILLE PA FIN 5% DUE ON 05/15/32,purchase,2025-03-06,2025-08-19,500001.0,1000000.0,other,,trump_278t_2025_08_19_a.pdf
df032ac339b6,Donald Trump,trump_278t_2025_08_19_a,249,KENTUCKY ST PPTY & 5% DUE ON 04/01/37,purchase,2025-03-06,2025-08-19,500001.0,1000.0,other,,trump_278t_2025_08_19_a.pdf
7540d33dceee,Donald Trump,trump_278t_2025_08_19_a,247,RACINE WIS UNI SCH 5% DUE ON 04/01/30,purchase,2025-03-05,2025-08-19,,,other,,trump_278t_2025_08_19_a.pdf
aca01941b77a,Donald Trump,trump_278t_2025_08_19_a,243,MISSOURI ST HEALTH 4% DUE ON 04/01/45,purchase,2025-03-05,2025-08-19,500001.0,1.00000010000125e+29,other,,trump_278t_2025_08_19_a.pdf
92d4e6ad5e5d,Donald Trump,trump_278t_2025_08_19_a,233,MARYLAND ST HEALTH 5% DUE ON 10/01/43,purchase,2025-03-04,2025-08-19,500001.0,1000000.0,other,,trump_278t_2025_08_19_a.pdf
c1aed8243404,Donald Trump,trump_278t_2025_08_19_a,228,"KENTUCKY INC KY PUB ENERGY AUTH GAS SPLY REV SER A 8/E 4.00 % Due Dec 1, 2050",purchase,2025-03-04,2025-08-19,100001.0,250000.0,equity,KFFB,trump_278t_2025_08_19_a.pdf
d7f73125df92,Donald Trump,trump_278t_2025_08_19_a,281,"MT VERNON IN SCH BLDG CORP 1ST MTG REV 8/EST INTRCPT5.00 % Due Jan 15,2026",purchase,2025-03-11,2025-08-19,250001.0,500000.0,equity,,trump_278t_2025_08_19_a.pdf
facd782f0a06,Donald Trump,trump_278t_2025_08_19_a,226,"DALLAS TX HSG FIN CORP MULTI FAM HSG REV POSITANOAPTS LLC 8/E 5.00 % Duo Sop 1, 2026",purchase,2025-03-04,2025-08-19,15001.0,50000.0,equity,,trump_278t_2025_08_19_a.pdf
ec58047237ac,Donald Trump,trump_278t_2025_08_19_a,227,"DISTRICT COLUMBIA HSG FIN AGY MLTIFAM HSG REV FAIRCLIFF PLAZA 8/E PTC 5.00 % Duo Doc 1, 2026",purchase,2025-03-04,2025-08-19,100001.0,250000.0,other,,trump_278t_2025_08_19_a.pdf
f98fc3c27413,Donald Trump,trump_278t_2025_08_19_a,200,"JACKSONVILLE FL TRANSN AUTH LOC OPT GAS TAX REV SR LIEN 8/E 5.00 % Duo 4·- 1, 2036",purchase,2025-02-28,2025-08-19,250001.0,500000.0,other,,trump_278t_2025_08_19_a.pdf
34152e594156,Donald Trump,trump_278t_2025_08_19_a,205,NEW MEXICO ST HOSP EQUIP LN COUNCIL HOSP REV SYS SER A 8/E PTC 5.00 % Duo Auo 1. 2028,purchase,2025-02-28,2025-08-19,,,other,,trump_278t_2025_08_19_a.pdf
007db01d1fb9,Donald Trump,trump_278t_2025_08_19_a,210,"TWIN LAKES IN SCH BLDG CORP 1ST MTG REV 8/E ST INTRCPT 5.00 % Duo Jul 15, 2025",purchase,2025-02-02,2025-08-19,250001.0,500000.0,equity,,trump_278t_2025_08_19_a.pdf
6759fc3e7428,Donald Trump,trump_278t_2025_08_19_a,214,"ANKENY IA SER A 8/E 5.00 % Duo Jun 1, 2025",purchase,2025-03-13,2025-08-19,,,other,,trump_278t_2025_08_19_a.pdf
5d3ace8f6054,Donald Trump,trump_278t_2025_08_19_a,196,CUYAHOGA OH MET HSG AUTH MLTIFAM HSG REV WADE PK LP 8/E 4.75 % Duo Doc 1. 2027,purchase,2025-02-28,2025-08-19,100001.0,250000.0,other,,trump_278t_2025_08_19_a.pdf
a51be218983f,Donald Trump,trump_278t_2025_08_19_a,220,"OKLAHOMA TRANSN AUTH OK F KA OK ST TPK AUTH 2ND SR REV SER A 8/E 5.00 % Duo Jan 1, 2038",purchase,2025-03-03,2025-08-19,250001.0,500000.0,other,,trump_278t_2025_08_19_a.pdf
e56c83ab457d,Donald Trump,trump_278t_2025_08_19_a,221,"PENNSYLVANIA ECON DEV FING AUTH UPMC REV UNIV PITTSBURGH MED CTR A 8/E 5.00 % Due Aor 15, 2026",purchase,2025-03-03,2025-08-19,100001.0,250000.0,other,,trump_278t_2025_08_19_a.pdf
03e404095e8a,Donald Trump,trump_278t_2025_08_19_a,222,"SOUTH DAKOTA BRO REGTS HSG & AUX FAC SYS REV 8/E 5.00 % Duo Aor 1, 2026",purchase,2025-03-13,2025-08-19,100001.0,250000.0,other,,trump_278t_2025_08_19_a.pdf
ca0b0164ff9a,Donald Trump,trump_278t_2025_08_19_a,223,"TENNESSEE HSG DEV AGY RES FIN PG REV SER 3A 8/E 4.05 % Duo Jan 1, 2026",purchase,2025-03-13,2025-08-19,100001.0,250000.0,other,,trump_278t_2025_08_19_a.pdf
590744e5d633,Donald Trump,trump_278t_2025_08_19_a,219,"OHIO ST HSG FIN AGY RES MTG REV2025A 8/E GUAR CR ENH 6.00 % Duo Mar 1, 2026",purchase,2025-03-03,2025-08-19,250001.0,500000.0,other,,trump_278t_2025_08_19_a.pdf
19a63549ffe5,Donald Trump,trump_278t_2026_01_14,142,AMERICAN MUN PWR OH 5% DUE 02/15/42,purchase,2025-12-10,2026-01-14,500001.0,1000000.0,other,,trump_278t_2026_01_14.pdf
0f790c2218e1,Donald Trump,trump_278t_2026_01_14,103,"MINNEAPOLIS MN SPL SCH 01ST 001 LONG TERM FACS MAINT SERB 8/E 5.00 % Due Feb 1, 2026 I",purchase,2025-12-11,2026-01-14,500001.0,1000000.0,other,,trump_278t_2026_01_14.pdf
25155cea5ab9,Donald Trump,trump_278t_2026_01_14,104,LEBANON IN MIDDLE SCH BLOG CORP 1ST MTG REV B 8/E ST INTRCPT 5.00 % Ouo Jan 15 2028,purchase,2025-12-11,2026-01-14,1000001.0,5000000.0,equity,,trump_278t_2026_01_14.pdf
aecddcdf7e9f,Donald Trump,trump_278t_2026_01_14,108,Brvan Tex Elec Svs Rt'V Bd:5 2025 5.00()% 07/01/SO 8/e Dtd 11/15/25 Clb Solklted Order Yid 4.547 To Par,purchase,2025-12-08,2026-01-14,250001.0,500000.0,other,,trump_278t_2026_01_14.pdf
f91441408e4c,Donald Trump,trump_278t_2026_01_14,115,Unlversltv Loulsvllle Kv Revs Gen Rcots Bds 202S A S.000% 09/01/C 8/e Dtd 0S/07/2.S Clb Sollclted Order Vld 3.883 To Par,purchase,2025-12-01,2026-01-14,250001.0,500000.0,other,,trump_278t_2026_01_14.pdf
7fded3b2fd9e,Donald Trump,trump_278t_2026_01_14,123,"Plilllm Beach Cntv Fla HHlth Faes Auth Hoso Rev Bds Jupiter Me-ct Ctr Inc 2025 S,000% 11/01/4S B/o Dtd 07/23/25 Clb Solicited Ordrr Yid 4.083 To P.lr I",purchase,2025-12-01,2026-01-14,250001.0,500000.0,equity,,trump_278t_2026_01_14.pdf
e2850ea4f880,Donald Trump,trump_278t_2026_01_14,97,WEST LAFAYETTE IN SCH BLOG CORP AO VALOREM PPTY TAX 1ST MTG REV 8/E 5.00 % Due Jul 15 2026,purchase,2025-12-15,2026-01-14,100001.0,250000.0,equity,,trump_278t_2026_01_14.pdf
7d49487b5ac0,Donald Trump,trump_278t_2026_01_14,131,"Lro Cntv Fl- Sch Br,! Ctfs P>rtn Coos 2025 A 5.250% 08/01/48 B/o Dtd 11/14/25 Clb Sollclted Ordor Yid 4.318To Par",purchase,2025-12-01,2026-01-14,250001.0,500000.0,other,,trump_278t_2026_01_14.pdf
1b193331bd63,Donald Trump,trump_278t_2026_01_14,133,"Idaho Health Faes Auth Re-v Bds St Lukt-s Health Sys ltd 2025:11 S.OOOK 03101/43 8/f!' Dtd 02/1.,,.,c Clb Solicited Ordf!'tYld 3.974 To Par",purchase,2025-12-01,2026-01-14,250001.0,500000.0,other,,trump_278t_2026_01_14.pdf
cafcad839a42,Donald Trump,trump_278t_2026_01_14,135,"Fort l.3ud-rtl-I- Fla Sol ObllJ< Bds Pub S:.fotv Mun lmpt Prol 2025 5.000% 07/0 1/49 B/o Dtd 11/04/25 Clb Sollclted Ort!or Yid 4,202 To Par",purchase,2025-12-01,2026-01-14,250001.0,500000.0,other,,trump_278t_2026_01_14.pdf
db1486f0dbda,Donald Trump,trump_278t_2026_01_14,144,NEW YORK NYC llY T 5% DUE 11/01/39 I,purchase,2025-12-10,2026-01-14,500001.0,1000000.0,other,,trump_278t_2026_01_14.pdf
3a7c2b0b6d58,Donald Trump,trump_278t_2026_01_14,151,METROPOLITAN TRANSN 5% DUE 11/15/35,purchase,2025-12-31,2026-01-14,,5000000.0,other,,trump_278t_2026_01_14.pdf
6654c00bb49b,Donald Trump,trump_278t_2026_01_14,146,COOK CNlY Ill SCH D S% DUE 12101/27 I,purchase,2025-12-08,2026-01-14,100001.0,250000.0,other,,trump_278t_2026_01_14.pdf
ef9e6a9a9036,Donald Trump,trump_278t_2026_01_14,148,WEST VIRGINIA ST HO 5% CUE 06/01/40,purchase,2025-12-17,2026-01-14,1000001.0,5000000.0,other,,trump_278t_2026_01_14.pdf
da362b92fb07,Donald Trump,trump_278t_2026_01_14,149,WISCONSIN ST HEALTHS% CUE 06/01/37,purchase,2025-12-17,2026-01-14,1000001.0,5000000.0,other,,trump_278t_2026_01_14.pdf
a8c98d17df99,Donald Trump,trump_278t_2026_01_14,150,PROSPER TEX INDPT S 5% DUE 06/01/37,purchase,2025-12-17,2026-01-14,1000001.0,5000.0,other,,trump_278t_2026_01_14.pdf
39c65733d063,Donald Trump,trump_278t_2026_01_14,160,---NETFUX INC REG S DUE 11/15/2029 0S37S'Xi JO 15 DISCRETIONARY ORDER IF THIS CONFIRMATION IS IN CONNECTION WITH A PURSUANT TO REG. S,sale,2025-12-16,2026-01-14,250001.0,500000.0,equity,,trump_278t_2026_01_14.pdf
76740699f2a1,Donald Trump,trump_278t_2026_01_14,171,···coTY INC SENIOR SECURED NOTES REG 5 DUE 01/lS/202904 .750%JJ 15 DISCRETIONARY ORDER IF THIS CONFIRMATION IS IN CONNECTION WITH A PURSU!WTTO REG. S,sale,2025-12-16,2026-01-14,250001.0,500000.0,equity,,trump_278t_2026_01_14.pdf
9f228b21439f,Donald Trump,trump_278t_2026_01_14,175,"-. ,UNITED RENTALS NORTH AMER INC SENIOR SECURED NOTES REGS OUE 12/15/2029 06.000%JD 15 DISCRETIONARY ORDER IF THIS CONFIRMATION IS IN CONNECTION WITH A PURSUANT TO REG. S",sale,2025-12-12,2026-01-14,250001.0,500000.0,equity,,trump_278t_2026_01_14.pdf
59ec82eaaff8,Donald Trump,trump_278t_2026_01_14,182,"FIRST HORIZON BK MEMPHIS TENN OUE 05/01/2030 0S.750% MN 01D ISCRETIONARY ORDER YIELD 4.854 % TO PAR CAU YIELD 4.897 ""TO MATIJRITY CALLABLE 02/01/30AT100.000 TIME OF EXICUTION 12:04",purchase,2025-12-12,2026-01-14,250001.0,500000.0,other,,trump_278t_2026_01_14.pdf
2d03ded07c00,Donald Trump,trump_278t_2026_01_14,168,·--corv INC SENIOR SECURED NOTES REG S DUE 01/15/2029 04.750%J J 15 DISCRETIONARY ORDER IF THIS CONFIRMATION IS IN CONNECTION WITH A PURSU!WT TO REG.S I,sale,2025-12-12,2026-01-14,250001.0,500000.0,equity,,trump_278t_2026_01_14.pdf
b055471c7079,Donald Trump,trump_278t_2026_01_14,69,"WASHINGTON ST HLTH CARE FACS AUTH VA MASON MED CTR REV BIE 5.00 % Duo Auo 15, 2026",purchase,2025-12-01,2026-01-14,250001.0,500000.0,other,,trump_278t_2026_01_14.pdf
df258010a295,Donald Trump,trump_278t_2026_01_14,145,WASHINGTON ST HfALT 5% DUE09 /01/43,purchase,2025-12-08,2026-01-14,500001.0,1000000.0,other,,trump_278t_2026_01_14.pdf
defa5bce6748,Donald Trump,trump_278t_2026_01_14,62,"BEAVERTON Ml RURAL SCH BLDG & SITE 8/E 8/0 OSBLF 01Dilll98.762 3.25% Duo Mov 1, 2027",purchase,2025-12-02,2026-01-14,100001.0,250000.0,other,,trump_278t_2026_01_14.pdf
0a348e300309,Donald Trump,trump_278t_2026_01_14,140,USF FING CORP FIA C 5% DUE 07/ 01/35,purchase,2025-12-10,2026-01-14,1000.001,5000000.0,equity,,trump_278t_2026_01_14.pdf
5e9fdf462a11,Donald Trump,trump_278t_2026_01_14,58,KNOXVILLE TN CMNTY DEV CORP MLTIFAM REV HSG BLUEGRASS APT PJ 8/E PTC 5.00 % Duo Aor 1 2026,purchase,2025-12-02,2026-01-14,250001.0,500000.0,equity,,trump_278t_2026_01_14.pdf
c77b0cb41751,Donald Trump,trump_278t_2026_01_14,3,WASHINGTON ST HEALT 5% DUE 09/01/38,purchase,2025-11-26,2026-01-14,1000001.0,5000000.0,other,,trump_278t_2026_01_14.pdf
e61544f11818,Donald Trump,trump_278t_2026_01_14,6,UNIVERSITY OKLA REV 5% DUE 07/01/34,purchase,2025-11-19,2026-01-14,1000.001,5000000.0,other,,trump_278t_2026_01_14.pdf
480b8770ef4c,Donald Trump,trump_278t_2026_01_14,8,CONNECTICUT ST SER A 8/E 4.00 % Due Jun 15 2026,purchase,2025-12-10,2026-01-14,100001.0,250000.0,other,,trump_278t_2026_01_14.pdf
bba62e0aaa23,Donald Trump,trump_278t_2026_01_14,12,"UNIVERSITY OK BRO REGTS GENL REV RFOG SER C 8/E PTC 5.00 % Duo Jul 1, 2027",purchase,2025-12-09,2026-01-14,250001.0,500000.0,other,,trump_278t_2026_01_14.pdf
d2b7aab11f37,Donald Trump,trump_278t_2026_01_14,14,MOBILE AL INCL DEV BRO POLLTN CTL REV PWR COMPANY BARRY B 8/E 3.92 % Duo Jun 1 2034,purchase,2025-12-09,2026-01-14,50001.0,100000.0,other,,trump_278t_2026_01_14.pdf
79eafe9ba535,Donald Trump,trump_278t_2026_01_14,15,PHILADELPHIA PA AUTH INCL DEV CITY AGREEMT REV RF□G ONE BENJAMN 8/E 5.00 % Duo Fob 15 2026 1ourchns,purchase,2025-12-09,2026-01-14,500001.0,1000000.0,other,,trump_278t_2026_01_14.pdf
99681ff1b9cd,Donald Trump,trump_278t_2026_01_14,16,"SOUTHERN MN MPASPLY SYS REV RF□G NPFG 8/E SERA CAB lfl>12.7806.7'.4 0.00 % Duo.Jon 1,2026",purchase,2025-12-09,2026-01-14,500001.0,1000000.0,other,,trump_278t_2026_01_14.pdf
f99c47bcd866,Donald Trump,trump_278t_2026_01_14,19,"UNIVERSITY TX UNIV REV FING SYS SER D 8/E 5.00 % Duo Aua 15, 2026",purchase,2025-12-09,2026-01-14,500001.0,1000000.0,other,,trump_278t_2026_01_14.pdf
2a4f9c3d0612,Donald Trump,trump_278t_2026_01_14,25,PUBLIC FIN AUTH WI POLLTN CTL DUKE ENERGY PROGRESS REV RFOG A1 8/E 3.30 % Duo Oct 1 2046,purchase,2025-12-05,2026-01-14,50001.0,100000.0,other,,trump_278t_2026_01_14.pdf
0a0486ecddc3,Donald Trump,trump_278t_2026_01_14,27,"MISSOURI ST HSG DEV COMMN SFM REV SER A FNMA GNMA FHLMC 8/E 2.75 % Duo Nov 1, 2026 lpurchoae",purchase,2025-12-05,2026-01-14,15001.0,50000.0,other,,trump_278t_2026_01_14.pdf
9eebdb8f1f53,Donald Trump,trump_278t_2026_01_14,29,"PUBLIC FIN AUTH WI HOSP REV RENOWN REGL MED CTR PJ 2025 A 8/E 5.00 % Duo Jun 1, 2026",purchase,2025-12-05,2026-01-14,250001.0,500000.0,other,,trump_278t_2026_01_14.pdf
5251e03d3091,Donald Trump,trump_278t_2026_01_14,23,PHILADELPHIA PA RF□G 2025 C 8/E 5.00 % Duo Fob 1. 2026,purchase,2025-12-08,2026-01-14,100001.0,250000.0,other,,trump_278t_2026_01_14.pdf
89ac1272dcb3,Donald Trump,trump_278t_2026_01_14,61,"WILLOW PARK TX COMB TAX REV CTF OBLIG SER A DB 8/E 5.00% Duo Fob 15, 2027",purchase,2025-12-02,2026-01-14,100001.0,250000.0,other,,trump_278t_2026_01_14.pdf
1d06c3a201e9,Donald Trump,trump_278t_2026_01_14,57,"TOMBALL TX COMB TAX REV CTF OBLIG 2022 DB 8/E 5.00 % Duo Fob 15, 2027",purchase,2025-12-02,2026-01-14,250001.0,500000.0,other,,trump_278t_2026_01_14.pdf
f596fc76ba82,Donald Trump,trump_278t_2026_01_14,56,KELLOGG Ml CMNTY CLLG BLDG & SITE 8/E 8/0 3.00 % Duo Aor 1. 2027,purchase,2025-12-02,2026-01-14,100001.0,250000.0,other,,trump_278t_2026_01_14.pdf
a3c18580de48,Donald Trump,trump_278t_2026_01_14,30,BENTON IN SCH IMPT BLOG AD VAL PPTY 1ST MTG REV 8/E B/0 ST INTRCPT 5.00 % Duo Jul 15. 2026,purchase,2025-12-04,2026-01-14,100001.0,250000.0,other,,trump_278t_2026_01_14.pdf
57fe3f34c274,Donald Trump,trump_278t_2026_01_14,48,"OHIO ST HIGH EDSERAB/E5.00 % Duo Fob 1, 2033",purchase,2025-12-03,2026-01-14,100001.0,250000.0,other,,trump_278t_2026_01_14.pdf
70685d8de2e0,Donald Trump,trump_278t_2026_01_14,45,"MAIN STREET NAT GAS INC GA GAS SPLY REV C 8/E 4.00% Due Mor 1, 2050",purchase,2025-12-03,2026-01-14,50001.0,100000.0,equity,MAIN,trump_278t_2026_01_14.pdf
f4e85bb902cf,Donald Trump,trump_278t_2026_01_14,52,DALLAS TX HSG FIN CORP MLT IFAM REV MONDELLO APTS LLC 8/E PTC 5.00 % Duo Aua 1. 2027,purchase,2025-12-03,2026-01-14,15001.0,50000.0,equity,,trump_278t_2026_01_14.pdf
b87b40125f68,Donald Trump,trump_278t_2026_01_14,42,"DANBURY CT BO ANTIC NT 8/E 4.00 % Duo Fob 23, 2026",purchase,2025-12-04,2026-01-14,100001.0,250000.0,other,,trump_278t_2026_01_14.pdf
b16bdec7dcd6,Donald Trump,trump_278t_2026_01_14,40,NEW HAVEN IN GEN OBLIG 2025 8/E 8/0 4.00% Duo Jul 15 2026 oorcha,purchase,2025-12-04,2026-01-14,100001.0,250000.0,other,,trump_278t_2026_01_14.pdf
2b3e9c7e2f59,Donald Trump,trump_278t_2026_01_14,39,"PENNSYLVANIA ECON DEV FING AUTH UPMC REV UNIV PiTTSBURGH MED CTR A 8/E 4.00 % Due Oct 15, 2028",purchase,2025-12-04,2026-01-14,50001.0,100000.0,other,,trump_278t_2026_01_14.pdf
06eb2f1094dd,Donald Trump,trump_278t_2026_01_14,31,HOWARD WI CMNTY DEV BIE 8/0 PTC 3.00% Due Dec 1. 2026,purchase,2025-12-04,2026-01-14,100001.0,250000.0,other,,trump_278t_2026_01_14.pdf
f68422444984,Donald Trump,trump_278t_2026_01_14,43,RTH DAVIESS IN REV SCH BLDG CORP AD VALORM PPTY 1ST 8/E 8/0 CR ENH 5.00% Duo Jul 15 2026,purchase,2025-12-04,2026-01-14,100001.0,250000.0,equity,,trump_278t_2026_01_14.pdf
2f0d0479ef5f,Donald Trump,trump_278t_2026_04_23,116,II.LINOIS ST BE/R/5 DUE040132 OT0041426 FC 1001263.280% YIELD TOMATIJRITY UNSOLICITED,purchase,2026-03-25,2026-04-23,1000001.0,5000000.0,other,,trump_278t_2026_04_23.pdf
ca8cec5ab33f,Donald Trump,trump_278t_2026_04_23,27,"SOUTH DAKOTA ST HLTH & EFA REV RFOG Al/ERA HEALTH BIE 5.00 % Due .U 1, 2026 lruchase",purchase,2026-03-09,2026-04-23,15001.0,,other,,trump_278t_2026_04_23.pdf
5dd2ae6ee3a5,Donald Trump,trump_278t_2026_04_23,175,WEUS FARGO & CO NEW·W fC,purchase,2026-03-04,2026-04-23,,,other,,trump_278t_2026_04_23.pdf
c4821b04b750,Donald Trump,trump_278t_2026_04_23,168,WEUS FARGO& CO NEW PERP7.62.50%,purchase,2026-03-18,2026-04-23,,250000.0,other,,trump_278t_2026_04_23.pdf
c94dacaab31d,Donald Trump,trump_278t_2026_04_23,165,BANK OF AMERICA CORPORATION -BAC,purchase,2026-03-18,2026-04-23,,,other,,trump_278t_2026_04_23.pdf
82e0b7654107,Donald Trump,trump_278t_2026_04_23,148,"-- ""AVIENT CORPORATION REG S DUE 08/01/2030 rn. 125%FA 01 DISCRETIONARY ORDER IF TH IS CONFIRMATION IS",purchase,2026-03-02,2026-04-23,250001.0,500000.0,other,,trump_278t_2026_04_23.pdf
f9a4c58c5491,Donald Trump,trump_278t_2026_04_23,142,UNITED STATES TREAS BlU. DUE 04/30/26 AGENCY YTM -3.689 UHSOUCITED AS AGENT -STEPO\JT,sale,2026-03-30,2026-04-23,1000001.0,5000000.0,other,,trump_278t_2026_04_23.pdf
0daa83dc651e,Donald Trump,trump_278t_2026_04_23,115,HUNTSVILLE AL SR A BE/RI 5 DUE 090135 OTO 032626 FC 090126 2.890% VELO TO MAJlJRITY UNSOUCrTED,purchase,2026-03-13,2026-04-23,500001.0,1000.0,other,,trump_278t_2026_04_23.pdf
aaebe4741620,Donald Trump,trump_278t_2026_04_23,114,HUNTSVILLE AL BEJR/ 5 DUE 090134 OTO 032626 FC 090126 2.770% YlEl.D TO MAlURfTY UNSOLICITED,purchase,2026-03-13,2026-04-23,,5000000.0,other,,trump_278t_2026_04_23.pdf
4f67bc7d3f08,Donald Trump,trump_278t_2026_04_23,55,"GARNER IA HAYFELDVENTURA CMNTY SCH OISTBIE 5.00 % Due Jun 1, 2026",purchase,2026-03-11,2026-04-23,100001.0,,other,,trump_278t_2026_04_23.pdf
55c254525198,Donald Trump,trump_278t_2026_04_23,36,"GAOSOEH AL WTS SER B REV BAM B1E 5.00 % Due Aun 1, 2026",purchase,2026-03-11,2026-04-23,250001.0,500000.0,other,,trump_278t_2026_04_23.pdf
e19e821750fc,Donald Trump,trump_278t_2026_04_23,25,"lOUISIANAPUB FACSAETH REV OCHSNER Cl.lNJC FNDT1'1PJSERBB1Et""Wlft957665.50%1loJe....., 15, 2032",purchase,2026-03-09,2026-04-23,50001.0,100000.0,other,,trump_278t_2026_04_23.pdf
a3285ed27b85,Donald Trump,trump_278t_2026_04_23,24,"BRISTOL TN B1E BIO 5.00 % Due .bl 1, 2026 I",purchase,2026-03-09,2026-04-23,100001.0,250000.0,other,,trump_278t_2026_04_23.pdf
fc949372a9d3,Donald Trump,trump_278t_2026_04_23,22,"CENTRAL FL r;xpwy AUTH SR LEN REV RFOG B B1E 5.00 % Due .U 1, 2033",purchase,2026-03-09,2026-04-23,15001.0,51000.0,other,,trump_278t_2026_04_23.pdf
cacd2793201d,Donald Trump,trump_278t_2026_04_23,14,"BlACKBELT ENERGY GAS DIST AL GAS PJ 7 REVSERC 1 BIEGT04.00% Due Ocl1,2052",purchase,2026-01-10,2026-04-23,,,other,,trump_278t_2026_04_23.pdf
6345ec86bb60,Donald Trump,trump_278t_2026_04_23,13,"PUBLIC Fat MITH W1 POlLT1'1 CTL DUKE ENERGY PROGRESS REV RFOG A1 B1E 3.30 % Due Oc:t1, 2046",purchase,2026-01-10,2026-04-23,,,other,,trump_278t_2026_04_23.pdf
e30a0d399633,Donald Trump,trump_278t_2026_04_23,10,"BlACK BEU ENERGY GAS DIST AL GAS REV PJ 6 SERB B1E 4.00 % Due Oct 1, 20S2",purchase,2026-01-10,2026-04-23,51001.0,100000.0,other,,trump_278t_2026_04_23.pdf
c82d16fc3473,Donald Trump,trump_278t_2026_04_23,111,IIAI.TIMORE CffTY MO BEJR/ 5 DUE 030129 OTO 032426 FC 090126 2.310% VELO TO MAJlJRfiY UNSOLICITED,purchase,2026-03-13,2026-04-23,1000001.0,5000000.0,other,,trump_278t_2026_04_23.pdf
c111f32b085f,Donald Trump,trump_278t_2026_05_08_equity,2800,BOSTON SCIENTIFIC CORP,sale,2026-02-23,2026-05-12,1001.0,15000.0,equity,BSX,trump_278t_2026_05_08_equity.pdf
0af57916e41f,Donald Trump,trump_278t_2026_05_08_equity,2808,PROGRESSIVE CORP OH,purchase,2026-01-21,2026-05-12,1001.0,15000.0,equity,PGR,trump_278t_2026_05_08_equity.pdf
d2a591de23c2,Donald Trump,trump_278t_2026_05_08_equity,2807,STELLANTIS N V,sale,2026-01-23,2026-05-12,1001.0,15000.0,other,,trump_278t_2026_05_08_equity.pdf
04c09bcf93fa,Donald Trump,trump_278t_2026_05_08_equity,2825,AXCELIS TECHNOLOGIES INC,sale,2026-03-01,2026-05-12,1001.0,15000.0,equity,ACLS,trump_278t_2026_05_08_equity.pdf
b998eb48d94e,Donald Trump,trump_278t_2026_05_08_equity,2806,PERRIGO CO PLC F,purchase,2026-01-26,2026-05-12,1001.0,15000.0,equity,PRGO,trump_278t_2026_05_08_equity.pdf
c7e2a3dd7248,Donald Trump,trump_278t_2026_05_08_equity,2802,ABBOTT LABS,sale,2026-01-21,2026-05-12,1001.0,15000.0,other,,trump_278t_2026_05_08_equity.pdf
2851f119ce97,Donald Trump,trump_278t_2026_05_08_equity,2804,APOGEE ENTERPRISES INC,sale,2026-02-26,2026-05-12,1001.0,15000.0,equity,APOG,trump_278t_2026_05_08_equity.pdf
4dee9adc46ec,Donald Trump,trump_278t_2026_05_08_equity,2803,TENNANT CO,sale,2026-03-01,2026-05-12,1001.0,15000.0,other,,trump_278t_2026_05_08_equity.pdf
e370e30b2ada,Donald Trump,trump_278t_2026_05_08_equity,2809,ROPER TECHNOLOGIES INC,sale,2026-02-19,2026-05-12,1001.0,15000.0,equity,ROP,trump_278t_2026_05_08_equity.pdf
4f8e41576794,Donald Trump,trump_278t_2026_05_08_equity,2801,Nlkll Inc Cl B Solldtud Order Dlsaotlon Exerdsod,purchase,2026-03-21,2026-05-12,1001.0,15000.0,equity,,trump_278t_2026_05_08_equity.pdf
346b240088b8,Donald Trump,trump_278t_2026_05_08_equity,2805,AMCOR PLC COM NEW,sale,2026-03-17,2026-05-12,1001.0,15000.0,equity,AMCR,trump_278t_2026_05_08_equity.pdf
f6b58825fcf9,Donald Trump,trump_278t_2026_05_08_equity,2810,AVERY DENNISON CORP,purchase,2026-03-16,2026-05-12,1001.0,15000.0,equity,AVY,trump_278t_2026_05_08_equity.pdf
646cee87bf16,Donald Trump,trump_278t_2026_05_08_equity,2815,LENNAR CORP CLASS A,sale,2026-01-12,2026-05-12,1001.0,15000.0,equity,,trump_278t_2026_05_08_equity.pdf
67eb1d16c4a3,Donald Trump,trump_278t_2026_05_08_equity,2812,PRUDENTIAL FINANCIAL INC,sale,2026-03-04,2026-05-12,1001.0,15000.0,equity,PRU,trump_278t_2026_05_08_equity.pdf
f9ab8acafdb0,Donald Trump,trump_278t_2026_05_08_equity,2813,WSFS FINL CORP,sale,2026-03-30,2026-05-12,1001.0,15000.0,equity,WSFS,trump_278t_2026_05_08_equity.pdf
fb54c9f1508a,Donald Trump,trump_278t_2026_05_08_equity,2814,PRUDENTIAL FINANCIAL INC,sale,2026-03-17,2026-05-12,1001.0,15000.0,equity,PRU,trump_278t_2026_05_08_equity.pdf
e9e2c3f781cc,Donald Trump,trump_278t_2026_05_08_equity,2816,COPARTINC,purchase,2026-03-17,2026-05-12,1001.0,15000.0,equity,CPRT,trump_278t_2026_05_08_equity.pdf
366ffb043a22,Donald Trump,trump_278t_2026_05_08_equity,2817,INTUITIVE SURGICAL INC,sale,2026-03-17,2026-05-12,1001.0,15000.0,equity,ISRG,trump_278t_2026_05_08_equity.pdf
3d955535a955,Donald Trump,trump_278t_2026_05_08_equity,2818,SOLSTICE ADVANCED MATLS,purchase,2026-02-21,2026-05-12,1001.0,15000.0,other,,trump_278t_2026_05_08_equity.pdf
17bd0d70785f,Donald Trump,trump_278t_2026_05_08_equity,2819,DIODES INC,purchase,2026-02-21,2026-05-12,1001.0,15000.0,equity,DIOD,trump_278t_2026_05_08_equity.pdf
46327ad77e6c,Donald Trump,trump_278t_2026_05_08_equity,2820,UNION PAC CORP,sale,2026-01-12,2026-05-12,1001.0,15000.0,equity,UNP,trump_278t_2026_05_08_equity.pdf
b9912cd73c63,Donald Trump,trump_278t_2026_05_08_equity,2821,"Aml)henol Ct,m Now Cl A A-Unit Prica Transaction Yoor Brclcor Acted As Aoont",sale,2026-03-27,2026-05-12,1001.0,15000.0,other,,trump_278t_2026_05_08_equity.pdf
3de5d2b8e0ff,Donald Trump,trump_278t_2026_05_08_equity,2822,AUTOMATIC DATA PROCESSIN,purchase,2026-02-23,2026-05-12,1001.0,15000.0,other,,trump_278t_2026_05_08_equity.pdf
67e71380474e,Donald Trump,trump_278t_2026_05_08_equity,2823,ULTA BEAUTY INC,purchase,2026-03-16,2026-05-12,1001.0,15000.0,equity,ULTA,trump_278t_2026_05_08_equity.pdf
51a9b47dbd18,Donald Trump,trump_278t_2026_05_08_equity,2811,TOAST INC CLASS A,purchase,2026-01-12,2026-05-12,1001.0,15000.0,equity,TOST,trump_278t_2026_05_08_equity.pdf
db099b484cb4,Donald Trump,trump_278t_2026_05_08_equity,2798,FNF GROUP CLASS A,sale,2026-01-21,2026-05-12,1001.0,15000.0,equity,,trump_278t_2026_05_08_equity.pdf
98dbbc896053,Donald Trump,trump_278t_2026_05_08_equity,2761,APPI.OVIN CORP CL A,purchase,2026-01-31,2026-05-12,,,equity,APPN,trump_278t_2026_05_08_equity.pdf
61e5d821bec7,Donald Trump,trump_278t_2026_05_08_equity,2795,SALESFORCE INC,purchase,2026-01-23,2026-05-12,,,equity,CRM,trump_278t_2026_05_08_equity.pdf
3d0f68baef4b,Donald Trump,trump_278t_2026_05_08_equity,2750,BROADCOM INC,purchase,2026-01-31,2026-05-12,1001.0,15000.0,equity,AVGO,trump_278t_2026_05_08_equity.pdf
a18c63c1ba9b,Donald Trump,trump_278t_2026_05_08_equity,2752,MOODYSCORP,purchase,2026-02-21,2026-05-12,1001.0,15000.0,other,,trump_278t_2026_05_08_equity.pdf
b0f1d5e887ce,Donald Trump,trump_278t_2026_05_08_equity,2753,INSULET CORP,sale,2026-02-11,2026-05-12,1001.0,15000.0,equity,PODD,trump_278t_2026_05_08_equity.pdf
9b87a1770c23,Donald Trump,trump_278t_2026_05_08_equity,2754,SERVICENOW INC,sale,2026-01-12,2026-05-12,1001.0,15000.0,equity,NOW,trump_278t_2026_05_08_equity.pdf
2eac4652d120,Donald Trump,trump_278t_2026_05_08_equity,2755,FIRST BANCORP PR F,sale,2026-03-13,2026-05-12,1001.0,15000.0,other,,trump_278t_2026_05_08_equity.pdf
10f493d98fc1,Donald Trump,trump_278t_2026_05_08_equity,2759,VERSANT MEDIA GROUP INC,purchase,2026-02-12,2026-05-12,1001.0,15000.0,equity,VSNT,trump_278t_2026_05_08_equity.pdf
f4b51302cf2a,Donald Trump,trump_278t_2026_05_08_equity,27150,CREDO TECHNOLOGY GROUP HOLDING LTD,purchase,2026-02-11,2026-05-12,1001.0,15000.0,other,,trump_278t_2026_05_08_equity.pdf
de24a16786d4,Donald Trump,trump_278t_2026_05_08_equity,2826,UFP TECHNOLOGIES INC,sale,2026-03-30,2026-05-12,1001.0,15000.0,equity,UFPT,trump_278t_2026_05_08_equity.pdf
4611a6329980,Donald Trump,trump_278t_2026_05_08_equity,2763,DOORDASH INC CL A,sale,2026-01-17,2026-05-12,1001.0,15000.0,equity,DASH,trump_278t_2026_05_08_equity.pdf
58836a917db6,Donald Trump,trump_278t_2026_05_08_equity,2764,MATSON INC,sale,2026-02-21,2026-05-12,1001.0,15000.0,equity,MATX,trump_278t_2026_05_08_equity.pdf
4cc43cd16608,Donald Trump,trump_278t_2026_05_08_equity,2766,PAYCHEX INC,sale,2026-03-11,2026-05-12,1001.0,15000.0,equity,PAYX,trump_278t_2026_05_08_equity.pdf
ff7550e2fb24,Donald Trump,trump_278t_2026_05_08_equity,2767,EVEREST REINSURANCE GR F,sale,2026-01-12,2026-05-12,1001.0,15000.0,other,,trump_278t_2026_05_08_equity.pdf
85bf0e96aa84,Donald Trump,trump_278t_2026_05_08_equity,2797,RANGE RES CORP,sale,2026-01-21,2026-05-12,1001.0,15000.0,equity,RRC,trump_278t_2026_05_08_equity.pdf
a04eb03c317b,Donald Trump,trump_278t_2026_05_08_equity,2768,GENERAL MILLS INC,sale,2026-03-11,2026-05-12,1001.0,15000.0,equity,GIS,trump_278t_2026_05_08_equity.pdf
dbea4a299055,Donald Trump,trump_278t_2026_05_08_equity,2780,ARMSTRONG WORLD INDS INC,sale,2026-03-30,2026-05-12,1001.0,15000.0,equity,AWI,trump_278t_2026_05_08_equity.pdf
4bea1cbc6d2e,Donald Trump,trump_278t_2026_05_08_equity,2781,SALESFORCE INC,sale,2026-01-21,2026-05-12,1001.0,15000.0,equity,CRM,trump_278t_2026_05_08_equity.pdf
b14990403c13,Donald Trump,trump_278t_2026_05_08_equity,2782,META PLATFORMS INC CLASS A,sale,2026-01-21,2026-05-12,1001.0,15000.0,equity,META,trump_278t_2026_05_08_equity.pdf
04b8b2521120,Donald Trump,trump_278t_2026_05_08_equity,2783,NATERA INC,sale,2026-03-17,2026-05-12,1001.0,15000.0,equity,NTRA,trump_278t_2026_05_08_equity.pdf
ad8581a86aee,Donald Trump,trump_278t_2026_05_08_equity,2784,Btock Inc Ct A Solldted Order Dlacrotlon Exord■ed,sale,2026-03-27,2026-05-12,1001.0,15000.0,equity,,trump_278t_2026_05_08_equity.pdf
ea5b1ed08ad6,Donald Trump,trump_278t_2026_05_08_equity,2785,DISNEY WALT CO,purchase,2026-01-23,2026-05-12,1001.0,15000.0,equity,DIS,trump_278t_2026_05_08_equity.pdf
984a84304554,Donald Trump,trump_278t_2026_05_08_equity,2787,DOMINION ENERGY INC,sale,2026-01-12,2026-05-12,1001.0,15000.0,equity,D,trump_278t_2026_05_08_equity.pdf
19fa6854ef2c,Donald Trump,trump_278t_2026_05_08_equity,2788,ROPER TECHNOLOGIES INC,purchase,2026-01-23,2026-05-12,1001.0,15000.0,equity,ROP,trump_278t_2026_05_08_equity.pdf
2751ca23833c,Donald Trump,trump_278t_2026_05_08_equity,2789,BOOKING HLDGS INC,sale,2026-01-23,2026-05-12,1001.0,15000.0,equity,BKNG,trump_278t_2026_05_08_equity.pdf
8c4805cc6512,Donald Trump,trump_278t_2026_05_08_equity,2790,BANCORP INC DEL,purchase,2026-03-01,2026-05-12,1001.0,15000.0,equity,,trump_278t_2026_05_08_equity.pdf
22caa96891eb,Donald Trump,trump_278t_2026_05_08_equity,2791,Kier & Co Inc Com Solldtod Order Diacnltlon Exord■ed,sale,2026-03-27,2026-05-12,1001.0,15000.0,equity,,trump_278t_2026_05_08_equity.pdf
b0c65ed8be61,Donald Trump,trump_278t_2026_05_08_equity,2793,REDDIT INC CLASS A,sale,2026-02-12,2026-05-12,1001.0,15000.0,equity,RDDT,trump_278t_2026_05_08_equity.pdf
0f8ad38917d1,Donald Trump,trump_278t_2026_05_08_equity,2777,PALO ALTO NElWORKS INC,purchase,2026-03-21,2026-05-12,1001.0,15000.0,equity,PANW,trump_278t_2026_05_08_equity.pdf
55695b9b92df,Donald Trump,trump_278t_2026_05_08_equity,2827,Roblnhood Mlda Inc Com Cl A SOlldlod Order Dlscrotlon Exl!ldsod,sale,2026-03-27,2026-05-12,1001.0,15000.0,equity,,trump_278t_2026_05_08_equity.pdf
def62b3cfea4,Donald Trump,trump_278t_2026_05_08_equity,2855,"P""""'lco Inc Ccm Solicited Order Dllcrotlon Exordsod",sale,2026-03-11,2026-05-12,1001.0,15000.0,equity,,trump_278t_2026_05_08_equity.pdf
f68eaf55bd03,Donald Trump,trump_278t_2026_05_08_equity,2829,S&P GLOBAL INC,purchase,2026-02-23,2026-05-12,1001.0,15000.0,equity,SPGI,trump_278t_2026_05_08_equity.pdf
f5fe6868b372,Donald Trump,trump_278t_2026_05_08_equity,2866,SABRE CORP,sale,2026-02-26,2026-05-12,1001.0,15000.0,equity,SABR,trump_278t_2026_05_08_equity.pdf
7340105651ba,Donald Trump,trump_278t_2026_05_08_equity,2669,PVHCORP,purchase,2026-01-12,2026-05-12,1001.0,15000.0,other,,trump_278t_2026_05_08_equity.pdf
ff1b9b37399e,Donald Trump,trump_278t_2026_05_08_equity,2870,I AaQant TochnoloalOI Inc Com With Duo BIiia Solldted Order Dlscrotion Exerdlad,sale,2026-03-27,2026-05-12,1001.0,15000.0,equity,,trump_278t_2026_05_08_equity.pdf
b0b255ef4497,Donald Trump,trump_278t_2026_05_08_equity,2871,MICROSOFT CORP,sale,2026-01-12,2026-05-12,1001.0,15000.0,equity,MSFT,trump_278t_2026_05_08_equity.pdf
5211e4b77c1f,Donald Trump,trump_278t_2026_05_08_equity,2872,SUNCOKE ENERGY INC,purchase,2026-02-26,2026-05-12,1001.0,15000.0,equity,SXC,trump_278t_2026_05_08_equity.pdf
52d995caa5e1,Donald Trump,trump_278t_2026_05_08_equity,2873,NETFLIXINC,sale,2026-02-23,2026-05-12,1001.0,15000.0,other,,trump_278t_2026_05_08_equity.pdf
a953cff12dc7,Donald Trump,trump_278t_2026_05_08_equity,2874,Salolfcn:e Inc Com Sollcltod Ordor DlacnoUon Exorcised,purchase,2026-03-06,2026-05-12,1001.0,15000.0,equity,,trump_278t_2026_05_08_equity.pdf
98c9ad8eaf72,Donald Trump,trump_278t_2026_05_08_equity,2875,CITIGROUP INC,sale,2026-03-17,2026-05-12,1001.0,15000.0,equity,C,trump_278t_2026_05_08_equity.pdf
b495bacff4d5,Donald Trump,trump_278t_2026_05_08_equity,2876,METLIFEINC,sale,2026-03-18,2026-05-12,1001.0,15000.0,other,,trump_278t_2026_05_08_equity.pdf
8924fedd37c5,Donald Trump,trump_278t_2026_05_08_equity,2878,T ROWE PRICE GROUP INC,sale,2026-03-17,2026-05-12,1001.0,15000.0,equity,TROW,trump_278t_2026_05_08_equity.pdf
1570413192cc,Donald Trump,trump_278t_2026_05_08_equity,2879,NCR VOYIX CORP,purchase,2026-02-26,2026-05-12,1001.0,15000.0,equity,VYX,trump_278t_2026_05_08_equity.pdf
5da5ce37875d,Donald Trump,trump_278t_2026_05_08_equity,2880,NAVIENT CORP,purchase,2026-01-26,2026-05-12,1001.0,15000.0,equity,NAVI,trump_278t_2026_05_08_equity.pdf
80a9c690ce03,Donald Trump,trump_278t_2026_05_08_equity,2881,BERKSHIRE HATHAWAY CLASS B,sale,2026-01-21,2026-05-12,1001.0,15000.0,equity,BRK-B,trump_278t_2026_05_08_equity.pdf
12a6af641761,Donald Trump,trump_278t_2026_05_08_equity,2882,D R Horton Inc Com Sollcltod Order Discretion Exorclsod,sale,2026-03-27,2026-05-12,1001.0,15000.0,equity,,trump_278t_2026_05_08_equity.pdf
271ed393356d,Donald Trump,trump_278t_2026_05_08_equity,2883,REYNOLDS CONSUMER PRODS,sale,2026-03-30,2026-05-12,1001.0,15000.0,other,,trump_278t_2026_05_08_equity.pdf
b81fef23fc6d,Donald Trump,trump_278t_2026_05_08_equity,2884,CHURCHILL DOWNS INC,purchase,2026-02-12,2026-05-12,1001.0,15000.0,equity,CHDN,trump_278t_2026_05_08_equity.pdf
67f3f3aea53b,Donald Trump,trump_278t_2026_05_08_equity,2885,OMNICOM GROUP INC,purchase,2026-02-12,2026-05-12,1001.0,15000.0,equity,OMC,trump_278t_2026_05_08_equity.pdf
7ae2b4954ead,Donald Trump,trump_278t_2026_05_08_equity,2886,PLANET FITNESS INC CLASS A,sale,2026-03-18,2026-05-12,1001.0,15000.0,equity,PLNT,trump_278t_2026_05_08_equity.pdf
4a4fe314e487,Donald Trump,trump_278t_2026_05_08_equity,2887,GROUP 1 AUTOMOTIVE INC,sale,2026-01-26,2026-05-12,1001.0,15000.0,equity,GPI,trump_278t_2026_05_08_equity.pdf
3d2037a223b3,Donald Trump,trump_278t_2026_05_08_equity,2888,AVISTA CORP,sale,2026-03-30,2026-05-12,1001.0,15000.0,equity,AVA,trump_278t_2026_05_08_equity.pdf
80a21420c364,Donald Trump,trump_278t_2026_05_08_equity,2889,"Mcdonold- ,.._ Com Sollcltod Order DlscreUon Exorcised",sale,2026-03-06,2026-05-12,1001.0,15000.0,other,,trump_278t_2026_05_08_equity.pdf
ffca753daa20,Donald Trump,trump_278t_2026_05_08_equity,2890,SERVICE CORP INTL,purchase,2026-01-12,2026-05-12,1001.0,15000.0,equity,,trump_278t_2026_05_08_equity.pdf
655114556fb2,Donald Trump,trump_278t_2026_05_08_equity,2892,TRUPANION INC,sale,2026-01-26,2026-05-12,1001.0,15000.0,equity,TRUP,trump_278t_2026_05_08_equity.pdf
3db36d35fcb6,Donald Trump,trump_278t_2026_05_08_equity,2893,SKYWORKS SOLUTIONS INC,sale,2026-03-18,2026-05-12,1001.0,15000.0,equity,SWKS,trump_278t_2026_05_08_equity.pdf
6029bf0d733a,Donald Trump,trump_278t_2026_05_08_equity,2749,NATERA INC,sale,2026-02-11,2026-05-12,1001.0,15000.0,equity,NTRA,trump_278t_2026_05_08_equity.pdf
c5a9266d18f4,Donald Trump,trump_278t_2026_05_08_equity,2666,ERIE INDTY CO CLASS A,sale,2026-03-18,2026-05-12,1001.0,15000.0,equity,ERIE,trump_278t_2026_05_08_equity.pdf
352ccddaea38,Donald Trump,trump_278t_2026_05_08_equity,2828,AECOM,sale,2026-02-12,2026-05-12,1001.0,15000.0,other,,trump_278t_2026_05_08_equity.pdf
ac65414a8bda,Donald Trump,trump_278t_2026_05_08_equity,2865,B<lstcn Sdonllfle Coro Com Sollclted Order Dlserotton Exordsod,sale,2026-01-27,2026-05-12,1001.0,15000.0,other,,trump_278t_2026_05_08_equity.pdf
c62ea7d3c8ea,Donald Trump,trump_278t_2026_05_08_equity,2663,"Newmont""-Com Sollcltod Order Dlscrotton Exordsod",sale,2026-03-16,2026-05-12,1001.0,15000.0,other,,trump_278t_2026_05_08_equity.pdf
23aa19dd15bd,Donald Trump,trump_278t_2026_05_08_equity,2830,"Ss&c T""""""""""""""'les Hldas Inc Com E1774634275263-00569 Avo,_ Unit Prico Tranaactlon Your Elrokor Acted As Annnt",sale,2026-03-27,2026-05-12,1001.0,15000.0,equity,,trump_278t_2026_05_08_equity.pdf
c60cd77ffb3b,Donald Trump,trump_278t_2026_05_08_equity,2831,Ee1Dn r-uon Pie Shs lsln#lo00hAIMn827 With Due Bills SOlldted Order Dlscn>Uon Exl!ldsod -,sale,2026-03-06,2026-05-12,1001.0,15000.0,other,,trump_278t_2026_05_08_equity.pdf
48c26b2732c4,Donald Trump,trump_278t_2026_05_08_equity,2832,COMMERCE BANCSHARES INC,sale,2026-01-12,2026-05-12,1001.0,15000.0,equity,CBSH,trump_278t_2026_05_08_equity.pdf
df163f5f1e46,Donald Trump,trump_278t_2026_05_08_equity,2833,ACCENTURE PLC IRELAND F CLASS A,sale,2026-02-12,2026-05-12,1001.0,15000.0,equity,ACN,trump_278t_2026_05_08_equity.pdf
cc940c52b61f,Donald Trump,trump_278t_2026_05_08_equity,2834,MASIMOCORP,sale,2026-01-12,2026-05-12,1001.0,15000.0,other,,trump_278t_2026_05_08_equity.pdf
dd2c8cbda7b4,Donald Trump,trump_278t_2026_05_08_equity,2835,Lonnar Con> Cl A SOlldted Ordor Dlscn>Uon Exordsod,sale,2026-03-27,2026-05-12,,,other,,trump_278t_2026_05_08_equity.pdf
9eb175e986ac,Donald Trump,trump_278t_2026_05_08_equity,2838,AMCORPLCF,sale,2026-01-18,2026-05-12,1001.0,15000.0,other,,trump_278t_2026_05_08_equity.pdf
7729b7b0b966,Donald Trump,trump_278t_2026_05_08_equity,2839,SAREPTA 'lliERAPEUTICS INC,purchase,2026-03-30,2026-05-12,1001.0,15000.0,equity,SRPT,trump_278t_2026_05_08_equity.pdf
bb6e9f08454d,Donald Trump,trump_278t_2026_05_08_equity,2845,Svnchrcny Finl Com Sollcltod On:ter Dlacrotton Exordaod,sale,2026-01-27,2026-05-12,1001.0,15000.0,other,,trump_278t_2026_05_08_equity.pdf
38c66c6706ba,Donald Trump,trump_278t_2026_05_08_equity,2848,LIFE380 INC EQUITY,sale,2026-03-30,2026-05-12,1001.0,15000.0,equity,,trump_278t_2026_05_08_equity.pdf
ed5ea8aa7daa,Donald Trump,trump_278t_2026_05_08_equity,2847,ABBOTT LABS,sale,2026-01-28,2026-05-12,1001.0,15000.0,other,,trump_278t_2026_05_08_equity.pdf
52378f7ce451,Donald Trump,trump_278t_2026_05_08_equity,2848,BLACKSTONE INC,sale,2026-03-14,2026-05-12,1001.0,15000.0,equity,BX,trump_278t_2026_05_08_equity.pdf
41efd1013a06,Donald Trump,trump_278t_2026_05_08_equity,2849,PROGYNYINC,purchase,2026-01-26,2026-05-12,1001.0,15000.0,other,,trump_278t_2026_05_08_equity.pdf
14313639c4f9,Donald Trump,trump_278t_2026_05_08_equity,2850,Snowflake Inc Com Sollcltod Ordor Dlscrotton Exorcised,sale,2026-01-27,2026-05-12,1001.0,15000.0,equity,SNOW,trump_278t_2026_05_08_equity.pdf
99988af67c45,Donald Trump,trump_278t_2026_05_08_equity,2851,SERVICENOW INC,purchase,2026-02-23,2026-05-12,1001.0,15000.0,equity,NOW,trump_278t_2026_05_08_equity.pdf
1ccc510980d1,Donald Trump,trump_278t_2026_05_08_equity,2852,Snap On Inc Com Solldtod Order Dlsaetton Exordsod,purchase,2026-03-16,2026-05-12,1001.0,15000.0,equity,SNA,trump_278t_2026_05_08_equity.pdf
48504149f42b,Donald Trump,trump_278t_2026_05_08_equity,2853,CREDIT ACCEP CORP MICH,sale,2026-01-12,2026-05-12,1001.0,15000.0,equity,CACC,trump_278t_2026_05_08_equity.pdf
3f837589dc7e,Donald Trump,trump_278t_2026_05_08_equity,2854,IMPINJINC,sale,2026-03-30,2026-05-12,1001.0,15000.0,other,,trump_278t_2026_05_08_equity.pdf
1ea3a39060d4,Donald Trump,trump_278t_2026_05_08_equity,2856,GOGOINC,sale,2026-01-30,2026-05-12,1001.0,15000.0,other,,trump_278t_2026_05_08_equity.pdf
9ff8eda97785,Donald Trump,trump_278t_2026_05_08_equity,2857,"T111no T""""""""""""""'le1 Pie Shs lsln#lo00hk<hn967 Solldtod On:ter Dlscretton Exerdsod",sale,2026-03-16,2026-05-12,1001.0,15000.0,other,,trump_278t_2026_05_08_equity.pdf
ddaebb2b3fb7,Donald Trump,trump_278t_2026_05_08_equity,2656,VISA INC CLASS A,sale,2026-01-26,2026-05-12,1001.0,15000.0,equity,V,trump_278t_2026_05_08_equity.pdf
ac81a91ba908,Donald Trump,trump_278t_2026_05_08_equity,2859,Doordllsh Inc a A Solldted On:tor Dlsaetton Exordaod,purchase,2026-01-27,2026-05-12,1001.0,15000.0,equity,,trump_278t_2026_05_08_equity.pdf
12b64e2b1328,Donald Trump,trump_278t_2026_05_08_equity,2860,LINCOLN NATL CORP IND,sale,2026-03-30,2026-05-12,1001.0,15000.0,equity,,trump_278t_2026_05_08_equity.pdf
c40a2a5a0696,Donald Trump,trump_278t_2026_05_08_equity,2661,ACCENTURE PLC IRELAND F CLASS A,sale,2026-02-21,2026-05-12,1001.0,15000.0,equity,ACN,trump_278t_2026_05_08_equity.pdf
5000783aaf9f,Donald Trump,trump_278t_2026_05_08_equity,2862,AVALONBAY CMNTYS INC REIT,sale,2026-02-12,2026-05-12,1001.0,15000.0,reit,AVB,trump_278t_2026_05_08_equity.pdf
50328cec6c8e,Donald Trump,trump_278t_2026_05_08_equity,2864,META PLATFORMS INC CLASS A,purchase,2026-01-26,2026-05-12,1001.0,15000.0,equity,META,trump_278t_2026_05_08_equity.pdf
486e425c5edf,Donald Trump,trump_278t_2026_05_08_equity,2747,Roblox Corp Com Cl A Solldtad Ordor Dlaaotlon Exorcised,purchase,2026-01-27,2026-05-12,1001.0,15000.0,equity,RBLX,trump_278t_2026_05_08_equity.pdf
da6006463a0d,Donald Trump,trump_278t_2026_05_08_equity,2645,BLUE OWL CAP INC CLASS A,sale,2026-03-17,2026-05-12,1001.0,15000.0,equity,,trump_278t_2026_05_08_equity.pdf
0adb5a50fd27,Donald Trump,trump_278t_2026_05_08_equity,2743,NETFLIXINC,purchase,2026-02-19,2026-05-12,1001.0,15000.0,other,,trump_278t_2026_05_08_equity.pdf
aaac825bc99e,Donald Trump,trump_278t_2026_05_08_equity,2648,UBER TECHNOLOGIES INC,sale,2026-02-12,2026-05-12,1001.0,15000.0,equity,UBER,trump_278t_2026_05_08_equity.pdf
2e7b29460dae,Donald Trump,trump_278t_2026_05_08_equity,2649,HEICO CORP NEW CLASS A,sale,2026-03-18,2026-05-12,1001.0,15000.0,equity,,trump_278t_2026_05_08_equity.pdf
449744d2a2ff,Donald Trump,trump_278t_2026_05_08_equity,2650,INSIGHT ENTERPRISES INC,sale,2026-01-26,2026-05-12,1001.0,15000.0,equity,NSIT,trump_278t_2026_05_08_equity.pdf
673f9a7c6171,Donald Trump,trump_278t_2026_05_08_equity,2651,NIKE INC CLASS B,sale,2026-03-26,2026-05-12,1001.0,15000.0,equity,NKE,trump_278t_2026_05_08_equity.pdf
437bee6528b6,Donald Trump,trump_278t_2026_05_08_equity,2652,APELLIS PHARMACEUTICALS,sale,2026-02-26,2026-05-12,1001.0,15000.0,other,,trump_278t_2026_05_08_equity.pdf
0fdaa1ecaf53,Donald Trump,trump_278t_2026_05_08_equity,2653,OLO REP INTI. CORP,sale,2026-01-12,2026-05-12,1001.0,15000.0,equity,,trump_278t_2026_05_08_equity.pdf
faa9b47780a9,Donald Trump,trump_278t_2026_05_08_equity,2654,BOEING CO,sale,2026-03-26,2026-05-12,1001.0,15000.0,equity,BA,trump_278t_2026_05_08_equity.pdf
d7f157026b92,Donald Trump,trump_278t_2026_05_08_equity,2655,PTCINC,sale,2026-03-26,2026-05-12,1001.0,15000.0,equity,PTC,trump_278t_2026_05_08_equity.pdf
980154dc58fa,Donald Trump,trump_278t_2026_05_08_equity,2656,INTUIT,sale,2026-02-12,2026-05-12,1001.0,15000.0,other,,trump_278t_2026_05_08_equity.pdf
1c888e24fbec,Donald Trump,trump_278t_2026_05_08_equity,2657,FLUTTER ENTMT PLC F,sale,2026-03-26,2026-05-12,1001.0,15000.0,equity,FLUT,trump_278t_2026_05_08_equity.pdf
92b351270aec,Donald Trump,trump_278t_2026_05_08_equity,2656,GEN DIGITAL INC,sale,2026-03-26,2026-05-12,1001.0,15000.0,equity,GEN,trump_278t_2026_05_08_equity.pdf
f41297e7ca73,Donald Trump,trump_278t_2026_05_08_equity,2659,VISTRACORP,sale,2026-03-18,2026-05-12,1001.0,15000.0,other,,trump_278t_2026_05_08_equity.pdf
1a28a59b1869,Donald Trump,trump_278t_2026_05_08_equity,2660,QUALCOMM INC,sale,2026-02-19,2026-05-12,1001.0,15000.0,equity,QCOM,trump_278t_2026_05_08_equity.pdf
203e4b22e000,Donald Trump,trump_278t_2026_05_08_equity,2661,OPENLANE INC,sale,2026-03-30,2026-05-12,1001.0,15000.0,equity,OPLN,trump_278t_2026_05_08_equity.pdf
e25a43a5d357,Donald Trump,trump_278t_2026_05_08_equity,2662,EXPEDIA GROUP INC,purchase,2026-02-19,2026-05-12,1001.0,15000.0,equity,EXPE,trump_278t_2026_05_08_equity.pdf
9446ee781521,Donald Trump,trump_278t_2026_05_08_equity,2663,LAZBOYINC,sale,2026-02-26,2026-05-12,1001.0,15000.0,other,,trump_278t_2026_05_08_equity.pdf
765ec825df6d,Donald Trump,trump_278t_2026_05_08_equity,2665,CHIPOTI.E MEXICAN GRILL I,sale,2026-03-26,2026-05-12,1001.0,15000.0,other,,trump_278t_2026_05_08_equity.pdf
525f0438e6f7,Donald Trump,trump_278t_2026_05_08_equity,2666,MORNINGSTAR INC,purchase,2026-03-28,2026-05-12,1001.0,15000.0,equity,MORN,trump_278t_2026_05_08_equity.pdf
f595dc10da10,Donald Trump,trump_278t_2026_05_08_equity,2667,QUALCOMM INC,sale,2026-02-23,2026-05-12,1001.0,15000.0,equity,QCOM,trump_278t_2026_05_08_equity.pdf
f7540251aba1,Donald Trump,trump_278t_2026_05_08_equity,2669,SCHWAB GOVERNMENT MONEY FIJND,sale,2026-01-22,2026-05-12,1001.0,15000.0,other,,trump_278t_2026_05_08_equity.pdf
b089d9fe173d,Donald Trump,trump_278t_2026_05_08_equity,2670,METLIFE INC,purchase,2026-01-12,2026-05-12,1001.0,15000.0,equity,MET,trump_278t_2026_05_08_equity.pdf
5770999595f4,Donald Trump,trump_278t_2026_05_08_equity,2671,PRA GROUP INC,purchase,2026-03-30,2026-05-12,1001.0,15000.0,equity,PRAA,trump_278t_2026_05_08_equity.pdf
5dd4ed219a88,Donald Trump,trump_278t_2026_05_08_equity,2672,MID-AMER APT CMNTYS INC REIT,sale,2026-02-12,2026-05-12,1001.0,15000.0,reit,,trump_278t_2026_05_08_equity.pdf
0b1c4211b0dc,Donald Trump,trump_278t_2026_05_08_equity,2673,EQUITABLE HLDGS INC,sale,2026-02-23,2026-05-12,1001.0,15000.0,equity,,trump_278t_2026_05_08_equity.pdf
20aa17cd132e,Donald Trump,trump_278t_2026_05_08_equity,2674,AMERICAN HOMES4 RENT REIT,sale,2026-02-12,2026-05-12,1001.0,15000.0,other,,trump_278t_2026_05_08_equity.pdf
667954e83bda,Donald Trump,trump_278t_2026_05_08_equity,2647,BLACKSTONE INC,sale,2026-02-23,2026-05-12,1001.0,15000.0,equity,BX,trump_278t_2026_05_08_equity.pdf
8f8be5f2af85,Donald Trump,trump_278t_2026_05_08_equity,2675,PROGRESSIVE CORP OH,sale,2026-03-21,2026-05-12,1001.0,15000.0,equity,PGR,trump_278t_2026_05_08_equity.pdf
53fb5b92377c,Donald Trump,trump_278t_2026_05_08_equity,2646,POOL CORP,purchase,2026-03-17,2026-05-12,1001.0,15000.0,equity,POOL,trump_278t_2026_05_08_equity.pdf
ecf4590d6d30,Donald Trump,trump_278t_2026_05_08_equity,2644,ZSCALERINC,purchase,2026-02-19,2026-05-12,1001.0,15000.0,other,,trump_278t_2026_05_08_equity.pdf
7d920ff2d223,Donald Trump,trump_278t_2026_05_08_equity,2618,TAKE-lWO INTERACTIVE SOF,purchase,2026-03-26,2026-05-12,1001.0,15000.0,other,,trump_278t_2026_05_08_equity.pdf
aa838d727533,Donald Trump,trump_278t_2026_05_08_equity,2619,DATADOG INC CLASS A,purchase,2026-01-21,2026-05-12,1001.0,15000.0,equity,DDOG,trump_278t_2026_05_08_equity.pdf
097e17c82013,Donald Trump,trump_278t_2026_05_08_equity,2620,ADVANCE AUTO PTS INC,purchase,2026-01-26,2026-05-12,1001.0,15000.0,equity,AAP,trump_278t_2026_05_08_equity.pdf
f5c5f06b4845,Donald Trump,trump_278t_2026_05_08_equity,2621,BLACKSTONE INC,sale,2026-02-12,2026-05-12,1001.0,15000.0,equity,BX,trump_278t_2026_05_08_equity.pdf
a1dcdafa2df3,Donald Trump,trump_278t_2026_05_08_equity,2622,NEXTERA ENERGY INC,purchase,2026-01-12,2026-05-12,1001.0,15000.0,equity,NEE,trump_278t_2026_05_08_equity.pdf
15bf53d78608,Donald Trump,trump_278t_2026_05_08_equity,2623,CADENCE DESIGN SYS INC,sale,2026-02-23,2026-05-12,1001.0,15000.0,equity,CDNS,trump_278t_2026_05_08_equity.pdf
4bf91997b91a,Donald Trump,trump_278t_2026_05_08_equity,2624,PAYPAL HLDGS INC,purchase,2026-02-12,2026-05-12,1001.0,15000.0,equity,PYPL,trump_278t_2026_05_08_equity.pdf
336b738852c4,Donald Trump,trump_278t_2026_05_08_equity,2625,AUTOZONE INC,sale,2026-01-18,2026-05-12,1001.0,15000.0,equity,AZO,trump_278t_2026_05_08_equity.pdf
f463deee0b24,Donald Trump,trump_278t_2026_05_08_equity,2626,ERIE INDTY CO CLASS A,sale,2026-03-26,2026-05-12,1001.0,15000.0,equity,ERIE,trump_278t_2026_05_08_equity.pdf
5d6be29b975f,Donald Trump,trump_278t_2026_05_08_equity,2627,AGILENT TECHNOLOGIES INC,purchase,2026-01-17,2026-05-12,1001.0,15000.0,equity,A,trump_278t_2026_05_08_equity.pdf
d31977b4dcb4,Donald Trump,trump_278t_2026_05_08_equity,2628,GALLAGHER ARTHUR J & CO,purchase,2026-02-12,2026-05-12,1001.0,15000.0,other,,trump_278t_2026_05_08_equity.pdf
457995689bdf,Donald Trump,trump_278t_2026_05_08_equity,2629,3MCO,sale,2026-03-26,2026-05-12,1001.0,15000.0,other,,trump_278t_2026_05_08_equity.pdf
c621b3dd6ba4,Donald Trump,trump_278t_2026_05_08_equity,2630,TYLER TECHNOLOGIES INC,purchase,2026-01-21,2026-05-12,1001.0,15000.0,equity,TYL,trump_278t_2026_05_08_equity.pdf
718b4d9502b7,Donald Trump,trump_278t_2026_05_08_equity,2631,ARBOR RLTY TR INC REIT,sale,2026-01-26,2026-05-12,1001.0,15000.0,reit,,trump_278t_2026_05_08_equity.pdf
69589fe4d79a,Donald Trump,trump_278t_2026_05_08_equity,2632,ROBLDX CORP CLASS A,sale,2026-02-23,2026-05-12,1001.0,15000.0,equity,,trump_278t_2026_05_08_equity.pdf
aac8e42e02e3,Donald Trump,trump_278t_2026_05_08_equity,2633,ATLASSIAN CORP CLASS A,purchase,2026-01-26,2026-05-12,1001.0,15000.0,equity,TEAM,trump_278t_2026_05_08_equity.pdf
40fd2657f81c,Donald Trump,trump_278t_2026_05_08_equity,2634,FORTINET INC,sale,2026-01-21,2026-05-12,1001.0,15000.0,equity,FTNT,trump_278t_2026_05_08_equity.pdf
1206f01dbede,Donald Trump,trump_278t_2026_05_08_equity,2635,TRADE DESK INC fTHE) CL A,sale,2026-02-19,2026-05-12,1001.0,15000.0,equity,TTD,trump_278t_2026_05_08_equity.pdf
536350a7fbf1,Donald Trump,trump_278t_2026_05_08_equity,2637,STRATEGY INC CLASS A,purchase,2026-02-23,2026-05-12,1001.0,15000.0,equity,MSTR,trump_278t_2026_05_08_equity.pdf
6cbcd872fc86,Donald Trump,trump_278t_2026_05_08_equity,2638,MARSH & MCLENNAN COS INC,sale,2026-02-12,2026-05-12,1001.0,15000.0,equity,MRSH,trump_278t_2026_05_08_equity.pdf
0a89b8af0537,Donald Trump,trump_278t_2026_05_08_equity,2639,SS&C TECHNOLOGIES HLDGS,sale,2026-02-23,2026-05-12,1001.0,15000.0,other,,trump_278t_2026_05_08_equity.pdf
e4bb4c822e3c,Donald Trump,trump_278t_2026_05_08_equity,2640,STONEX GROUP INC,sale,2026-03-30,2026-05-12,1001.0,15000.0,equity,SNEX,trump_278t_2026_05_08_equity.pdf
98a38b8dc98b,Donald Trump,trump_278t_2026_05_08_equity,2641,CISCO SYS INC,purchase,2026-02-11,2026-05-12,1001.0,15000.0,equity,CSCO,trump_278t_2026_05_08_equity.pdf
0e073d331a5d,Donald Trump,trump_278t_2026_05_08_equity,2642,ADVANCED MICRO DEVIC,sale,2026-02-23,2026-05-12,1001.0,15000.0,other,,trump_278t_2026_05_08_equity.pdf
668c9ab35536,Donald Trump,trump_278t_2026_05_08_equity,2643,ABBVIEINC,sale,2026-01-12,2026-05-12,1001.0,15000.0,other,,trump_278t_2026_05_08_equity.pdf
fdc88e796d21,Donald Trump,trump_278t_2026_05_08_equity,2894,Lam Resh Coro Com Now Sollcltod Order Dlsaotlon ExOfClsed,purchase,2026-03-06,2026-05-12,1001.0,15000.0,other,,trump_278t_2026_05_08_equity.pdf
a7eef46be853,Donald Trump,trump_278t_2026_05_08_equity,2878,INTUITIVE SURGICAL INC,sale,2026-02-12,2026-05-12,1001.0,15000.0,equity,ISRG,trump_278t_2026_05_08_equity.pdf
e863c8fa93dd,Donald Trump,trump_278t_2026_05_08_equity,2877,ALBERTSON$ CO SHS CL A CLASS A,sale,2026-01-12,2026-05-12,1001.0,15000.0,equity,ACI,trump_278t_2026_05_08_equity.pdf
7ea677eb3eeb,Donald Trump,trump_278t_2026_05_08_equity,2878,DXP ENTERPRISES INC,sale,2026-03-30,2026-05-12,1001.0,15000.0,equity,DXPE,trump_278t_2026_05_08_equity.pdf
5f9832578ece,Donald Trump,trump_278t_2026_05_08_equity,2713,ETHAN ALLEN INTERIORS IN,sale,2026-02-21,2026-05-12,1001.0,15000.0,other,,trump_278t_2026_05_08_equity.pdf
0aec2a6782a0,Donald Trump,trump_278t_2026_05_08_equity,2714,UNITEDHEALT H GROUP INC,sale,2026-02-12,2026-05-12,1001.0,15000.0,equity,UNH,trump_278t_2026_05_08_equity.pdf
37b6f849325e,Donald Trump,trump_278t_2026_05_08_equity,2715,FISERV INC,purchase,2026-01-23,2026-05-12,1001.0,15000.0,equity,FISV,trump_278t_2026_05_08_equity.pdf
c1dc93aa9dbe,Donald Trump,trump_278t_2026_05_08_equity,2716,COOPER COS INC PAR,sale,2026-03-17,2026-05-12,1001.0,15000.0,equity,CPS,trump_278t_2026_05_08_equity.pdf
38f164aed913,Donald Trump,trump_278t_2026_05_08_equity,2717,SIMPLY GOOD FOODS CO,sale,2026-01-26,2026-05-12,1001.0,15000.0,other,,trump_278t_2026_05_08_equity.pdf
df14da187820,Donald Trump,trump_278t_2026_05_08_equity,2718,"lnvosco Pr,,mJor U.s. Govemmont Monev Mar1<ot Portfollo lnvoslDr C1ess 5 - Frec:.0000 Solldtcd Oroor Dlao'odon Exen;Jsod",purchase,2026-03-11,2026-05-12,1001.0,15000.0,other,,trump_278t_2026_05_08_equity.pdf
73e07ec8969b,Donald Trump,trump_278t_2026_05_08_equity,2719,APOLLO GLOBAL MGMT INC N CLASS A,sale,2026-01-23,2026-05-12,1001.0,15000.0,equity,,trump_278t_2026_05_08_equity.pdf
e9539aaeb913,Donald Trump,trump_278t_2026_05_08_equity,2720,INTUITIVE SURGICAL INC,purchase,2026-03-18,2026-05-12,1001.0,15000.0,equity,ISRG,trump_278t_2026_05_08_equity.pdf
7dd411724210,Donald Trump,trump_278t_2026_05_08_equity,2721,SALESFORCE INC,purchase,2026-03-17,2026-05-12,1001.0,15000.0,equity,CRM,trump_278t_2026_05_08_equity.pdf
90dd6bf52539,Donald Trump,trump_278t_2026_05_08_equity,2722,BEACON FINL CORP,sale,2026-03-30,2026-05-12,1001.0,15000.0,equity,,trump_278t_2026_05_08_equity.pdf
175f8cfe9e5d,Donald Trump,trump_278t_2026_05_08_equity,2723,CACTUS INC CLASS A,sale,2026-03-30,2026-05-12,1001.0,15000.0,equity,WHD,trump_278t_2026_05_08_equity.pdf
618892f440a4,Donald Trump,trump_278t_2026_05_08_equity,2724,CROWN CASTLE INC REIT REIT,sale,2026-03-11,2026-05-12,1001.0,15000.0,reit,CCI,trump_278t_2026_05_08_equity.pdf
e356c9dd02ad,Donald Trump,trump_278t_2026_05_08_equity,2725,BROWN & BROWN INC,sale,2026-02-23,2026-05-12,1001.0,15000.0,equity,BRO,trump_278t_2026_05_08_equity.pdf
d5ba03dc586a,Donald Trump,trump_278t_2026_05_08_equity,2726,RED ROCK RESORTS INC CLASS A,sale,2026-02-26,2026-05-12,1001.0,15000.0,equity,RRR,trump_278t_2026_05_08_equity.pdf
0d75b463bd2c,Donald Trump,trump_278t_2026_05_08_equity,2726,AMERICAN TOWER CORP NEW REIT,purchase,2026-01-12,2026-05-12,1001.0,15000.0,reit,AMT,trump_278t_2026_05_08_equity.pdf
9da526bbdb29,Donald Trump,trump_278t_2026_05_08_equity,2729,JACK IN THE BOX INC,sale,2026-03-01,2026-05-12,1001.0,15000.0,equity,JACK,trump_278t_2026_05_08_equity.pdf
b324d3026da9,Donald Trump,trump_278t_2026_05_08_equity,2730,BROADRIDGE FINL SOLUTION,sale,2026-03-28,2026-05-12,1001.0,15000.0,other,,trump_278t_2026_05_08_equity.pdf
e4d3b639aa2f,Donald Trump,trump_278t_2026_05_08_equity,2731,PALANTIR TECHNOLOGIES IN CLASS A,sale,2026-01-23,2026-05-12,1001.0,15000.0,equity,PLTR,trump_278t_2026_05_08_equity.pdf
ea96d50b0351,Donald Trump,trump_278t_2026_05_08_equity,2732,PEPSICO INC,sale,2026-01-12,2026-05-12,1001.0,15000.0,equity,PEP,trump_278t_2026_05_08_equity.pdf
6f516bee1d80,Donald Trump,trump_278t_2026_05_08_equity,2733,HA SUSTAINABLE INFRA REI,sale,2026-03-01,2026-05-12,1001.0,15000.0,other,,trump_278t_2026_05_08_equity.pdf
c9a105b5cde3,Donald Trump,trump_278t_2026_05_08_equity,2734,PALANTIR TECHNOLOGIES IN CLASS A,sale,2026-02-12,2026-05-12,1001.0,15000.0,equity,PLTR,trump_278t_2026_05_08_equity.pdf
966b998df474,Donald Trump,trump_278t_2026_05_08_equity,2735,AMERICAN TOWER CORP NEW REIT,sale,2026-03-21,2026-05-12,1001.0,15000.0,reit,AMT,trump_278t_2026_05_08_equity.pdf
b299558686b2,Donald Trump,trump_278t_2026_05_08_equity,2736,MANPOWERGROUP INC WIS,sale,2026-02-21,2026-05-12,1001.0,15000.0,equity,MAN,trump_278t_2026_05_08_equity.pdf
7bd90cd3dc67,Donald Trump,trump_278t_2026_05_08_equity,2737,SMURFITWESTROCK PLC,sale,2026-03-17,2026-05-12,1001.0,15000.0,equity,,trump_278t_2026_05_08_equity.pdf
59a6f3d6d96a,Donald Trump,trump_278t_2026_05_08_equity,2742,STATE STRET ENRGY SLECT SEC SPDR ETF,sale,2026-03-11,2026-05-12,1001.0,15000.0,etf,,trump_278t_2026_05_08_equity.pdf
fa1e49d8360d,Donald Trump,trump_278t_2026_05_08_equity,2712,AMPHASTAA PHARMACEUTICAL,purchase,2026-01-26,2026-05-12,1001.0,15000.0,other,,trump_278t_2026_05_08_equity.pdf
a5d7a1218fef,Donald Trump,trump_278t_2026_05_08_equity,2711,BLUE OWL CAP INC CLASS A,purchase,2026-03-28,2026-05-12,1001.0,15000.0,equity,,trump_278t_2026_05_08_equity.pdf
8f2f1cd8e095,Donald Trump,trump_278t_2026_05_08_equity,2710,AMAZON.COM INC,sale,2026-02-12,2026-05-12,1001.0,15000.0,equity,AMZN,trump_278t_2026_05_08_equity.pdf
1ea1f46b1035,Donald Trump,trump_278t_2026_05_08_equity,2708,0 REILLY AUTOMOTIVE INC,sale,2026-02-11,2026-05-12,1001.0,15000.0,equity,,trump_278t_2026_05_08_equity.pdf
d4d0a485963a,Donald Trump,trump_278t_2026_05_08_equity,2879,PAYCHEX INC,sale,2026-02-12,2026-05-12,,,equity,PAYX,trump_278t_2026_05_08_equity.pdf
be2fb6f3f633,Donald Trump,trump_278t_2026_05_08_equity,2681,ABBOTT LABS,sale,2026-02-12,2026-05-12,1001.0,15000.0,other,,trump_278t_2026_05_08_equity.pdf
bd7a75330d08,Donald Trump,trump_278t_2026_05_08_equity,2882,SYNOPSYS INC,sale,2026-02-19,2026-05-12,1001.0,15000.0,equity,SNPS,trump_278t_2026_05_08_equity.pdf
60889a36da0a,Donald Trump,trump_278t_2026_05_08_equity,2683,DOORDASH INC CLASS A,sale,2026-03-21,2026-05-12,1001.0,15000.0,equity,DASH,trump_278t_2026_05_08_equity.pdf
014829963468,Donald Trump,trump_278t_2026_05_08_equity,21584,FLUTTER ENTMT PLC F,sale,2026-03-17,2026-05-12,1001.0,15000.0,equity,FLUT,trump_278t_2026_05_08_equity.pdf
52dd12712473,Donald Trump,trump_278t_2026_05_08_equity,2885,CONAGRA BRANDS INC,sale,2026-03-21,2026-05-12,1001.0,15000.0,equity,CAG,trump_278t_2026_05_08_equity.pdf
df49720b1868,Donald Trump,trump_278t_2026_05_08_equity,2887,TESLA INC,sale,2026-01-23,2026-05-12,1001.0,15000.0,equity,TSLA,trump_278t_2026_05_08_equity.pdf
56076576a49d,Donald Trump,trump_278t_2026_05_08_equity,2888,WORKDAY INC CLASS A,sale,2026-03-17,2026-05-12,1001.0,15000.0,equity,WDAY,trump_278t_2026_05_08_equity.pdf
d91a343ae0c4,Donald Trump,trump_278t_2026_05_08_equity,2889,PAPA JOHNS INTL INC,purchase,2026-03-30,2026-05-12,1001.0,15000.0,equity,PZZA,trump_278t_2026_05_08_equity.pdf
ed7693e6d8dd,Donald Trump,trump_278t_2026_05_08_equity,2890,AMAZON.COM INC,sale,2026-02-23,2026-05-12,1001.0,15000.0,equity,AMZN,trump_278t_2026_05_08_equity.pdf
fd623b9ceea9,Donald Trump,trump_278t_2026_05_08_equity,2891,ORACLE CORP,sale,2026-01-21,2026-05-12,1001.0,15000.0,equity,ORCL,trump_278t_2026_05_08_equity.pdf
80e3f4b4df45,Donald Trump,trump_278t_2026_05_08_equity,2692,DYNATRACE INC,sale,2026-02-23,2026-05-12,1001.0,15000.0,equity,DT,trump_278t_2026_05_08_equity.pdf
be01e42e33b2,Donald Trump,trump_278t_2026_05_08_equity,2744,COGNIZANT TECHNOLOGY SOLUTIONS CORP CL A,sale,2026-02-11,2026-05-12,1001.0,15000.0,equity,CTSH,trump_278t_2026_05_08_equity.pdf
11a011b18cb4,Donald Trump,trump_278t_2026_05_08_equity,2693,MCOONALOS CORP,sale,2026-01-21,2026-05-12,1001.0,15000.0,equity,,trump_278t_2026_05_08_equity.pdf
16b26b16efe5,Donald Trump,trump_278t_2026_05_08_equity,2695,JBG SMITH PPTYS,sale,2026-03-30,2026-05-12,1001.0,15000.0,other,,trump_278t_2026_05_08_equity.pdf
cbc805746096,Donald Trump,trump_278t_2026_05_08_equity,2696,KKR&COINC,sale,2026-02-21,2026-05-12,1001.0,15000.0,other,,trump_278t_2026_05_08_equity.pdf
106f8e425f8d,Donald Trump,trump_278t_2026_05_08_equity,2697,KINDER MORGAN INC DEL,sale,2026-01-12,2026-05-12,1001.0,15000.0,equity,KMI,trump_278t_2026_05_08_equity.pdf
acd686b12b67,Donald Trump,trump_278t_2026_05_08_equity,2698,S&P GLOBAL INC,purchase,2026-02-12,2026-05-12,1001.0,15000.0,equity,SPGI,trump_278t_2026_05_08_equity.pdf
253ee8ffb510,Donald Trump,trump_278t_2026_05_08_equity,2700,CORECIVIC INC,purchase,2026-02-26,2026-05-12,1001.0,15000.0,equity,CXW,trump_278t_2026_05_08_equity.pdf
ecedc6b6f5ed,Donald Trump,trump_278t_2026_05_08_equity,2701,MARSH & MCLENNAN COS INC,sale,2026-02-23,2026-05-12,1001.0,15000.0,equity,MRSH,trump_278t_2026_05_08_equity.pdf
78ac1c6e280f,Donald Trump,trump_278t_2026_05_08_equity,2702,AUTOMATIC DATA PROCESSIN,purchase,2026-02-12,2026-05-12,1001.0,15000.0,other,,trump_278t_2026_05_08_equity.pdf
e905ea417d24,Donald Trump,trump_278t_2026_05_08_equity,2703,ONESPAWORLO HLDGS LTD F,sale,2026-02-26,2026-05-12,1001.0,15000.0,other,,trump_278t_2026_05_08_equity.pdf
586518965d07,Donald Trump,trump_278t_2026_05_08_equity,2704,AON PLC F CLASS A,sale,2026-03-21,2026-05-12,1001.0,15000.0,equity,,trump_278t_2026_05_08_equity.pdf
560493e1a182,Donald Trump,trump_278t_2026_05_08_equity,2705,PAPA JOHNS INTL INC,sale,2026-01-02,2026-05-12,1001.0,15000.0,equity,PZZA,trump_278t_2026_05_08_equity.pdf
fcd350b3e97b,Donald Trump,trump_278t_2026_05_08_equity,2706,PAYCHEX INC,purchase,2026-01-23,2026-05-12,1001.0,15000.0,equity,PAYX,trump_278t_2026_05_08_equity.pdf
ff680b8ee6cf,Donald Trump,trump_278t_2026_05_08_equity,2707,PAYPAL HLDGS INC,purchase,2026-01-23,2026-05-12,1001.0,15000.0,equity,PYPL,trump_278t_2026_05_08_equity.pdf
2e7442c04fa2,Donald Trump,trump_278t_2026_05_08_equity,2694,TRANSDIGM GROUP INC,sale,2026-03-21,2026-05-12,1001.0,15000.0,equity,TDG,trump_278t_2026_05_08_equity.pdf
f155bb65c1c8,Donald Trump,trump_278t_2026_05_08_equity,2895,SHOE CARNIVAL INC,sale,2026-03-30,2026-05-12,1001.0,15000.0,equity,SCVL,trump_278t_2026_05_08_equity.pdf
b41fcdb37cc1,Donald Trump,trump_278t_2026_05_08_equity,2987,CLEANSPARK INC,sale,2026-03-30,2026-05-12,15001.0,50000.0,equity,CLSK,trump_278t_2026_05_08_equity.pdf
483ceec05fc3,Donald Trump,trump_278t_2026_05_08_equity,2897,"Pavnal Hldgs Inc Com Solldted Ordor DlscroUon Exon:laed Allocated Order Your - Adod As Affl,nt",sale,2026-03-27,2026-05-12,1001.0,15000.0,equity,,trump_278t_2026_05_08_equity.pdf
98c48a3a598d,Donald Trump,trump_278t_2026_05_08_equity,3049,ESSENTIAi. PPTYS RLT Y TR REIT,sale,2026-01-26,2026-05-12,15001.0,50000.0,other,,trump_278t_2026_05_08_equity.pdf
a18260ca4c76,Donald Trump,trump_278t_2026_05_08_equity,3050,T-MOBILE US INC,sale,2026-01-18,2026-05-12,15001.0,50000.0,equity,TMUS,trump_278t_2026_05_08_equity.pdf
cd83a7b169e7,Donald Trump,trump_278t_2026_05_08_equity,3051,ANGI INC ClASS A,sale,2026-03-23,2026-05-12,15001.0,50000.0,equity,ANGI,trump_278t_2026_05_08_equity.pdf
8fe333be966c,Donald Trump,trump_278t_2026_05_08_equity,3052,INVITATION HOMES INC,sale,2026-01-21,2026-05-12,15001.0,50000.0,equity,INVH,trump_278t_2026_05_08_equity.pdf
afaab4c41887,Donald Trump,trump_278t_2026_05_08_equity,3053,BLOOMIN BRANDS INC,sale,2026-03-23,2026-05-12,15001.0,50000.0,equity,BLMN,trump_278t_2026_05_08_equity.pdf
058911c06b82,Donald Trump,trump_278t_2026_05_08_equity,3054,GRAND CANYON ED INC,sale,2026-01-21,2026-05-12,15001.0,50000.0,equity,LOPE,trump_278t_2026_05_08_equity.pdf
b750183c01a2,Donald Trump,trump_278t_2026_05_08_equity,3055,TRACTOR SUPPLY CO,sale,2026-01-18,2026-05-12,15001.0,50000.0,other,,trump_278t_2026_05_08_equity.pdf
e1ae356abc3e,Donald Trump,trump_278t_2026_05_08_equity,3056,AGILYSYS INC,purchase,2026-02-28,2026-05-12,15001.0,50000.0,equity,AGYS,trump_278t_2026_05_08_equity.pdf
086537eac538,Donald Trump,trump_278t_2026_05_08_equity,3057,COPARTINC,purchase,2026-02-12,2026-05-12,15001.0,50000.0,equity,CPRT,trump_278t_2026_05_08_equity.pdf
6df221be600d,Donald Trump,trump_278t_2026_05_08_equity,3058,MAPLEBEAR INC,purchase,2026-01-21,2026-05-12,15001.0,50000.0,equity,CART,trump_278t_2026_05_08_equity.pdf
81e5b354b27d,Donald Trump,trump_278t_2026_05_08_equity,3059,"Ubor Technoloalos Inc Com Scllcltod Ordor DlsaeUon Exercised Allocatod Ordor Your 8tokor Actod As A""""'""'",sale,2026-03-21,2026-05-12,15001.0,50000.0,equity,,trump_278t_2026_05_08_equity.pdf
c13f02495cb0,Donald Trump,trump_278t_2026_05_08_equity,3060,KROGER CO,sale,2026-01-12,2026-05-12,15001.0,50000.0,other,,trump_278t_2026_05_08_equity.pdf
c2da756fcb00,Donald Trump,trump_278t_2026_05_08_equity,3061,BUILDERS FIRSTSOURCE INC,sale,2026-01-18,2026-05-12,15001.0,50000.0,equity,BLDR,trump_278t_2026_05_08_equity.pdf
85a187853078,Donald Trump,trump_278t_2026_05_08_equity,3062,DRAFTI<INGS INC NEW CLASS A,purchase,2026-01-18,2026-05-12,15001.0,50000.0,equity,,trump_278t_2026_05_08_equity.pdf
9b8de7fe5595,Donald Trump,trump_278t_2026_05_08_equity,3063,PINTEREST INC CLASS A,sale,2026-03-18,2026-05-12,15001.0,50000.0,equity,PINS,trump_278t_2026_05_08_equity.pdf
a90c5a6ed668,Donald Trump,trump_278t_2026_05_08_equity,3064,AMERISAFE INC,sale,2026-02-26,2026-05-12,15001.0,50000.0,equity,AMSF,trump_278t_2026_05_08_equity.pdf
492c7e247c73,Donald Trump,trump_278t_2026_05_08_equity,3065,PUBLIC STORAGE REIT,purchase,2026-01-18,2026-05-12,15001.0,50000.0,other,,trump_278t_2026_05_08_equity.pdf
fe53d367bcd7,Donald Trump,trump_278t_2026_05_08_equity,3066,Oracle Com Com Sclldtod Ordor Dl1Ct8tlon Exorcised,purchase,2026-03-11,2026-05-12,15001.0,50000.0,other,,trump_278t_2026_05_08_equity.pdf
8a84bb9caece,Donald Trump,trump_278t_2026_05_08_equity,3067,BOOZ ALLEN HAMILTON HLDG CLASS A,purchase,2026-01-18,2026-05-12,15001.0,50000.0,equity,BAH,trump_278t_2026_05_08_equity.pdf
d0d0932dda06,Donald Trump,trump_278t_2026_05_08_equity,3068,AMENTUM HLDGS INC EQUITY,sale,2026-03-30,2026-05-12,15001.0,50000.0,equity,AMTM,trump_278t_2026_05_08_equity.pdf
cfbc269eb543,Donald Trump,trump_278t_2026_05_08_equity,3069,WORLD KINECT CORP,sale,2026-03-30,2026-05-12,15001.0,50000.0,equity,WKC,trump_278t_2026_05_08_equity.pdf
f2f36b304c4f,Donald Trump,trump_278t_2026_05_08_equity,3070,MOTOROLA SOLUTIONS INC,sale,2026-01-21,2026-05-12,15001.0,50000.0,equity,MSI,trump_278t_2026_05_08_equity.pdf
199f39638781,Donald Trump,trump_278t_2026_05_08_equity,3071,MACERICH CO REIT,sale,2026-03-30,2026-05-12,15001.0,50000.0,other,,trump_278t_2026_05_08_equity.pdf
4dafb32891fa,Donald Trump,trump_278t_2026_05_08_equity,3072,MYRIAO GENETICS INC,purchase,2026-03-23,2026-05-12,15001.0,50000.0,equity,,trump_278t_2026_05_08_equity.pdf
a31758ad34e8,Donald Trump,trump_278t_2026_05_08_equity,3073,INSULET CORP,sale,2025-03-16,2026-05-12,15001.0,50000.0,equity,PODD,trump_278t_2026_05_08_equity.pdf
0d66ec867da5,Donald Trump,trump_278t_2026_05_08_equity,3048,ITRON INC EQUITY ClASS EQUITY,purchase,2026-02-26,2026-05-12,15001.0,50000.0,equity,ITRI,trump_278t_2026_05_08_equity.pdf
328f4d0d7f83,Donald Trump,trump_278t_2026_05_08_equity,3074,VERICEL CORP,sale,2026-03-30,2026-05-12,15001.0,50000.0,equity,VCEL,trump_278t_2026_05_08_equity.pdf
d4bb7c15ce9e,Donald Trump,trump_278t_2026_05_08_equity,3047,INTERNTNL PAPER CO,sale,2026-01-12,2026-05-12,15001.0,50000.0,other,,trump_278t_2026_05_08_equity.pdf
5c47df407950,Donald Trump,trump_278t_2026_05_08_equity,3045,JETBLUE AWYS CORP EQUITY CLASS EQUITY,purchase,2026-03-30,2026-05-12,15001.0,50000.0,equity,JBLU,trump_278t_2026_05_08_equity.pdf
849642a63965,Donald Trump,trump_278t_2026_05_08_equity,3020,BANCFIRST CORP,sale,2026-03-30,2026-05-12,15001.0,50000.0,equity,BANF,trump_278t_2026_05_08_equity.pdf
f16b82f163dd,Donald Trump,trump_278t_2026_05_08_equity,3021,ST STR SPDR S&P GLOBAL NAT RES ETF,sale,2026-03-04,2026-05-12,15001.0,50000.0,etf,SCIO,trump_278t_2026_05_08_equity.pdf
36757af569b7,Donald Trump,trump_278t_2026_05_08_equity,3022,GUIDEWIRE SOFlWARE INC,purchase,2026-02-12,2026-05-12,15001.0,50000.0,equity,GWRE,trump_278t_2026_05_08_equity.pdf
fed0cbb103fb,Donald Trump,trump_278t_2026_05_08_equity,3023,TESLA INC,sale,2026-02-19,2026-05-12,15001.0,50000.0,equity,TSLA,trump_278t_2026_05_08_equity.pdf
a2e6c5387e0d,Donald Trump,trump_278t_2026_05_08_equity,3024,STERISPLCF,sale,2026-03-11,2026-05-12,15001.0,50000.0,other,,trump_278t_2026_05_08_equity.pdf
dac0c7f33a82,Donald Trump,trump_278t_2026_05_08_equity,3025,SHUTTERSTOCK INC MERGER ELECTION EXP: 03/31/26,sale,2026-03-30,2026-05-12,15001.0,50000.0,equity,SSTK,trump_278t_2026_05_08_equity.pdf
5e6d87c51df9,Donald Trump,trump_278t_2026_05_08_equity,3026,HARMONY BIOSCIENCES HLDG,sale,2026-02-26,2026-05-12,15001.0,50000.0,other,,trump_278t_2026_05_08_equity.pdf
5a26f4023d85,Donald Trump,trump_278t_2026_05_08_equity,3027,ENOVISCORP,sale,2026-01-26,2026-05-12,15001.0,50000.0,other,,trump_278t_2026_05_08_equity.pdf
31c67873844e,Donald Trump,trump_278t_2026_05_08_equity,3028,PAYCOM SOFlWARE INC,sale,2026-03-18,2026-05-12,15001.0,50000.0,equity,PAYC,trump_278t_2026_05_08_equity.pdf
46b643ed41fe,Donald Trump,trump_278t_2026_05_08_equity,3029,. <ltJalcomm Inc Com Solldted Ortler DlscroUon Exerdsod,sale,2026-03-27,2026-05-12,15001.0,50000.0,equity,,trump_278t_2026_05_08_equity.pdf
48a53c026cca,Donald Trump,trump_278t_2026_05_08_equity,3030,JOHNSON CONTROLS INTl PLC,purchase,2026-01-22,2026-05-12,15001.0,50000.0,equity,JCI,trump_278t_2026_05_08_equity.pdf
f7308d599302,Donald Trump,trump_278t_2026_05_08_equity,3031,PROCORE TECHNOLOGIES INC,sale,2026-02-12,2026-05-12,15001.0,50000.0,equity,PCOR,trump_278t_2026_05_08_equity.pdf
2f3bf0ae6be3,Donald Trump,trump_278t_2026_05_08_equity,3032,DICKS SPORTING GOODS INC,sale,2026-03-18,2026-05-12,15001.0,50000.0,equity,,trump_278t_2026_05_08_equity.pdf
f1ac9a10c459,Donald Trump,trump_278t_2026_05_08_equity,3033,WILLIS TOWERS WATSON PF,sale,2026-02-12,2026-05-12,15001.0,50000.0,other,,trump_278t_2026_05_08_equity.pdf
3d6ae7a7c392,Donald Trump,trump_278t_2026_05_08_equity,3034,Adobo Sys Inc Com Solldted Ortler Dlacrollon Exordsod,sale,2026-03-27,2026-05-12,15001.0,50000.0,equity,,trump_278t_2026_05_08_equity.pdf
700f265e81a4,Donald Trump,trump_278t_2026_05_08_equity,3035,Cbre Grouo Inc Cl A Sollcltod Order Olscrotion EMrdaed,sale,2026-03-21,2026-05-12,15001.0,50000.0,equity,,trump_278t_2026_05_08_equity.pdf
da7b149ac55a,Donald Trump,trump_278t_2026_05_08_equity,3036,Merd< & Co Inc Now Com Sollcltod Ordor Dlscrotion Excrdsod,purchase,2026-03-06,2026-05-12,15001.0,50000.0,equity,,trump_278t_2026_05_08_equity.pdf
adf1ec9bc83a,Donald Trump,trump_278t_2026_05_08_equity,3037,IBM CORP,purchase,2026-03-18,2026-05-12,,50000.0,equity,,trump_278t_2026_05_08_equity.pdf
df1701f07327,Donald Trump,trump_278t_2026_05_08_equity,3038,Boolna Co Com Sollcltod Ordor Discretion Exerdsod,purchase,2026-03-27,2026-05-12,15001.0,50000.0,other,,trump_278t_2026_05_08_equity.pdf
d5f69dd37f98,Donald Trump,trump_278t_2026_05_08_equity,3039,EPAMSYSINC,purchase,2026-01-18,2026-05-12,15001.0,50000.0,other,,trump_278t_2026_05_08_equity.pdf
9a56bc5c9d07,Donald Trump,trump_278t_2026_05_08_equity,3040,VIASAT INC,purchase,2026-03-30,2026-05-12,15001.0,50000.0,equity,VSAT,trump_278t_2026_05_08_equity.pdf
0b81603d8982,Donald Trump,trump_278t_2026_05_08_equity,3041,DOXIMITY INC ClASSA,purchase,2026-01-18,2026-05-12,15001.0,50000.0,equity,DOCS,trump_278t_2026_05_08_equity.pdf
f98d3272fb76,Donald Trump,trump_278t_2026_05_08_equity,3042,MlllROSE PPTYS INC CLASS A,purchase,2026-03-30,2026-05-12,15001.0,50000.0,equity,,trump_278t_2026_05_08_equity.pdf
bcf9db79b034,Donald Trump,trump_278t_2026_05_08_equity,3043,EVERTEC INC F,sale,2026-03-30,2026-05-12,15001.0,50000.0,equity,EVTC,trump_278t_2026_05_08_equity.pdf
ec6b45eb9dd5,Donald Trump,trump_278t_2026_05_08_equity,3044,Palo Al1X> Nolw0r1cs Inc Com Solldtod Ordor Dlscrotion Exorcised,purchase,2026-03-27,2026-05-12,15001.0,50000.0,equity,,trump_278t_2026_05_08_equity.pdf
f2cec2f034d7,Donald Trump,trump_278t_2026_05_08_equity,3046,GOOSEHEAO INS INC CLASS A,sale,2026-02-26,2026-05-12,15001.0,50000.0,equity,,trump_278t_2026_05_08_equity.pdf
d54fdd49d6a4,Donald Trump,trump_278t_2026_05_08_equity,3019,RINGCENTRAL INC CLASS A,sale,2026-03-30,2026-05-12,15001.0,50000.0,equity,RNG,trump_278t_2026_05_08_equity.pdf
69ba201b579d,Donald Trump,trump_278t_2026_05_08_equity,3075,GRIO OYNAMICS HLDGS INC CLASS A,sale,2026-01-26,2026-05-12,15001.0,50000.0,equity,,trump_278t_2026_05_08_equity.pdf
c081210fec36,Donald Trump,trump_278t_2026_05_08_equity,3077,UNITED PARKS AND RES,purchase,2026-03-30,2026-05-12,15001.0,50000.0,other,,trump_278t_2026_05_08_equity.pdf
5732fddd3029,Donald Trump,trump_278t_2026_05_08_equity,3109,EXELON CORP,sale,2026-01-12,2026-05-12,15001.0,50000.0,equity,EXC,trump_278t_2026_05_08_equity.pdf
e5d940f91723,Donald Trump,trump_278t_2026_05_08_equity,3110,AMERICAN WOODMARK CORP,sale,2026-03-30,2026-05-12,15001.0,50000.0,equity,,trump_278t_2026_05_08_equity.pdf
92ae711de047,Donald Trump,trump_278t_2026_05_08_equity,3111,EXPAND ENERGY CORP,sale,2026-03-17,2026-05-12,15001.0,50000.0,equity,EXE,trump_278t_2026_05_08_equity.pdf
e3092f9d67ae,Donald Trump,trump_278t_2026_05_08_equity,3112,VISHAY INTERTECHNOLOGY I,sale,2026-03-30,2026-05-12,15001.0,50000.0,other,,trump_278t_2026_05_08_equity.pdf
422fd7d3c61e,Donald Trump,trump_278t_2026_05_08_equity,3113,KADANTINC,sale,2026-03-30,2026-05-12,15001.0,50000.0,other,,trump_278t_2026_05_08_equity.pdf
229fb2ba0c44,Donald Trump,trump_278t_2026_05_08_equity,3114,MORGAN STANLEY,sale,2026-03-17,2026-05-12,15001.0,50000.0,other,,trump_278t_2026_05_08_equity.pdf
d7eded52f3ba,Donald Trump,trump_278t_2026_05_08_equity,3115,ALKERMES PLC F,sale,2026-01-26,2026-05-12,15001.0,50000.0,equity,ALKS,trump_278t_2026_05_08_equity.pdf
525e32d6b8ea,Donald Trump,trump_278t_2026_05_08_equity,3116,Netftbc Inc Corn Solldlod Order DllaoUon Exorcised,purchase,2026-03-06,2026-05-12,15001.0,50000.0,equity,,trump_278t_2026_05_08_equity.pdf
7c051c940f02,Donald Trump,trump_278t_2026_05_08_equity,3117,BLACKSTONE MTG TR INC REIT,purchase,2026-03-30,2026-05-12,15001.0,50000.0,reit,,trump_278t_2026_05_08_equity.pdf
272097559504,Donald Trump,trump_278t_2026_05_08_equity,3118,Amoflcon Exnross Co Com Solldlod Ordor DlscroUon Exordaod,sale,2026-03-27,2026-05-12,15001.0,50000.0,other,,trump_278t_2026_05_08_equity.pdf
113b2713eec7,Donald Trump,trump_278t_2026_05_08_equity,3119,JPMORGAN CHASE & CO.,sale,2026-03-18,2026-05-12,15001.0,50000.0,equity,JPM,trump_278t_2026_05_08_equity.pdf
09392f402338,Donald Trump,trump_278t_2026_05_08_equity,3120,UPWORKINC,sale,2026-02-26,2026-05-12,15001.0,50000.0,other,,trump_278t_2026_05_08_equity.pdf
7f11940b46f4,Donald Trump,trump_278t_2026_05_08_equity,3121,Codenco Coslan Svs Inc Com Solldlod Ordor Dlacrotlon Exerdlod,sale,2026-03-27,2026-05-12,15001.0,50000.0,equity,,trump_278t_2026_05_08_equity.pdf
a034af1a0623,Donald Trump,trump_278t_2026_05_08_equity,3122,Wells Fo1110 & Co Now Com Sollclllld Ordor OlscroUon ExordaDd,sale,2026-03-08,2026-05-12,15001.0,50000.0,other,,trump_278t_2026_05_08_equity.pdf
f4fae20156d3,Donald Trump,trump_278t_2026_05_08_equity,3123,MCDONALDS CORP,purchase,2026-01-12,2026-05-12,15001.0,50000.0,equity,,trump_278t_2026_05_08_equity.pdf
f6d69d26a647,Donald Trump,trump_278t_2026_05_08_equity,3124,VULCAN MATLS CO,sale,2026-03-18,2026-05-12,15001.0,50000.0,other,,trump_278t_2026_05_08_equity.pdf
9eecdd86f92d,Donald Trump,trump_278t_2026_05_08_equity,3125,Modtronlc Pie Sha lsln#lo00bln1v115 Sotlclllld Ordor DlscreUon Exerdaod,sale,2026-03-27,2026-05-12,15001.0,50000.0,other,,trump_278t_2026_05_08_equity.pdf
a8628619bb28,Donald Trump,trump_278t_2026_05_08_equity,3126,NAVIENT CORP,purchase,2026-02-26,2026-05-12,15001.0,50000.0,equity,NAVI,trump_278t_2026_05_08_equity.pdf
97c2bc04d254,Donald Trump,trump_278t_2026_05_08_equity,3127,"Johnsen & Johnson Com Solldlod Ordor DlscroUon Exordsod AJloa,11><1 Ordor Your Broker Ac1od As """"""""I",sale,2026-03-06,2026-05-12,15001.0,50000.0,other,,trump_278t_2026_05_08_equity.pdf
58cd672e3791,Donald Trump,trump_278t_2026_05_08_equity,3128,AURORA INNOVATION INC CLASS A,sale,2026-03-18,2026-05-12,15001.0,50000.0,equity,AUR,trump_278t_2026_05_08_equity.pdf
358d57bda8d7,Donald Trump,trump_278t_2026_05_08_equity,3129,Walmart Inc Com Solldled Order Dlaaotton Exercised,sale,2026-03-06,2026-05-12,15001.0,50000.0,equity,WMT,trump_278t_2026_05_08_equity.pdf
6c1ae1eacc82,Donald Trump,trump_278t_2026_05_08_equity,3130,INSPERJTY INC,sale,2026-02-26,2026-05-12,15001.0,50000.0,equity,,trump_278t_2026_05_08_equity.pdf
0f206d8fa850,Donald Trump,trump_278t_2026_05_08_equity,3131,BROADRIDGE FINL SOLUTION,sale,2026-03-18,2026-05-12,15001.0,50000.0,other,,trump_278t_2026_05_08_equity.pdf
5118fe85f400,Donald Trump,trump_278t_2026_05_08_equity,3132,IRON MTN INC NEW REIT·,sale,2026-01-21,2026-05-12,15001.0,50000.0,reit,,trump_278t_2026_05_08_equity.pdf
8378dfa25ff3,Donald Trump,trump_278t_2026_05_08_equity,3133,AMNEAL PHARMACEUTICALS I CLASS A,purchase,2026-03-30,2026-05-12,15001.0,50000.0,equity,AMRX,trump_278t_2026_05_08_equity.pdf
d111f51b4589,Donald Trump,trump_278t_2026_05_08_equity,3106,Lowos Cos Inc Com Solldlod Ordor Dlsaetlon Exordaod,purchase,2026-03-27,2026-05-12,15001.0,50000.0,equity,,trump_278t_2026_05_08_equity.pdf
30af7ad7b920,Donald Trump,trump_278t_2026_05_08_equity,3076,BOOT BARN HLDGS INC,sale,2026-03-30,2026-05-12,15001.0,50000.0,equity,BOOT,trump_278t_2026_05_08_equity.pdf
518252991641,Donald Trump,trump_278t_2026_05_08_equity,3107,EXTREME NElWORKS INC,sale,2026-01-26,2026-05-12,15001.0,,equity,EXTR,trump_278t_2026_05_08_equity.pdf
ba08eef26218,Donald Trump,trump_278t_2026_05_08_equity,3105,HEALTHSTREAM INC,sale,2026-01-26,2026-05-12,15001.0,50000.0,equity,HSTM,trump_278t_2026_05_08_equity.pdf
605fa9714dc1,Donald Trump,trump_278t_2026_05_08_equity,3078,SPRINKLR INC CLASS A,purchase,2026-03-30,2026-05-12,15001.0,50000.0,equity,CXM,trump_278t_2026_05_08_equity.pdf
97ebd56d589f,Donald Trump,trump_278t_2026_05_08_equity,3079,Artslu Notworl<s Inc Com Now SoUciled Ordor Dlacrollon Exordsod,sale,2026-01-27,2026-05-12,15001.0,50000.0,equity,,trump_278t_2026_05_08_equity.pdf
f8f6377be80b,Donald Trump,trump_278t_2026_05_08_equity,3081,CATERPILLAR INC,sale,2026-01-22,2026-05-12,15001.0,50000.0,equity,CAT,trump_278t_2026_05_08_equity.pdf
4861cffa09fe,Donald Trump,trump_278t_2026_05_08_equity,3082,SHIFT4 PMTS INC CLASS A,sale,2026-01-21,2026-05-12,15001.0,50000.0,equity,,trump_278t_2026_05_08_equity.pdf
2874ceaa1c5f,Donald Trump,trump_278t_2026_05_08_equity,3084,ROKU INC CLASS A,purchase,2026-02-12,2026-05-12,15001.0,50000.0,equity,ROKU,trump_278t_2026_05_08_equity.pdf
51a6a3bab8f0,Donald Trump,trump_278t_2026_05_08_equity,3085,ALAMO GROUP INC,purchase,2026-03-30,2026-05-12,15001.0,50000.0,equity,ALG,trump_278t_2026_05_08_equity.pdf
24d0791c05bb,Donald Trump,trump_278t_2026_05_08_equity,3086,"Aa:onturo Pie Ireland Sha Cl A lsln#lo00b4bn"""""""" Sollcltod Order Dlscrotlon Exorcisod",sale,2026-01-27,2026-05-12,15001.0,,other,,trump_278t_2026_05_08_equity.pdf
84db38dcc3e4,Donald Trump,trump_278t_2026_05_08_equity,3087,STEWART INFORMATION SVCS,sale,2026-03-30,2026-05-12,15001.0,50000.0,other,,trump_278t_2026_05_08_equity.pdf
8d31fac6c397,Donald Trump,trump_278t_2026_05_08_equity,3088,PURE STORAGE INC CLASS A,sale,2026-01-12,2026-05-12,15001.0,50000.0,equity,,trump_278t_2026_05_08_equity.pdf
3569ffac3285,Donald Trump,trump_278t_2026_05_08_equity,3089,DAUCHCORP,sale,2026-03-30,2026-05-12,15001.0,50000.0,other,,trump_278t_2026_05_08_equity.pdf
f27678435abf,Donald Trump,trump_278t_2026_05_08_equity,3090,AZENTAINC,sale,2026-03-30,2026-05-12,15001.0,50000.0,other,,trump_278t_2026_05_08_equity.pdf
f84c75117104,Donald Trump,trump_278t_2026_05_08_equity,3091,MILLERKNOLL INC,sale,2026-03-30,2026-05-12,15001.0,50000.0,equity,MLKN,trump_278t_2026_05_08_equity.pdf
397c838fffde,Donald Trump,trump_278t_2026_05_08_equity,3092,MORGAN STANLEY,sale,2026-01-22,2026-05-12,15001.0,50000.0,other,,trump_278t_2026_05_08_equity.pdf
2f71e9755faf,Donald Trump,trump_278t_2026_05_08_equity,3093,HUBSPOTINC,sale,2026-01-21,2026-05-12,15001.0,50000.0,other,,trump_278t_2026_05_08_equity.pdf
68209b4e2646,Donald Trump,trump_278t_2026_05_08_equity,3094,MICROSOFT CORP,purchase,2025-02-23,2026-05-12,15001.0,50000.0,equity,MSFT,trump_278t_2026_05_08_equity.pdf
9c090649b828,Donald Trump,trump_278t_2026_05_08_equity,3095,STELLANTIS N V,sale,2026-03-11,2026-05-12,15001.0,50000.0,other,,trump_278t_2026_05_08_equity.pdf
9c4bf8e3a703,Donald Trump,trump_278t_2026_05_08_equity,3096,SCANSOURCE INC,sale,2026-03-30,2026-05-12,15001.0,50000.0,equity,SCSC,trump_278t_2026_05_08_equity.pdf
9bc05c0b7d47,Donald Trump,trump_278t_2026_05_08_equity,3097,URBAN OUTFITTERS INC,sale,2026-03-30,2026-05-12,15001.0,50000.0,equity,URBN,trump_278t_2026_05_08_equity.pdf
d6c52d683cb4,Donald Trump,trump_278t_2026_05_08_equity,3098,VORNADO RLTY TR REIT,sale,2026-02-12,2026-05-12,15001.0,50000.0,other,,trump_278t_2026_05_08_equity.pdf
720fd38ca442,Donald Trump,trump_278t_2026_05_08_equity,3099,PERRIGO CO PLC F,sale,2026-03-30,2026-05-12,15001.0,50000.0,equity,PRGO,trump_278t_2026_05_08_equity.pdf
c178c955b6b3,Donald Trump,trump_278t_2026_05_08_equity,3100,Home Deoot Inc Com Sollclted Ordor Dlscrotlon Exordsod,sale,2026-03-06,2026-05-12,15001.0,50000.0,equity,,trump_278t_2026_05_08_equity.pdf
ec953a101721,Donald Trump,trump_278t_2026_05_08_equity,3101,- METLIFE INC,sale,2026-02-12,2026-05-12,15001.0,50000.0,equity,MET,trump_278t_2026_05_08_equity.pdf
4d3565170ec7,Donald Trump,trump_278t_2026_05_08_equity,3102,LIBERTY MEDIA CORP DEL CLASS SERIES C,sale,2026-01-21,2026-05-12,15001.0,50000.0,equity,,trump_278t_2026_05_08_equity.pdf
857999181b04,Donald Trump,trump_278t_2026_05_08_equity,3103,ARBOR RLTY TR INC REIT,sale,2026-01-26,2026-05-12,15001.0,50000.0,reit,,trump_278t_2026_05_08_equity.pdf
7d91236ecc3b,Donald Trump,trump_278t_2026_05_08_equity,3104,OTTER TAIL CORP,sale,2026-03-30,2026-05-12,15001.0,50000.0,equity,OTTR,trump_278t_2026_05_08_equity.pdf
4182462af37d,Donald Trump,trump_278t_2026_05_08_equity,3106,GARTNER INC,sale,2026-01-21,2026-05-12,15001.0,50000.0,equity,IT,trump_278t_2026_05_08_equity.pdf
22f16ddccef4,Donald Trump,trump_278t_2026_05_08_equity,3018,XPELINC,sale,2026-03-30,2026-05-12,15001.0,50000.0,other,,trump_278t_2026_05_08_equity.pdf
ec2ca002f602,Donald Trump,trump_278t_2026_05_08_equity,3017,CelDrnlllar Inc Com Solldted Ortler Dlscrellon ExO<dsod,sale,2026-03-06,2026-05-12,15001.0,50000.0,equity,,trump_278t_2026_05_08_equity.pdf
afce740f21be,Donald Trump,trump_278t_2026_05_08_equity,3016,SUMMIT HOTEL PPTYS INC REIT,sale,2026-03-23,2026-05-12,15001.0,50000.0,reit,,trump_278t_2026_05_08_equity.pdf
217e1491bf74,Donald Trump,trump_278t_2026_05_08_equity,2928,To Connodlvllv Pie Ord Shs lsln#le000Ivnc:z81 Solldlod Ordor Olscrotton Exordsod,sale,2026-03-06,2026-05-12,15001.0,50000.0,other,,trump_278t_2026_05_08_equity.pdf
ad0b8caa3198,Donald Trump,trump_278t_2026_05_08_equity,2929,NXP SEMICONDUCTORS NV,sale,2026-03-17,2026-05-12,15001.0,50000.0,other,,trump_278t_2026_05_08_equity.pdf
20011dd43f77,Donald Trump,trump_278t_2026_05_08_equity,2930,LEGAL200M COM INC,sale,2026-02-26,2026-05-12,15001.0,50000.0,equity,,trump_278t_2026_05_08_equity.pdf
24b0de46d375,Donald Trump,trump_278t_2026_05_08_equity,2931,INTEGRA LIFESCIENCES HLD,sale,2026-02-26,2026-05-12,15001.0,50000.0,other,,trump_278t_2026_05_08_equity.pdf
370ee343beab,Donald Trump,trump_278t_2026_05_08_equity,2932,AT&T INC,purchase,2026-01-12,2026-05-12,15001.0,50000.0,equity,T,trump_278t_2026_05_08_equity.pdf
4f8c965b9181,Donald Trump,trump_278t_2026_05_08_equity,2933,TANDEM DIABETES CARE INC,sale,2026-03-30,2026-05-12,15001.0,50000.0,equity,TNDM,trump_278t_2026_05_08_equity.pdf
d43b564e5b9a,Donald Trump,trump_278t_2026_05_08_equity,2934,EXP WORLD HLDGS INC,sale,2026-03-30,2026-05-12,15001.0,50000.0,equity,AGNT,trump_278t_2026_05_08_equity.pdf
7cd8b05a5e21,Donald Trump,trump_278t_2026_05_08_equity,2935,MANHATTAN ASSOCS INC,sale,2026-02-12,2026-05-12,15001.0,50000.0,equity,,trump_278t_2026_05_08_equity.pdf
611968a985eb,Donald Trump,trump_278t_2026_05_08_equity,2936,JBT MAREL CORP,purchase,2026-02-26,2026-05-12,15001.0,50000.0,equity,JBTM,trump_278t_2026_05_08_equity.pdf
2e38ba501786,Donald Trump,trump_278t_2026_05_08_equity,2937,PLEXUS CORP,sale,2026-03-01,2026-05-12,15001.0,,equity,PLXS,trump_278t_2026_05_08_equity.pdf
f4a0b4974fb3,Donald Trump,trump_278t_2026_05_08_equity,2938,KONTOOR BRANDS INC,purchase,2026-03-01,2026-05-12,15001.0,,equity,KTB,trump_278t_2026_05_08_equity.pdf
a3404f05d0b5,Donald Trump,trump_278t_2026_05_08_equity,2939,CATALYST PHARMACEUTICALS,purchase,2026-02-21,2026-05-12,15001.0,50000.0,other,,trump_278t_2026_05_08_equity.pdf
89f50f8eb1ec,Donald Trump,trump_278t_2026_05_08_equity,2940,PENGUIN SOLUTIONS INC DE,purchase,2026-03-01,2026-05-12,15001.0,,equity,PENG,trump_278t_2026_05_08_equity.pdf
7751370ff91a,Donald Trump,trump_278t_2026_05_08_equity,2942,llx Cos Inc Now Corn Sollcllecf Order Dlacmtlon Exorcised,sale,2026-03-11,2026-05-12,15001.0,50000.0,equity,,trump_278t_2026_05_08_equity.pdf
d6c3061f0e2b,Donald Trump,trump_278t_2026_05_08_equity,2943,AUTODESK INC,sale,2026-01-21,2026-05-12,15001.0,,equity,ADSK,trump_278t_2026_05_08_equity.pdf
b1b402c6b0e1,Donald Trump,trump_278t_2026_05_08_equity,2944,SANMINA CORP,sale,2026-03-01,2026-05-12,15001.0,50000.0,equity,SANM,trump_278t_2026_05_08_equity.pdf
737622fed614,Donald Trump,trump_278t_2026_05_08_equity,2945,UNIVERSAL DISPLAY CORP,sale,2026-03-18,2026-05-12,15001.0,50000.0,equity,OLED,trump_278t_2026_05_08_equity.pdf
96484704705b,Donald Trump,trump_278t_2026_05_08_equity,2946,HUMANA INC,purchase,2026-01-21,2026-05-12,15001.0,50000.0,equity,HUM,trump_278t_2026_05_08_equity.pdf
12332ba73e5a,Donald Trump,trump_278t_2026_05_08_equity,2947,PATRICK INDS INC,sale,2026-03-01,2026-05-12,15001.0,50000.0,equity,PATK,trump_278t_2026_05_08_equity.pdf
689d9f7c6b01,Donald Trump,trump_278t_2026_05_08_equity,2948,HCI GROUP INC,sale,2026-03-01,2026-05-12,15001.0,50000.0,equity,HCI,trump_278t_2026_05_08_equity.pdf
ae7c26af29d5,Donald Trump,trump_278t_2026_05_08_equity,2949,GENTHERM INC,sale,2026-03-01,2026-05-12,15001.0,,equity,THRM,trump_278t_2026_05_08_equity.pdf
223b13fabd46,Donald Trump,trump_278t_2026_05_08_equity,2950,WINNEBAGO INDS INC,purchase,2026-03-01,2026-05-12,15001.0,50000.0,equity,WGO,trump_278t_2026_05_08_equity.pdf
2028c95fc48b,Donald Trump,trump_278t_2026_05_08_equity,2951,"Cme Grouo Inc Com Witt, Duo Bills Ave-Unit Prlco Transaction Your Btokor Actod As ""-t",sale,2026-03-06,2026-05-12,15001.0,,equity,,trump_278t_2026_05_08_equity.pdf
6cf85a72b5a1,Donald Trump,trump_278t_2026_05_08_equity,2952,WINMARKCORP,sale,2026-03-01,2026-05-12,15001.0,50000.0,other,,trump_278t_2026_05_08_equity.pdf
20a61cf1e573,Donald Trump,trump_278t_2026_05_08_equity,2953,REDWOOD TR INC REIT,purchase,2026-03-01,2026-05-12,15001.0,50000.0,reit,,trump_278t_2026_05_08_equity.pdf
4568d64822ff,Donald Trump,trump_278t_2026_05_08_equity,2927,CARGURUS INC CLASS A,sale,2026-02-26,2026-05-12,15001.0,50000.0,equity,CARG,trump_278t_2026_05_08_equity.pdf
f7a64065c576,Donald Trump,trump_278t_2026_05_08_equity,2954,CCC INTELLIGENT SOLUTION,sale,2026-01-21,2026-05-12,15001.0,50000.0,other,,trump_278t_2026_05_08_equity.pdf
03fa135381ea,Donald Trump,trump_278t_2026_05_08_equity,2926,RLICORP,sale,2026-02-12,2026-05-12,15001.0,50000.0,other,,trump_278t_2026_05_08_equity.pdf
1948b1156a50,Donald Trump,trump_278t_2026_05_08_equity,2923,LINDSAY CORP,sale,2026-03-30,2026-05-12,15001.0,50000.0,equity,LNN,trump_278t_2026_05_08_equity.pdf
4ef02618c77d,Donald Trump,trump_278t_2026_05_08_equity,2896,CARS COM INC,sale,2026-02-26,2026-05-12,1001.0,15000.0,equity,CARS,trump_278t_2026_05_08_equity.pdf
371cca4754e4,Donald Trump,trump_278t_2026_05_08_equity,2899,I S&o Global Inc Com Sollcllod Ordor DlscreUon Exordsod,sale,2026-03-06,2026-05-12,1001.0,15000.0,equity,,trump_278t_2026_05_08_equity.pdf
bcaef427d83c,Donald Trump,trump_278t_2026_05_08_equity,2900,KONTOOR BRANDS INC,purchase,2026-01-26,2026-05-12,1001.0,15000.0,equity,KTB,trump_278t_2026_05_08_equity.pdf
086d4b4915b5,Donald Trump,trump_278t_2026_05_08_equity,2901,MASTERBRAND INC,purchase,2026-02-26,2026-05-12,1001.0,15000.0,equity,MBC,trump_278t_2026_05_08_equity.pdf
00a1ba4e6cf6,Donald Trump,trump_278t_2026_05_08_equity,2902,SAMSARA INC CLASS A,sale,2026-02-12,2026-05-12,1001.0,15000.0,equity,IOT,trump_278t_2026_05_08_equity.pdf
0b77d8d015f6,Donald Trump,trump_278t_2026_05_08_equity,2903,MARA HLDGS INC,sale,2026-02-26,2026-05-12,1001.0,15000.0,equity,,trump_278t_2026_05_08_equity.pdf
601797835de5,Donald Trump,trump_278t_2026_05_08_equity,2904,MGE ENERGY INC,sale,2026-01-26,2026-05-12,1001.0,15000.0,equity,MGEE,trump_278t_2026_05_08_equity.pdf
75087cca3b32,Donald Trump,trump_278t_2026_05_08_equity,2905,MGE ENERGY INC,sale,2026-02-26,2026-05-12,1001.0,15000.0,equity,MGEE,trump_278t_2026_05_08_equity.pdf
0b30c1140344,Donald Trump,trump_278t_2026_05_08_equity,2906,SEZZI.E INC,sale,2026-03-30,2026-05-12,1001.0,15000.0,equity,,trump_278t_2026_05_08_equity.pdf
33f42233bb82,Donald Trump,trump_278t_2026_05_08_equity,2907,ln11Jlt Com Sollcltod Ordor Dlsautlon Exordsod,sale,2026-03-06,2026-05-12,1001.0,15000.0,other,,trump_278t_2026_05_08_equity.pdf
583341bbe6cd,Donald Trump,trump_278t_2026_05_08_equity,2908,0-1 GLASS INC,sale,2026-03-30,2026-05-12,1001.0,15000.0,equity,,trump_278t_2026_05_08_equity.pdf
55b8067116c6,Donald Trump,trump_278t_2026_05_08_equity,2909,STERIS PLCF,sale,2026-02-12,2026-05-12,1001.0,15000.0,other,,trump_278t_2026_05_08_equity.pdf
c265a7629c53,Donald Trump,trump_278t_2026_05_08_equity,2910,VARONIS SYS INC,sale,2026-02-12,2026-05-12,1001.0,15000.0,equity,VRNS,trump_278t_2026_05_08_equity.pdf
5689f9c5e0b2,Donald Trump,trump_278t_2026_05_08_equity,2911,Jacob- SoluUons Inc Com Solldtod Ordor DlscroUon Exorcilod,sale,2026-03-27,2026-05-12,15001.0,50000.0,equity,J,trump_278t_2026_05_08_equity.pdf
481afd2ca2d2,Donald Trump,trump_278t_2026_05_08_equity,2912,YELP INC,sale,2026-02-26,2026-05-12,15001.0,50000.0,equity,YELP,trump_278t_2026_05_08_equity.pdf
37abc3aca826,Donald Trump,trump_278t_2026_05_08_equity,2913,ELLINGTON FINL INC REIT,sale,2026-03-30,2026-05-12,,1500150000.0,reit,,trump_278t_2026_05_08_equity.pdf
e6867bbb5e15,Donald Trump,trump_278t_2026_05_08_equity,2914,GIBRALTAR INDS INC,sale,2026-02-26,2026-05-12,,,equity,ROCK,trump_278t_2026_05_08_equity.pdf
4516f17f1029,Donald Trump,trump_278t_2026_05_08_equity,2915,LCI INOS,sale,2026-02-26,2026-05-12,,,other,,trump_278t_2026_05_08_equity.pdf
2783bd8d0eb0,Donald Trump,trump_278t_2026_05_08_equity,2916,DAVE & BUSTERS ENTMT INC,sale,2026-03-23,2026-05-12,15001.0,50000.0,equity,PLAY,trump_278t_2026_05_08_equity.pdf
71fad9892c89,Donald Trump,trump_278t_2026_05_08_equity,2917,ln11Jltlvo Surolcnl Inc Corn Now Sollc:lled Ordor OIICRltlon Exordsod,purchase,2026-03-06,2026-05-12,15001.0,50000.0,equity,,trump_278t_2026_05_08_equity.pdf
c2aa053f78ed,Donald Trump,trump_278t_2026_05_08_equity,2918,GATES INCL CORP PLC F,purchase,2026-03-30,2026-05-12,15001.0,50000.0,equity,GTES,trump_278t_2026_05_08_equity.pdf
9dd2a56a6316,Donald Trump,trump_278t_2026_05_08_equity,2919,ACM RESH INC CLASS A,sale,2026-02-26,2026-05-12,15001.0,50000.0,equity,,trump_278t_2026_05_08_equity.pdf
c5595a6f4f1a,Donald Trump,trump_278t_2026_05_08_equity,2920,PENN ENTMT INC,sale,2026-01-26,2026-05-12,15001.0,50000.0,equity,,trump_278t_2026_05_08_equity.pdf
7a76ecff2abc,Donald Trump,trump_278t_2026_05_08_equity,2921,ICU MED INC,sale,2026-02-26,2026-05-12,15001.0,50000.0,equity,ICUI,trump_278t_2026_05_08_equity.pdf
af7467307787,Donald Trump,trump_278t_2026_05_08_equity,2922,CHAMPION HOMES INC,sale,2026-03-30,2026-05-12,15001.0,50000.0,equity,SKY,trump_278t_2026_05_08_equity.pdf
25b279db69e9,Donald Trump,trump_278t_2026_05_08_equity,2924,lWO HARBORS INVESTME,sale,2026-02-26,2026-05-12,15001.0,50000.0,other,,trump_278t_2026_05_08_equity.pdf
478c6d1c235e,Donald Trump,trump_278t_2026_05_08_equity,2956,HOME DEPOT INC,sale,2026-03-21,2026-05-12,15001.0,,equity,HD,trump_278t_2026_05_08_equity.pdf
15c1ae2b29fa,Donald Trump,trump_278t_2026_05_08_equity,2957,Cllcltal Ono Finl Com Corn Sollcllod Order Dlscrotlon Exordsed,sale,2026-03-21,2026-05-12,15001.0,50000.0,other,,trump_278t_2026_05_08_equity.pdf
6c292abe9503,Donald Trump,trump_278t_2026_05_08_equity,2958,LUMEN TECHNOLOGIES INC,purchase,2026-03-01,2026-05-12,15001.0,50000.0,equity,LUMN,trump_278t_2026_05_08_equity.pdf
4865183cd56b,Donald Trump,trump_278t_2026_05_08_equity,2990,0 REILLY AUTOMOTIVE INC,sale,2026-03-18,2026-05-12,15001.0,50000.0,equity,,trump_278t_2026_05_08_equity.pdf
a42882f41416,Donald Trump,trump_278t_2026_05_08_equity,2991,BERKSHIRE HATHAWAY CLASS B,sale,2026-03-26,2026-05-12,15001.0,50000.0,equity,BRK-B,trump_278t_2026_05_08_equity.pdf
f1783bc365c9,Donald Trump,trump_278t_2026_05_08_equity,2992,COMSTOCK RES INC,sale,2026-02-26,2026-05-12,15001.0,50000.0,equity,CRK,trump_278t_2026_05_08_equity.pdf
bdca32ca9d1d,Donald Trump,trump_278t_2026_05_08_equity,2993,EMPLOYERS HLDGS INC,sale,2026-03-30,2026-05-12,15001.0,50000.0,equity,EIG,trump_278t_2026_05_08_equity.pdf
fb9d65161759,Donald Trump,trump_278t_2026_05_08_equity,2994,BANNER CORP,sale,2026-03-30,2026-05-12,15001.0,50000.0,equity,BANR,trump_278t_2026_05_08_equity.pdf
9d05e4c87359,Donald Trump,trump_278t_2026_05_08_equity,2995,"Coanl7anl Tochnoloav Solutions Cori, Cl A Solicited Ordor Olscrotlon Exorcised AYO""""""' Unit Price Transaction Your Brokor Aclod ,... """"""""t",sale,2026-03-27,2026-05-12,15001.0,50000.0,other,,trump_278t_2026_05_08_equity.pdf
a45f0e953ad7,Donald Trump,trump_278t_2026_05_08_equity,2996,BREAD FINL HOLDINGS,sale,2026-03-30,2026-05-12,15001.0,50000.0,other,,trump_278t_2026_05_08_equity.pdf
70e3ef503778,Donald Trump,trump_278t_2026_05_08_equity,2997,UPBOUND GROUP INC,sale,2026-03-30,2026-05-12,15001.0,50000.0,equity,UPBD,trump_278t_2026_05_08_equity.pdf
02374d50aa78,Donald Trump,trump_278t_2026_05_08_equity,2999,CERTARAINC,sale,2026-02-26,2026-05-12,15001.0,50000.0,other,,trump_278t_2026_05_08_equity.pdf
aaf0c44a4857,Donald Trump,trump_278t_2026_05_08_equity,3000,PROCTER & GAMBLE CO,sale,2026-03-26,2026-05-12,15001.0,50000.0,other,,trump_278t_2026_05_08_equity.pdf
e0a8558c88e0,Donald Trump,trump_278t_2026_05_08_equity,3001,JPMORGAN CHASE & CO,sale,2026-01-22,2026-05-12,15001.0,50000.0,equity,JPM,trump_278t_2026_05_08_equity.pdf
9556a5e07550,Donald Trump,trump_278t_2026_05_08_equity,3002,CSG SYS INTl INC,purchase,2026-03-30,2026-05-12,15001.0,50000.0,equity,,trump_278t_2026_05_08_equity.pdf
06b47f8aa7d5,Donald Trump,trump_278t_2026_05_08_equity,3003,EMBECTA CORP,sale,2026-01-26,2026-05-12,15001.0,50000.0,equity,EMBC,trump_278t_2026_05_08_equity.pdf
ee54f4ecaf4f,Donald Trump,trump_278t_2026_05_08_equity,3004,SCHROOINGER INC,purchase,2026-02-21,2026-05-12,15001.0,50000.0,equity,,trump_278t_2026_05_08_equity.pdf
b870a0fc0a9c,Donald Trump,trump_278t_2026_05_08_equity,3005,ZILLOW GROUP INC CLASS C,sale,2026-01-12,2026-05-12,15001.0,50000.0,equity,ZG,trump_278t_2026_05_08_equity.pdf
a71279db8acb,Donald Trump,trump_278t_2026_05_08_equity,3006,FLUTTER ENTMT PLC F,sale,2026-01-12,2026-05-12,15001.0,50000.0,equity,FLUT,trump_278t_2026_05_08_equity.pdf
9865b3bcf15a,Donald Trump,trump_278t_2026_05_08_equity,3007,SPRINKLR INC CLASS A,sale,2026-01-26,2026-05-12,15001.0,50000.0,equity,CXM,trump_278t_2026_05_08_equity.pdf
d2d0d8d611c4,Donald Trump,trump_278t_2026_05_08_equity,3006,SUPER MICRO COMPUTER INC COM NEW,purchase,2026-03-17,2026-05-12,15001.0,50000.0,equity,SMCI,trump_278t_2026_05_08_equity.pdf
5f8088c8f7ac,Donald Trump,trump_278t_2026_05_08_equity,3009,CHENIERE ENERGY INC,sale,2026-01-12,2026-05-12,15001.0,50000.0,equity,LNG,trump_278t_2026_05_08_equity.pdf
3c897b3c44d8,Donald Trump,trump_278t_2026_05_08_equity,3010,LEIDOS HLDGS INC,sale,2026-01-12,2026-05-12,15001.0,50000.0,equity,LDOS,trump_278t_2026_05_08_equity.pdf
24132e88a747,Donald Trump,trump_278t_2026_05_08_equity,3011,AMERICAN ASSETS TR INC REIT,purchase,2026-01-26,2026-05-12,15001.0,50000.0,reit,AAT,trump_278t_2026_05_08_equity.pdf
8cba042bf189,Donald Trump,trump_278t_2026_05_08_equity,3012,DICKS SPORTING GOODS INC,sale,2026-02-12,2026-05-12,15001.0,50000.0,equity,,trump_278t_2026_05_08_equity.pdf
18d3ffd1ccfc,Donald Trump,trump_278t_2026_05_08_equity,3013,PAYCOM SOFlWARE INC,sale,2026-03-30,2026-05-12,15001.0,50000.0,equity,PAYC,trump_278t_2026_05_08_equity.pdf
0d5f8ee6f923,Donald Trump,trump_278t_2026_05_08_equity,3014,EMBECTA CORP,purchase,2026-03-30,2026-05-12,15001.0,50000.0,equity,EMBC,trump_278t_2026_05_08_equity.pdf
2e38742e32bd,Donald Trump,trump_278t_2026_05_08_equity,3015,CARMAXINC,sale,2026-03-30,2026-05-12,15001.0,50000.0,other,,trump_278t_2026_05_08_equity.pdf
ee5c5c55cc6c,Donald Trump,trump_278t_2026_05_08_equity,2989,TRIPAOVISOR INC,sale,2026-02-26,2026-05-12,15001.0,50000.0,equity,,trump_278t_2026_05_08_equity.pdf
e4173c9c457c,Donald Trump,trump_278t_2026_05_08_equity,2988,STRIDE INC,sale,2026-03-30,2026-05-12,15001.0,50000.0,equity,LRN,trump_278t_2026_05_08_equity.pdf
1fabab2abac4,Donald Trump,trump_278t_2026_05_08_equity,2616,EQUITABLE HLDGS INC,purchase,2026-01-17,2026-05-12,1001.0,15000.0,equity,,trump_278t_2026_05_08_equity.pdf
a91975bf5f1b,Donald Trump,trump_278t_2026_05_08_equity,2986,LIQUIDITY SVCS INC,sale,2026-03-30,2026-05-12,15001.0,50000.0,equity,LQDT,trump_278t_2026_05_08_equity.pdf
480011ac4136,Donald Trump,trump_278t_2026_05_08_equity,2959,MARVELL TECHNOLOGY INC,sale,2026-01-21,2026-05-12,15001.0,50000.0,equity,MRVL,trump_278t_2026_05_08_equity.pdf
fd15dda51212,Donald Trump,trump_278t_2026_05_08_equity,2960,ARMOUR RESIDENTIAL REIT,sale,2026-03-01,2026-05-12,15001.0,50000.0,other,,trump_278t_2026_05_08_equity.pdf
da208dc29bcf,Donald Trump,trump_278t_2026_05_08_equity,2961,ENOVA INTL INC,purchase,2026-03-01,2026-05-12,15001.0,50000.0,equity,ENVA,trump_278t_2026_05_08_equity.pdf
ac36a9d8a737,Donald Trump,trump_278t_2026_05_08_equity,2962,Blackstono Inc Com Solk:ltod Order Dltcretion Exordsed,purchase,2026-03-21,2026-05-12,15001.0,50000.0,equity,,trump_278t_2026_05_08_equity.pdf
8cf98f95c1fc,Donald Trump,trump_278t_2026_05_08_equity,2963,G.....i MIiis Inc Corn Sollcltad Order Dlsaotlon Exon:lsod,sale,2026-03-21,2026-05-12,15001.0,50000.0,equity,,trump_278t_2026_05_08_equity.pdf
014d58374fc5,Donald Trump,trump_278t_2026_05_08_equity,2964,WINGSTOP INC,purchase,2026-03-18,2026-05-12,15001.0,50000.0,equity,WING,trump_278t_2026_05_08_equity.pdf
eb48b99ed603,Donald Trump,trump_278t_2026_05_08_equity,2965,COGNIZANT TECHNOLOGY SOL CLASS A,sale,2026-03-18,2026-05-12,15001.0,50000.0,equity,CTSH,trump_278t_2026_05_08_equity.pdf
98efcb8a343b,Donald Trump,trump_278t_2026_05_08_equity,2966,Oh Corn SoiJcllod Order Dlsaetlon Exordsod,sale,2026-03-21,2026-05-12,15001.0,50000.0,other,,trump_278t_2026_05_08_equity.pdf
2ccf849ace48,Donald Trump,trump_278t_2026_05_08_equity,2967,BANC CALIF INC,sale,2026-03-01,2026-05-12,15001.0,50000.0,equity,,trump_278t_2026_05_08_equity.pdf
5a3843774ced,Donald Trump,trump_278t_2026_05_08_equity,2968,GLOBAL PMTS INC,sale,2026-01-21,2026-05-12,15001.0,,equity,,trump_278t_2026_05_08_equity.pdf
6954611e3b80,Donald Trump,trump_278t_2026_05_08_equity,2969,"DI"""""""" Wa~ Co Dlanov Com AYO""""""' Unit Price Tn,noacllon Your Broker Aclod ,... Aaont",sale,2026-03-27,2026-05-12,15001.0,50000.0,other,,trump_278t_2026_05_08_equity.pdf
542ef7a7681e,Donald Trump,trump_278t_2026_05_08_equity,2970,ESABCORP,sale,2026-03-18,2026-05-12,15001.0,50000.0,other,,trump_278t_2026_05_08_equity.pdf
39589db6883b,Donald Trump,trump_278t_2026_05_08_equity,2896,CSG SYS INTL INC,purchase,2026-02-26,2026-05-12,1001.0,15000.0,equity,,trump_278t_2026_05_08_equity.pdf
5647e58cdad2,Donald Trump,trump_278t_2026_05_08_equity,2971,ProctDr & Gambia Co Com Sollc:llod Order DlacreUon Exortlsed,sale,2026-03-06,2026-05-12,15001.0,50000.0,other,,trump_278t_2026_05_08_equity.pdf
20e977de6f22,Donald Trump,trump_278t_2026_05_08_equity,2973,ULTRA CLEAN HLDGS INC,sale,2026-03-30,2026-05-12,15001.0,50000.0,equity,UCTT,trump_278t_2026_05_08_equity.pdf
dd6baca178f7,Donald Trump,trump_278t_2026_05_08_equity,2974,Cloudllllro Inc Cl A Sollc:llod Ordor OlscroUon Exorclaod,sale,2026-03-27,2026-05-12,15001.0,50000.0,equity,,trump_278t_2026_05_08_equity.pdf
d50c816cfd37,Donald Trump,trump_278t_2026_05_08_equity,2975,MERCHANTS BANCORP IND,sale,2026-02-26,2026-05-12,15001.0,50000.0,other,,trump_278t_2026_05_08_equity.pdf
80570cd0b7bb,Donald Trump,trump_278t_2026_05_08_equity,2976,MARTEN TRANS LTD,sale,2026-03-30,2026-05-12,15001.0,50000.0,other,,trump_278t_2026_05_08_equity.pdf
0799c924424e,Donald Trump,trump_278t_2026_05_08_equity,2978,NTNL BK HLDGS CORP A CLASS A,sale,2026-03-30,2026-05-12,15001.0,50000.0,equity,,trump_278t_2026_05_08_equity.pdf
53b5497531f1,Donald Trump,trump_278t_2026_05_08_equity,2979,UNITED CMNTY BK BLAIRSV1,sale,2026-03-30,2026-05-12,15001.0,50000.0,other,,trump_278t_2026_05_08_equity.pdf
8695b2f9aa6d,Donald Trump,trump_278t_2026_05_08_equity,2980,N-AIILE INC,purchase,2026-02-26,2026-05-12,15001.0,50000.0,equity,,trump_278t_2026_05_08_equity.pdf
8c0661c99630,Donald Trump,trump_278t_2026_05_08_equity,2981,VISA INC CLASS A,sale,2026-01-21,2026-05-12,15001.0,50000.0,equity,V,trump_278t_2026_05_08_equity.pdf
9f8779f4c257,Donald Trump,trump_278t_2026_05_08_equity,2982,RADIAN GROUP INC,sale,2026-03-30,2026-05-12,15001.0,50000.0,equity,RDN,trump_278t_2026_05_08_equity.pdf
5fa2700c3c39,Donald Trump,trump_278t_2026_05_08_equity,2983,KINSALE CAP GROUP INC,sale,2026-03-18,2026-05-12,15001.0,50000.0,equity,KNSL,trump_278t_2026_05_08_equity.pdf
4f8d67a1f42e,Donald Trump,trump_278t_2026_05_08_equity,2984,TELEFLEX INC,sale,2026-03-30,2026-05-12,15001.0,50000.0,equity,TFX,trump_278t_2026_05_08_equity.pdf
f6b779a3a1e8,Donald Trump,trump_278t_2026_05_08_equity,2985,RXOINC,sale,2026-03-30,2026-05-12,15001.0,50000.0,other,,trump_278t_2026_05_08_equity.pdf
a82d24b19aca,Donald Trump,trump_278t_2026_05_08_equity,2972,CHEESECAKE FACTORY INC,sale,2026-03-30,2026-05-12,15001.0,50000.0,equity,CAKE,trump_278t_2026_05_08_equity.pdf
1427b0de375f,Donald Trump,trump_278t_2026_05_08_equity,2615,CAL MAINE FOODS INC,purchase,2026-02-26,2026-05-12,1001.0,15000.0,equity,CALM,trump_278t_2026_05_08_equity.pdf
aac25c113218,Donald Trump,trump_278t_2026_05_08_equity,2522,GEN PACT LT O F,sale,2026-03-26,2026-05-12,1001.0,15000.0,other,,trump_278t_2026_05_08_equity.pdf
abe8973727a7,Donald Trump,trump_278t_2026_05_08_equity,2613,CROWDSTRIKE HLDGS INC CLASS A,purchase,2026-02-12,2026-05-12,1001.0,15000.0,equity,CRWD,trump_278t_2026_05_08_equity.pdf
d6bfa18e40c2,Donald Trump,trump_278t_2026_05_08_equity,2261,COSTAR GROUP INC,purchase,2026-03-26,2026-05-12,1001.0,15000.0,equity,CSGP,trump_278t_2026_05_08_equity.pdf
5b498c403e23,Donald Trump,trump_278t_2026_05_08_equity,2262,BOOZ ALLEN HAMILTON HLDG Cl.ASS A,purchase,2026-01-21,2026-05-12,1001.0,15000.0,other,,trump_278t_2026_05_08_equity.pdf
3461d197c91b,Donald Trump,trump_278t_2026_05_08_equity,2263,ERIE INDTY CO Cl.ASS A,purchase,2026-02-23,2026-05-12,1001.0,15000.0,other,,trump_278t_2026_05_08_equity.pdf
a7bc2a2beb21,Donald Trump,trump_278t_2026_05_08_equity,2264,GUIDEWIRE SOFlWARE INC,purchase,2026-01-12,2026-05-12,1001.0,15000.0,equity,GWRE,trump_278t_2026_05_08_equity.pdf
041df03102eb,Donald Trump,trump_278t_2026_05_08_equity,2265,ROCKET LAB CORP Cl.ASS A,purchase,2026-01-21,2026-05-12,1001.0,15000.0,equity,RKLB,trump_278t_2026_05_08_equity.pdf
b71c47803a9c,Donald Trump,trump_278t_2026_05_08_equity,2266,GODAODY INC CLASS A,purchase,2026-01-12,2026-05-12,1001.0,15000.0,equity,,trump_278t_2026_05_08_equity.pdf
cb1cbfe02718,Donald Trump,trump_278t_2026_05_08_equity,2267,. BLUE OWL CAPITAL INC CL A,purchase,2026-03-04,2026-05-12,1001.0,15000.0,equity,,trump_278t_2026_05_08_equity.pdf
864f8f8a0c07,Donald Trump,trump_278t_2026_05_08_equity,2266,LUMENTIJM HLDGS INC,purchase,2026-02-12,2026-05-12,1001.0,15000.0,equity,,trump_278t_2026_05_08_equity.pdf
238ed26b6a94,Donald Trump,trump_278t_2026_05_08_equity,2269,ATLASSIAN CORP CLASS A,purchase,2026-01-12,2026-05-12,1001.0,15000.0,equity,TEAM,trump_278t_2026_05_08_equity.pdf
c61a2e5df141,Donald Trump,trump_278t_2026_05_08_equity,2270,ROB LOX CORP Cl.ASS A,purchase,2026-01-21,2026-05-12,1001.0,15000.0,equity,,trump_278t_2026_05_08_equity.pdf
29378b715a21,Donald Trump,trump_278t_2026_05_08_equity,2271,AMERIPRISE FINL INC,purchase,2026-02-12,2026-05-12,1001.0,15000.0,equity,AMP,trump_278t_2026_05_08_equity.pdf
f20852362276,Donald Trump,trump_278t_2026_05_08_equity,2272,PAYCHEX INC,purchase,2026-03-26,2026-05-12,1001.0,15000.0,equity,PAYX,trump_278t_2026_05_08_equity.pdf
6af20c9dd0ff,Donald Trump,trump_278t_2026_05_08_equity,2273,KINSALE CAP GROUP INC,purchase,2026-03-21,2026-05-12,1001.0,15000.0,equity,KNSL,trump_278t_2026_05_08_equity.pdf
02c0beb89e08,Donald Trump,trump_278t_2026_05_08_equity,2274,LIBERTY BROADBAND CORP Cl.ASS SERIES C,purchase,2026-02-23,2026-05-12,1001.0,15000.0,equity,,trump_278t_2026_05_08_equity.pdf
6a868faedfac,Donald Trump,trump_278t_2026_05_08_equity,2276,GRAPHIC PACKAGING HLDG C,purchase,2026-02-23,2026-05-12,1001.0,1000.0,other,,trump_278t_2026_05_08_equity.pdf
df8c83f9c00b,Donald Trump,trump_278t_2026_05_08_equity,2277,GEN DIGITAL INC,purchase,2026-01-12,2026-05-12,1001.0,1000.0,equity,GEN,trump_278t_2026_05_08_equity.pdf
3c6b3abc9a14,Donald Trump,trump_278t_2026_05_08_equity,2278,ABBVIEINC,purchase,2026-03-21,2026-05-12,1001.0,1000.0,other,,trump_278t_2026_05_08_equity.pdf
fb45e7cccb51,Donald Trump,trump_278t_2026_05_08_equity,2279,GLOBAL PMTS INC,purchase,2026-02-23,2026-05-12,1001.0,1000.0,equity,,trump_278t_2026_05_08_equity.pdf
a5c08312b1d2,Donald Trump,trump_278t_2026_05_08_equity,2280,SNAP INC CLASS A,purchase,2026-01-21,2026-05-12,1001.0,1000.0,equity,SNAP,trump_278t_2026_05_08_equity.pdf
62ddb5276a20,Donald Trump,trump_278t_2026_05_08_equity,2281,GITLAB INC CLASS A,purchase,2026-01-21,2026-05-12,1001.0,1000.0,equity,GTLB,trump_278t_2026_05_08_equity.pdf
ee2d02880546,Donald Trump,trump_278t_2026_05_08_equity,2262,RYAN SPECIALTY HOLDINGS CLASS A,purchase,2026-01-12,2026-05-12,1001.0,15000.0,equity,RYAN,trump_278t_2026_05_08_equity.pdf
2c6fa7f31320,Donald Trump,trump_278t_2026_05_08_equity,2283,COMMVAULT SYS INC,purchase,2026-02-23,2026-05-12,1001.0,15000.0,equity,CVLT,trump_278t_2026_05_08_equity.pdf
b81572bcf3cf,Donald Trump,trump_278t_2026_05_08_equity,2284,GENERAL MILLS INC,purchase,2026-02-23,2026-05-12,1001.0,1000.0,equity,GIS,trump_278t_2026_05_08_equity.pdf
d05c79395428,Donald Trump,trump_278t_2026_05_08_equity,2286,ALEXANDRIA REAL ESTATE E REIT,purchase,2026-02-23,2026-05-12,1001.0,1000.0,other,,trump_278t_2026_05_08_equity.pdf
ca05ac806ef0,Donald Trump,trump_278t_2026_05_08_equity,2288,TRANSUNION,purchase,2026-01-12,2026-05-12,1001.0,1000.0,other,,trump_278t_2026_05_08_equity.pdf
2986b9c6daba,Donald Trump,trump_278t_2026_05_08_equity,2259,HUBSPOTINC,purchase,2026-01-21,2026-05-12,1001.0,15000.0,other,,trump_278t_2026_05_08_equity.pdf
6bba0a8ec00d,Donald Trump,trump_278t_2026_05_08_equity,2289,CHIPOTLE MEXICAN GRILL I,purchase,2026-02-23,2026-05-12,1001.0,1000.0,equity,CMG,trump_278t_2026_05_08_equity.pdf
2feee63cd56f,Donald Trump,trump_278t_2026_05_08_equity,2258,SAMSARA INC Cl.ASS A,purchase,2026-01-21,2026-05-12,1001.0,15000.0,equity,IOT,trump_278t_2026_05_08_equity.pdf
77bf06e9c721,Donald Trump,trump_278t_2026_05_08_equity,2256,KINSALE CAP GROUP INC l,purchase,2026-01-21,2026-05-12,1001.0,15000.0,equity,KNSL,trump_278t_2026_05_08_equity.pdf
f1eddadd7fda,Donald Trump,trump_278t_2026_05_08_equity,2220,OOXIMITY INC CLASS A,purchase,2026-02-12,2026-05-12,1001.0,15000.0,equity,,trump_278t_2026_05_08_equity.pdf
981a358643fe,Donald Trump,trump_278t_2026_05_08_equity,2221,CHUBBLTDF,purchase,2026-01-17,2026-05-12,1001.0,15000.0,other,,trump_278t_2026_05_08_equity.pdf
f3b51099c27c,Donald Trump,trump_278t_2026_05_08_equity,2223,lliE CIGNA GROUP,purchase,2026-01-17,2026-05-12,1001.0,15000.0,other,,trump_278t_2026_05_08_equity.pdf
4e890fc825f3,Donald Trump,trump_278t_2026_05_08_equity,2224,EXLSERVICE HLDGS INC,purchase,2026-02-12,2026-05-12,1001.0,15000.0,equity,EXLS,trump_278t_2026_05_08_equity.pdf
d7fa4a7a2dcf,Donald Trump,trump_278t_2026_05_08_equity,2225,GARTNER INC,purchase,2026-02-23,2026-05-12,1001.0,15000.0,equity,IT,trump_278t_2026_05_08_equity.pdf
b2bc624794e7,Donald Trump,trump_278t_2026_05_08_equity,2226,PHILIP MORRIS INTL INC,purchase,2026-03-26,2026-05-12,1001.0,15000.0,equity,PM,trump_278t_2026_05_08_equity.pdf
bb2599b1c770,Donald Trump,trump_278t_2026_05_08_equity,2227,BOSTON SCIENTIFIC CORP,purchase,2026-01-12,2026-05-12,1001.0,15000.0,equity,BSX,trump_278t_2026_05_08_equity.pdf
4b8fb6372b22,Donald Trump,trump_278t_2026_05_08_equity,2228,ROBLOX CORP CLASS A,purchase,2026-01-28,2026-05-12,1001.0,15000.0,equity,RBLX,trump_278t_2026_05_08_equity.pdf
839dfc9dc68f,Donald Trump,trump_278t_2026_05_08_equity,2231,MID-AMER APT CMNTYS INC REIT,purchase,2026-01-28,2026-05-12,1001.0,15000.0,reit,,trump_278t_2026_05_08_equity.pdf
7071fea45405,Donald Trump,trump_278t_2026_05_08_equity,2232,CBRE GROUP INC CLASS A,purchase,2026-03-28,2026-05-12,1001.0,15000.0,equity,CBRE,trump_278t_2026_05_08_equity.pdf
c56b094b1765,Donald Trump,trump_278t_2026_05_08_equity,2233,DUOLINGO INC CLASS A,purchase,2026-02-23,2026-05-12,1001.0,15000.0,equity,DUOL,trump_278t_2026_05_08_equity.pdf
79c74f010a02,Donald Trump,trump_278t_2026_05_08_equity,2234,AURORA INNOVATION INC CLASS A,purchase,2026-02-21,2026-05-12,1001.0,15000.0,equity,AUR,trump_278t_2026_05_08_equity.pdf
9833e9528ba9,Donald Trump,trump_278t_2026_05_08_equity,2235,AXON ENTERPRISE INC,purchase,2026-01-17,2026-05-12,1001.0,15000.0,equity,AXON,trump_278t_2026_05_08_equity.pdf
111eeea99108,Donald Trump,trump_278t_2026_05_08_equity,2236,DOXIMITY INC CLASS A,purchase,2026-02-23,2026-05-12,1001.0,15000.0,equity,DOCS,trump_278t_2026_05_08_equity.pdf
65090a4939b7,Donald Trump,trump_278t_2026_05_08_equity,2237,THERMO FISHER SCIENTIFIC,purchase,2026-02-12,2026-05-12,1001.0,15000.0,other,,trump_278t_2026_05_08_equity.pdf
b494b5c31b28,Donald Trump,trump_278t_2026_05_08_equity,2238,SANDISK CORP,purchase,2026-02-12,2026-05-12,1001.0,15000.0,equity,SNDK,trump_278t_2026_05_08_equity.pdf
12a5c2a2ee02,Donald Trump,trump_278t_2026_05_08_equity,2239,CROWN CASTLE INC REIT REIT,purchase,2026-01-21,2026-05-12,1001.0,15000.0,reit,CCI,trump_278t_2026_05_08_equity.pdf
f392bfa075dc,Donald Trump,trump_278t_2026_05_08_equity,2240,CROWN CASTLE INC REIT REIT,purchase,2026-02-12,2026-05-12,1001.0,15000.0,reit,CCI,trump_278t_2026_05_08_equity.pdf
1fc07853ec97,Donald Trump,trump_278t_2026_05_08_equity,2241,OMNICOM GROUP INC,purchase,2026-01-21,2026-05-12,1001.0,15000.0,equity,OMC,trump_278t_2026_05_08_equity.pdf
bc32d4163761,Donald Trump,trump_278t_2026_05_08_equity,2242,PAYPAL HLDGS INC,purchase,2026-01-12,2026-05-12,1001.0,15000.0,equity,PYPL,trump_278t_2026_05_08_equity.pdf
bbf94e4da387,Donald Trump,trump_278t_2026_05_08_equity,2243,VEEVA SYS INC Cl.ASS A I,purchase,2026-03-26,2026-05-12,1001.0,15000.0,equity,VEEV,trump_278t_2026_05_08_equity.pdf
893700d861d1,Donald Trump,trump_278t_2026_05_08_equity,2250,SMURFIT WESTROCK PLC F,purchase,2026-02-12,2026-05-12,1001.0,15000.0,equity,SW,trump_278t_2026_05_08_equity.pdf
22d459817412,Donald Trump,trump_278t_2026_05_08_equity,2252,TAKE-lWO INTERACTIVE SOFlWARE INC,purchase,2026-01-23,2026-05-12,1001.0,15000.0,equity,,trump_278t_2026_05_08_equity.pdf
f3de44e12fc8,Donald Trump,trump_278t_2026_05_08_equity,2254,INTERNTNL PAPER CO I,purchase,2026-03-26,2026-05-12,1001.0,15000.0,other,,trump_278t_2026_05_08_equity.pdf
05edef39412f,Donald Trump,trump_278t_2026_05_08_equity,2255,TAKE-lWO INTERACTIVE SOFlWARE INC I,purchase,2026-02-19,2026-05-12,1001.0,15000.0,equity,,trump_278t_2026_05_08_equity.pdf
76a13fc5c211,Donald Trump,trump_278t_2026_05_08_equity,2257,RYAN SPECIALT Y HOLDINGS Cl.ASS A I,purchase,2026-01-21,2026-05-12,1001.0,15000.0,other,,trump_278t_2026_05_08_equity.pdf
e8e58ea25fba,Donald Trump,trump_278t_2026_05_08_equity,2219,SAILPOINT INC,purchase,2026-02-21,2026-05-12,1001.0,15000.0,equity,SAIL,trump_278t_2026_05_08_equity.pdf
187502d98377,Donald Trump,trump_278t_2026_05_08_equity,2290,NUTANIX INC CLASS A,purchase,2026-01-12,2026-05-12,1001.0,1000.0,equity,NTNX,trump_278t_2026_05_08_equity.pdf
db33e0cda816,Donald Trump,trump_278t_2026_05_08_equity,2292,DRAFTKINGS INC NEW CLASS A,purchase,2026-01-21,2026-05-12,1001.0,1000.0,equity,DKNG,trump_278t_2026_05_08_equity.pdf
256c3c3b8136,Donald Trump,trump_278t_2026_05_08_equity,2323,QUALCOMM INC,purchase,2026-03-26,2026-05-12,1001.0,15000.0,equity,QCOM,trump_278t_2026_05_08_equity.pdf
7746accfd45b,Donald Trump,trump_278t_2026_05_08_equity,2324,RYAN SPECIALTY HOLDINGS CLASS A,purchase,2026-01-26,2026-05-12,1001.0,15000.0,equity,RYAN,trump_278t_2026_05_08_equity.pdf
a0475b9ad4ca,Donald Trump,trump_278t_2026_05_08_equity,2326,HORMEL FOODS CORP,purchase,2026-01-28,2026-05-12,1001.0,15000.0,equity,HRL,trump_278t_2026_05_08_equity.pdf
c3697f13d2ae,Donald Trump,trump_278t_2026_05_08_equity,2327,SMURFIT WESTROCK PLC F,purchase,2026-03-26,2026-05-12,1001.0,15000.0,equity,SW,trump_278t_2026_05_08_equity.pdf
5606d8373419,Donald Trump,trump_278t_2026_05_08_equity,2328,KENVUEINC,purchase,2026-03-26,2026-05-12,1001.0,15000.0,other,,trump_278t_2026_05_08_equity.pdf
f7af679baac9,Donald Trump,trump_278t_2026_05_08_equity,2329,PPGINDSINC,purchase,2026-03-26,2026-05-12,1001.0,15000.0,other,,trump_278t_2026_05_08_equity.pdf
e50b0ee22599,Donald Trump,trump_278t_2026_05_08_equity,2330,GENUINE PARTS CO,purchase,2026-03-26,2026-05-12,1001.0,15000.0,other,,trump_278t_2026_05_08_equity.pdf
0a11b0b125fc,Donald Trump,trump_278t_2026_05_08_equity,2331,BLOCK INC A CLASS A,purchase,2026-01-26,2026-05-12,1001.0,15000.0,equity,,trump_278t_2026_05_08_equity.pdf
0a3da23e5947,Donald Trump,trump_278t_2026_05_08_equity,2332,POOL CORP,purchase,2026-03-21,2026-05-12,1001.0,15000.0,equity,POOL,trump_278t_2026_05_08_equity.pdf
838b2cade5b5,Donald Trump,trump_278t_2026_05_08_equity,2333,EQUITY RESIDENTIAL REIT,purchase,2026-03-21,2026-05-12,1001.0,15000.0,other,,trump_278t_2026_05_08_equity.pdf
11e5ec5c6e7e,Donald Trump,trump_278t_2026_05_08_equity,2334,ALTRIA GROUP INC,purchase,2026-03-26,2026-05-12,1001.0,15000.0,equity,MO,trump_278t_2026_05_08_equity.pdf
8420338f81b6,Donald Trump,trump_278t_2026_05_08_equity,2335,D R HORTON INC,purchase,2026-03-26,2026-05-12,1001.0,15000.0,equity,DHI,trump_278t_2026_05_08_equity.pdf
91569b066152,Donald Trump,trump_278t_2026_05_08_equity,2336,AON PLC F CLASS A,purchase,2026-01-21,2026-05-12,1001.0,15000.0,equity,,trump_278t_2026_05_08_equity.pdf
89258127bbc1,Donald Trump,trump_278t_2026_05_08_equity,2337,COREWEAVE INC CLASS A,purchase,2026-03-26,2026-05-12,1001.0,15000.0,equity,CRWV,trump_278t_2026_05_08_equity.pdf
e2f6f347938f,Donald Trump,trump_278t_2026_05_08_equity,2338,REPUBLIC SVCS INC,purchase,2026-01-26,2026-05-12,1001.0,15000.0,equity,,trump_278t_2026_05_08_equity.pdf
ea81c48fd3f5,Donald Trump,trump_278t_2026_05_08_equity,2339,BOEING CO,purchase,2026-02-12,2026-05-12,1001.0,15000.0,equity,BA,trump_278t_2026_05_08_equity.pdf
2e796e802770,Donald Trump,trump_278t_2026_05_08_equity,2340,BLOOM ENERGY CORP CLASS A,purchase,2026-03-26,2026-05-12,1001.0,15000.0,equity,BE,trump_278t_2026_05_08_equity.pdf
0d9897cad357,Donald Trump,trump_278t_2026_05_08_equity,2341,LUMENTUM HLDGS INC,purchase,2026-03-26,2026-05-12,1001.0,15000.0,equity,LITE,trump_278t_2026_05_08_equity.pdf
97d34a0954a1,Donald Trump,trump_278t_2026_05_08_equity,2346,GARMINLTOF,sale,2026-01-21,2026-05-12,1001.0,15000.0,other,,trump_278t_2026_05_08_equity.pdf
f287f549c26e,Donald Trump,trump_278t_2026_05_08_equity,2347,VERSANT MEDIA GROUP INC CL A,sale,2026-02-19,2026-05-12,1001.0,15000.0,equity,VSNT,trump_278t_2026_05_08_equity.pdf
56dfa60530dc,Donald Trump,trump_278t_2026_05_08_equity,2346,BROWN & BROWN INC,sale,2026-03-17,2026-05-12,1001.0,15000.0,equity,BRO,trump_278t_2026_05_08_equity.pdf
f202ed66eb61,Donald Trump,trump_278t_2026_05_08_equity,2349,EPAMSYSINC,sale,2026-02-23,2026-05-12,1001.0,15000.0,other,,trump_278t_2026_05_08_equity.pdf
5a77072f82e0,Donald Trump,trump_278t_2026_05_08_equity,2350,VORNADO RLTY TR REIT,sale,2026-01-21,2026-05-12,1001.0,15000.0,other,,trump_278t_2026_05_08_equity.pdf
fb3619009a89,Donald Trump,trump_278t_2026_05_08_equity,2351,FISERV INC,purchase,2026-02-12,2026-05-12,1001.0,15000.0,equity,FISV,trump_278t_2026_05_08_equity.pdf
c840836ab47c,Donald Trump,trump_278t_2026_05_08_equity,2352,AMERICAN TOWER CORP NEW REIT,sale,2026-01-21,2026-05-12,1001.0,,reit,AMT,trump_278t_2026_05_08_equity.pdf
8ab467b05421,Donald Trump,trump_278t_2026_05_08_equity,2322,PENSKE AUTOMOTIVE GROUP,purchase,2026-03-26,2026-05-12,,,other,,trump_278t_2026_05_08_equity.pdf
55a64007f98a,Donald Trump,trump_278t_2026_05_08_equity,2291,GENPACT LTD F,purchase,2026-02-23,2026-05-12,1001.0,,other,,trump_278t_2026_05_08_equity.pdf
9247d35528f1,Donald Trump,trump_278t_2026_05_08_equity,2321,REALTY INCOME CORP REJT,purchase,2026-03-26,2026-05-12,1001.0,15000.0,equity,O,trump_278t_2026_05_08_equity.pdf
a9e72d1e3cfb,Donald Trump,trump_278t_2026_05_08_equity,2319,KYNDRYL HLDGS INC,purchase,2026-02-23,2026-05-12,1001.0,15000.0,equity,KD,trump_278t_2026_05_08_equity.pdf
5db61d031bfb,Donald Trump,trump_278t_2026_05_08_equity,2293,RUBRIK INC CLASS A,purchase,2026-02-23,2026-05-12,1001.0,1000.0,equity,RBRK,trump_278t_2026_05_08_equity.pdf
e65917029dba,Donald Trump,trump_278t_2026_05_08_equity,2294,DOCUSIGN INC,purchase,2026-01-21,2026-05-12,1001.0,1000.0,equity,DOCU,trump_278t_2026_05_08_equity.pdf
63faa2582816,Donald Trump,trump_278t_2026_05_08_equity,2295,CHEVRON CORP NEW,purchase,2026-01-21,2026-05-12,1001.0,1000.0,equity,CVX,trump_278t_2026_05_08_equity.pdf
11b2e65f3ed6,Donald Trump,trump_278t_2026_05_08_equity,2296,EQUIFAX INC,purchase,2026-03-26,2026-05-12,1001.0,1000.0,equity,EFX,trump_278t_2026_05_08_equity.pdf
c9ce203077d6,Donald Trump,trump_278t_2026_05_08_equity,2297,TOLL BROS INC,purchase,2026-03-26,2026-05-12,1001.0,1000.0,equity,TOL,trump_278t_2026_05_08_equity.pdf
0731ac35ab96,Donald Trump,trump_278t_2026_05_08_equity,2298,UNITEDHEALTH GROUP INC,purchase,2026-02-23,2026-05-12,1001.0,1000.0,equity,UNH,trump_278t_2026_05_08_equity.pdf
0c3a998256d9,Donald Trump,trump_278t_2026_05_08_equity,2300,VERTEX PHARMACEUTICALS I,purchase,2026-01-26,2026-05-12,1001.0,1000.0,other,,trump_278t_2026_05_08_equity.pdf
1a88f111148b,Donald Trump,trump_278t_2026_05_08_equity,2301,KIMBERLY CLARK CORP,purchase,2026-01-26,2026-05-12,1001.0,15000.0,equity,KMB,trump_278t_2026_05_08_equity.pdf
a960b3cde5d1,Donald Trump,trump_278t_2026_05_08_equity,2302,CHUBBLTDF,purchase,2026-01-26,2026-05-12,1001.0,15000.0,other,,trump_278t_2026_05_08_equity.pdf
502846b21711,Donald Trump,trump_278t_2026_05_08_equity,2303,THE TRADE DESK INC CLASS A,purchase,2026-01-12,2026-05-12,1001.0,15000.0,equity,TTD,trump_278t_2026_05_08_equity.pdf
5857f140a00e,Donald Trump,trump_278t_2026_05_08_equity,2304,AKAMAl TECHNOLOGIES INC,purchase,2026-01-21,2026-05-12,1001.0,15000.0,equity,,trump_278t_2026_05_08_equity.pdf
5f7a8b99ec38,Donald Trump,trump_278t_2026_05_08_equity,2306,CADENCE DESIGN SYS INC,purchase,2026-01-26,2026-05-12,1001.0,15000.0,equity,CDNS,trump_278t_2026_05_08_equity.pdf
5e2a9e12c6c9,Donald Trump,trump_278t_2026_05_08_equity,2307,HUMANA INC,purchase,2026-03-26,2026-05-12,1001.0,15000.0,equity,HUM,trump_278t_2026_05_08_equity.pdf
797f262236cc,Donald Trump,trump_278t_2026_05_08_equity,2308,ROBLOX CORP CLASS A,purchase,2026-01-21,2026-05-12,1001.0,15000.0,equity,RBLX,trump_278t_2026_05_08_equity.pdf
28b17320d3c3,Donald Trump,trump_278t_2026_05_08_equity,2309,ZSCALERINC,purchase,2026-03-26,2026-05-12,1001.0,15000.0,other,,trump_278t_2026_05_08_equity.pdf
3565c9717603,Donald Trump,trump_278t_2026_05_08_equity,2310,VERALTO CORP,purchase,2026-01-26,2026-05-12,1001.0,15000.0,equity,VLTO,trump_278t_2026_05_08_equity.pdf
b95de6c844a0,Donald Trump,trump_278t_2026_05_08_equity,2311,FNFGROUPCLASSA,purchase,2026-03-26,2026-05-12,1001.0,15000.0,other,,trump_278t_2026_05_08_equity.pdf
d8e5ee858b4f,Donald Trump,trump_278t_2026_05_08_equity,2312,TALEN ENERGY CORP NEW CLASS EQUITY,purchase,2026-01-21,2026-05-12,1001.0,15000.0,equity,TLN,trump_278t_2026_05_08_equity.pdf
e2fde0b08df3,Donald Trump,trump_278t_2026_05_08_equity,2313,UNITED PARCEL SVC INC CLASS 8,purchase,2026-03-26,2026-05-12,1001.0,15000.0,equity,UPS,trump_278t_2026_05_08_equity.pdf
dcb52d898bcd,Donald Trump,trump_278t_2026_05_08_equity,2314,EQUITABLE HLDGS INC,purchase,2026-03-26,2026-05-12,1001.0,15000.0,equity,,trump_278t_2026_05_08_equity.pdf
dc1d3a6a4d98,Donald Trump,trump_278t_2026_05_08_equity,2315,TAKE-1WO INTERACTIVE SOF,purchase,2026-01-21,2026-05-12,1001.0,15000.0,other,,trump_278t_2026_05_08_equity.pdf
fe19f90cade6,Donald Trump,trump_278t_2026_05_08_equity,2316,APTARGROUP INC,purchase,2026-03-26,2026-05-12,1001.0,15000.0,equity,ATR,trump_278t_2026_05_08_equity.pdf
573b4044feec,Donald Trump,trump_278t_2026_05_08_equity,2317,CHEMED CORP NEW,purchase,2026-03-26,2026-05-12,1001.0,15000.0,equity,CHE,trump_278t_2026_05_08_equity.pdf
24f7a86b334d,Donald Trump,trump_278t_2026_05_08_equity,2318,ACUITY INC.,purchase,2026-01-21,2026-05-12,1001.0,15000.0,equity,AYI,trump_278t_2026_05_08_equity.pdf
27ca26b55b98,Donald Trump,trump_278t_2026_05_08_equity,2320,AMERICAN INTL GROUP INC,purchase,2026-01-26,2026-05-12,1001.0,15000.0,equity,,trump_278t_2026_05_08_equity.pdf
2450d8cd704a,Donald Trump,trump_278t_2026_05_08_equity,2217,PEPSICO INC,purchase,2026-01-17,2026-05-12,1001.0,15000.0,equity,PEP,trump_278t_2026_05_08_equity.pdf
9688ec01c590,Donald Trump,trump_278t_2026_05_08_equity,2218,AUTODESK INC I,purchase,2026-01-23,2026-05-12,1001.0,15000.0,equity,ADSK,trump_278t_2026_05_08_equity.pdf
c419ca719844,Donald Trump,trump_278t_2026_05_08_equity,2215,CINTAS CORP l,purchase,2026-03-26,2026-05-12,1001.0,15000.0,equity,CTAS,trump_278t_2026_05_08_equity.pdf
5950da1469a7,Donald Trump,trump_278t_2026_05_08_equity,2123,WELLS FARGO & CO,purchase,2026-03-23,2026-05-12,1001.0,15000.0,other,,trump_278t_2026_05_08_equity.pdf
e5ef73cd593f,Donald Trump,trump_278t_2026_05_08_equity,2124,VEEVA SYS INC CLASS A,purchase,2026-03-23,2026-05-12,1001.0,15000.0,equity,VEEV,trump_278t_2026_05_08_equity.pdf
dd284ec03f9a,Donald Trump,trump_278t_2026_05_08_equity,2125,ABBOTT LABS,purchase,2026-03-23,2026-05-12,1001.0,15000.0,other,,trump_278t_2026_05_08_equity.pdf
48e5c0381c8b,Donald Trump,trump_278t_2026_05_08_equity,2126,LOCKHEED MARTIN CORP,purchase,2026-03-23,2026-05-12,1001.0,15000.0,equity,LMT,trump_278t_2026_05_08_equity.pdf
002444472564,Donald Trump,trump_278t_2026_05_08_equity,2127,CARVANA CO CLASS A,purchase,2026-03-17,2026-05-12,1001.0,15000.0,equity,CVNA,trump_278t_2026_05_08_equity.pdf
0158384faebb,Donald Trump,trump_278t_2026_05_08_equity,2128,SYSCO CORP,purchase,2026-03-23,2026-05-12,1001.0,15000.0,equity,SYY,trump_278t_2026_05_08_equity.pdf
893bad2271a7,Donald Trump,trump_278t_2026_05_08_equity,2129,TARGA RES CORP,purchase,2026-03-23,2026-05-12,1001.0,15000.0,equity,TRGP,trump_278t_2026_05_08_equity.pdf
d2bc13d42395,Donald Trump,trump_278t_2026_05_08_equity,2130,HARTFORO INS GROUP INC,purchase,2025-03-23,2026-05-12,1001.0,15000.0,equity,,trump_278t_2026_05_08_equity.pdf
7ac5310ad961,Donald Trump,trump_278t_2026_05_08_equity,2131,NEXTPOWER INC CLASS A,purchase,2026-03-23,2026-05-12,1001.0,15000.0,equity,NXT,trump_278t_2026_05_08_equity.pdf
764a28510401,Donald Trump,trump_278t_2026_05_08_equity,2132,COREWEAVE INC CLASS A,purchase,2026-03-23,2026-05-12,1001.0,15000.0,equity,CRWV,trump_278t_2026_05_08_equity.pdf
caaca9935719,Donald Trump,trump_278t_2026_05_08_equity,2133,AVALONBAY CMNTYS INC REIT,purchase,2026-03-26,2026-05-12,1001.0,15000.0,reit,AVB,trump_278t_2026_05_08_equity.pdf
c4a964203c8a,Donald Trump,trump_278t_2026_05_08_equity,2134,HOWMET AEROSPACE INC,purchase,2026-03-23,2026-05-12,1001.0,15000.0,equity,HWM,trump_278t_2026_05_08_equity.pdf
74a187780fbc,Donald Trump,trump_278t_2026_05_08_equity,2135,HANOVER INS GROUP INC,purchase,2026-03-23,2026-05-12,1001.0,15000.0,equity,THG,trump_278t_2026_05_08_equity.pdf
e72d2a5f7130,Donald Trump,trump_278t_2026_05_08_equity,2136,LENNAR CORP CLASS A,purchase,2026-03-26,2026-05-12,1001.0,15000.0,equity,,trump_278t_2026_05_08_equity.pdf
12cb7a504c73,Donald Trump,trump_278t_2026_05_08_equity,2137,VALEROENERGYCORPNEW,purchase,2026-03-23,2026-05-12,1001.0,15000.0,other,,trump_278t_2026_05_08_equity.pdf
e6ab21baf733,Donald Trump,trump_278t_2026_05_08_equity,2138,FLEX LTD F,purchase,2026-01-21,2026-05-12,1001.0,15000.0,other,,trump_278t_2026_05_08_equity.pdf
de390063eea5,Donald Trump,trump_278t_2026_05_08_equity,2139,ARISTA NE1WORKS INC,purchase,2026-03-17,2026-05-12,1001.0,15000.0,equity,ANET,trump_278t_2026_05_08_equity.pdf
176d23a74627,Donald Trump,trump_278t_2026_05_08_equity,2140,CVS HEALTH CORP,purchase,2026-03-17,2026-05-12,1001.0,15000.0,equity,CVS,trump_278t_2026_05_08_equity.pdf
0d8aecc6fe93,Donald Trump,trump_278t_2026_05_08_equity,2141,ROYAL CARIBBEAN GROU F,purchase,2026-01-21,2026-05-12,1001.0,15000.0,other,,trump_278t_2026_05_08_equity.pdf
138505e901f9,Donald Trump,trump_278t_2026_05_08_equity,2142,SYNOPSYS INC,purchase,2026-03-23,2026-05-12,1001.0,15000.0,equity,SNPS,trump_278t_2026_05_08_equity.pdf
24b3c6f304be,Donald Trump,trump_278t_2026_05_08_equity,2143,ALNYLAM PHARMACEUTICALS,purchase,2026-03-23,2026-05-12,1001.0,15000.0,other,,trump_278t_2026_05_08_equity.pdf
88acd0e08845,Donald Trump,trump_278t_2026_05_08_equity,2145,KLACORP,purchase,2026-03-23,2026-05-12,1001.0,15000.0,other,,trump_278t_2026_05_08_equity.pdf
22e85e6d9a37,Donald Trump,trump_278t_2026_05_08_equity,2147,STRATEGY INC CLASS A lpUrchaso,purchase,2026-01-12,2026-05-12,1001.0,15000.0,equity,,trump_278t_2026_05_08_equity.pdf
51c167f8afb2,Donald Trump,trump_278t_2026_05_08_equity,2150,THE CAMPBELL'S CO,purchase,2026-03-26,2026-05-12,1001.0,15000.0,other,,trump_278t_2026_05_08_equity.pdf
9b4d4e3835ff,Donald Trump,trump_278t_2026_05_08_equity,2151,HOME DEPOT INC IDUrchaso,purchase,2026-01-12,2026-05-12,1001.0,15000.0,equity,HD,trump_278t_2026_05_08_equity.pdf
150e780bb27a,Donald Trump,trump_278t_2026_05_08_equity,2122,TELEDYNE TECHNOLOGIES IN,purchase,2026-03-23,2026-05-12,1001.0,15000.0,other,,trump_278t_2026_05_08_equity.pdf
a1cda51eca12,Donald Trump,trump_278t_2026_05_08_equity,2153,CARPENTER TECHNOLOGY COR l,purchase,2025-03-23,2026-05-12,1001.0,15000.0,other,,trump_278t_2026_05_08_equity.pdf
930198019c70,Donald Trump,trump_278t_2026_05_08_equity,2121,AUTOMATIC DATAPROCESSIN,purchase,2026-03-11,2026-05-12,1001.0,15000.0,other,,trump_278t_2026_05_08_equity.pdf
6f84759fc5e2,Donald Trump,trump_278t_2026_05_08_equity,2119,AMGEN INC,purchase,2026-03-23,2026-05-12,1001.0,15000.0,equity,AMGN,trump_278t_2026_05_08_equity.pdf
1c653dcb615d,Donald Trump,trump_278t_2026_05_08_equity,2094,OTIS WORLDWIDE CORP,purchase,2026-03-31,2026-05-12,1001.0,15000.0,equity,OTIS,trump_278t_2026_05_08_equity.pdf
3cdf15bae2d7,Donald Trump,trump_278t_2026_05_08_equity,2095,PROCORE TECHNOLOGIES INC,purchase,2026-02-12,2026-05-12,1001.0,15000.0,equity,PCOR,trump_278t_2026_05_08_equity.pdf
1f320529919a,Donald Trump,trump_278t_2026_05_08_equity,2096,EXTRA SPACE STORAGE INC REIT,purchase,2026-01-23,2026-05-12,1001.0,15000.0,reit,EXR,trump_278t_2026_05_08_equity.pdf
5bf5e83877f9,Donald Trump,trump_278t_2026_05_08_equity,2097,AON PLC F CLASS A,purchase,2026-02-21,2026-05-12,1001.0,15000.0,equity,,trump_278t_2026_05_08_equity.pdf
3b12c8baa29e,Donald Trump,trump_278t_2026_05_08_equity,2098,RESMEDINC,purchase,2026-01-23,2026-05-12,1001.0,15000.0,other,,trump_278t_2026_05_08_equity.pdf
d90643b2e67a,Donald Trump,trump_278t_2026_05_08_equity,2099,GENERAL MTRS CO,purchase,2026-03-23,2026-05-12,1001.0,15000.0,other,,trump_278t_2026_05_08_equity.pdf
0c9164cdf2d5,Donald Trump,trump_278t_2026_05_08_equity,2100,CONOCOPHILLIPS,purchase,2026-03-31,2026-05-12,1001.0,15000.0,other,,trump_278t_2026_05_08_equity.pdf
c54e4c7846a2,Donald Trump,trump_278t_2026_05_08_equity,2101,COUPANG INC CLASS A,purchase,2026-02-23,2026-05-12,1001.0,15000.0,equity,CPNG,trump_278t_2026_05_08_equity.pdf
c58deebd85fd,Donald Trump,trump_278t_2026_05_08_equity,2102,GODADDY INC CLASS A,purchase,2026-03-31,2026-05-12,1001.0,15000.0,equity,GDDY,trump_278t_2026_05_08_equity.pdf
3ec152ad2228,Donald Trump,trump_278t_2026_05_08_equity,2103,VICI PPTYS INC REIT,purchase,2026-03-31,2026-05-12,1001.0,15000.0,reit,VICI,trump_278t_2026_05_08_equity.pdf
092ba643e2c0,Donald Trump,trump_278t_2026_05_08_equity,2104,PFIZER INC,purchase,2026-03-23,2026-05-12,1001.0,15000.0,equity,PFE,trump_278t_2026_05_08_equity.pdf
34b6866b4988,Donald Trump,trump_278t_2026_05_08_equity,2105,GILEAD SCIENCES INC,purchase,2026-03-17,2026-05-12,1001.0,15000.0,equity,GILD,trump_278t_2026_05_08_equity.pdf
0ee083162654,Donald Trump,trump_278t_2026_05_08_equity,2106,NEXTERA ENERGY INC,purchase,2026-03-31,2026-05-12,1001.0,15000.0,equity,NEE,trump_278t_2026_05_08_equity.pdf
30f9a609a791,Donald Trump,trump_278t_2026_05_08_equity,2107,TYLER TECHNOLOGIES INC,purchase,2026-03-23,2026-05-12,1001.0,15000.0,equity,TYL,trump_278t_2026_05_08_equity.pdf
eaf2e043ab93,Donald Trump,trump_278t_2026_05_08_equity,2108,BAKER HUGHES CO. A CLASS A,purchase,2026-03-23,2026-05-12,1001.0,15000.0,equity,BKR,trump_278t_2026_05_08_equity.pdf
0de19e3230cb,Donald Trump,trump_278t_2026_05_08_equity,2109,PG&E CORP,purchase,2026-01-23,2026-05-12,1001.0,15000.0,equity,PCG$X,trump_278t_2026_05_08_equity.pdf
4672cc73e99a,Donald Trump,trump_278t_2026_05_08_equity,2110,COGNIZANT TECHNOLOGY SOL CLASS A,purchase,2026-03-31,2026-05-12,1001.0,15000.0,equity,CTSH,trump_278t_2026_05_08_equity.pdf
9458ef2b3c76,Donald Trump,trump_278t_2026_05_08_equity,2111,SEMPRA,purchase,2026-03-23,2026-05-12,1001.0,15000.0,other,,trump_278t_2026_05_08_equity.pdf
5118632fa448,Donald Trump,trump_278t_2026_05_08_equity,2112,CORNING INC,purchase,2026-03-23,2026-05-12,1001.0,15000.0,equity,GLW,trump_278t_2026_05_08_equity.pdf
763459557733,Donald Trump,trump_278t_2026_05_08_equity,2113,FISERV INC,purchase,2026-01-21,2026-05-12,1001.0,15000.0,equity,FISV,trump_278t_2026_05_08_equity.pdf
367cd9df50e8,Donald Trump,trump_278t_2026_05_08_equity,2114,DOMINION ENERGY INC,purchase,2026-03-23,2026-05-12,1001.0,15000.0,equity,D,trump_278t_2026_05_08_equity.pdf
7350899f4477,Donald Trump,trump_278t_2026_05_08_equity,2115,COLGATE PALMOLIVE CO,purchase,2026-03-23,2026-05-12,1001.0,15000.0,other,,trump_278t_2026_05_08_equity.pdf
e9bd16155017,Donald Trump,trump_278t_2026_05_08_equity,2118,GENERAL DYNAMICS CORP,purchase,2026-03-23,2026-05-12,1001.0,15000.0,equity,GD,trump_278t_2026_05_08_equity.pdf
de51ca097089,Donald Trump,trump_278t_2026_05_08_equity,2117,SNOWFLAKE INC CLASS A,purchase,2026-03-17,2026-05-12,1001.0,15000.0,equity,SNOW,trump_278t_2026_05_08_equity.pdf
0186efcd2cb5,Donald Trump,trump_278t_2026_05_08_equity,2118,VENTAS INC REIT,purchase,2026-03-23,2026-05-12,1001.0,15000.0,reit,VTR,trump_278t_2026_05_08_equity.pdf
26b99430fcd5,Donald Trump,trump_278t_2026_05_08_equity,2120,INTERCONTINENTAL EXCHANG,purchase,2026-03-23,2026-05-12,1001.0,15000.0,other,,trump_278t_2026_05_08_equity.pdf
089ad8387ebc,Donald Trump,trump_278t_2026_05_08_equity,2154,HCA HEALTHCARE INC I,purchase,2026-03-23,2026-05-12,1001.0,15000.0,equity,HCA,trump_278t_2026_05_08_equity.pdf
b3185fe8b27b,Donald Trump,trump_278t_2026_05_08_equity,2155,TRIMBLE INC,purchase,2026-01-12,2026-05-12,1001.0,15000.0,equity,TRMB,trump_278t_2026_05_08_equity.pdf
3989aad3275c,Donald Trump,trump_278t_2026_05_08_equity,2156,ESABCORP,purchase,2026-03-26,2026-05-12,1001.0,15000.0,other,,trump_278t_2026_05_08_equity.pdf
2eb8db7a7b0c,Donald Trump,trump_278t_2026_05_08_equity,2189,NUCORCORP,purchase,2026-03-17,2026-05-12,1001.0,15000.0,other,,trump_278t_2026_05_08_equity.pdf
c9ea7f656991,Donald Trump,trump_278t_2026_05_08_equity,2190,AMERICAN INTL GROUP INC,purchase,2026-03-17,2026-05-12,1001.0,15000.0,equity,,trump_278t_2026_05_08_equity.pdf
daff2295235e,Donald Trump,trump_278t_2026_05_08_equity,2191,NEWMONT CORP,purchase,2026-03-17,2026-05-12,1001.0,15000.0,equity,NEM,trump_278t_2026_05_08_equity.pdf
7ea8740e9099,Donald Trump,trump_278t_2026_05_08_equity,2192,SOUTI1ERN CO,purchase,2026-03-11,2026-05-12,1001.0,15000.0,other,,trump_278t_2026_05_08_equity.pdf
f5b7ce755a3b,Donald Trump,trump_278t_2026_05_08_equity,2193,COINBASE GLOBAL INC CLASS A,purchase,2026-03-17,2026-05-12,,,equity,COIN,trump_278t_2026_05_08_equity.pdf
205e28045de1,Donald Trump,trump_278t_2026_05_08_equity,2194,FOX CORP CLASS A,purchase,2026-03-17,2026-05-12,1001.0,15000.0,equity,,trump_278t_2026_05_08_equity.pdf
00e84778fa28,Donald Trump,trump_278t_2026_05_08_equity,2195,SAMSARA INC CLASS A,purchase,2026-01-12,2026-05-12,1001.0,15000.0,equity,IOT,trump_278t_2026_05_08_equity.pdf
5d21a9c089f1,Donald Trump,trump_278t_2026_05_08_equity,2196,WILLIAMS COS INC,purchase,2026-03-17,2026-05-12,1001.0,15000.0,equity,WMB,trump_278t_2026_05_08_equity.pdf
43aef29cc61e,Donald Trump,trump_278t_2026_05_08_equity,2197,INTELCORP,purchase,2026-03-17,2026-05-12,1001.0,15000.0,other,,trump_278t_2026_05_08_equity.pdf
1fec75af4c7d,Donald Trump,trump_278t_2026_05_08_equity,2198,HUMANA INC,purchase,2026-03-17,2026-05-12,1001.0,15000.0,equity,HUM,trump_278t_2026_05_08_equity.pdf
369fdd9d795d,Donald Trump,trump_278t_2026_05_08_equity,2199,BLOCK INC A CLASS A,purchase,2026-03-17,2026-05-12,1001.0,15000.0,equity,,trump_278t_2026_05_08_equity.pdf
8bb0cd30ef0d,Donald Trump,trump_278t_2026_05_08_equity,2200,COMCAST CORP NEW CLASS A,purchase,2026-03-11,2026-05-12,1001.0,15000.0,equity,CMCSA,trump_278t_2026_05_08_equity.pdf
915734f1d26e,Donald Trump,trump_278t_2026_05_08_equity,2202,CONSTELLATION ENERGY COR,purchase,2026-02-12,2026-05-12,1001.0,15000.0,other,,trump_278t_2026_05_08_equity.pdf
5c7410f8d702,Donald Trump,trump_278t_2026_05_08_equity,2203,CORTEVAINC,purchase,2026-03-17,2026-05-12,1001.0,15000.0,other,,trump_278t_2026_05_08_equity.pdf
cc779605e067,Donald Trump,trump_278t_2026_05_08_equity,2204,AT&TINC,purchase,2026-03-17,2026-05-12,1001.0,15000.0,other,,trump_278t_2026_05_08_equity.pdf
14ad39c64143,Donald Trump,trump_278t_2026_05_08_equity,2205,SOLVENTUM CORP,purchase,2026-02-12,2026-05-12,1001.0,15000.0,equity,SOLV,trump_278t_2026_05_08_equity.pdf
24c237897559,Donald Trump,trump_278t_2026_05_08_equity,2206,AXON ENTERPRISE INC,purchase,2026-03-26,2026-05-12,1001.0,15000.0,equity,AXON,trump_278t_2026_05_08_equity.pdf
0293d33b481d,Donald Trump,trump_278t_2026_05_08_equity,2207,OMNICOM GROUP INC,purchase,2026-03-17,2026-05-12,1001.0,15000.0,equity,OMC,trump_278t_2026_05_08_equity.pdf
71233fc1070c,Donald Trump,trump_278t_2026_05_08_equity,2208,LYONOELLBASELL INOUSTR F CLASS A,purchase,2026-03-17,2026-05-12,1001.0,15000.0,equity,,trump_278t_2026_05_08_equity.pdf
cf3409a91b4b,Donald Trump,trump_278t_2026_05_08_equity,2209,NUTANIX INC CLASS A,purchase,2026-02-23,2026-05-12,1001.0,15000.0,equity,NTNX,trump_278t_2026_05_08_equity.pdf
60f27ee6a7f4,Donald Trump,trump_278t_2026_05_08_equity,2210,ASTERA LABS INC l,purchase,2026-01-17,2026-05-12,1001.0,15000.0,equity,ALAB,trump_278t_2026_05_08_equity.pdf
48880824fa3a,Donald Trump,trump_278t_2026_05_08_equity,2211,XCEL ENERGY INC l,purchase,2026-01-17,2026-05-12,1001.0,15000.0,equity,,trump_278t_2026_05_08_equity.pdf
cebe5bbf9456,Donald Trump,trump_278t_2026_05_08_equity,2212,LOAR HOLDINGS INC EQUITY CLASS EQUITY l,purchase,2026-02-23,2026-05-12,1001.0,15000.0,equity,LOAR,trump_278t_2026_05_08_equity.pdf
347a415d33ba,Donald Trump,trump_278t_2026_05_08_equity,2213,EXACT SCIENCES CORP l,purchase,2026-01-17,2026-05-12,1001.0,15000.0,equity,,trump_278t_2026_05_08_equity.pdf
cbeaaee9e0c3,Donald Trump,trump_278t_2026_05_08_equity,2214,VERTIV HLDGS CO CLASS A l,purchase,2026-01-17,2026-05-12,1001.0,15000.0,equity,VRT,trump_278t_2026_05_08_equity.pdf
04fb186c86d6,Donald Trump,trump_278t_2026_05_08_equity,2188,AST SPACEMOBILE INC CLASS A,purchase,2026-03-17,2026-05-12,1001.0,15000.0,equity,ASTS,trump_278t_2026_05_08_equity.pdf
ba4408152037,Donald Trump,trump_278t_2026_05_08_equity,2187,BROWN & BROWN INC,purchase,2026-03-26,2026-05-12,1001.0,15000.0,equity,BRO,trump_278t_2026_05_08_equity.pdf
c91cad587c8d,Donald Trump,trump_278t_2026_05_08_equity,2188,ALBEMARLE CORP,purchase,2026-03-17,2026-05-12,1001.0,15000.0,equity,ALB,trump_278t_2026_05_08_equity.pdf
7aec7e28890d,Donald Trump,trump_278t_2026_05_08_equity,2185,MOTOROLA SOLUTIONS INC,purchase,2026-03-17,2026-05-12,1001.0,15000.0,equity,MSI,trump_278t_2026_05_08_equity.pdf
8d0cf43e590f,Donald Trump,trump_278t_2026_05_08_equity,2157,LINOEPLCF,purchase,2026-03-17,2026-05-12,,15000.0,other,,trump_278t_2026_05_08_equity.pdf
f289cd1795f0,Donald Trump,trump_278t_2026_05_08_equity,2158,OMNICOM GROUP INC,purchase,2026-01-12,2026-05-12,1001.0,15000.0,equity,OMC,trump_278t_2026_05_08_equity.pdf
de263068eff6,Donald Trump,trump_278t_2026_05_08_equity,2159,SERVlCETITAN INC CLASS A,purchase,2026-01-23,2026-05-12,1001.0,15000.0,equity,,trump_278t_2026_05_08_equity.pdf
d3bcbcea2725,Donald Trump,trump_278t_2026_05_08_equity,2160,CHURCH & DWIGHT INC,purchase,2026-01-21,2026-05-12,1001.0,15000.0,equity,CHD,trump_278t_2026_05_08_equity.pdf
8ab51a69ac8f,Donald Trump,trump_278t_2026_05_08_equity,2161,ATLASSIAN CORP CL A,purchase,2026-02-19,2026-05-12,1001.0,15000.0,equity,TEAM,trump_278t_2026_05_08_equity.pdf
e25e94a5b14d,Donald Trump,trump_278t_2026_05_08_equity,2162,VISA INC CLASS A,purchase,2026-02-12,2026-05-12,1001.0,15000.0,equity,V,trump_278t_2026_05_08_equity.pdf
2c412729e83d,Donald Trump,trump_278t_2026_05_08_equity,2163,BLACKROCK INC NEW,purchase,2026-03-26,2026-05-12,1001.0,15000.0,equity,BLK,trump_278t_2026_05_08_equity.pdf
a468fd4e6e48,Donald Trump,trump_278t_2026_05_08_equity,2164,KLACORP,purchase,2026-02-19,2026-05-12,1001.0,15000.0,other,,trump_278t_2026_05_08_equity.pdf
b9957a2cb8b9,Donald Trump,trump_278t_2026_05_08_equity,2165,CAPITAL ONE FINL CORP,purchase,2026-03-26,2026-05-12,1001.0,15000.0,equity,,trump_278t_2026_05_08_equity.pdf
c106a1b50aab,Donald Trump,trump_278t_2026_05_08_equity,2166,PTCINC,purchase,2026-01-23,2026-05-12,1001.0,15000.0,equity,PTC,trump_278t_2026_05_08_equity.pdf
2adae9508887,Donald Trump,trump_278t_2026_05_08_equity,2167,GENUINE PARTS CO,purchase,2026-03-04,2026-05-12,1001.0,15000.0,other,,trump_278t_2026_05_08_equity.pdf
a8ffd9b2f331,Donald Trump,trump_278t_2026_05_08_equity,2166,SHERWIN-WILLIAMS CO,purchase,2026-03-17,2026-05-12,1001.0,15000.0,other,,trump_278t_2026_05_08_equity.pdf
f269e284230b,Donald Trump,trump_278t_2026_05_08_equity,2353,DYNATRACE INC,sale,2026-02-12,2026-05-12,1001.0,15000.0,equity,DT,trump_278t_2026_05_08_equity.pdf
53f24fd16bf7,Donald Trump,trump_278t_2026_05_08_equity,2169,LUMENTUM HLDGS INC,purchase,2026-03-23,2026-05-12,1001.0,15000.0,equity,LITE,trump_278t_2026_05_08_equity.pdf
355a2b83badd,Donald Trump,trump_278t_2026_05_08_equity,2171,AMGEN INC,purchase,2026-03-17,2026-05-12,1001.0,15000.0,equity,AMGN,trump_278t_2026_05_08_equity.pdf
9bcd5e3f3eb7,Donald Trump,trump_278t_2026_05_08_equity,2172,RTHROP GRUMMAN CORP,purchase,2025-03-17,2026-05-12,1001.0,15000.0,equity,NOC,trump_278t_2026_05_08_equity.pdf
b0d663b08245,Donald Trump,trump_278t_2026_05_08_equity,2173,AIR PRODS & CHEMS INC,purchase,2026-03-17,2026-05-12,1001.0,15000.0,equity,,trump_278t_2026_05_08_equity.pdf
c4373c93c19e,Donald Trump,trump_278t_2026_05_08_equity,2174,SENTINELONE INC CLASS A,purchase,2026-01-21,2026-05-12,1001.0,15000.0,equity,S,trump_278t_2026_05_08_equity.pdf
11e0f7020b65,Donald Trump,trump_278t_2026_05_08_equity,2175,SEAGATE TECHNOLOGY HOLDINGS PUBLIC LTD CO,purchase,2026-02-19,2026-05-12,1001.0,15000.0,other,,trump_278t_2026_05_08_equity.pdf
f01f7f50dcd4,Donald Trump,trump_278t_2026_05_08_equity,2178,ARCHER AVIATION INC CLASS·A,purchase,2026-02-23,2026-05-12,1001.0,15000.0,equity,,trump_278t_2026_05_08_equity.pdf
fc62b623042b,Donald Trump,trump_278t_2026_05_08_equity,21711,COMFORT SYS USA INC,purchase,2026-03-23,2026-05-12,1001.0,15000.0,equity,FIX,trump_278t_2026_05_08_equity.pdf
61591c800457,Donald Trump,trump_278t_2026_05_08_equity,2180,CME GROUP INC CLASS A,purchase,2026-03-17,2026-05-12,1001.0,15000.0,equity,CME,trump_278t_2026_05_08_equity.pdf
30d37be9a4a1,Donald Trump,trump_278t_2026_05_08_equity,2181,EQUIFAX INC,purchase,2026-03-17,2026-05-12,1001.0,15000.0,equity,EFX,trump_278t_2026_05_08_equity.pdf
4cf666d0111e,Donald Trump,trump_278t_2026_05_08_equity,2182,LOWES COS INC,purchase,2026-03-26,2026-05-12,1001.0,15000.0,equity,,trump_278t_2026_05_08_equity.pdf
840d89661add,Donald Trump,trump_278t_2026_05_08_equity,2183,SANOISK CORP,purchase,2026-03-17,2026-05-12,1001.0,15000.0,equity,,trump_278t_2026_05_08_equity.pdf
feb4e5233afb,Donald Trump,trump_278t_2026_05_08_equity,2184,ROPER TECHNOLOGIES INC,purchase,2026-03-21,2026-05-12,1001.0,15000.0,equity,ROP,trump_278t_2026_05_08_equity.pdf
2d17eb498285,Donald Trump,trump_278t_2026_05_08_equity,2170,OCCIDENTAL PETE CORP,purchase,2026-03-17,2026-05-12,1001.0,15000.0,equity,,trump_278t_2026_05_08_equity.pdf
dadeb5465a63,Donald Trump,trump_278t_2026_05_08_equity,2354,THE CIGNA GROUP,sale,2026-01-12,2026-05-12,1001.0,15000.0,other,,trump_278t_2026_05_08_equity.pdf
034546d3c6bf,Donald Trump,trump_278t_2026_05_08_equity,2355,CARRIER GLOBAL CORP,purchase,2026-03-26,2026-05-12,1001.0,15000.0,equity,CARR,trump_278t_2026_05_08_equity.pdf
ea8e4b1294f8,Donald Trump,trump_278t_2026_05_08_equity,2356,HENRY JACK & ASSOC INC,sale,2026-02-23,2026-05-12,1001.0,,equity,HSIC,trump_278t_2026_05_08_equity.pdf
cd292222c521,Donald Trump,trump_278t_2026_05_08_equity,2526,OTIS WORLDWIDE CORP,sale,2026-03-26,2026-05-12,1001.0,15000.0,equity,OTIS,trump_278t_2026_05_08_equity.pdf
518b3b0c6d6a,Donald Trump,trump_278t_2026_05_08_equity,2527,LOAR HOLDINGS INC EQUITY CLASS EQUITY,purchase,2026-03-26,2026-05-12,1001.0,15000.0,equity,LOAR,trump_278t_2026_05_08_equity.pdf
f09fcbc3d207,Donald Trump,trump_278t_2026_05_08_equity,2528,IBM CORP,purchase,2026-02-12,2026-05-12,1001.0,15000.0,equity,,trump_278t_2026_05_08_equity.pdf
5cc81bc678a8,Donald Trump,trump_278t_2026_05_08_equity,2530,DORMAN PRODS INC,sale,2026-01-26,2026-05-12,1001.0,15000.0,equity,DORM,trump_278t_2026_05_08_equity.pdf
341a48f523a9,Donald Trump,trump_278t_2026_05_08_equity,2532,DUOLINGO INC CLASS A,sale,2026-03-26,2026-05-12,1001.0,15000.0,equity,DUOL,trump_278t_2026_05_08_equity.pdf
d61a9b7ef76a,Donald Trump,trump_278t_2026_05_08_equity,2533,THERMO FISHER SCIENTIFIC,sale,2026-03-17,2026-05-12,1001.0,15000.0,other,,trump_278t_2026_05_08_equity.pdf
856900e43060,Donald Trump,trump_278t_2026_05_08_equity,2534,INTERCONTINENTAL EXCHANG,purchase,2026-02-12,2026-05-12,1001.0,15000.0,other,,trump_278t_2026_05_08_equity.pdf
3573a5ad9b5a,Donald Trump,trump_278t_2026_05_08_equity,2535,TRANSUNION,sale,2026-03-26,2026-05-12,1001.0,15000.0,other,,trump_278t_2026_05_08_equity.pdf
627077451eb2,Donald Trump,trump_278t_2026_05_08_equity,2536,OMNICOM GROUP INC,sale,2026-03-26,2026-05-12,1001.0,15000.0,equity,OMC,trump_278t_2026_05_08_equity.pdf
3ffb75113807,Donald Trump,trump_278t_2026_05_08_equity,2537,SERVICETITAN INC CLASS A,sale,2026-03-26,2026-05-12,1001.0,15000.0,equity,TTAN,trump_278t_2026_05_08_equity.pdf
551c5d6e68ee,Donald Trump,trump_278t_2026_05_08_equity,2538,SOLVENTUM CORP,purchase,2026-03-17,2026-05-12,1001.0,15000.0,equity,SOLV,trump_278t_2026_05_08_equity.pdf
70a13426e338,Donald Trump,trump_278t_2026_05_08_equity,2539,KEURIG OR PEPPER INC,sale,2026-03-26,2026-05-12,1001.0,15000.0,equity,KDP,trump_278t_2026_05_08_equity.pdf
f202e55242ba,Donald Trump,trump_278t_2026_05_08_equity,2540,ADVANCE AUTO PTS INC,sale,2026-03-30,2026-05-12,1001.0,15000.0,equity,AAP,trump_278t_2026_05_08_equity.pdf
49068cfed4a6,Donald Trump,trump_278t_2026_05_08_equity,2541,APPLOVIN CORP CL A,sale,2026-02-19,2026-05-12,1001.0,15000.0,equity,APP,trump_278t_2026_05_08_equity.pdf
0b2399842659,Donald Trump,trump_278t_2026_05_08_equity,2542,lHE CIGNA GROUP,sale,2026-03-26,2026-05-12,1001.0,15000.0,other,,trump_278t_2026_05_08_equity.pdf
8038733817af,Donald Trump,trump_278t_2026_05_08_equity,2543,TRIMBLE INC,sale,2026-02-12,2026-05-12,1001.0,15000.0,equity,TRMB,trump_278t_2026_05_08_equity.pdf
ae9423f60d8a,Donald Trump,trump_278t_2026_05_08_equity,2544,IQVIA HLDGS INC,sale,2026-02-12,2026-05-12,1001.0,15000.0,equity,IQV,trump_278t_2026_05_08_equity.pdf
4224719f633c,Donald Trump,trump_278t_2026_05_08_equity,2545,MONGODB INC CL A,purchase,2026-03-17,2026-05-12,1001.0,15000.0,equity,MDB,trump_278t_2026_05_08_equity.pdf
582ecfb91d64,Donald Trump,trump_278t_2026_05_08_equity,2548,CCC INTELLIGENT SOLUTION,purchase,2026-02-23,2026-05-12,1001.0,15000.0,other,,trump_278t_2026_05_08_equity.pdf
a66b9cf2d2de,Donald Trump,trump_278t_2026_05_08_equity,2547,ROUINSINC,sale,2026-03-26,2026-05-12,1001.0,15000.0,other,,trump_278t_2026_05_08_equity.pdf
c98ba809617d,Donald Trump,trump_278t_2026_05_08_equity,2548,SAILPOINT INC,purchase,2026-03-26,2026-05-12,1001.0,15000.0,equity,SAIL,trump_278t_2026_05_08_equity.pdf
c5720dfa10b3,Donald Trump,trump_278t_2026_05_08_equity,2549,COGNIZANT TECHNOLOGY SOL CLASS A,purchase,2026-02-12,2026-05-12,1001.0,15000.0,equity,CTSH,trump_278t_2026_05_08_equity.pdf
cb06dac54fa0,Donald Trump,trump_278t_2026_05_08_equity,2550,UNION PAC CORP,purchase,2026-01-12,2026-05-12,1001.0,15000.0,equity,UNP,trump_278t_2026_05_08_equity.pdf
cdcde5fdb5e8,Donald Trump,trump_278t_2026_05_08_equity,2551,IDEXX LABORATORIES INC,purchase,2026-02-19,2026-05-12,1001.0,15000.0,equity,IDXX,trump_278t_2026_05_08_equity.pdf
43aa1a59043d,Donald Trump,trump_278t_2026_05_08_equity,2552,LIBERTY MEDIA CORP LIBERTY FORMULA ONE SER C,sale,2026-02-19,2026-05-12,1001.0,15000.0,equity,,trump_278t_2026_05_08_equity.pdf
50a3225cb094,Donald Trump,trump_278t_2026_05_08_equity,2525,AURORA INNOVATION INC CLASS A,purchase,2026-03-26,2026-05-12,1001.0,15000.0,equity,AUR,trump_278t_2026_05_08_equity.pdf
14e7d98fe933,Donald Trump,trump_278t_2026_05_08_equity,2553,FAIR ISAAC CORP,sale,2026-02-23,2026-05-12,1001.0,15000.0,equity,FICO,trump_278t_2026_05_08_equity.pdf
db764720d30f,Donald Trump,trump_278t_2026_05_08_equity,2524,DAYFORCE INC,sale,2026-01-12,2026-05-12,1001.0,15000.0,equity,,trump_278t_2026_05_08_equity.pdf
feb8655b2627,Donald Trump,trump_278t_2026_05_08_equity,2521,SKYWORKS SOLUTIONS INC,purchase,2026-03-21,2026-05-12,1001.0,15000.0,equity,SWKS,trump_278t_2026_05_08_equity.pdf
166d5e9287b1,Donald Trump,trump_278t_2026_05_08_equity,2482,RPMINTLINC,purchase,2026-03-17,2026-05-12,1001.0,15000.0,other,,trump_278t_2026_05_08_equity.pdf
36c1b820e0f3,Donald Trump,trump_278t_2026_05_08_equity,2483,GLOBAL PMTS INC,sale,2026-03-21,2026-05-12,1001.0,15000.0,equity,,trump_278t_2026_05_08_equity.pdf
6ea3ba7155d9,Donald Trump,trump_278t_2026_05_08_equity,2485,FLOOR & DECOR HLDGS INC CLASS A,sale,2026-03-26,2026-05-12,1001.0,15000.0,equity,FND,trump_278t_2026_05_08_equity.pdf
14957f6c89dc,Donald Trump,trump_278t_2026_05_08_equity,2486,ALEXANDRIA REAL ESTATE E REIT,sale,2026-03-21,2026-05-12,1001.0,15000.0,other,,trump_278t_2026_05_08_equity.pdf
7108cbe45385,Donald Trump,trump_278t_2026_05_08_equity,2487,GEN DIGITAL INC,sale,2026-02-12,2026-05-12,1001.0,15000.0,equity,GEN,trump_278t_2026_05_08_equity.pdf
d18e230cb39a,Donald Trump,trump_278t_2026_05_08_equity,2488,BRIGHT HORIZONS FAMILY S,purchase,2026-02-12,2026-05-12,1001.0,15000.0,other,,trump_278t_2026_05_08_equity.pdf
ddde8905ad8d,Donald Trump,trump_278t_2026_05_08_equity,2495,CENTENE CORP DEL,sale,2026-03-26,2026-05-12,1001.0,15000.0,equity,CNC,trump_278t_2026_05_08_equity.pdf
02f7815618a6,Donald Trump,trump_278t_2026_05_08_equity,2497,UIPATH INC CLASS A,purchase,2026-02-23,2026-05-12,1001.0,15000.0,equity,PATH,trump_278t_2026_05_08_equity.pdf
21ca14871044,Donald Trump,trump_278t_2026_05_08_equity,2498,REDDIT INC CLASS A,purchase,2026-02-23,2026-05-12,1001.0,15000.0,equity,RDDT,trump_278t_2026_05_08_equity.pdf
8397979e624a,Donald Trump,trump_278t_2026_05_08_equity,2499,BEST BUY COMPANY INC,sale,2026-01-23,2026-05-12,1001.0,15000.0,equity,BBY,trump_278t_2026_05_08_equity.pdf
7973f8c13124,Donald Trump,trump_278t_2026_05_08_equity,2502,DICKS SPORTING GOODS INC,sale,2026-01-12,2026-05-12,1001.0,15000.0,equity,,trump_278t_2026_05_08_equity.pdf
b76c8ce45c64,Donald Trump,trump_278t_2026_05_08_equity,2503,FACTSET RESH SYS INC,sale,2026-03-21,2026-05-12,1001.0,15000.0,equity,FDS,trump_278t_2026_05_08_equity.pdf
1e389104ec02,Donald Trump,trump_278t_2026_05_08_equity,2505,IBM CORP,purchase,2026-03-21,2026-05-12,1001.0,15000.0,equity,,trump_278t_2026_05_08_equity.pdf
6795fb89313e,Donald Trump,trump_278t_2026_05_08_equity,2507,COMMVAULT SYS INC,sale,2026-03-26,2026-05-12,1001.0,15000.0,equity,CVLT,trump_278t_2026_05_08_equity.pdf
cf3fdbb4257f,Donald Trump,trump_278t_2026_05_08_equity,2508,PRUDENTIAL FINL INC,sale,2026-03-26,2026-05-12,1001.0,15000.0,equity,,trump_278t_2026_05_08_equity.pdf
f50d2434b028,Donald Trump,trump_278t_2026_05_08_equity,2509,HENRY JACK & ASSOC INC,purchase,2026-03-21,2026-05-12,1001.0,15000.0,equity,HSIC,trump_278t_2026_05_08_equity.pdf
06f58d400232,Donald Trump,trump_278t_2026_05_08_equity,2510,ELASTIC NVF,sale,2026-03-26,2026-05-12,1001.0,15000.0,other,,trump_278t_2026_05_08_equity.pdf
f32167844c3a,Donald Trump,trump_278t_2026_05_08_equity,2512,ARCHER AVIATION INC CLASS A,sale,2026-03-26,2026-05-12,1001.0,15000.0,equity,ACHR,trump_278t_2026_05_08_equity.pdf
78a41c0aeac9,Donald Trump,trump_278t_2026_05_08_equity,2513,UORINCREIT,sale,2026-01-26,2026-05-12,1001.0,15000.0,other,,trump_278t_2026_05_08_equity.pdf
b81b42e136d4,Donald Trump,trump_278t_2026_05_08_equity,2515,PG&E CORP,sale,2026-02-11,2026-05-12,1001.0,15000.0,equity,PCG$X,trump_278t_2026_05_08_equity.pdf
7bef788a971a,Donald Trump,trump_278t_2026_05_08_equity,2516,ARISTA NElWORKS INC,purchase,2026-03-21,2026-05-12,1001.0,15000.0,equity,ANET,trump_278t_2026_05_08_equity.pdf
1b3ab39e8ae5,Donald Trump,trump_278t_2026_05_08_equity,2517,VERISK ANALYTICS INC CLASS A,sale,2026-02-12,2026-05-12,1001.0,15000.0,equity,VRSK,trump_278t_2026_05_08_equity.pdf
4bb1f3573e0e,Donald Trump,trump_278t_2026_05_08_equity,2518,KINSALE CAP GROUP INC,purchase,2026-02-23,2026-05-12,1001.0,15000.0,equity,KNSL,trump_278t_2026_05_08_equity.pdf
d8e83583f5ec,Donald Trump,trump_278t_2026_05_08_equity,2519,OGE ENERGY CORP,sale,2026-01-12,2026-05-12,1001.0,15000.0,equity,OGE,trump_278t_2026_05_08_equity.pdf
4c6c83190662,Donald Trump,trump_278t_2026_05_08_equity,2520,HPINC,sale,2026-03-04,2026-05-12,1001.0,15000.0,other,,trump_278t_2026_05_08_equity.pdf
b59bd6002acf,Donald Trump,trump_278t_2026_05_08_equity,3134,- WENDYS CO CLASS A,sale,2026-02-21,2026-05-12,15001.0,50000.0,equity,,trump_278t_2026_05_08_equity.pdf
56417d656e78,Donald Trump,trump_278t_2026_05_08_equity,2554,AXON ENTERPRISE INC,sale,2026-02-23,2026-05-12,1001.0,15000.0,equity,AXON,trump_278t_2026_05_08_equity.pdf
49af01eb14e8,Donald Trump,trump_278t_2026_05_08_equity,2555,PAYLOCITY HLDG CORP,purchase,2026-02-23,2026-05-12,1001.0,15000.0,equity,PCTY,trump_278t_2026_05_08_equity.pdf
80eeccfe958a,Donald Trump,trump_278t_2026_05_08_equity,2558,SENTINELONE INC CLASS A,sale,2026-02-23,2026-05-12,1001.0,15000.0,equity,S,trump_278t_2026_05_08_equity.pdf
5e5e8092b4b1,Donald Trump,trump_278t_2026_05_08_equity,2587,ESSENT GROUP LTD F,purchase,2026-02-23,2026-05-12,1001.0,15000.0,other,,trump_278t_2026_05_08_equity.pdf
9e48e772d438,Donald Trump,trump_278t_2026_05_08_equity,2588,WORKDAY INC CLASS A,sale,2026-01-12,2026-05-12,1001.0,15000.0,equity,WDAY,trump_278t_2026_05_08_equity.pdf
36684d2ff5fb,Donald Trump,trump_278t_2026_05_08_equity,2589,AFLAC INC,purchase,2026-01-21,2026-05-12,1001.0,15000.0,equity,AFL,trump_278t_2026_05_08_equity.pdf
070bcdfe9995,Donald Trump,trump_278t_2026_05_08_equity,2590,SIJoer Micro Comouter Inc Com Now Solldtod Order Dlsaetion Exorc:lsod,sale,2026-03-27,2026-05-12,1001.0,15000.0,equity,,trump_278t_2026_05_08_equity.pdf
286de7c84d22,Donald Trump,trump_278t_2026_05_08_equity,2591,IDEXX LABORATORIES INC,sale,2026-03-17,2026-05-12,1001.0,15000.0,equity,IDXX,trump_278t_2026_05_08_equity.pdf
66c18992ee29,Donald Trump,trump_278t_2026_05_08_equity,2592,CROWN CASTLE INC REIT REIT,sale,2026-01-12,2026-05-12,1001.0,15000.0,reit,CCI,trump_278t_2026_05_08_equity.pdf
af89d138e376,Donald Trump,trump_278t_2026_05_08_equity,2593,INTUITIVE SURGICAL INC,sale,2026-02-19,2026-05-12,1001.0,15000.0,equity,ISRG,trump_278t_2026_05_08_equity.pdf
b15490c5b6ec,Donald Trump,trump_278t_2026_05_08_equity,2594,STRIDE INC,sale,2026-02-26,2026-05-12,1001.0,15000.0,equity,LRN,trump_278t_2026_05_08_equity.pdf
901d633764d7,Donald Trump,trump_278t_2026_05_08_equity,2595,ALNYLAM PHARMACEUTICALS INC,sale,2026-02-19,2026-05-12,1001.0,15000.0,equity,ALNY,trump_278t_2026_05_08_equity.pdf
d06ddb95d9b4,Donald Trump,trump_278t_2026_05_08_equity,2596,GROCERY OUTLET HLDG CORP,sale,2026-02-26,2026-05-12,1001.0,15000.0,equity,GO,trump_278t_2026_05_08_equity.pdf
72cd2752e2a3,Donald Trump,trump_278t_2026_05_08_equity,2597,GLAUKOS CORP,sale,2026-02-26,2026-05-12,1001.0,15000.0,equity,GKOS,trump_278t_2026_05_08_equity.pdf
a854538537ce,Donald Trump,trump_278t_2026_05_08_equity,2598,AUTODESK INC,sale,2026-02-23,2026-05-12,1001.0,15000.0,equity,ADSK,trump_278t_2026_05_08_equity.pdf
cde9a84f9d59,Donald Trump,trump_278t_2026_05_08_equity,2599,THE TRADE DESK INC CLASS A,sale,2026-03-26,2026-05-12,1001.0,15000.0,equity,TTD,trump_278t_2026_05_08_equity.pdf
4ff632ccb46a,Donald Trump,trump_278t_2026_05_08_equity,2600,UFP TECHNOLOGIES INC,sale,2026-02-26,2026-05-12,1001.0,15000.0,equity,UFPT,trump_278t_2026_05_08_equity.pdf
4c14771c7712,Donald Trump,trump_278t_2026_05_08_equity,2801,TAKE-TWO INTERACTIVE SOF,sale,2026-02-12,2026-05-12,1001.0,15000.0,other,,trump_278t_2026_05_08_equity.pdf
2e7aac0aa984,Donald Trump,trump_278t_2026_05_08_equity,2802,OOORDASH INC CLASS A,sale,2026-01-21,2026-05-12,1001.0,15000.0,equity,,trump_278t_2026_05_08_equity.pdf
1c2ed14f2ed7,Donald Trump,trump_278t_2026_05_08_equity,2803,HUBSPOTINC,sale,2026-02-23,2026-05-12,1001.0,15000.0,other,,trump_278t_2026_05_08_equity.pdf
6223f8e2fca6,Donald Trump,trump_278t_2026_05_08_equity,2804,GOGOINC,sale,2026-01-26,2026-05-12,1001.0,15000.0,other,,trump_278t_2026_05_08_equity.pdf
d9d3100ba128,Donald Trump,trump_278t_2026_05_08_equity,2605,ARCH CAPITAL GROUP LTD F,sale,2026-01-21,2026-05-12,1001.0,15000.0,other,,trump_278t_2026_05_08_equity.pdf
694bed30bc40,Donald Trump,trump_278t_2026_05_08_equity,2606,UNITED AIRLINES HLDG,sale,2026-01-17,2026-05-12,1001.0,15000.0,other,,trump_278t_2026_05_08_equity.pdf
2a1e05f5c76b,Donald Trump,trump_278t_2026_05_08_equity,2607,LENNAR CORP CLASS A,sale,2026-01-17,2026-05-12,1001.0,15000.0,equity,,trump_278t_2026_05_08_equity.pdf
239547dd3795,Donald Trump,trump_278t_2026_05_08_equity,2609,PROGRESSIVE CORP OH,purchase,2026-01-12,2026-05-12,1001.0,15000.0,equity,PGR,trump_278t_2026_05_08_equity.pdf
814373616ff3,Donald Trump,trump_278t_2026_05_08_equity,2610,UNIFIRST CORP MASS,sale,2026-02-26,2026-05-12,1001.0,15000.0,equity,UNF,trump_278t_2026_05_08_equity.pdf
d35c69412b5c,Donald Trump,trump_278t_2026_05_08_equity,2611,NVIDIA CORP,purchase,2026-03-26,2026-05-12,1001.0,15000.0,equity,NVDA,trump_278t_2026_05_08_equity.pdf
abf9b15c4dfe,Donald Trump,trump_278t_2026_05_08_equity,2612,TRAVELERS COS INC,sale,2026-01-21,2026-05-12,1001.0,15000.0,equity,,trump_278t_2026_05_08_equity.pdf
797ff4fc3f59,Donald Trump,trump_278t_2026_05_08_equity,2586,ADVANCED MICRO DEVIC,sale,2026-01-12,2026-05-12,1001.0,15000.0,other,,trump_278t_2026_05_08_equity.pdf
ed029b6c3b08,Donald Trump,trump_278t_2026_05_08_equity,2585,STRATEGY INC CLASS A,sale,2026-02-12,2026-05-12,1001.0,15000.0,equity,MSTR,trump_278t_2026_05_08_equity.pdf
8cb9c81c58fa,Donald Trump,trump_278t_2026_05_08_equity,2584,COPARTINC,purchase,2026-02-23,2026-05-12,1001.0,15000.0,equity,CPRT,trump_278t_2026_05_08_equity.pdf
52e5a29034ca,Donald Trump,trump_278t_2026_05_08_equity,2583,JPMORGAN CHASE & CO,purchase,2026-03-26,2026-05-12,1001.0,15000.0,equity,JPM,trump_278t_2026_05_08_equity.pdf
319a46145ee1,Donald Trump,trump_278t_2026_05_08_equity,2558,COPARTINC,purchase,2026-02-19,2026-05-12,1001.0,15000.0,equity,CPRT,trump_278t_2026_05_08_equity.pdf
fac6e4168134,Donald Trump,trump_278t_2026_05_08_equity,2559,AMERICAN INTL GROUP INC,sale,2026-01-21,2026-05-12,1001.0,15000.0,equity,,trump_278t_2026_05_08_equity.pdf
53775459fdcf,Donald Trump,trump_278t_2026_05_08_equity,2560,KKR&COINC,purchase,2026-02-12,2026-05-12,1001.0,15000.0,other,,trump_278t_2026_05_08_equity.pdf
6ae6726264e1,Donald Trump,trump_278t_2026_05_08_equity,2561,FIDELITY NATL INFORMATIO,sale,2026-03-26,2026-05-12,1001.0,15000.0,other,,trump_278t_2026_05_08_equity.pdf
0eee471e7717,Donald Trump,trump_278t_2026_05_08_equity,2562,CARLYLE GROUP INC,sale,2026-03-04,2026-05-12,1001.0,15000.0,equity,,trump_278t_2026_05_08_equity.pdf
7406fb67410e,Donald Trump,trump_278t_2026_05_08_equity,2563,ROBLOX CORP CLASS A,sale,2026-01-12,2026-05-12,1001.0,15000.0,equity,RBLX,trump_278t_2026_05_08_equity.pdf
365bf7d20c39,Donald Trump,trump_278t_2026_05_08_equity,2564,CROWN CASTLE INC REIT REIT,purchase,2026-03-26,2026-05-12,1001.0,15000.0,reit,CCI,trump_278t_2026_05_08_equity.pdf
df44cc51c4ee,Donald Trump,trump_278t_2026_05_08_equity,2565,DOORDASH INC CLASS A,purchase,2026-02-12,2026-05-12,1001.0,15000.0,equity,DASH,trump_278t_2026_05_08_equity.pdf
f09c23a893d4,Donald Trump,trump_278t_2026_05_08_equity,2586,COGNIZANT TECHNOLOGY SOL CLASS A,purchase,2026-02-23,2026-05-12,1001.0,15000.0,equity,CTSH,trump_278t_2026_05_08_equity.pdf
41fcf3ee6935,Donald Trump,trump_278t_2026_05_08_equity,2567,AMERIPRISE FINL INC,sale,2026-03-26,2026-05-12,,,equity,AMP,trump_278t_2026_05_08_equity.pdf
f7e65cf6152c,Donald Trump,trump_278t_2026_05_08_equity,2568,ARES MGMT CORP CLASS A,sale,2026-03-17,2026-05-12,1001.0,15000.0,equity,,trump_278t_2026_05_08_equity.pdf
c888d65d1d22,Donald Trump,trump_278t_2026_05_08_equity,2481,COPARTINC -,sale,2026-03-17,2026-05-12,1001.0,15000.0,equity,CPRT,trump_278t_2026_05_08_equity.pdf
c73a68fea9ab,Donald Trump,trump_278t_2026_05_08_equity,2569,IBM CORP,sale,2026-02-23,2026-05-12,1001.0,15000.0,equity,,trump_278t_2026_05_08_equity.pdf
3f575466b08e,Donald Trump,trump_278t_2026_05_08_equity,2571,EBAY INC,sale,2026-02-19,2026-05-12,1001.0,15000.0,equity,EBAY,trump_278t_2026_05_08_equity.pdf
b387cf5cc8d5,Donald Trump,trump_278t_2026_05_08_equity,2572,WORKDAY INC CLASS A,sale,2026-01-21,2026-05-12,1001.0,15000.0,equity,WDAY,trump_278t_2026_05_08_equity.pdf
68de31153fe2,Donald Trump,trump_278t_2026_05_08_equity,2573,BAXTER INTL INC,sale,2026-03-04,2026-05-12,1001.0,15000.0,equity,BAX,trump_278t_2026_05_08_equity.pdf
f5fc89b757b4,Donald Trump,trump_278t_2026_05_08_equity,2574,UNION PAC CORP,sale,2026-01-21,2026-05-12,1001.0,15000.0,equity,UNP,trump_278t_2026_05_08_equity.pdf
8b155e26570a,Donald Trump,trump_278t_2026_05_08_equity,2575,HORMEL FOODS CORP,sale,2026-03-17,2026-05-12,1001.0,15000.0,equity,HRL,trump_278t_2026_05_08_equity.pdf
e9efc1f86734,Donald Trump,trump_278t_2026_05_08_equity,2576,ZIUOW GROUP INC CLASS C,sale,2026-03-26,2026-05-12,1001.0,15000.0,equity,,trump_278t_2026_05_08_equity.pdf
9521b2b0daa7,Donald Trump,trump_278t_2026_05_08_equity,2577,SOUTHERN CO,sale,2026-01-21,2026-05-12,1001.0,15000.0,other,,trump_278t_2026_05_08_equity.pdf
d54f30fbba7c,Donald Trump,trump_278t_2026_05_08_equity,2578,POOL CORP,sale,2026-02-23,2026-05-12,1001.0,15000.0,equity,POOL,trump_278t_2026_05_08_equity.pdf
8909a1e621d7,Donald Trump,trump_278t_2026_05_08_equity,2579,EQUIFAX INC,sale,2026-02-23,2026-05-12,1001.0,15000.0,equity,EFX,trump_278t_2026_05_08_equity.pdf
51b063fdcf26,Donald Trump,trump_278t_2026_05_08_equity,2580,SOFI TECHNOLOGIES INC,sale,2026-02-12,2026-05-12,1001.0,15000.0,equity,SOFI,trump_278t_2026_05_08_equity.pdf
a219677290be,Donald Trump,trump_278t_2026_05_08_equity,2581,Q2HLDGSINC,sale,2026-01-26,2026-05-12,1001.0,15000.0,other,,trump_278t_2026_05_08_equity.pdf
e73453862aa2,Donald Trump,trump_278t_2026_05_08_equity,2582,LIVERAMP HLDGS INC,sale,2026-02-26,2026-05-12,1001.0,15000.0,equity,RAMP,trump_278t_2026_05_08_equity.pdf
7394c135b642,Donald Trump,trump_278t_2026_05_08_equity,2570,RAYMOND JAMES FINL INC,purchase,2026-03-26,2026-05-12,1001.0,15000.0,equity,RJF,trump_278t_2026_05_08_equity.pdf
c792c674182b,Donald Trump,trump_278t_2026_05_08_equity,2614,VERSANT MEDIA GROUP INC,sale,2026-03-30,2026-05-12,1001.0,15000.0,equity,VSNT,trump_278t_2026_05_08_equity.pdf
f6840cd2c2ec,Donald Trump,trump_278t_2026_05_08_equity,2480,METLIFEINC,sale,2026-02-23,2026-05-12,1001.0,15000.0,other,,trump_278t_2026_05_08_equity.pdf
725735c5d51a,Donald Trump,trump_278t_2026_05_08_equity,2478,ATIASSIAN CORP CLASS A,purchase,2026-02-12,2026-05-12,1001.0,15000.0,equity,,trump_278t_2026_05_08_equity.pdf
cde9a5945b91,Donald Trump,trump_278t_2026_05_08_equity,2388,MANHATTAN ASSOCS INC,sale,2026-02-23,2026-05-12,1001.0,15000.0,equity,,trump_278t_2026_05_08_equity.pdf
9a7b179a5c36,Donald Trump,trump_278t_2026_05_08_equity,2389,FIDELITY NATL INFORMATIO,sale,2026-02-12,2026-05-12,1001.0,15000.0,other,,trump_278t_2026_05_08_equity.pdf
793b0fcff4ae,Donald Trump,trump_278t_2026_05_08_equity,2390,ASTERA LABS INC,sale,2026-02-12,2026-05-12,1001.0,15000.0,equity,ALAB,trump_278t_2026_05_08_equity.pdf
ac781735c451,Donald Trump,trump_278t_2026_05_08_equity,2391,MANHATTAN ASSOCS INC,sale,2026-01-21,2026-05-12,1001.0,15000.0,equity,,trump_278t_2026_05_08_equity.pdf
4bca3a21c4c6,Donald Trump,trump_278t_2026_05_08_equity,2392,ROBINHOOD MKTS INC Cl.ASS A,sale,2026-02-23,2026-05-12,1001.0,15000.0,equity,,trump_278t_2026_05_08_equity.pdf
aab901d2584d,Donald Trump,trump_278t_2026_05_08_equity,2393,BLOCK INC A Cl.ASS A,sale,2026-02-12,2026-05-12,1001.0,15000.0,equity,,trump_278t_2026_05_08_equity.pdf
46512616a6a8,Donald Trump,trump_278t_2026_05_08_equity,2394,VISTRA CORP -,sale,2026-03-26,2026-05-12,1001.0,15000.0,equity,VST,trump_278t_2026_05_08_equity.pdf
4e31b3de5654,Donald Trump,trump_278t_2026_05_08_equity,2395,VEEVA SYS INC ClASS A,purchase,2026-02-23,2026-05-12,1001.0,15000.0,equity,VEEV,trump_278t_2026_05_08_equity.pdf
96570b753d6f,Donald Trump,trump_278t_2026_05_08_equity,2396,XYLEM INC,sale,2026-01-21,2026-05-12,1001.0,15000.0,equity,XYL,trump_278t_2026_05_08_equity.pdf
4b457c59c46f,Donald Trump,trump_278t_2026_05_08_equity,2397,WILLIS TOWERS WATSON PF,sale,2026-03-26,2026-05-12,1001.0,15000.0,other,,trump_278t_2026_05_08_equity.pdf
b16e8e10692a,Donald Trump,trump_278t_2026_05_08_equity,2398,FNF GROUP CLASS A,purchase,2026-01-12,2026-05-12,1001.0,15000.0,equity,,trump_278t_2026_05_08_equity.pdf
e664cd42146a,Donald Trump,trump_278t_2026_05_08_equity,2399,CHENIERE ENERGY 0INC,sale,2026-01-21,2026-05-12,1001.0,15000.0,other,,trump_278t_2026_05_08_equity.pdf
0c74b1c8ca97,Donald Trump,trump_278t_2026_05_08_equity,2400,GODADDY INC ClASS A,sale,2026-01-21,2026-05-12,1001.0,15000.0,equity,GDDY,trump_278t_2026_05_08_equity.pdf
62ed13aea03e,Donald Trump,trump_278t_2026_05_08_equity,2401,IQVIA HLDGS INC,sale,2026-02-23,2026-05-12,1001.0,15000.0,equity,IQV,trump_278t_2026_05_08_equity.pdf
67e7c33e9b0a,Donald Trump,trump_278t_2026_05_08_equity,2402,BLOCK H & R INC,purchase,2026-01-21,2026-05-12,1001.0,15000.0,equity,,trump_278t_2026_05_08_equity.pdf
0d02d6ce76d7,Donald Trump,trump_278t_2026_05_08_equity,2403,CONSTELLATION ENERGY COR,sale,2026-02-23,2026-05-12,1001.0,15000.0,other,,trump_278t_2026_05_08_equity.pdf
bd3e2ee89466,Donald Trump,trump_278t_2026_05_08_equity,2404,FIDELITY NATL INFORMATIO,sale,2026-01-12,2026-05-12,1001.0,15000.0,other,,trump_278t_2026_05_08_equity.pdf
d9197e2fd504,Donald Trump,trump_278t_2026_05_08_equity,2405,AVANOS MED INC,sale,2026-03-30,2026-05-12,1001.0,15000.0,equity,AVNS,trump_278t_2026_05_08_equity.pdf
38bd836c27bd,Donald Trump,trump_278t_2026_05_08_equity,2406,FORD MOTOR CO,sale,2026-03-14,2026-05-12,1001.0,15000.0,other,,trump_278t_2026_05_08_equity.pdf
0d31da26850e,Donald Trump,trump_278t_2026_05_08_equity,2408,INVITATION HOMES INC,purchase,2026-01-26,2026-05-12,1001.0,15000.0,equity,INVH,trump_278t_2026_05_08_equity.pdf
4217ea179a0d,Donald Trump,trump_278t_2026_05_08_equity,2409,CCC INTELLIGENT SOLUTION,sale,2026-01-21,2026-05-12,1001.0,15000.0,other,,trump_278t_2026_05_08_equity.pdf
93589bb8e194,Donald Trump,trump_278t_2026_05_08_equity,2410,WORLO ACCEP CORPS C NEW,sale,2026-02-26,2026-05-12,1001.0,,other,,trump_278t_2026_05_08_equity.pdf
36bca3341ed9,Donald Trump,trump_278t_2026_05_08_equity,2411,AUTODESK INC,sale,2026-01-21,2026-05-12,1001.0,15000.0,equity,ADSK,trump_278t_2026_05_08_equity.pdf
04fdc1eacc2e,Donald Trump,trump_278t_2026_05_08_equity,2412,SNAP INC CLASS A,purchase,2026-02-23,2026-05-12,1001.0,15000.0,equity,SNAP,trump_278t_2026_05_08_equity.pdf
7b5b2b2471dd,Donald Trump,trump_278t_2026_05_08_equity,2413,WELLS FARGO & CO,purchase,2026-01-21,2026-05-12,1001.0,15000.0,other,,trump_278t_2026_05_08_equity.pdf
c66d745fb358,Donald Trump,trump_278t_2026_05_08_equity,2387,TALEN ENERGY CORP NEW ClASS EQUITY,sale,2026-03-26,2026-05-12,1001.0,15000.0,equity,TLN,trump_278t_2026_05_08_equity.pdf
e44c480e0217,Donald Trump,trump_278t_2026_05_08_equity,2414,MSCIINC,sale,2026-02-12,2026-05-12,1001.0,15000.0,other,,trump_278t_2026_05_08_equity.pdf
358ac4843a2a,Donald Trump,trump_278t_2026_05_08_equity,2386,SNOWFLAKE INC ClASS A,purchase,2026-03-26,2026-05-12,1001.0,15000.0,equity,SNOW,trump_278t_2026_05_08_equity.pdf
a235414f663f,Donald Trump,trump_278t_2026_05_08_equity,2384,EOG RES INC,sale,2026-01-12,2026-05-12,1001.0,15000.0,equity,EOG,trump_278t_2026_05_08_equity.pdf
14c27c0234c1,Donald Trump,trump_278t_2026_05_08_equity,2357,ABBOTT LABS,sale,2026-01-12,2026-05-12,1001.0,15000.0,other,,trump_278t_2026_05_08_equity.pdf
b2d8cc7217d0,Donald Trump,trump_278t_2026_05_08_equity,2356,HOULIHAN LOKEY INC CLASS A,sale,2026-03-26,2026-05-12,1001.0,,equity,HLI,trump_278t_2026_05_08_equity.pdf
4dad87a9bd32,Donald Trump,trump_278t_2026_05_08_equity,2359,HOULIHAN LOKEY INC CLASS A,sale,2026-01-21,2026-05-12,1001.0,15000.0,equity,HLI,trump_278t_2026_05_08_equity.pdf
21879b4b336c,Donald Trump,trump_278t_2026_05_08_equity,2360,CBRE GROUP INC CLASS A,purchase,2026-02-12,2026-05-12,1001.0,15000.0,equity,CBRE,trump_278t_2026_05_08_equity.pdf
e8c9cd4c1de3,Donald Trump,trump_278t_2026_05_08_equity,2361,GENUINE PARTS CO,purchase,2026-02-23,2026-05-12,1001.0,15000.0,other,,trump_278t_2026_05_08_equity.pdf
1f0333d7313b,Donald Trump,trump_278t_2026_05_08_equity,2362,BLOCK INC A CLASS A,sale,2026-02-23,2026-05-12,1001.0,15000.0,equity,,trump_278t_2026_05_08_equity.pdf
fbeee461f126,Donald Trump,trump_278t_2026_05_08_equity,2363,ZSCALERINC,sale,2026-02-12,2026-05-12,1001.0,15000.0,other,,trump_278t_2026_05_08_equity.pdf
92e030830e64,Donald Trump,trump_278t_2026_05_08_equity,2364,DUOLINGO INC CLASS A,purchase,2026-01-21,2026-05-12,1001.0,15000.0,equity,DUOL,trump_278t_2026_05_08_equity.pdf
c62dcea9592f,Donald Trump,trump_278t_2026_05_08_equity,2365,TYLER TECHNOLOGIES INC,sale,2026-02-12,2026-05-12,1001.0,15000.0,equity,TYL,trump_278t_2026_05_08_equity.pdf
8e6a1cd52852,Donald Trump,trump_278t_2026_05_08_equity,2366,BANK OF AMERICA CORP,sale,2026-02-23,2026-05-12,1001.0,15000.0,equity,BAC,trump_278t_2026_05_08_equity.pdf
326e6e888df6,Donald Trump,trump_278t_2026_05_08_equity,2367,CROWDSTRIKE HLDGS INC CLASS A,sale,2026-03-26,2026-05-12,1001.0,15000.0,equity,CRWD,trump_278t_2026_05_08_equity.pdf
03d57e250505,Donald Trump,trump_278t_2026_05_08_equity,2368,VERSANT MEDIA GROUP INC CL A UNSOLICITED,sale,2026-01-06,2026-05-12,1001.0,15000.0,equity,VSNT,trump_278t_2026_05_08_equity.pdf
da1c9b389a63,Donald Trump,trump_278t_2026_05_08_equity,2369,AMERICAN EXPRESS CO,purchase,2026-03-26,2026-05-12,1001.0,15000.0,other,,trump_278t_2026_05_08_equity.pdf
daf1f401afc0,Donald Trump,trump_278t_2026_05_08_equity,2370,BANK OF AMERICA CORP,sale,2026-01-21,2026-05-12,1001.0,15000.0,equity,BAC,trump_278t_2026_05_08_equity.pdf
6a52d2043739,Donald Trump,trump_278t_2026_05_08_equity,2373,COINBASE GLOBAL INC CLASS A,sale,2026-03-26,2026-05-12,1001.0,,equity,COIN,trump_278t_2026_05_08_equity.pdf
764d8ba8801f,Donald Trump,trump_278t_2026_05_08_equity,2374,ZEBRA TECHNOLOGIES CORP CLASS A,purchase,2026-03-26,2026-05-12,1001.0,,equity,ZBRA,trump_278t_2026_05_08_equity.pdf
d94cfcf567bf,Donald Trump,trump_278t_2026_05_08_equity,2376,SMUCKER J M CO,sale,2026-03-26,2026-05-12,1001.0,15000.0,other,,trump_278t_2026_05_08_equity.pdf
864d994db931,Donald Trump,trump_278t_2026_05_08_equity,2377,KKR&COINC,purchase,2026-01-21,2026-05-12,1001.0,15000.0,other,,trump_278t_2026_05_08_equity.pdf
b69ceee580aa,Donald Trump,trump_278t_2026_05_08_equity,2378,HUNTINGTON BANCSHARES INC,sale,2026-01-17,2026-05-12,1001.0,15000.0,equity,,trump_278t_2026_05_08_equity.pdf
f0744ab68e57,Donald Trump,trump_278t_2026_05_08_equity,2379,NUTANIX INC ClASS A,sale,2026-01-21,2026-05-12,1001.0,15000.0,equity,NTNX,trump_278t_2026_05_08_equity.pdf
5fe277a40227,Donald Trump,trump_278t_2026_05_08_equity,2380,MOLINA HEALTHCARE INC,sale,2026-03-26,2026-05-12,1001.0,15000.0,equity,MOH,trump_278t_2026_05_08_equity.pdf
3cfdeec91cc7,Donald Trump,trump_278t_2026_05_08_equity,2382,NETAPPINC,purchase,2026-01-23,2026-05-12,1001.0,15000.0,other,,trump_278t_2026_05_08_equity.pdf
56f3a346f7e5,Donald Trump,trump_278t_2026_05_08_equity,2363,ESSEX PPTY TR INC REIT,sale,2026-02-12,2026-05-12,1001.0,15000.0,reit,ESS,trump_278t_2026_05_08_equity.pdf
ab54701e74c1,Donald Trump,trump_278t_2026_05_08_equity,2385,HUMANA INC,sale,2026-02-12,2026-05-12,1001.0,15000.0,equity,HUM,trump_278t_2026_05_08_equity.pdf
7d3c616c2987,Donald Trump,trump_278t_2026_05_08_equity,2415,GARTNER INC,sale,2026-02-12,2026-05-12,1001.0,15000.0,equity,IT,trump_278t_2026_05_08_equity.pdf
a2adfd84c9e3,Donald Trump,trump_278t_2026_05_08_equity,2416,PERFORMANCE FOOO GROUP C,sale,2026-01-21,2026-05-12,1001.0,15000.0,other,,trump_278t_2026_05_08_equity.pdf
b76c7c4b7c3f,Donald Trump,trump_278t_2026_05_08_equity,2417,APPLOVIN CORP CLASS A,purchase,2026-03-26,2026-05-12,1001.0,15000.0,equity,APP,trump_278t_2026_05_08_equity.pdf
88da7a87210b,Donald Trump,trump_278t_2026_05_08_equity,2449,LPL FINL HLDGS INC,sale,2026-03-26,2026-05-12,,,equity,,trump_278t_2026_05_08_equity.pdf
756e8ceacc40,Donald Trump,trump_278t_2026_05_08_equity,2451,GENERAL MILLS INC,sale,2026-03-26,2026-05-12,1001.0,15000.0,equity,GIS,trump_278t_2026_05_08_equity.pdf
826357dfccf4,Donald Trump,trump_278t_2026_05_08_equity,2452,RLICORP,purchase,2026-03-21,2026-05-12,1001.0,15000.0,other,,trump_278t_2026_05_08_equity.pdf
3af8a10b04a1,Donald Trump,trump_278t_2026_05_08_equity,2453,JONES LANG LASALLE INC,sale,2026-01-23,2026-05-12,1001.0,15000.0,equity,JLL,trump_278t_2026_05_08_equity.pdf
ed8c594541bb,Donald Trump,trump_278t_2026_05_08_equity,2454,ZSCALERINC,sale,2026-02-23,2026-05-12,1001.0,15000.0,other,,trump_278t_2026_05_08_equity.pdf
dffe61d30c1e,Donald Trump,trump_278t_2026_05_08_equity,2455,SAMSARA INC CLASS A,sale,2026-01-23,2026-05-12,1001.0,15000.0,equity,IOT,trump_278t_2026_05_08_equity.pdf
5cc0a98faf13,Donald Trump,trump_278t_2026_05_08_equity,2456,GODADDY INC CLASS A,sale,2026-02-12,2026-05-12,1001.0,15000.0,equity,GDDY,trump_278t_2026_05_08_equity.pdf
b4a071cb1c3f,Donald Trump,trump_278t_2026_05_08_equity,2457,VULCAN MATtS CO,sale,2026-03-21,2026-05-12,,,other,,trump_278t_2026_05_08_equity.pdf
a8fdbe054de0,Donald Trump,trump_278t_2026_05_08_equity,2458,ACUITY INC.,sale,2026-03-17,2026-05-12,1001.0,15000.0,equity,AYI,trump_278t_2026_05_08_equity.pdf
ee90d892155f,Donald Trump,trump_278t_2026_05_08_equity,2459,GARTNER INC,purchase,2026-03-21,2026-05-12,1001.0,15000.0,equity,IT,trump_278t_2026_05_08_equity.pdf
ee98303929cf,Donald Trump,trump_278t_2026_05_08_equity,2460,BOOZ ALLEN HAMILTON HLDG CLASS A,purchase,2026-02-23,2026-05-12,1001.0,15000.0,equity,BAH,trump_278t_2026_05_08_equity.pdf
ba0396c8f462,Donald Trump,trump_278t_2026_05_08_equity,2461,METLIFEINC,sale,2026-03-17,2026-05-12,1001.0,15000.0,other,,trump_278t_2026_05_08_equity.pdf
0cf22264c848,Donald Trump,trump_278t_2026_05_08_equity,2462,GENERAL MILLS INC,sale,2026-03-17,2026-05-12,1001.0,15000.0,equity,GIS,trump_278t_2026_05_08_equity.pdf
5ac756d0dd22,Donald Trump,trump_278t_2026_05_08_equity,2463,- INVITATION HOMES INC,sale,2026-01-21,2026-05-12,1001.0,15000.0,equity,INVH,trump_278t_2026_05_08_equity.pdf
27b1e885af49,Donald Trump,trump_278t_2026_05_08_equity,2464,RYAN SPECIALT Y HOLDINGS CLASS A,sale,2026-01-23,2026-05-12,1001.0,15000.0,equity,RYAN,trump_278t_2026_05_08_equity.pdf
0df85c9e7b30,Donald Trump,trump_278t_2026_05_08_equity,2465,SMURFIT WESTROCK PLC F,sale,2026-03-17,2026-05-12,1001.0,15000.0,equity,SW,trump_278t_2026_05_08_equity.pdf
7032db90eb69,Donald Trump,trump_278t_2026_05_08_equity,2466,MARKEL GROUP INC,sale,2026-03-11,2026-05-12,1001.0,15000.0,equity,MKL,trump_278t_2026_05_08_equity.pdf
75a5dac4f408,Donald Trump,trump_278t_2026_05_08_equity,2467,ROCKET LAB CORP CLASS A,sale,2026-02-23,2026-05-12,1001.0,15000.0,equity,RKLB,trump_278t_2026_05_08_equity.pdf
bec62b65583b,Donald Trump,trump_278t_2026_05_08_equity,2468,CAPITAL ONE FINL CORP,sale,2026-01-23,2026-05-12,1001.0,15000.0,equity,,trump_278t_2026_05_08_equity.pdf
d3617f7a5d51,Donald Trump,trump_278t_2026_05_08_equity,2469,RYAN SPECIALTY HOLDINGS CLASS A,purchase,2026-03-17,2026-05-12,1001.0,15000.0,equity,RYAN,trump_278t_2026_05_08_equity.pdf
52f862755b3c,Donald Trump,trump_278t_2026_05_08_equity,2470,ALLSTATE CORP,purchase,2026-01-21,2026-05-12,1001.0,15000.0,equity,,trump_278t_2026_05_08_equity.pdf
2c0021abc070,Donald Trump,trump_278t_2026_05_08_equity,2471,SOLVENTUM CORP,purchase,2026-03-26,2026-05-12,1001.0,15000.0,equity,SOLV,trump_278t_2026_05_08_equity.pdf
bf5d977d751b,Donald Trump,trump_278t_2026_05_08_equity,2472,ATLASSIAN CORP CLASS A,sale,2026-01-21,2026-05-12,1001.0,15000.0,equity,TEAM,trump_278t_2026_05_08_equity.pdf
80121387e7df,Donald Trump,trump_278t_2026_05_08_equity,2473,ARES MGMT CORP CLASS A,sale,2026-01-23,2026-05-12,1001.0,15000.0,equity,,trump_278t_2026_05_08_equity.pdf
0a058e833322,Donald Trump,trump_278t_2026_05_08_equity,2476,AGILYSYS INC,sale,2026-01-26,2026-05-12,1001.0,15000.0,equity,AGYS,trump_278t_2026_05_08_equity.pdf
68537a6d4bf2,Donald Trump,trump_278t_2026_05_08_equity,2448,FLEX LTD F,sale,2026-02-12,2026-05-12,1001.0,15000.0,other,,trump_278t_2026_05_08_equity.pdf
825f5cb3e031,Donald Trump,trump_278t_2026_05_08_equity,2447,FLUTTER ENTMT PLC F,purchase,2026-01-21,2026-05-12,1001.0,15000.0,equity,FLUT,trump_278t_2026_05_08_equity.pdf
85316fa599da,Donald Trump,trump_278t_2026_05_08_equity,2446,MCCORMICK & CO INC CLASS N,sale,2026-03-26,2026-05-12,1001.0,15000.0,equity,,trump_278t_2026_05_08_equity.pdf
7fbd9174e389,Donald Trump,trump_278t_2026_05_08_equity,2445,TOAST INC CLASS A,sale,2026-02-12,2026-05-12,1001.0,15000.0,equity,TOST,trump_278t_2026_05_08_equity.pdf
05338240862f,Donald Trump,trump_278t_2026_05_08_equity,2418,HUBSPOTINC,purchase,2026-03-17,2026-05-12,1001.0,15000.0,other,,trump_278t_2026_05_08_equity.pdf
e5b86ca5c16f,Donald Trump,trump_278t_2026_05_08_equity,2419,DRAFTKINGS INC NEW CLASS A,sale,2026-02-23,2026-05-12,1001.0,15000.0,equity,DKNG,trump_278t_2026_05_08_equity.pdf
4dd75ca580b3,Donald Trump,trump_278t_2026_05_08_equity,2420,PROCTER & GAMBLE CO,sale,2026-01-21,2026-05-12,1001.0,15000.0,other,,trump_278t_2026_05_08_equity.pdf
0e3539c8ee8d,Donald Trump,trump_278t_2026_05_08_equity,2421,BXPINCREIT,purchase,2026-02-23,2026-05-12,1001.0,15000.0,other,,trump_278t_2026_05_08_equity.pdf
6b357e0c72f6,Donald Trump,trump_278t_2026_05_08_equity,2422,METLIFE INC,sale,2026-03-04,2026-05-12,1001.0,15000.0,equity,MET,trump_278t_2026_05_08_equity.pdf
b5a9ed541111,Donald Trump,trump_278t_2026_05_08_equity,2423,WARNER MUSIC GROUP CORP CL A,sale,2026-02-19,2026-05-12,1001.0,15000.0,equity,WMG,trump_278t_2026_05_08_equity.pdf
68fa5d38be02,Donald Trump,trump_278t_2026_05_08_equity,2424,HEWLETT PACKARD ENTERPRISE COMPANY,purchase,2026-01-23,2026-05-12,1001.0,15000.0,other,,trump_278t_2026_05_08_equity.pdf
f47aa1ee1957,Donald Trump,trump_278t_2026_05_08_equity,2425,EVEREST REINSURANCE GR F,purchase,2026-01-26,2026-05-12,1001.0,15000.0,other,,trump_278t_2026_05_08_equity.pdf
8d38007644dd,Donald Trump,trump_278t_2026_05_08_equity,2426,- GUIDEWIRE SOFTWARE INC,sale,2026-02-12,2026-05-12,1001.0,15000.0,equity,GWRE,trump_278t_2026_05_08_equity.pdf
5394662e03b5,Donald Trump,trump_278t_2026_05_08_equity,2427,PAYCOM SOFTWARE INC,purchase,2026-02-12,2026-05-12,1001.0,15000.0,equity,PAYC,trump_278t_2026_05_08_equity.pdf
479064f69caf,Donald Trump,trump_278t_2026_05_08_equity,2428,HUMANA INC,purchase,2026-02-23,2026-05-12,1001.0,15000.0,equity,HUM,trump_278t_2026_05_08_equity.pdf
cca1a7046536,Donald Trump,trump_278t_2026_05_08_equity,2429,MONGODB INC CLASS A,purchase,2026-03-17,2026-05-12,1001.0,15000.0,equity,MDB,trump_278t_2026_05_08_equity.pdf
e020ee07ebbe,Donald Trump,trump_278t_2026_05_08_equity,2479,PROCORE TECHNOLOGIES INC,sale,2026-01-21,2026-05-12,1001.0,15000.0,equity,PCOR,trump_278t_2026_05_08_equity.pdf
90ff02095db7,Donald Trump,trump_278t_2026_05_08_equity,2430,VERISK ANALYTICS INC CLASS A,sale,2026-02-23,2026-05-12,1001.0,15000.0,equity,VRSK,trump_278t_2026_05_08_equity.pdf
9e6387350481,Donald Trump,trump_278t_2026_05_08_equity,2432,ROCKET COMPANIES CLAA CLASS A,sale,2026-03-26,2026-05-12,1001.0,15000.0,equity,RKT,trump_278t_2026_05_08_equity.pdf
2ba259033c78,Donald Trump,trump_278t_2026_05_08_equity,2433,COSTAR GROUP INC,purchase,2026-02-23,2026-05-12,1001.0,15000.0,equity,CSGP,trump_278t_2026_05_08_equity.pdf
ce5229612ed3,Donald Trump,trump_278t_2026_05_08_equity,2434,EQUIFAX INC,purchase,2026-02-12,2026-05-12,1001.0,15000.0,equity,EFX,trump_278t_2026_05_08_equity.pdf
433749a37739,Donald Trump,trump_278t_2026_05_08_equity,2435,REPUBLIC SVCS INC,sale,2026-01-21,2026-05-12,1001.0,15000.0,equity,,trump_278t_2026_05_08_equity.pdf
72518b2efd3a,Donald Trump,trump_278t_2026_05_08_equity,2436,RLICORP,sale,2026-01-21,2026-05-12,1001.0,15000.0,other,,trump_278t_2026_05_08_equity.pdf
1aea0878d022,Donald Trump,trump_278t_2026_05_08_equity,2437,GLOBAL PMTS INC,sale,2026-01-21,2026-05-12,1001.0,15000.0,equity,,trump_278t_2026_05_08_equity.pdf
4445e428d537,Donald Trump,trump_278t_2026_05_08_equity,2439,INTUIT,purchase,2026-03-26,2026-05-12,1001.0,15000.0,other,,trump_278t_2026_05_08_equity.pdf
3e130aa80925,Donald Trump,trump_278t_2026_05_08_equity,2440,ACI WORLDWIDE INC,sale,2026-01-26,2026-05-12,1001.0,15000.0,equity,ACIW,trump_278t_2026_05_08_equity.pdf
c3c5146d119a,Donald Trump,trump_278t_2026_05_08_equity,2441,ZILLOW GROUP INC CLASS C,purchase,2026-01-21,2026-05-12,1001.0,15000.0,equity,ZG,trump_278t_2026_05_08_equity.pdf
50bc990305c8,Donald Trump,trump_278t_2026_05_08_equity,2442,GRAPHIC PACKAGING HLDG C,purchase,2026-03-26,2026-05-12,1001.0,15000.0,other,,trump_278t_2026_05_08_equity.pdf
8f3ab6fab83e,Donald Trump,trump_278t_2026_05_08_equity,2443,QUALCOMM INC,purchase,2026-02-12,2026-05-12,1001.0,15000.0,equity,QCOM,trump_278t_2026_05_08_equity.pdf
e5d4187ee176,Donald Trump,trump_278t_2026_05_08_equity,2444,LAUDER ESTEE COS INC CLASS A,sale,2026-03-26,2026-05-12,1001.0,15000.0,equity,,trump_278t_2026_05_08_equity.pdf
305067152d46,Donald Trump,trump_278t_2026_05_08_equity,2431,GITLAB INC CLASS A,purchase,2026-02-21,2026-05-12,1001.0,15000.0,equity,GTLB,trump_278t_2026_05_08_equity.pdf
9f3b31e04784,Donald Trump,trump_278t_2026_05_08_equity,3135,CARYANA CO CLASS A,sale,2026-02-12,2026-05-12,15001.0,50000.0,equity,,trump_278t_2026_05_08_equity.pdf
8c55dd14a600,Donald Trump,trump_278t_2026_05_08_equity,3239,INSPIRE MED SYS INC,sale,2026-02-21,2026-05-12,15001.0,,equity,INSP,trump_278t_2026_05_08_equity.pdf
0e0c81ff3be9,Donald Trump,trump_278t_2026_05_08_equity,3137,TOAST INC CLASS A,sale,2026-02-12,2026-05-12,15001.0,50000.0,equity,TOST,trump_278t_2026_05_08_equity.pdf
0df945cd810f,Donald Trump,trump_278t_2026_05_08_equity,867,INTERCONTINENTALEXCHANGE INC I,purchase,2026-01-06,2026-05-12,15001.0,50000.0,equity,ICE,trump_278t_2026_05_08_equity.pdf
dead99a1a216,Donald Trump,trump_278t_2026_05_08_equity,907,TARGET CORP UNSOLICITED IDUrchalO,purchase,2026-03-23,2026-05-12,15001.0,50000.0,equity,,trump_278t_2026_05_08_equity.pdf
e2c767c1247e,Donald Trump,trump_278t_2026_05_08_equity,943,XYLEM INC UNSOLICITED I,purchase,2026-03-23,2026-05-12,15001.0,50000.0,equity,XYL,trump_278t_2026_05_08_equity.pdf
84211546e586,Donald Trump,trump_278t_2026_05_08_equity,944,PEPSICO INC UNSOLICITED I,purchase,2026-03-23,2026-05-12,15001.0,50000.0,equity,PEP,trump_278t_2026_05_08_equity.pdf
56b150308dd8,Donald Trump,trump_278t_2026_05_08_equity,945,Mota Plat!Offfla. Inc IDUrchaso,purchase,2026-01-06,2026-05-12,15001.0,50000.0,equity,,trump_278t_2026_05_08_equity.pdf
35d8899de2c6,Donald Trump,trump_278t_2026_05_08_equity,946,GILEAD SCIENCES INC UNSOLICITED I 31,purchase,2026-02-03,2026-05-12,15001.0,50000.0,equity,GILD,trump_278t_2026_05_08_equity.pdf
a69c8cec0449,Donald Trump,trump_278t_2026_05_08_equity,950,COINBASE GLOBAL INC oun:hase,purchase,2026-03-17,2026-05-12,15001.0,50000.0,equity,COIN,trump_278t_2026_05_08_equity.pdf
df02b9525c5c,Donald Trump,trump_278t_2026_05_08_equity,951,STRYKER CORP UNSOLICITED DUn:hase,purchase,2026-03-23,2026-05-12,15001.0,50000.0,equity,SYK,trump_278t_2026_05_08_equity.pdf
b1e7fed191ba,Donald Trump,trump_278t_2026_05_08_equity,958,EOG RESOURCES INC l)<lrchmo,purchase,2026-01-23,2026-05-12,15001.0,50000.0,equity,EOG,trump_278t_2026_05_08_equity.pdf
f750d3149890,Donald Trump,trump_278t_2026_05_08_equity,965,QUALCOMM INC UNSOLICITED,purchase,2026-03-23,2026-05-12,15001.0,50000.0,equity,QCOM,trump_278t_2026_05_08_equity.pdf
5206991930d5,Donald Trump,trump_278t_2026_05_08_equity,972,ASBURY AUTOMOTIVE GROUP 3,purchase,2026-01-04,2026-05-12,15001.0,50000.0,other,,trump_278t_2026_05_08_equity.pdf
ff2289f2db70,Donald Trump,trump_278t_2026_05_08_equity,979,AMPHENOL CORP NEW CL A UNSOLICITED 31,purchase,2026-01-01,2026-05-12,15001.0,50000.0,equity,APH,trump_278t_2026_05_08_equity.pdf
cc5acbfd9553,Donald Trump,trump_278t_2026_05_08_equity,982,RYMAN HOSPITALITY PPTYS REIT 3,purchase,2026-01-04,2026-05-12,15001.0,50000.0,other,,trump_278t_2026_05_08_equity.pdf
f17eda6df757,Donald Trump,trump_278t_2026_05_08_equity,983,ADTINCDEL I,purchase,2026-02-12,2026-05-12,15001.0,50000.0,other,,trump_278t_2026_05_08_equity.pdf
b994d54cbfec,Donald Trump,trump_278t_2026_05_08_equity,985,J&JSNACKFOODSCORP I,purchase,2026-03-30,2026-05-12,15001.0,50000.0,other,,trump_278t_2026_05_08_equity.pdf
50e5bcb4ba5c,Donald Trump,trump_278t_2026_05_08_equity,989,COCA COLA CO COM UNSOLICITED l>UrchaSO,purchase,2026-03-12,2026-05-12,15001.0,50000.0,other,,trump_278t_2026_05_08_equity.pdf
9b4a8b77556c,Donald Trump,trump_278t_2026_05_08_equity,998,ABBVIE INC COM UNSOLICITED,purchase,2026-03-11,2026-05-12,15001.0,50000.0,equity,ABBV,trump_278t_2026_05_08_equity.pdf
f1aed9ecf5b0,Donald Trump,trump_278t_2026_05_08_equity,999,HA SUSTAINABLE INFRA REI l>UrchalO,purchase,2026-03-04,2026-05-12,15001.0,50000.0,other,,trump_278t_2026_05_08_equity.pdf
0958d7afd15e,Donald Trump,trump_278t_2026_05_08_equity,1005,GOOSEHEAD INS INC CLASS A l>Urchaae,purchase,2026-03-30,2026-05-12,15001.0,50000.0,equity,GSHD,trump_278t_2026_05_08_equity.pdf
40d746f89b4a,Donald Trump,trump_278t_2026_05_08_equity,1020,ASGNINC I,purchase,2026-03-23,2026-05-12,15001.0,50000.0,other,,trump_278t_2026_05_08_equity.pdf
d581c1359f0a,Donald Trump,trump_278t_2026_05_08_equity,1021,AON PLC CL A UNSOLICITED il>Urchaso,purchase,2026-03-12,2026-05-12,15001.0,50000.0,equity,,trump_278t_2026_05_08_equity.pdf
5c960b05dcdf,Donald Trump,trump_278t_2026_05_08_equity,1025,ENOVISCORP I 21,purchase,2026-02-06,2026-05-12,15001.0,50000.0,other,,trump_278t_2026_05_08_equity.pdf
d1b6e76b5c25,Donald Trump,trump_278t_2026_05_08_equity,1039,EQUINIX INC REIT UNSOLICITED lpurchaae,purchase,2026-03-02,2026-05-12,15001.0,50000.0,reit,EQIX,trump_278t_2026_05_08_equity.pdf
1dd93bb040b1,Donald Trump,trump_278t_2026_05_08_equity,1040,TJX COS INC NEW UNSOLICITED IDUrchuo,purchase,2026-03-12,2026-05-12,15001.0,50000.0,equity,,trump_278t_2026_05_08_equity.pdf
69e36cfe9c05,Donald Trump,trump_278t_2026_05_08_equity,1046,QUINSTREET INC lcurchaso 21,purchase,2026-02-06,2026-05-12,15001.0,50000.0,equity,QNST,trump_278t_2026_05_08_equity.pdf
bd2396f87104,Donald Trump,trump_278t_2026_05_08_equity,886,MONOLITHIC POWER SYSTEMS INC UNSOLICITED,purchase,2026-03-23,2026-05-12,15001.0,50000.0,equity,MPWR,trump_278t_2026_05_08_equity.pdf
3f9be78603c6,Donald Trump,trump_278t_2026_05_08_equity,1047,STARBUCKS CORP UNSOLICITED I,purchase,2026-03-12,2026-05-12,15001.0,50000.0,equity,SBUX,trump_278t_2026_05_08_equity.pdf
a070f2be7219,Donald Trump,trump_278t_2026_05_08_equity,863,AOMA BIOLOGICS INC,purchase,2026-02-26,2026-05-12,15001.0,50000.0,equity,,trump_278t_2026_05_08_equity.pdf
cc9e9d070215,Donald Trump,trump_278t_2026_05_08_equity,640,LULULEMON ATHLETICA INC .,purchase,2026-01-06,2026-05-12,15001.0,50000.0,equity,LULU,trump_278t_2026_05_08_equity.pdf
a7f210496fc4,Donald Trump,trump_278t_2026_05_08_equity,679,T-MOBILE US INC 11,purchase,2026-02-03,2026-05-12,15001.0,50000.0,equity,,trump_278t_2026_05_08_equity.pdf
81c72853458c,Donald Trump,trump_278t_2026_05_08_equity,684,BLOCK INC A CLASS A I,purchase,2026-01-12,2026-05-12,15001.0,50000.0,equity,,trump_278t_2026_05_08_equity.pdf
2f47724f2f0d,Donald Trump,trump_278t_2026_05_08_equity,697,LINDE PLC NEW EUR UNSOLICITED,purchase,2026-03-25,2026-05-12,15001.0,50000.0,equity,LIN,trump_278t_2026_05_08_equity.pdf
2e2aa3427e9c,Donald Trump,trump_278t_2026_05_08_equity,698,MICROSOFT CORP IDUrchase,purchase,2026-03-17,2026-05-12,15001.0,50000.0,equity,MSFT,trump_278t_2026_05_08_equity.pdf
1a97b9847558,Donald Trump,trump_278t_2026_05_08_equity,700,NETAPP INC,purchase,2026-01-12,2026-05-12,15001.0,50000.0,equity,NTAP,trump_278t_2026_05_08_equity.pdf
a176c7a9c20b,Donald Trump,trump_278t_2026_05_08_equity,703,SMURFIT WESTROCK PLC UNSOLICITED 31,purchase,2026-02-05,2026-05-12,15001.0,50000.0,equity,SW,trump_278t_2026_05_08_equity.pdf
163aba508062,Donald Trump,trump_278t_2026_05_08_equity,707,FIGMA INC CLASS A pun::haso,purchase,2026-02-12,2026-05-12,15001.0,50000.0,equity,FIG,trump_278t_2026_05_08_equity.pdf
79db8e748df1,Donald Trump,trump_278t_2026_05_08_equity,710,PFIZER INC UNSOLICITED 31,purchase,2026-02-05,2026-05-12,15001.0,50000.0,equity,PFE,trump_278t_2026_05_08_equity.pdf
e65a737ef51b,Donald Trump,trump_278t_2026_05_08_equity,722,NBT BANCORP INC I,purchase,2026-03-04,2026-05-12,15001.0,50000.0,equity,NBTB,trump_278t_2026_05_08_equity.pdf
5ab84af08c7c,Donald Trump,trump_278t_2026_05_08_equity,724,MASTERCARD INC CL A UNSOLICITED I,purchase,2026-03-25,2026-05-12,15001.0,50000.0,equity,MA,trump_278t_2026_05_08_equity.pdf
a71ae208ecac,Donald Trump,trump_278t_2026_05_08_equity,743,UPSTART HLDGS INC 10urchaso 21,purchase,2026-01-02,2026-05-12,15001.0,50000.0,equity,UPST,trump_278t_2026_05_08_equity.pdf
6f45812ab3ab,Donald Trump,trump_278t_2026_05_08_equity,746,LIBERTY MEDIA CORP DEL CLASS SERIES C I 21,purchase,2026-01-02,2026-05-12,15001.0,50000.0,equity,,trump_278t_2026_05_08_equity.pdf
78a006c90572,Donald Trump,trump_278t_2026_05_08_equity,764,AT&T INC UNSOLICITED IDUrchaso,purchase,2026-03-25,2026-05-12,15001.0,50000.0,equity,,trump_278t_2026_05_08_equity.pdf
a7ba1cadd258,Donald Trump,trump_278t_2026_05_08_equity,768,MOLINA HEALTHCARE INC,purchase,2026-02-12,2026-05-12,15001.0,50000.0,equity,MOH,trump_278t_2026_05_08_equity.pdf
f3df75fa601a,Donald Trump,trump_278t_2026_05_08_equity,787,CHEVRON CORP UNSOLICITED IDUrchaao,purchase,2026-03-25,2026-05-12,15001.0,50000.0,equity,CVX,trump_278t_2026_05_08_equity.pdf
7f731eaa682d,Donald Trump,trump_278t_2026_05_08_equity,799,CENTENE CORP DEL IPllrchaso,purchase,2026-03-18,2026-05-12,15001.0,50000.0,equity,CNC,trump_278t_2026_05_08_equity.pdf
5dc9d9179834,Donald Trump,trump_278t_2026_05_08_equity,800,CONOCOPHILLIPS UNSOLICITED lcurchaoo,purchase,2026-03-12,2026-05-12,15001.0,50000.0,other,,trump_278t_2026_05_08_equity.pdf
99bc4d171c79,Donald Trump,trump_278t_2026_05_08_equity,803,EXXON MOBIL CORP UNSOLICITED I Pllrchoao,purchase,2026-03-11,2026-05-12,15001.0,50000.0,equity,XOM,trump_278t_2026_05_08_equity.pdf
343a3cc7e99b,Donald Trump,trump_278t_2026_05_08_equity,810,VERISKANALYTICS INC CLASS A Pllrchuo,purchase,2026-03-18,2026-05-12,15001.0,50000.0,equity,,trump_278t_2026_05_08_equity.pdf
b13d507de235,Donald Trump,trump_278t_2026_05_08_equity,812,HUBSPOTINC IPllrchoso,purchase,2026-03-18,2026-05-12,15001.0,50000.0,other,,trump_278t_2026_05_08_equity.pdf
9cb05aab35d5,Donald Trump,trump_278t_2026_05_08_equity,815,GARTNER INC I,purchase,2026-03-18,2026-05-12,15001.0,50000.0,equity,IT,trump_278t_2026_05_08_equity.pdf
da6d61251205,Donald Trump,trump_278t_2026_05_08_equity,821,CBRE GROUP INC CLASS A IPllrchoso,purchase,2026-03-18,2026-05-12,15001.0,50000.0,equity,CBRE,trump_278t_2026_05_08_equity.pdf
19c0b5f9b6a0,Donald Trump,trump_278t_2026_05_08_equity,823,SNOWFLAKE INC CLASS A IPllrchaso,purchase,2026-03-18,2026-05-12,15001.0,50000.0,equity,SNOW,trump_278t_2026_05_08_equity.pdf
6e78ce45c553,Donald Trump,trump_278t_2026_05_08_equity,830,ALEXANDRIA REAL ESTATE E REIT,purchase,2026-03-16,2026-05-12,15001.0,50000.0,other,,trump_278t_2026_05_08_equity.pdf
e7f321893cf1,Donald Trump,trump_278t_2026_05_08_equity,836,"SMURFIT WESTROCK PLC F ,",purchase,2026-03-16,2026-05-12,15001.0,50000.0,equity,SW,trump_278t_2026_05_08_equity.pdf
a9edad11a32a,Donald Trump,trump_278t_2026_05_08_equity,642,EDISON INTERNATIONAL COM I,purchase,2026-01-11,2026-05-12,15001.0,50000.0,other,,trump_278t_2026_05_08_equity.pdf
c880f1833dc2,Donald Trump,trump_278t_2026_05_08_equity,678,CHARLES RIVER LABORATORIES UNSOLICITED 31,purchase,2026-02-05,2026-05-12,15001.0,50000.0,other,,trump_278t_2026_05_08_equity.pdf
601d684ea2d9,Donald Trump,trump_278t_2026_05_08_equity,1051,EMCOR GROUP INC UNSOLICITED,purchase,2026-03-12,2026-05-12,15001.0,50000.0,equity,EME,trump_278t_2026_05_08_equity.pdf
9b271356036d,Donald Trump,trump_278t_2026_05_08_equity,1081,BANK OF AMER CORP UNSOLICITED IDUrchaoo,purchase,2026-03-12,2026-05-12,15001.0,50000.0,equity,,trump_278t_2026_05_08_equity.pdf
e07bdcc0bdc3,Donald Trump,trump_278t_2026_05_08_equity,1250,PAYONEER GLOBAL INC .,purchase,2026-03-30,2026-05-12,15001.0,50000.0,equity,PAYO,trump_278t_2026_05_08_equity.pdf
0e808ede70e6,Donald Trump,trump_278t_2026_05_08_equity,1260,ARCHROCK INC loun:huo,purchase,2026-03-04,2026-05-12,15001.0,50000.0,equity,AROC,trump_278t_2026_05_08_equity.pdf
6beba4834a59,Donald Trump,trump_278t_2026_05_08_equity,1262,ALKERMES PLC F,purchase,2026-01-26,2026-05-12,15001.0,50000.0,equity,ALKS,trump_278t_2026_05_08_equity.pdf
604e4fd5daf0,Donald Trump,trump_278t_2026_05_08_equity,1266,ENPHASE ENERGY INC ourt:huo,purchase,2026-03-04,2026-05-12,15001.0,50000.0,equity,ENPH,trump_278t_2026_05_08_equity.pdf
5c3e58ce117d,Donald Trump,trump_278t_2026_05_08_equity,1275,BROADRIDGE FINL SOLUTIONS INC l)Urchase,purchase,2026-03-17,2026-05-12,15001.0,50000.0,equity,BR,trump_278t_2026_05_08_equity.pdf
1f5c8d9fcc21,Donald Trump,trump_278t_2026_05_08_equity,1280,POWER INTEGRATIONS INC 10urchllso,purchase,2026-03-04,2026-05-12,15001.0,50000.0,equity,POWI,trump_278t_2026_05_08_equity.pdf
129e969be9e9,Donald Trump,trump_278t_2026_05_08_equity,1285,ADTINCOEL 21,purchase,2026-02-06,2026-05-12,15001.0,50000.0,other,,trump_278t_2026_05_08_equity.pdf
4fedfa7ba286,Donald Trump,trump_278t_2026_05_08_equity,1286,BJS RESTAURANTS INC oun:hose,purchase,2026-03-04,2026-05-12,15001.0,50000.0,equity,,trump_278t_2026_05_08_equity.pdf
0342fd988ad5,Donald Trump,trump_278t_2026_05_08_equity,1292,CELANESE CORP DEL CLASS A ourt:hase,purchase,2026-03-04,2026-05-12,15001.0,50000.0,equity,CE,trump_278t_2026_05_08_equity.pdf
7570d3db420a,Donald Trump,trump_278t_2026_05_08_equity,1294,SCANSOURCE INC IDUrchaoe,purchase,2026-03-04,2026-05-12,15001.0,50000.0,equity,SCSC,trump_278t_2026_05_08_equity.pdf
d94676e36aa5,Donald Trump,trump_278t_2026_05_08_equity,1295,FAIR ISAAC CORP UNSOLICITED I,purchase,2026-03-02,2026-05-12,15001.0,50000.0,equity,FICO,trump_278t_2026_05_08_equity.pdf
6f0a226a02e8,Donald Trump,trump_278t_2026_05_08_equity,1299,TRIMBLE INC COM UNSOLICITED oun:hose,purchase,2026-03-02,2026-05-12,15001.0,50000.0,equity,TRMB,trump_278t_2026_05_08_equity.pdf
6b6dd16b632b,Donald Trump,trump_278t_2026_05_08_equity,1311,GLAUKOS CORP,purchase,2026-03-30,2026-05-12,15001.0,50000.0,equity,GKOS,trump_278t_2026_05_08_equity.pdf
d097b9ad6470,Donald Trump,trump_278t_2026_05_08_equity,1312,CSX CORPORATION UNSOLICITED oun:hose,purchase,2026-03-02,2026-05-12,15001.0,50000.0,other,,trump_278t_2026_05_08_equity.pdf
9ce1edae6a2c,Donald Trump,trump_278t_2026_05_08_equity,1313,CITIGROUP INC UNSOLICITED oun;hose,purchase,2026-03-02,2026-05-12,15001.0,50000.0,equity,,trump_278t_2026_05_08_equity.pdf
1132d4f59d52,Donald Trump,trump_278t_2026_05_08_equity,1325,BOISE CASCADE CO &llo,purchase,2026-03-04,2026-05-12,15001.0,50000.0,other,,trump_278t_2026_05_08_equity.pdf
70aa322ccd78,Donald Trump,trump_278t_2026_05_08_equity,1329,DOORDASH INC CL A UNSOLICITED lpurch&lse,purchase,2026-03-02,2026-05-12,15001.0,50000.0,equity,DASH,trump_278t_2026_05_08_equity.pdf
8635a88b7309,Donald Trump,trump_278t_2026_05_08_equity,1331,STRYKER CORP UNSOLICITED I &lse,purchase,2026-03-02,2026-05-12,15001.0,50000.0,equity,SYK,trump_278t_2026_05_08_equity.pdf
8c1b0869e130,Donald Trump,trump_278t_2026_05_08_equity,1338,MODERNA INC UNSOLICITED &lae,purchase,2026-03-02,2026-05-12,15001.0,50000.0,equity,MRNA,trump_278t_2026_05_08_equity.pdf
7f993d5384ef,Donald Trump,trump_278t_2026_05_08_equity,1340,EDISON INTL UNSOLICITED :,purchase,2026-01-21,2026-05-12,15001.0,50000.0,other,,trump_278t_2026_05_08_equity.pdf
f7b0ccffa33a,Donald Trump,trump_278t_2026_05_08_equity,1341,EPAM SYSTEMS INC UNSOLICITED lpurchoso,purchase,2026-03-02,2026-05-12,15001.0,50000.0,equity,EPAM,trump_278t_2026_05_08_equity.pdf
0aa5cbd37c21,Donald Trump,trump_278t_2026_05_08_equity,1350,"APTIV PLC UNSOLICITED ,",purchase,2026-03-02,2026-05-12,15001.0,50000.0,equity,APTV,trump_278t_2026_05_08_equity.pdf
aac7bd6c15ab,Donald Trump,trump_278t_2026_05_08_equity,1367,COMCAST CORP CL A IDUrchoao,purchase,2026-01-23,2026-05-12,15001.0,50000.0,equity,CMCSA,trump_278t_2026_05_08_equity.pdf
63396c491171,Donald Trump,trump_278t_2026_05_08_equity,1386,ADEIAINC,purchase,2026-03-04,2026-05-12,15001.0,50000.0,other,,trump_278t_2026_05_08_equity.pdf
0c429814fffd,Donald Trump,trump_278t_2026_05_08_equity,1387,BLOOMIN BRANDS INC IDUrchuo,purchase,2026-02-26,2026-05-12,15001.0,50000.0,equity,BLMN,trump_278t_2026_05_08_equity.pdf
5ca630311ecd,Donald Trump,trump_278t_2026_05_08_equity,1244,BLACKROCK INC UNSOLICITED I,purchase,2026-03-11,2026-05-12,15001.0,50000.0,equity,BLK,trump_278t_2026_05_08_equity.pdf
9b563e0029b5,Donald Trump,trump_278t_2026_05_08_equity,1078,Solosfon:o Inc. I,purchase,2026-01-06,2026-05-12,15001.0,50000.0,equity,,trump_278t_2026_05_08_equity.pdf
9dfa88ea5c99,Donald Trump,trump_278t_2026_05_08_equity,1232,HUMANA INC UNSOLICITED IDUrchllSe,purchase,2026-03-11,2026-05-12,15001.0,50000.0,equity,HUM,trump_278t_2026_05_08_equity.pdf
eb375bd3d076,Donald Trump,trump_278t_2026_05_08_equity,1220,FORTINET INC UNSOLICITED,purchase,2026-03-11,2026-05-12,15001.0,50000.0,equity,FTNT,trump_278t_2026_05_08_equity.pdf
eb123a185002,Donald Trump,trump_278t_2026_05_08_equity,1093,AMETEK INC (NAN\ UNSOLICITED DIJrchaao,purchase,2026-03-12,2026-05-12,15001.0,50000.0,equity,AME,trump_278t_2026_05_08_equity.pdf
69706aa888de,Donald Trump,trump_278t_2026_05_08_equity,1095,AMAZON.COM INC 1ourchaso,purchase,2026-03-23,2026-05-12,15001.0,50000.0,equity,AMZN,trump_278t_2026_05_08_equity.pdf
0ee05df165c6,Donald Trump,trump_278t_2026_05_08_equity,1097,PTC THERAPEUTICS INC 10urchaso,purchase,2026-03-04,2026-05-12,15001.0,50000.0,equity,PTCT,trump_278t_2026_05_08_equity.pdf
1b2891fe4be3,Donald Trump,trump_278t_2026_05_08_equity,1100,KKR & CO INC CL A UNSOLICITED I,purchase,2026-03-12,2026-05-12,15001.0,50000.0,equity,,trump_278t_2026_05_08_equity.pdf
d62fbadad4f8,Donald Trump,trump_278t_2026_05_08_equity,1102,"NEXPOINT RESIDENTIAL ""TR REIT lpurchose",purchase,2026-03-04,2026-05-12,15001.0,50000.0,other,,trump_278t_2026_05_08_equity.pdf
5d2bd05d3d30,Donald Trump,trump_278t_2026_05_08_equity,1103,AON PLC CL A UNSOLICITED ID<Jrchaao,purchase,2026-03-02,2026-05-12,15001.0,50000.0,equity,,trump_278t_2026_05_08_equity.pdf
f8fcb2caf512,Donald Trump,trump_278t_2026_05_08_equity,1104,TEXAS INSTRUMENTS UNSOLICITED D<Jrchaso,purchase,2026-03-11,2026-05-12,15001.0,50000.0,other,,trump_278t_2026_05_08_equity.pdf
77c4ec721755,Donald Trump,trump_278t_2026_05_08_equity,1105,PARKER HANNIFIN CORP UNSOLICITED,purchase,2026-03-12,2026-05-12,15001.0,50000.0,equity,PH,trump_278t_2026_05_08_equity.pdf
435cc07cfe4e,Donald Trump,trump_278t_2026_05_08_equity,1108,TERADYNE INC UNSOLICITED D<Jrchaso,purchase,2026-03-12,2026-05-12,15001.0,50000.0,equity,TER,trump_278t_2026_05_08_equity.pdf
c0a66b3f090e,Donald Trump,trump_278t_2026_05_08_equity,1113,ACM RESH INC CLASS A ID<Jrchaso,purchase,2026-03-30,2026-05-12,15001.0,50000.0,equity,,trump_278t_2026_05_08_equity.pdf
8b027048d250,Donald Trump,trump_278t_2026_05_08_equity,1114,GE AEROSPACE UNSOLICITED lpurchaae,purchase,2026-03-12,2026-05-12,15001.0,50000.0,other,,trump_278t_2026_05_08_equity.pdf
8c5d8630c3df,Donald Trump,trump_278t_2026_05_08_equity,1120,ORACLE CORP UNSOLICITED DIJrchaso,purchase,2026-03-11,2026-05-12,15001.0,50000.0,equity,ORCL,trump_278t_2026_05_08_equity.pdf
302ad829d478,Donald Trump,trump_278t_2026_05_08_equity,1129,LENNOX INTL INC Ip urchase 1r,purchase,2026-01-01,2026-05-12,15001.0,50000.0,equity,LII,trump_278t_2026_05_08_equity.pdf
df98e6c54a68,Donald Trump,trump_278t_2026_05_08_equity,1130,LYONDELLBASELL INDUSTRIES N V ORD SHS CL A 11,purchase,2026-02-03,2026-05-12,15001.0,50000.0,other,,trump_278t_2026_05_08_equity.pdf
f4f3bc02fd04,Donald Trump,trump_278t_2026_05_08_equity,1131,STONEX GROUP INC,purchase,2026-03-04,2026-05-12,15001.0,50000.0,equity,SNEX,trump_278t_2026_05_08_equity.pdf
83a1ae83c275,Donald Trump,trump_278t_2026_05_08_equity,1134,KADANTINC l0urchaao,purchase,2026-03-04,2026-05-12,15001.0,50000.0,other,,trump_278t_2026_05_08_equity.pdf
0299a4cca230,Donald Trump,trump_278t_2026_05_08_equity,1136,SHAKE SHACK INC CLASS A I,purchase,2026-03-04,2026-05-12,15001.0,50000.0,equity,SHAK,trump_278t_2026_05_08_equity.pdf
1cb59f2cba9b,Donald Trump,trump_278t_2026_05_08_equity,1143,VERISIGN INC UNSOLICITED lnurchase,purchase,2026-03-02,2026-05-12,15001.0,50000.0,equity,VRSN,trump_278t_2026_05_08_equity.pdf
ae2f92b54b45,Donald Trump,trump_278t_2026_05_08_equity,1149,NRG ENERGY INC I,purchase,2026-01-06,2026-05-12,15001.0,50000.0,equity,NRG,trump_278t_2026_05_08_equity.pdf
f88afcb8428a,Donald Trump,trump_278t_2026_05_08_equity,1150,CHEVRON CORP UNSOLICITED oun:hase,purchase,2026-03-11,2026-05-12,15001.0,50000.0,equity,CVX,trump_278t_2026_05_08_equity.pdf
04804c208976,Donald Trump,trump_278t_2026_05_08_equity,1170,NETAPP INC UNSOLICITED oorchase,purchase,2026-03-11,2026-05-12,15001.0,50000.0,equity,NTAP,trump_278t_2026_05_08_equity.pdf
f89f2732d18b,Donald Trump,trump_278t_2026_05_08_equity,1178,RTX CORP UNSOLICITED I,purchase,2026-03-11,2026-05-12,15001.0,50000.0,equity,,trump_278t_2026_05_08_equity.pdf
08c99206415f,Donald Trump,trump_278t_2026_05_08_equity,1206,COCA COLA CO COM UNSOLICITED I oun:hase,purchase,2026-03-11,2026-05-12,15001.0,50000.0,other,,trump_278t_2026_05_08_equity.pdf
281177dbfedc,Donald Trump,trump_278t_2026_05_08_equity,1214,PUBLIC SERVICE ENTERPRSE GROUP INC UNSOLICITED .oun:hase,purchase,2026-03-11,2026-05-12,15001.0,50000.0,equity,,trump_278t_2026_05_08_equity.pdf
b2efbff44279,Donald Trump,trump_278t_2026_05_08_equity,1219,PROGYNYINC loun:hase,purchase,2026-02-26,2026-05-12,15001.0,50000.0,other,,trump_278t_2026_05_08_equity.pdf
a2f693877785,Donald Trump,trump_278t_2026_05_08_equity,1225,INTERCONTINENTALEXCHANGE GROUP UNSOLICITED pUrdlaso,exchange,2026-03-11,2026-05-12,15001.0,50000.0,equity,ICE,trump_278t_2026_05_08_equity.pdf
88824dacb376,Donald Trump,trump_278t_2026_05_08_equity,675,VITA COCO CO INC IDUrchllso,purchase,2026-03-30,2026-05-12,15001.0,50000.0,equity,COCO,trump_278t_2026_05_08_equity.pdf
da84fc64909b,Donald Trump,trump_278t_2026_05_08_equity,674,SAFEHOLD INC REIT REIT I,purchase,2026-03-30,2026-05-12,15001.0,50000.0,reit,SAFE,trump_278t_2026_05_08_equity.pdf
fed8d27a192a,Donald Trump,trump_278t_2026_05_08_equity,872,CORVELCORP IDUrchDSO,purchase,2026-03-30,2026-05-12,15001.0,50000.0,other,,trump_278t_2026_05_08_equity.pdf
034907a70120,Donald Trump,trump_278t_2026_05_08_equity,201,wmont Com Com Sollcltod Order Discretion Exon:lsod Allocated Ordor Your Broker Acted Aa Agent 2,purchase,2026-01-02,2026-05-12,100001.0,250000.0,other,,trump_278t_2026_05_08_equity.pdf
70824ac85d61,Donald Trump,trump_278t_2026_05_08_equity,212,NETFLIX INC I,purchase,2026-01-23,2026-05-12,100001.0,250000.0,etf,NFLX,trump_278t_2026_05_08_equity.pdf
922bc48ac618,Donald Trump,trump_278t_2026_05_08_equity,218,DEXCOMINC laurchoso,purchase,2026-02-10,2026-05-12,100001.0,250000.0,other,,trump_278t_2026_05_08_equity.pdf
83a5638170c0,Donald Trump,trump_278t_2026_05_08_equity,220,LAM RESEARCH CORP UNSOLICITED laurchlae,purchase,2026-03-02,2026-05-12,100001.0,250000.0,equity,LRCX,trump_278t_2026_05_08_equity.pdf
b4c517571f13,Donald Trump,trump_278t_2026_05_08_equity,223,AMAZON.COM INC UNSOLICITED 31,purchase,2026-02-05,2026-05-12,100001.0,250000.0,equity,AMZN,trump_278t_2026_05_08_equity.pdf
240d69e6cf8e,Donald Trump,trump_278t_2026_05_08_equity,226,ABBOTT LABS 21,purchase,2026-02-03,2026-05-12,100001.0,250000.0,other,,trump_278t_2026_05_08_equity.pdf
cd44978dfebd,Donald Trump,trump_278t_2026_05_08_equity,227,AMAZON.COM INC UNSOLICITED 31,purchase,2026-02-03,2026-05-12,100001.0,250000.0,equity,AMZN,trump_278t_2026_05_08_equity.pdf
5ad130966984,Donald Trump,trump_278t_2026_05_08_equity,228,BERKSHIRE HATHAWAY INC NEW CL B UNSOLICITED laurchase 3,purchase,2026-01-02,2026-05-12,100001.0,250000.0,equity,,trump_278t_2026_05_08_equity.pdf
4106573efba6,Donald Trump,trump_278t_2026_05_08_equity,244,GARTNER GROUP INC NEW I 1,purchase,2026-01-06,2026-05-12,100001.0,250000.0,equity,IT,trump_278t_2026_05_08_equity.pdf
f40c2bc2ea34,Donald Trump,trump_278t_2026_05_08_equity,252,"ULTA BEAUTY, INC ,",purchase,2026-01-06,2026-05-12,100001.0,250000.0,equity,ULTA,trump_278t_2026_05_08_equity.pdf
a6eec7ed2e07,Donald Trump,trump_278t_2026_05_08_equity,278,ORACLE CORP our<hase,purchase,2026-03-18,2026-05-12,100001.0,250000.0,equity,ORCL,trump_278t_2026_05_08_equity.pdf
4f75b68e29fb,Donald Trump,trump_278t_2026_05_08_equity,283,AT&T INC 21,purchase,2026-01-02,2026-05-12,100001.0,250000.0,equity,,trump_278t_2026_05_08_equity.pdf
8cba4273d436,Donald Trump,trump_278t_2026_05_08_equity,289,TYLER TECHNOLOGIES INC,purchase,2026-01-06,2026-05-12,100001.0,250000.0,equity,TYL,trump_278t_2026_05_08_equity.pdf
81a20f354a35,Donald Trump,trump_278t_2026_05_08_equity,292,INTERCONTINENTAL EXCHANG 21,purchase,2026-01-02,2026-05-12,100001.0,250000.0,other,,trump_278t_2026_05_08_equity.pdf
8b6af90892c8,Donald Trump,trump_278t_2026_05_08_equity,302,LAMB WESTON HLDGS INC,purchase,2026-03-23,2026-05-12,100001.0,250000.0,equity,LW,trump_278t_2026_05_08_equity.pdf
f236c5cc4f88,Donald Trump,trump_278t_2026_05_08_equity,304,TELEDYNE TECHNOLOGIES INC loun:hase,purchase,2026-01-06,2026-05-12,100001.0,250000.0,equity,TDY,trump_278t_2026_05_08_equity.pdf
01fbeeb785fc,Donald Trump,trump_278t_2026_05_08_equity,314,CISCO SYSTEMS INC UNSOLICITED I,purchase,2026-03-02,2026-05-12,100001.0,250000.0,equity,CSCO,trump_278t_2026_05_08_equity.pdf
02ba9e7f4d56,Donald Trump,trump_278t_2026_05_08_equity,325,DOLLAR TREE INC IPUn:na■o,purchase,2026-01-06,2026-05-12,100001.0,250000.0,equity,,trump_278t_2026_05_08_equity.pdf
0642d6b69ee5,Donald Trump,trump_278t_2026_05_08_equity,343,"UNITEDHEALTH GROUP INC , 11",purchase,2026-02-03,2026-05-12,100001.0,250000.0,equity,UNH,trump_278t_2026_05_08_equity.pdf
e3037a388ac0,Donald Trump,trump_278t_2026_05_08_equity,348,PHILIP MORRIS INTL INC 11,purchase,2026-02-03,2026-05-12,100001.0,250000.0,equity,PM,trump_278t_2026_05_08_equity.pdf
7c37dfff24bd,Donald Trump,trump_278t_2026_05_08_equity,350,!SHARES CORE MSCI INTRL DVLP MKT ETF 3,purchase,2026-01-04,2026-05-12,100001.0,250000.0,etf,,trump_278t_2026_05_08_equity.pdf
5e96ec594f6a,Donald Trump,trump_278t_2026_05_08_equity,360,VERSANT MEDIA GROUP INC 11,purchase,2026-02-06,2026-05-12,100001.0,250000.0,equity,VSNT,trump_278t_2026_05_08_equity.pdf
44779aa00362,Donald Trump,trump_278t_2026_05_08_equity,363,ATtASSIAN CORP CLASS A 21,purchase,2026-01-02,2026-05-12,50001.0,100000.0,equity,,trump_278t_2026_05_08_equity.pdf
a62dccb62672,Donald Trump,trump_278t_2026_05_08_equity,371,"SYNOPSYS INC UNSOLICITED ,",purchase,2026-03-02,2026-05-12,50001.0,100000.0,equity,SNPS,trump_278t_2026_05_08_equity.pdf
e597a7995c5e,Donald Trump,trump_278t_2026_05_08_equity,373,WATERS CORP I,purchase,2026-01-06,2026-05-12,50001.0,100000.0,equity,,trump_278t_2026_05_08_equity.pdf
b763ec715c56,Donald Trump,trump_278t_2026_05_08_equity,199,Maatoc Inc Com Sollclted Order Discretion Exercised Allocated Order Your Broker Actod Aa Agont 2,purchase,2026-01-02,2026-05-12,100001.0,250000.0,equity,,trump_278t_2026_05_08_equity.pdf
0f4d843208fe,Donald Trump,trump_278t_2026_05_08_equity,374,DOORDASH INC CLASS A I,purchase,2026-03-18,2026-05-12,50001.0,100000.0,equity,DASH,trump_278t_2026_05_08_equity.pdf
7360a52103e8,Donald Trump,trump_278t_2026_05_08_equity,192,MARSH & MCLENNAN COS INC IDUrchasa,purchase,2026-03-18,2026-05-12,100001.0,250000.0,equity,MRSH,trump_278t_2026_05_08_equity.pdf
5550eea4c76e,Donald Trump,trump_278t_2026_05_08_equity,184,"Comfort Svs Uso Inc ""'",purchase,2026-01-06,2026-05-12,100001.0,250000.0,equity,FIX,trump_278t_2026_05_08_equity.pdf
b9bcb3f9f030,Donald Trump,trump_278t_2026_05_08_equity,79,Goldman Socha G10uo Inc Com Solicited Order DlscruUon Exorcised OIJl'CNIOO 1,purchase,2026-01-09,2026-05-12,500001.0,1000000.0,equity,,trump_278t_2026_05_08_equity.pdf
a0422aae5b00,Donald Trump,trump_278t_2026_05_08_equity,80,Alohobot Inc Cl A Solldtod Ordor Dlscrotlon Exercised 1,purchase,2026-01-09,2026-05-12,500001.0,1000000.0,equity,,trump_278t_2026_05_08_equity.pdf
8215c2dd167b,Donald Trump,trump_278t_2026_05_08_equity,81,Amazon Corn Inc Com Solldtod Order DlsaeUon Exorclsod 1,purchase,2026-01-09,2026-05-12,500001.0,1000000.0,equity,AMZN,trump_278t_2026_05_08_equity.pdf
fd09af8362fb,Donald Trump,trump_278t_2026_05_08_equity,84,VANGUARD FTSE EUROPE ETF lcurchoao,purchase,2026-03-10,2026-05-12,250001.0,500000.0,etf,,trump_278t_2026_05_08_equity.pdf
e0e84c51a652,Donald Trump,trump_278t_2026_05_08_equity,85,MICROSOFT CORP IDUrchoso,purchase,2026-03-18,2026-05-12,250001.0,500000.0,equity,MSFT,trump_278t_2026_05_08_equity.pdf
3ce5d4ba9991,Donald Trump,trump_278t_2026_05_08_equity,86,GEAoms0■oe I,purchase,2026-02-10,2026-05-12,250001.0,500000.0,other,,trump_278t_2026_05_08_equity.pdf
6e229963bd28,Donald Trump,trump_278t_2026_05_08_equity,93,COSTCO WHSL CORP NEW lpurchaoe,purchase,2026-01-12,2026-05-12,250001.0,500000.0,equity,COST,trump_278t_2026_05_08_equity.pdf
d363fbc9b617,Donald Trump,trump_278t_2026_05_08_equity,102,APPLE INC UNSOLICITED I 31,purchase,2026-02-03,2026-05-12,250001.0,500000.0,equity,AAPL,trump_278t_2026_05_08_equity.pdf
601676b3e862,Donald Trump,trump_278t_2026_05_08_equity,112,ARES MANAGEMENT CORPORATION CL A COM,purchase,2026-01-06,2026-05-12,250001.0,500000.0,other,,trump_278t_2026_05_08_equity.pdf
365e83b7c4b2,Donald Trump,trump_278t_2026_05_08_equity,113,WASTE MGMT INC DEL 1ourchaso,purchase,2026-01-06,2026-05-12,250001.0,500000.0,equity,WM,trump_278t_2026_05_08_equity.pdf
5b7fd3e32f12,Donald Trump,trump_278t_2026_05_08_equity,117,PNC FINL SERVICES I 11,purchase,2026-02-02,2026-05-12,250001.0,500000.0,other,,trump_278t_2026_05_08_equity.pdf
7f8f82d8f180,Donald Trump,trump_278t_2026_05_08_equity,124,CAR:>/ANA CO CL A I,purchase,2026-01-06,2026-05-12,250001.0,500000.0,other,,trump_278t_2026_05_08_equity.pdf
6acc8e033f15,Donald Trump,trump_278t_2026_05_08_equity,126,IDEXCORP I,purchase,2026-01-06,2026-05-12,250001.0,500000.0,other,,trump_278t_2026_05_08_equity.pdf
52d0c3055201,Donald Trump,trump_278t_2026_05_08_equity,127,NETFLIX INC I,purchase,2026-02-12,2026-05-12,250001.0,500000.0,etf,NFLX,trump_278t_2026_05_08_equity.pdf
6825d35327a2,Donald Trump,trump_278t_2026_05_08_equity,142,APOLLO GLOBAL MGMT INC COM I,purchase,2026-01-06,2026-05-12,250001.0,500000.0,equity,,trump_278t_2026_05_08_equity.pdf
173280cbd8d6,Donald Trump,trump_278t_2026_05_08_equity,145,PNC FINL SERVICES - I,purchase,2026-01-23,2026-05-12,100001.0,250000.0,other,,trump_278t_2026_05_08_equity.pdf
ed9bd257b8cf,Donald Trump,trump_278t_2026_05_08_equity,151,"VERISKANALYTICS, INC. IDUrchoao",purchase,2026-01-06,2026-05-12,100001.0,250000.0,equity,,trump_278t_2026_05_08_equity.pdf
e402092e5757,Donald Trump,trump_278t_2026_05_08_equity,152,"BOOKING HLDGS INC I rx,rchase",purchase,2026-02-23,2026-05-12,100001.0,250000.0,equity,BKNG,trump_278t_2026_05_08_equity.pdf
872c5dc8266f,Donald Trump,trump_278t_2026_05_08_equity,154,Godaddvlnc lnurchlloe,purchase,2026-01-06,2026-05-12,100001.0,250000.0,other,,trump_278t_2026_05_08_equity.pdf
516c39be63e8,Donald Trump,trump_278t_2026_05_08_equity,155,GALLAGHER ARTHUR J & CO nurchoao,purchase,2026-01-06,2026-05-12,100001.0,250000.0,other,,trump_278t_2026_05_08_equity.pdf
b5ae2b49796e,Donald Trump,trump_278t_2026_05_08_equity,160,INVESCO 000 TR IDUrchaao,purchase,2026-03-04,2026-05-12,100001.0,250000.0,etf,,trump_278t_2026_05_08_equity.pdf
c54589458859,Donald Trump,trump_278t_2026_05_08_equity,164,MASCO CORP. Jpurchase,purchase,2026-01-06,2026-05-12,100001.0,250000.0,equity,MAS,trump_278t_2026_05_08_equity.pdf
0fdb1a3a5bc8,Donald Trump,trump_278t_2026_05_08_equity,166,ABBOTT LABS 21,purchase,2026-02-04,2026-05-12,100001.0,250000.0,other,,trump_278t_2026_05_08_equity.pdf
f17f6085bab6,Donald Trump,trump_278t_2026_05_08_equity,178,- STATE STREET ENERGY SELECT SECTOR SPDR ETF I,purchase,2026-03-10,2026-05-12,100001.0,250000.0,etf,,trump_278t_2026_05_08_equity.pdf
1489a18c03e5,Donald Trump,trump_278t_2026_05_08_equity,181,AT&TINC I,purchase,2026-01-06,2026-05-12,100001.0,250000.0,other,,trump_278t_2026_05_08_equity.pdf
c10ad5dc2211,Donald Trump,trump_278t_2026_05_08_equity,166,PNC FINL SERVICES lpurchoao,purchase,2026-01-26,2026-05-12,100001.0,250000.0,other,,trump_278t_2026_05_08_equity.pdf
e4330170c45e,Donald Trump,trump_278t_2026_05_08_equity,376,BENTLEY SYS INC CLASS B 21,purchase,2026-01-02,2026-05-12,50001.0,100000.0,equity,BSY,trump_278t_2026_05_08_equity.pdf
9ccaecaab067,Donald Trump,trump_278t_2026_05_08_equity,377,JBT MAREL CORP I,purchase,2026-03-30,2026-05-12,50001.0,100000.0,equity,JBTM,trump_278t_2026_05_08_equity.pdf
80251bad5958,Donald Trump,trump_278t_2026_05_08_equity,378,!SHARES MSCI JAPAN ETF I,purchase,2026-03-10,2026-05-12,50001.0,100000.0,etf,,trump_278t_2026_05_08_equity.pdf
bd1e416ed6da,Donald Trump,trump_278t_2026_05_08_equity,483,MSCIINC IOUrchuo,purchase,2026-03-18,2026-05-12,50001.0,100000.0,other,,trump_278t_2026_05_08_equity.pdf
163a5260a7ea,Donald Trump,trump_278t_2026_05_08_equity,485,LILLY ELI & CO UNSOLICITED I,purchase,2026-03-11,2026-05-12,50001.0,100000.0,other,,trump_278t_2026_05_08_equity.pdf
b048679aebb2,Donald Trump,trump_278t_2026_05_08_equity,501,META PLATFORMS INC CL A UNSOLICITED 31,purchase,2026-02-03,2026-05-12,50001.0,100000.0,equity,META,trump_278t_2026_05_08_equity.pdf
12f36f98b449,Donald Trump,trump_278t_2026_05_08_equity,515,INTERNTNL PAPER CO ■IO,purchase,2026-03-18,2026-05-12,50001.0,100000.0,other,,trump_278t_2026_05_08_equity.pdf
d071e7acf8c2,Donald Trump,trump_278t_2026_05_08_equity,516,STRATEGY INC CLASS A lcurchase,purchase,2026-02-12,2026-05-12,50001.0,100000.0,equity,,trump_278t_2026_05_08_equity.pdf
1ca3c220a163,Donald Trump,trump_278t_2026_05_08_equity,518,TERRENO RLTY CORP REIT IDUrchoao,purchase,2026-03-04,2026-05-12,50001.0,100000.0,reit,TRNO,trump_278t_2026_05_08_equity.pdf
90d25b925185,Donald Trump,trump_278t_2026_05_08_equity,520,LINDE PLC NEW EUR UNSOLICITED I,purchase,2026-03-23,2026-05-12,50001.0,100000.0,equity,LIN,trump_278t_2026_05_08_equity.pdf
da5d352ad66f,Donald Trump,trump_278t_2026_05_08_equity,527,Kl.A CORP UNSOLICITED IDUrchalO,purchase,2026-03-11,2026-05-12,50001.0,100000.0,equity,,trump_278t_2026_05_08_equity.pdf
b9da89778d9b,Donald Trump,trump_278t_2026_05_08_equity,536,WATERS CORP,purchase,2026-01-07,2026-05-12,50001.0,100000.0,equity,WAT,trump_278t_2026_05_08_equity.pdf
8bbbda1dd0bc,Donald Trump,trump_278t_2026_05_08_equity,548,SPSCOMMINC I,purchase,2026-03-30,2026-05-12,50001.0,100000.0,other,,trump_278t_2026_05_08_equity.pdf
7a34488fae64,Donald Trump,trump_278t_2026_05_08_equity,552,CHEVRON CORP UNSOLICITED,purchase,2026-03-23,2026-05-12,50001.0,100000.0,equity,CVX,trump_278t_2026_05_08_equity.pdf
88593ee42351,Donald Trump,trump_278t_2026_05_08_equity,584,CORCEPT THERAPEUTICS INC I 21,purchase,2026-02-06,2026-05-12,50001.0,100000.0,equity,CORT,trump_278t_2026_05_08_equity.pdf
d50d98560665,Donald Trump,trump_278t_2026_05_08_equity,570,APPLIED MATERIALS INC UNSOLICITED f)YrchDSO 31,purchase,2026-02-03,2026-05-12,50001.0,100000.0,equity,AMAT,trump_278t_2026_05_08_equity.pdf
1456f5f91c19,Donald Trump,trump_278t_2026_05_08_equity,593,SOUTHERN COMPANY oun;hase,purchase,2026-01-23,2026-05-12,50001.0,100000.0,other,,trump_278t_2026_05_08_equity.pdf
88a9ef4d0eee,Donald Trump,trump_278t_2026_05_08_equity,599,PHILIP MORRIS INTL INC UNSOLICITED 3,purchase,2026-01-02,2026-05-12,50001.0,100000.0,equity,PM,trump_278t_2026_05_08_equity.pdf
d72ba0fd2dcd,Donald Trump,trump_278t_2026_05_08_equity,614,EXI.SERVICE HLDGS INC I,purchase,2026-02-12,2026-05-12,50001.0,100000.0,equity,,trump_278t_2026_05_08_equity.pdf
5b07cf82e0f9,Donald Trump,trump_278t_2026_05_08_equity,619,Kl.A CORP UNSOLICITED,purchase,2026-03-23,2026-05-12,50001.0,100000.0,equity,,trump_278t_2026_05_08_equity.pdf
f7492586284e,Donald Trump,trump_278t_2026_05_08_equity,625,FRANKLIN ELEC INC I,purchase,2026-03-04,2026-05-12,50001.0,100000.0,equity,FELE,trump_278t_2026_05_08_equity.pdf
35592800027d,Donald Trump,trump_278t_2026_05_08_equity,636,BLUE OWL CAPITAL INC CL A P<JrchaSO,purchase,2026-03-17,2026-05-12,50001.0,100000.0,equity,,trump_278t_2026_05_08_equity.pdf
482bd132f53a,Donald Trump,trump_278t_2026_05_08_equity,642,GOLUB CAPITAL BOC INC I,purchase,2026-03-17,2026-05-12,50001.0,100000.0,equity,GBDC,trump_278t_2026_05_08_equity.pdf
e28eceabd14a,Donald Trump,trump_278t_2026_05_08_equity,646,ICU MED INC P<Jrchaso,purchase,2026-03-30,2026-05-12,15001.0,50000.0,equity,ICUI,trump_278t_2026_05_08_equity.pdf
7e9866de2900,Donald Trump,trump_278t_2026_05_08_equity,658,SERVISFIRST BANCSHARES I lcurchaso,purchase,2026-03-04,2026-05-12,15001.0,50000.0,other,,trump_278t_2026_05_08_equity.pdf
e3b7d577a90a,Donald Trump,trump_278t_2026_05_08_equity,659,"PENN ENTMT INC I c,urchose",purchase,2026-02-26,2026-05-12,15001.0,50000.0,equity,,trump_278t_2026_05_08_equity.pdf
330665ca6a3a,Donald Trump,trump_278t_2026_05_08_equity,662,TEXAS INSTRS INC,purchase,2026-02-12,2026-05-12,15001.0,50000.0,equity,,trump_278t_2026_05_08_equity.pdf
18dd2b34f2e2,Donald Trump,trump_278t_2026_05_08_equity,663,CORNING INC UNSOLICITED,purchase,2026-03-02,2026-05-12,15001.0,50000.0,equity,GLW,trump_278t_2026_05_08_equity.pdf
8d058fd0c918,Donald Trump,trump_278t_2026_05_08_equity,478,NVIDIA CORP I,purchase,2026-02-12,2026-05-12,50001.0,100000.0,equity,NVDA,trump_278t_2026_05_08_equity.pdf
84cf8ee80ddc,Donald Trump,trump_278t_2026_05_08_equity,465,BADGER METER INC IP<Jrchalo,purchase,2026-02-26,2026-05-12,50001.0,100000.0,equity,BMI,trump_278t_2026_05_08_equity.pdf
eae1b6458849,Donald Trump,trump_278t_2026_05_08_equity,464,HIGHWOODS PPTYS INC REIT,purchase,2026-03-30,2026-05-12,50001.0,100000.0,reit,HIW,trump_278t_2026_05_08_equity.pdf
507d4940975e,Donald Trump,trump_278t_2026_05_08_equity,460,FISERV INC I,purchase,2026-01-06,2026-05-12,50001.0,100000.0,equity,FISV,trump_278t_2026_05_08_equity.pdf
a8b8737431b1,Donald Trump,trump_278t_2026_05_08_equity,385,GROUP 1 AUTOMOTIVE INC I,purchase,2026-03-30,2026-05-12,50001.0,100000.0,equity,,trump_278t_2026_05_08_equity.pdf
d4a4b961a5d9,Donald Trump,trump_278t_2026_05_08_equity,386,WILLIAMS SONOMA INC COM IDUrchaso,purchase,2026-03-17,2026-05-12,50001.0,100000.0,equity,WSM,trump_278t_2026_05_08_equity.pdf
32ee707b26cd,Donald Trump,trump_278t_2026_05_08_equity,387,MORNINGSTAR INC 21,purchase,2026-01-02,2026-05-12,50001.0,100000.0,equity,MORN,trump_278t_2026_05_08_equity.pdf
f1d6ceeaca3c,Donald Trump,trump_278t_2026_05_08_equity,388,RITHM CAPITAL CORP REIT I,purchase,2026-03-23,2026-05-12,50001.0,100000.0,reit,,trump_278t_2026_05_08_equity.pdf
46f985c1b4ad,Donald Trump,trump_278t_2026_05_08_equity,369,T-MOBILE US INC I 21,purchase,2026-01-02,2026-05-12,50001.0,100000.0,equity,,trump_278t_2026_05_08_equity.pdf
3c59929e7f66,Donald Trump,trump_278t_2026_05_08_equity,395,PUBLIC SVC ENTERPRISE GR,purchase,2026-01-12,2026-05-12,50001.0,100000.0,other,,trump_278t_2026_05_08_equity.pdf
e3f50cdc4bb7,Donald Trump,trump_278t_2026_05_08_equity,401,ALARM COM HLDGS INC 21,purchase,2026-02-06,2026-05-12,50001.0,100000.0,equity,ALRM,trump_278t_2026_05_08_equity.pdf
a309317a0a39,Donald Trump,trump_278t_2026_05_08_equity,406,VERRA MOBILITY CORP CLASS A 21,purchase,2026-02-06,2026-05-12,50001.0,100000.0,equity,VRRM,trump_278t_2026_05_08_equity.pdf
e2702956c667,Donald Trump,trump_278t_2026_05_08_equity,408,TEXAS INSTRUMENTS UNSOLICITED IDUrchoso,purchase,2026-03-02,2026-05-12,50001.0,100000.0,other,,trump_278t_2026_05_08_equity.pdf
a770b6317ce6,Donald Trump,trump_278t_2026_05_08_equity,410,PINNACLE WEST CAP CORP COM I,purchase,2026-01-06,2026-05-12,50001.0,100000.0,equity,PNW,trump_278t_2026_05_08_equity.pdf
a62009a40a39,Donald Trump,trump_278t_2026_05_08_equity,412,STARBUCKS CORP COM IDUrchase,purchase,2026-01-06,2026-05-12,50001.0,100000.0,equity,SBUX,trump_278t_2026_05_08_equity.pdf
b385da07849c,Donald Trump,trump_278t_2026_05_08_equity,418,FIRST FINL BANKSHARES IN C>Urchase,purchase,2026-03-18,2026-05-12,50001.0,100000.0,other,,trump_278t_2026_05_08_equity.pdf
7e5348e48a21,Donald Trump,trump_278t_2026_05_08_equity,1408,ONESPAWORLD HLDGS LTD F 21,purchase,2026-01-02,2026-05-12,15001.0,50000.0,other,,trump_278t_2026_05_08_equity.pdf
8cc00a8137c6,Donald Trump,trump_278t_2026_05_08_equity,423,WELLS FARGO & CO IDUrchoso,purchase,2026-03-18,2026-05-12,50001.0,100000.0,other,,trump_278t_2026_05_08_equity.pdf
ce1d64562763,Donald Trump,trump_278t_2026_05_08_equity,444,EASTMAN CHEM CO oorchase,purchase,2026-03-04,2026-05-12,50001.0,100000.0,other,,trump_278t_2026_05_08_equity.pdf
3c194cacf5e0,Donald Trump,trump_278t_2026_05_08_equity,445,DTE ENERGY CO 1,purchase,2026-01-06,2026-05-12,50001.0,100000.0,other,,trump_278t_2026_05_08_equity.pdf
48f3f8cf4131,Donald Trump,trump_278t_2026_05_08_equity,446,MARKETAXESS HLDGS INC oorchuo,purchase,2026-02-26,2026-05-12,50001.0,100000.0,equity,MKTX,trump_278t_2026_05_08_equity.pdf
1f54bf626bc8,Donald Trump,trump_278t_2026_05_08_equity,447,ORACLE CORP UNSOLICITED IDUrche&e,purchase,2026-03-02,2026-05-12,50001.0,100000.0,equity,ORCL,trump_278t_2026_05_08_equity.pdf
fbe651a8e2d2,Donald Trump,trump_278t_2026_05_08_equity,448,CIENA CORP NEW UNSOLICITED I,purchase,2026-03-25,2026-05-12,50001.0,100000.0,equity,CIEN,trump_278t_2026_05_08_equity.pdf
06ca574109f1,Donald Trump,trump_278t_2026_05_08_equity,449,PROGRESSIVE CORP OH IDUrcheae,purchase,2026-01-12,2026-05-12,50001.0,100000.0,equity,PGR,trump_278t_2026_05_08_equity.pdf
d6be39b71ade,Donald Trump,trump_278t_2026_05_08_equity,450,QUANTA SVCS INC I,purchase,2026-02-10,2026-05-12,50001.0,100000.0,equity,PWR,trump_278t_2026_05_08_equity.pdf
e15a9e568882,Donald Trump,trump_278t_2026_05_08_equity,454,AMCOR PLC oorchase,purchase,2026-03-17,2026-05-12,50001.0,100000.0,equity,AMCR,trump_278t_2026_05_08_equity.pdf
9fa84cb63a35,Donald Trump,trump_278t_2026_05_08_equity,456,STATE STREET SPDR S&P GLOBAL NATURAL RESOURCES ETF oorcheae,purchase,2026-03-10,2026-05-12,50001.0,100000.0,etf,,trump_278t_2026_05_08_equity.pdf
2c93eb862753,Donald Trump,trump_278t_2026_05_08_equity,457,NEWMONT CORP UNSOLICITED IDUrchuo,purchase,2026-03-02,2026-05-12,50001.0,100000.0,equity,NEM,trump_278t_2026_05_08_equity.pdf
0938ddb33ed5,Donald Trump,trump_278t_2026_05_08_equity,458,TERADYNE INC UNSOLICITED loorchllso,purchase,2026-03-02,2026-05-12,50001.0,100000.0,equity,TER,trump_278t_2026_05_08_equity.pdf
82e0c30b4355,Donald Trump,trump_278t_2026_05_08_equity,459,RED ROCK RESORTS INC CLASS A IDUrchuo,purchase,2026-03-30,2026-05-12,50001.0,100000.0,equity,RRR,trump_278t_2026_05_08_equity.pdf
cd0eba7bb375,Donald Trump,trump_278t_2026_05_08_equity,425,SYNCHRONY FINL I,purchase,2026-03-16,2026-05-12,50001.0,100000.0,other,,trump_278t_2026_05_08_equity.pdf
f289713c8d11,Donald Trump,trump_278t_2026_05_08_equity,78,PHILIP MORRIS !NTL INC ■so,purchase,2026-01-06,2026-05-12,500001.0,1000000.0,equity,PM,trump_278t_2026_05_08_equity.pdf
74e64ebfe4ca,Donald Trump,trump_278t_2026_05_08_equity,1414,ITRON INC EQUITY CLASS EQUITY I,purchase,2026-02-02,2026-05-12,15001.0,50000.0,equity,ITRI,trump_278t_2026_05_08_equity.pdf
75ab4cbcb21b,Donald Trump,trump_278t_2026_05_08_equity,1416,APPLOVIN CORP COM CL A loun:hase,purchase,2026-01-06,2026-05-12,15001.0,50000.0,equity,APP,trump_278t_2026_05_08_equity.pdf
6b6e512059ae,Donald Trump,trump_278t_2026_05_08_equity,2378,HUNTINGTON BANCSHARES INC 31,sale,2026-01-07,2026-05-12,1001.0,15000.0,equity,,trump_278t_2026_05_08_equity.pdf
fc24126f3578,Donald Trump,trump_278t_2026_05_08_equity,2406,FORD MOTOR CO 3,sale,2026-01-04,2026-05-12,1001.0,15000.0,other,,trump_278t_2026_05_08_equity.pdf
eac4a6803a75,Donald Trump,trump_278t_2026_05_08_equity,2426,GUIDEWIRE SOFTWARE INC,sale,2026-02-12,2026-05-12,1001.0,15000.0,equity,GWRE,trump_278t_2026_05_08_equity.pdf
d69751b4cf25,Donald Trump,trump_278t_2026_05_08_equity,2453,JONES LANG LASALLE INC 21,sale,2026-02-03,2026-05-12,1001.0,15000.0,equity,JLL,trump_278t_2026_05_08_equity.pdf
e03fa0f2b402,Donald Trump,trump_278t_2026_05_08_equity,2455,SAMSARA INC CLASS A 21,sale,2026-02-03,2026-05-12,1001.0,15000.0,equity,IOT,trump_278t_2026_05_08_equity.pdf
81a09fce681b,Donald Trump,trump_278t_2026_05_08_equity,2462,GENERAL MILLS INC -,sale,2026-03-17,2026-05-12,1001.0,15000.0,equity,GIS,trump_278t_2026_05_08_equity.pdf
f0c976f07f92,Donald Trump,trump_278t_2026_05_08_equity,2464,RYAN SPECIALT Y HOLDINGS CLASS A 21,sale,2026-02-03,2026-05-12,1001.0,15000.0,equity,RYAN,trump_278t_2026_05_08_equity.pdf
dcd8ebd9a5a4,Donald Trump,trump_278t_2026_05_08_equity,2468,CAPITAL ONE FINL CORP 21,sale,2026-02-03,2026-05-12,1001.0,15000.0,equity,,trump_278t_2026_05_08_equity.pdf
9acca5d612cb,Donald Trump,trump_278t_2026_05_08_equity,2472,ATLASSIAN CORP CLASS A 11,sale,2026-02-01,2026-05-12,1001.0,15000.0,equity,TEAM,trump_278t_2026_05_08_equity.pdf
f3653d5fdfb6,Donald Trump,trump_278t_2026_05_08_equity,2473,ARES MGMT CORP CLASS A 21,sale,2026-02-03,2026-05-12,1001.0,15000.0,equity,,trump_278t_2026_05_08_equity.pdf
9224e314ec1a,Donald Trump,trump_278t_2026_05_08_equity,2495,CENTENE CORP DEL .,sale,2026-03-26,2026-05-12,1001.0,15000.0,equity,CNC,trump_278t_2026_05_08_equity.pdf
d8730ef5c348,Donald Trump,trump_278t_2026_05_08_equity,2513,UORINCREIT 31,sale,2026-02-06,2026-05-12,1001.0,15000.0,other,,trump_278t_2026_05_08_equity.pdf
41fcf3ee6935,Donald Trump,trump_278t_2026_05_08_equity,2567,AMERIPRISE FINL INC,sale,2026-03-26,2026-05-12,1001.0,15000.0,equity,AMP,trump_278t_2026_05_08_equity.pdf
edc440e39d24,Donald Trump,trump_278t_2026_05_08_equity,2583,JPMORGAN CHASE & CO a■lo,purchase,2026-03-26,2026-05-12,1001.0,15000.0,equity,JPM,trump_278t_2026_05_08_equity.pdf
d5f9bb7dce2d,Donald Trump,trump_278t_2026_05_08_equity,2606,UNITED AIRLINES HLDG 31,sale,2026-01-07,2026-05-12,1001.0,15000.0,other,,trump_278t_2026_05_08_equity.pdf
a2917dedab34,Donald Trump,trump_278t_2026_05_08_equity,2607,LENNAR CORP CLASS A 31,sale,2026-01-07,2026-05-12,1001.0,15000.0,equity,,trump_278t_2026_05_08_equity.pdf
067404f064f0,Donald Trump,trump_278t_2026_05_08_equity,2625,AUTOZONE INC 31,sale,2026-01-08,2026-05-12,1001.0,15000.0,equity,AZO,trump_278t_2026_05_08_equity.pdf
8938a9e4ad4b,Donald Trump,trump_278t_2026_05_08_equity,2636,NASDAOINC,sale,2026-02-23,2026-05-12,1001.0,15000.0,other,,trump_278t_2026_05_08_equity.pdf
b225e79b89f7,Donald Trump,trump_278t_2026_05_08_equity,2717,SIMPLY GOOD FOODS CO 11,sale,2026-02-06,2026-05-12,1001.0,15000.0,other,,trump_278t_2026_05_08_equity.pdf
0ba0bc33b222,Donald Trump,trump_278t_2026_05_08_equity,2719,APOLLO GLOBAL MGMT INC N CLASS A 21,sale,2026-02-03,2026-05-12,1001.0,15000.0,equity,,trump_278t_2026_05_08_equity.pdf
b08f02f225b8,Donald Trump,trump_278t_2026_05_08_equity,2731,PALANTIR TECHNOLOGIES IN CLASS A 21,sale,2026-02-03,2026-05-12,1001.0,15000.0,equity,PLTR,trump_278t_2026_05_08_equity.pdf
5c0a5501008e,Donald Trump,trump_278t_2026_05_08_equity,2763,DOORDASH INC CL A 31,sale,2026-01-07,2026-05-12,1001.0,15000.0,equity,DASH,trump_278t_2026_05_08_equity.pdf
ec21e653afb6,Donald Trump,trump_278t_2026_05_08_equity,2781,SALESFORCE INC 11,sale,2026-02-01,2026-05-12,1001.0,15000.0,equity,CRM,trump_278t_2026_05_08_equity.pdf
810906c4b361,Donald Trump,trump_278t_2026_05_08_equity,2782,META PLATFORMS INC CLASS A 11,sale,2026-02-01,2026-05-12,1001.0,15000.0,equity,META,trump_278t_2026_05_08_equity.pdf
bb575ababb26,Donald Trump,trump_278t_2026_05_08_equity,2789,BOOKING HLDGS INC 21,sale,2026-02-03,2026-05-12,1001.0,15000.0,equity,BKNG,trump_278t_2026_05_08_equity.pdf
7e7b94aa0aa9,Donald Trump,trump_278t_2026_05_08_equity,2375,RUBRIK INC CLASS A,sale,2026-03-26,2026-05-12,1001.0,15000.0,equity,RBRK,trump_278t_2026_05_08_equity.pdf
3f98a1ce32d5,Donald Trump,trump_278t_2026_05_08_equity,2802,ABBOTT LABS 11,sale,2026-02-01,2026-05-12,1001.0,15000.0,other,,trump_278t_2026_05_08_equity.pdf
67d99690decb,Donald Trump,trump_278t_2026_05_08_equity,2326,HORMEL FOODS CORP 31,purchase,2026-02-08,2026-05-12,1001.0,15000.0,equity,HRL,trump_278t_2026_05_08_equity.pdf
6b69ca8f3fcb,Donald Trump,trump_278t_2026_05_08_equity,2320,AMERICAN INTL GROUP INC I 31,purchase,2026-02-06,2026-05-12,1001.0,15000.0,equity,,trump_278t_2026_05_08_equity.pdf
7fd3a56ee2b0,Donald Trump,trump_278t_2026_05_08_equity,2190,AMERICAN INTL GROUP INC lcurchoao,purchase,2026-03-17,2026-05-12,1001.0,15000.0,equity,,trump_278t_2026_05_08_equity.pdf
aced1c4bb822,Donald Trump,trump_278t_2026_05_08_equity,2210,ASTERA LABS INC lcurchaso 31,purchase,2026-01-07,2026-05-12,1001.0,15000.0,equity,ALAB,trump_278t_2026_05_08_equity.pdf
618d9ee0056a,Donald Trump,trump_278t_2026_05_08_equity,2223,lliE CIGNA GROUP 31,purchase,2026-01-07,2026-05-12,1001.0,15000.0,other,,trump_278t_2026_05_08_equity.pdf
2408748418b9,Donald Trump,trump_278t_2026_05_08_equity,2227,BOSTON SCIENTIFIC CORP I,purchase,2026-01-12,2026-05-12,1001.0,15000.0,equity,BSX,trump_278t_2026_05_08_equity.pdf
4a2134b4d299,Donald Trump,trump_278t_2026_05_08_equity,2231,MID-AMER APT CMNTYS INC REIT 31,purchase,2026-02-08,2026-05-12,1001.0,15000.0,reit,,trump_278t_2026_05_08_equity.pdf
15ec23cfb5e7,Donald Trump,trump_278t_2026_05_08_equity,2235,AXON ENTERPRISE INC lllUrchase 31,purchase,2026-01-07,2026-05-12,1001.0,15000.0,equity,AXON,trump_278t_2026_05_08_equity.pdf
d463d243143e,Donald Trump,trump_278t_2026_05_08_equity,2240,CROWN CASTLE INC REIT REIT l)Urchaso,purchase,2026-02-12,2026-05-12,1001.0,15000.0,reit,CCI,trump_278t_2026_05_08_equity.pdf
518ce74ac5dc,Donald Trump,trump_278t_2026_05_08_equity,2254,INTERNTNL PAPER CO IPUn:haso,purchase,2026-03-26,2026-05-12,1001.0,15000.0,other,,trump_278t_2026_05_08_equity.pdf
a6a59304380c,Donald Trump,trump_278t_2026_05_08_equity,2256,KINSALE CAP GROUP INC,purchase,2026-01-21,2026-05-12,1001.0,15000.0,equity,KNSL,trump_278t_2026_05_08_equity.pdf
ca0b73be9f64,Donald Trump,trump_278t_2026_05_08_equity,2264,GUIDEWIRE SOFlWARE INC ID<lrchaao,purchase,2026-01-12,2026-05-12,1001.0,15000.0,equity,GWRE,trump_278t_2026_05_08_equity.pdf
9432d41181c7,Donald Trump,trump_278t_2026_05_08_equity,2266,GODAODY INC CLASS A I 11,purchase,2026-01-02,2026-05-12,1001.0,15000.0,equity,,trump_278t_2026_05_08_equity.pdf
a8f7aeb9b5ee,Donald Trump,trump_278t_2026_05_08_equity,2267,BLUE OWL CAPITAL INC CL A,purchase,2026-03-04,2026-05-12,1001.0,15000.0,equity,,trump_278t_2026_05_08_equity.pdf
b5b7b7c4f731,Donald Trump,trump_278t_2026_05_08_equity,2269,ATLASSIAN CORP CLASS A 11,purchase,2026-01-02,2026-05-12,1001.0,15000.0,equity,TEAM,trump_278t_2026_05_08_equity.pdf
7554afda4caa,Donald Trump,trump_278t_2026_05_08_equity,2272,PAYCHEX INC :,purchase,2026-03-26,2026-05-12,1001.0,15000.0,equity,PAYX,trump_278t_2026_05_08_equity.pdf
2dce77771c50,Donald Trump,trump_278t_2026_05_08_equity,2280,SNAP INC CLASS A 11,purchase,2026-02-01,2026-05-12,1001.0,,equity,,trump_278t_2026_05_08_equity.pdf
fd1910cc7832,Donald Trump,trump_278t_2026_05_08_equity,2262,RYAN SPECIALTY HOLDINGS CLASS A 21,purchase,2026-01-02,2026-05-12,1001.0,15000.0,equity,RYAN,trump_278t_2026_05_08_equity.pdf
f1f282beb67f,Donald Trump,trump_278t_2026_05_08_equity,2288,TRANSUNION lcurchaae 21,purchase,2026-01-02,2026-05-12,1001.0,,other,,trump_278t_2026_05_08_equity.pdf
2ace57018108,Donald Trump,trump_278t_2026_05_08_equity,2294,DOCUSIGN INC 11,purchase,2026-02-01,2026-05-12,1001.0,,equity,DOCU,trump_278t_2026_05_08_equity.pdf
c751e30cd65e,Donald Trump,trump_278t_2026_05_08_equity,2300,VERTEX PHARMACEUTICALS I IDUrchuo 31,purchase,2026-02-06,2026-05-12,1001.0,,other,,trump_278t_2026_05_08_equity.pdf
8abda80f591f,Donald Trump,trump_278t_2026_05_08_equity,2301,KIMBERLY CLARK CORP I 31,purchase,2026-02-06,2026-05-12,1001.0,15000.0,equity,KMB,trump_278t_2026_05_08_equity.pdf
7ad14342af0e,Donald Trump,trump_278t_2026_05_08_equity,2302,CHUBBLTDF IDUrchue 31,purchase,2026-02-06,2026-05-12,1001.0,15000.0,other,,trump_278t_2026_05_08_equity.pdf
e2a7bee7d301,Donald Trump,trump_278t_2026_05_08_equity,2303,THE TRADE DESK INC CLASS A 21,purchase,2026-01-02,2026-05-12,1001.0,15000.0,equity,TTD,trump_278t_2026_05_08_equity.pdf
5fa196e6b809,Donald Trump,trump_278t_2026_05_08_equity,2306,CADENCE DESIGN SYS INC 31,purchase,2026-02-06,2026-05-12,1001.0,15000.0,equity,CDNS,trump_278t_2026_05_08_equity.pdf
9893b2bb2648,Donald Trump,trump_278t_2026_05_08_equity,2317,"CHEMED CORP NEW ,",purchase,2026-03-26,2026-05-12,1001.0,15000.0,equity,CHE,trump_278t_2026_05_08_equity.pdf
2d2046c7b216,Donald Trump,trump_278t_2026_05_08_equity,2319,KYNDRYL HLDGS INC I,purchase,2026-02-23,2026-05-12,1001.0,15000.0,equity,KD,trump_278t_2026_05_08_equity.pdf
507d6a6120d0,Donald Trump,trump_278t_2026_05_08_equity,2325,SS&C TECHNOLOGIES HLDGS 312,purchase,2026-01-05,2026-05-12,1001.0,15000.0,other,,trump_278t_2026_05_08_equity.pdf
84e8a2e00fc6,Donald Trump,trump_278t_2026_05_08_equity,2189,NUCORCORP IDUrchoao,purchase,2026-03-17,2026-05-12,1001.0,15000.0,other,,trump_278t_2026_05_08_equity.pdf
d3bcd9f95361,Donald Trump,trump_278t_2026_05_08_equity,2807,STELLANTIS N V 11,sale,2026-02-03,2026-05-12,1001.0,15000.0,other,,trump_278t_2026_05_08_equity.pdf
765cd21f784c,Donald Trump,trump_278t_2026_05_08_equity,2845,Svnchrcny Finl Com Sollcltod On:ter Dlacrotton Exordaod 31,sale,2026-02-07,2026-05-12,1001.0,15000.0,other,,trump_278t_2026_05_08_equity.pdf
6bbe15b906b3,Donald Trump,trump_278t_2026_05_08_equity,3242,GITLAB INC CLASS A 31,sale,2026-01-08,2026-05-12,15001.0,50000.0,equity,GTLB,trump_278t_2026_05_08_equity.pdf
cd2b91f09ff1,Donald Trump,trump_278t_2026_05_08_equity,3250,UNION PAC CORP 31,sale,2026-01-08,2026-05-12,15001.0,50000.0,equity,UNP,trump_278t_2026_05_08_equity.pdf
dc76122b4d14,Donald Trump,trump_278t_2026_05_08_equity,3252,COMMVAULT SYS INC 31,sale,2026-01-08,2026-05-12,15001.0,50000.0,equity,CVLT,trump_278t_2026_05_08_equity.pdf
078d65356a9c,Donald Trump,trump_278t_2026_05_08_equity,3254,ROCKET COMPANIES CLA A CLASS A 31,sale,2026-01-08,2026-05-12,15001.0,50000.0,equity,RKT,trump_278t_2026_05_08_equity.pdf
541304948eb4,Donald Trump,trump_278t_2026_05_08_equity,3255,ROBLOX CORP CLASS A 31,sale,2026-01-08,2026-05-12,15001.0,50000.0,equity,RBLX,trump_278t_2026_05_08_equity.pdf
47de0ec2f374,Donald Trump,trump_278t_2026_05_08_equity,3256,3MCO 31,sale,2026-01-08,2026-05-12,15001.0,50000.0,other,,trump_278t_2026_05_08_equity.pdf
5621d22b9e9c,Donald Trump,trump_278t_2026_05_08_equity,3261,HORMEL FOODS CORP 31,sale,2026-01-08,2026-05-12,15001.0,50000.0,equity,HRL,trump_278t_2026_05_08_equity.pdf
8a9ac803c1aa,Donald Trump,trump_278t_2026_05_08_equity,3285,COPARTINC 31,sale,2026-01-08,2026-05-12,15001.0,50000.0,equity,CPRT,trump_278t_2026_05_08_equity.pdf
3fd0855b9295,Donald Trump,trump_278t_2026_05_08_equity,3262,SL GREEN RLTY CORP 21,sale,2026-02-06,2026-05-12,15001.0,50000.0,equity,,trump_278t_2026_05_08_equity.pdf
f69da4e7bc10,Donald Trump,trump_278t_2026_05_08_equity,3288,FORTINET INC UNSOLICITED,sale,2026-03-23,2026-05-12,15001.0,50000.0,equity,FTNT,trump_278t_2026_05_08_equity.pdf
53109d28af4d,Donald Trump,trump_278t_2026_05_08_equity,3269,FRANKLIN BSP REALTY 21,sale,2026-02-06,2026-05-12,15001.0,50000.0,other,,trump_278t_2026_05_08_equity.pdf
8e9e3728ffdb,Donald Trump,trump_278t_2026_05_08_equity,3296,"SALESFORCE, INC. UNSOLICITED",sale,2026-03-23,2026-05-12,15001.0,50000.0,equity,CRM,trump_278t_2026_05_08_equity.pdf
559cb3a79d39,Donald Trump,trump_278t_2026_05_08_equity,3300,ROBERT HALF INC 21,sale,2026-02-06,2026-05-12,15001.0,50000.0,equity,RHI,trump_278t_2026_05_08_equity.pdf
e83b32549262,Donald Trump,trump_278t_2026_05_08_equity,3337,COSTAR GROUP INC 21,sale,2026-01-02,2026-05-12,50001.0,100000.0,equity,CSGP,trump_278t_2026_05_08_equity.pdf
39896c323607,Donald Trump,trump_278t_2026_05_08_equity,3343,JPMORGAN CHASE & CO 21,sale,2026-01-02,2026-05-12,50001.0,100000.0,equity,JPM,trump_278t_2026_05_08_equity.pdf
9a709ce3f9cd,Donald Trump,trump_278t_2026_05_08_equity,3383,DXC TECHNOLOGY CO -,sale,2026-03-30,2026-05-12,50001.0,100000.0,other,,trump_278t_2026_05_08_equity.pdf
251899d2b0c9,Donald Trump,trump_278t_2026_05_08_equity,3412,ACI WORLDWIDE INC 21,sale,2026-02-06,2026-05-12,50001.0,100000.0,equity,ACIW,trump_278t_2026_05_08_equity.pdf
ddfbcee70dc9,Donald Trump,trump_278t_2026_05_08_equity,3422,CINCINNATI FINL CORP 21,sale,2026-02-03,2026-05-12,100001.0,250000.0,equity,CINF,trump_278t_2026_05_08_equity.pdf
0660ab7665f2,Donald Trump,trump_278t_2026_05_08_equity,3426,CASELLA WASTE SYS INC ClASS A 21,sale,2026-02-06,2026-05-12,100001.0,250000.0,equity,CWST,trump_278t_2026_05_08_equity.pdf
7ef3761c03e3,Donald Trump,trump_278t_2026_05_08_equity,3521,ARROWHEAD PHARMACEUTICAL 2,sale,2026-01-09,2026-05-12,100001.0,250000.0,other,,trump_278t_2026_05_08_equity.pdf
0ec5bb3645f8,Donald Trump,trump_278t_2026_05_08_equity,3588,AUTOZONE INC -,sale,2026-01-08,2026-05-12,250001.0,500000.0,equity,AZO,trump_278t_2026_05_08_equity.pdf
115ab8af1dba,Donald Trump,trump_278t_2026_05_08_equity,3567,HUNTINGTON BANCSHARES IN,sale,2026-01-23,2026-05-12,250001.0,500000.0,other,,trump_278t_2026_05_08_equity.pdf
b9e26ca89d8b,Donald Trump,trump_278t_2026_05_08_equity,3575,D R HORTON INC 1,sale,2026-01-06,2026-05-12,250001.0,500000.0,equity,,trump_278t_2026_05_08_equity.pdf
68fd4f2541e2,Donald Trump,trump_278t_2026_05_08_equity,3582,CADENCE DESIGN SYS INC 1,sale,2026-01-06,2026-05-12,250001.0,500000.0,equity,CDNS,trump_278t_2026_05_08_equity.pdf
094372bfab21,Donald Trump,trump_278t_2026_05_08_equity,3593,BOSTON SCIENTIFIC CORP COM 1,sale,2026-01-06,2026-05-12,250001.0,500000.0,equity,BSX,trump_278t_2026_05_08_equity.pdf
de02f633dd0a,Donald Trump,trump_278t_2026_05_08_equity,3235,lntematlon■I Bual--Machs Corp Com Sollc:Hod Oroor Dlsaellon Exorcised 31,sale,2026-02-07,2026-05-12,15001.0,50000.0,equity,,trump_278t_2026_05_08_equity.pdf
4dc2a5318196,Donald Trump,trump_278t_2026_05_08_equity,2838,AMCORPLCF 31,sale,2026-01-08,2026-05-12,1001.0,15000.0,other,,trump_278t_2026_05_08_equity.pdf
79808e32f29c,Donald Trump,trump_278t_2026_05_08_equity,3207,FOX CORP ClASS B 31,sale,2026-01-08,2026-05-12,15001.0,50000.0,equity,,trump_278t_2026_05_08_equity.pdf
3bda778acd98,Donald Trump,trump_278t_2026_05_08_equity,3195,HIGHWOODS PPTYS INC REIT 21,sale,2026-02-06,2026-05-12,15001.0,50000.0,reit,HIW,trump_278t_2026_05_08_equity.pdf
53917f1a6e55,Donald Trump,trump_278t_2026_05_08_equity,2847,ABBOTT LABS 31,sale,2026-02-08,2026-05-12,1001.0,15000.0,other,,trump_278t_2026_05_08_equity.pdf
2a8cb7a24553,Donald Trump,trump_278t_2026_05_08_equity,2848,BLACKSTONE INC 3,sale,2026-01-04,2026-05-12,1001.0,15000.0,equity,,trump_278t_2026_05_08_equity.pdf
97edc7748323,Donald Trump,trump_278t_2026_05_08_equity,2850,Snowflake Inc Com Sollcltod Ordor Dlscrotton Exorcised 31,sale,2026-02-07,2026-05-12,1001.0,15000.0,equity,SNOW,trump_278t_2026_05_08_equity.pdf
7d6e8bff247a,Donald Trump,trump_278t_2026_05_08_equity,2857,"T111no T""""""""""""""'le1 Pie Shs lsln#lo00hk<hn967 Solldtod On:ter Dlscretton Exerdsod 3",sale,2026-01-06,2026-05-12,1001.0,15000.0,other,,trump_278t_2026_05_08_equity.pdf
577951c401fe,Donald Trump,trump_278t_2026_05_08_equity,2656,VISA INC CLASS A 31,sale,2026-02-06,2026-05-12,1001.0,15000.0,equity,V,trump_278t_2026_05_08_equity.pdf
ab9b361b2416,Donald Trump,trump_278t_2026_05_08_equity,2663,"Newmont""-Com Sollcltod Order Dlscrotton Exordsod 3",sale,2026-01-06,2026-05-12,1001.0,15000.0,other,,trump_278t_2026_05_08_equity.pdf
4df07f04ee70,Donald Trump,trump_278t_2026_05_08_equity,2865,B<lstcn Sdonllfle Coro Com Sollclted Order Dlserotton Exordsod 31,sale,2026-02-07,2026-05-12,1001.0,15000.0,other,,trump_278t_2026_05_08_equity.pdf
2fb2d6522b55,Donald Trump,trump_278t_2026_05_08_equity,2884,CHURCHILL DOWNS INC sole,purchase,2026-02-12,2026-05-12,1001.0,15000.0,equity,CHDN,trump_278t_2026_05_08_equity.pdf
37abc3aca826,Donald Trump,trump_278t_2026_05_08_equity,2913,ELLINGTON FINL INC REIT,sale,2026-03-30,2026-05-12,15001.0,50000.0,reit,,trump_278t_2026_05_08_equity.pdf
981986cf2dbd,Donald Trump,trump_278t_2026_05_08_equity,3029,<ltJalcomm Inc Com Solldted Ortler DlscroUon Exerdsod,sale,2026-03-27,2026-05-12,15001.0,50000.0,equity,,trump_278t_2026_05_08_equity.pdf
0ca29638d434,Donald Trump,trump_278t_2026_05_08_equity,3050,T-MOBILE US INC 31,sale,2026-01-08,2026-05-12,15001.0,50000.0,equity,,trump_278t_2026_05_08_equity.pdf
e9745409006f,Donald Trump,trump_278t_2026_05_08_equity,3055,TRACTOR SUPPLY CO 31,sale,2026-01-08,2026-05-12,15001.0,50000.0,other,,trump_278t_2026_05_08_equity.pdf
b3cba04eeef8,Donald Trump,trump_278t_2026_05_08_equity,3061,BUILDERS FIRSTSOURCE INC 31,sale,2026-01-08,2026-05-12,15001.0,50000.0,equity,BLDR,trump_278t_2026_05_08_equity.pdf
5a7523ab768b,Donald Trump,trump_278t_2026_05_08_equity,3075,GRIO OYNAMICS HLDGS INC CLASS A 21,sale,2026-02-06,2026-05-12,15001.0,50000.0,equity,,trump_278t_2026_05_08_equity.pdf
0d6a776facaf,Donald Trump,trump_278t_2026_05_08_equity,3079,Artslu Notworl<s Inc Com Now SoUciled Ordor Dlacrollon Exordsod 31,sale,2026-02-07,2026-05-12,15001.0,50000.0,equity,,trump_278t_2026_05_08_equity.pdf
17d59bd12db3,Donald Trump,trump_278t_2026_05_08_equity,3086,"Aa:onturo Pie Ireland Sha Cl A lsln#lo00b4bn"""""""" Sollcltod Order Dlscrotlon Exorcisod 31",sale,2026-02-07,2026-05-12,15001.0,,other,,trump_278t_2026_05_08_equity.pdf
bf19e027eb7e,Donald Trump,trump_278t_2026_05_08_equity,3101,METLIFE INC,sale,2026-02-12,2026-05-12,15001.0,50000.0,equity,MET,trump_278t_2026_05_08_equity.pdf
d178c99841ff,Donald Trump,trump_278t_2026_05_08_equity,3103,ARBOR RLTY TR INC REIT 21,sale,2026-02-06,2026-05-12,15001.0,50000.0,reit,,trump_278t_2026_05_08_equity.pdf
b41270429525,Donald Trump,trump_278t_2026_05_08_equity,3105,HEALTHSTREAM INC 21,sale,2026-02-06,2026-05-12,15001.0,50000.0,equity,HSTM,trump_278t_2026_05_08_equity.pdf
7062934ce99c,Donald Trump,trump_278t_2026_05_08_equity,3115,ALKERMES PLC F 21,sale,2026-02-06,2026-05-12,15001.0,50000.0,equity,ALKS,trump_278t_2026_05_08_equity.pdf
794c9aae3e9a,Donald Trump,trump_278t_2026_05_08_equity,3139,Sbvknr Ct>m Common Wl1h Duo BIiia Solldled Order Dlsaetion Exordsod 31,sale,2026-02-07,2026-05-12,15001.0,50000.0,other,,trump_278t_2026_05_08_equity.pdf
054caae4055f,Donald Trump,trump_278t_2026_05_08_equity,3156,PAYONEER GLOBAL INC 21,sale,2026-02-06,2026-05-12,15001.0,50000.0,equity,PAYO,trump_278t_2026_05_08_equity.pdf
70fa7c1dd52b,Donald Trump,trump_278t_2026_05_08_equity,3190,"- Bank Amor """"""' Com Solldtad Ordor DlsaoUon Exordaed",sale,2026-03-27,2026-05-12,15001.0,50000.0,other,,trump_278t_2026_05_08_equity.pdf
252544efac4a,Donald Trump,trump_278t_2026_05_08_equity,3192,ZIFF DAVIS INC 21,sale,2026-02-06,2026-05-12,15001.0,50000.0,equity,ZD,trump_278t_2026_05_08_equity.pdf
852a44ab0f95,Donald Trump,trump_278t_2026_05_08_equity,3193,ROCKET LAB CORP CLASS A 21,sale,2026-01-02,2026-05-12,15001.0,50000.0,equity,RKLB,trump_278t_2026_05_08_equity.pdf
e30f8555760c,Donald Trump,trump_278t_2026_05_08_equity,3198,FACTSET RESH SYS INC 21,sale,2026-01-02,2026-05-12,15001.0,50000.0,equity,FDS,trump_278t_2026_05_08_equity.pdf
115e27fbf620,Donald Trump,trump_278t_2026_05_08_equity,2178,ARCHER AVIATION INC CLASS·A curdlaao,purchase,2026-02-23,2026-05-12,1001.0,15000.0,equity,,trump_278t_2026_05_08_equity.pdf
ce65899b0d19,Donald Trump,trump_278t_2026_05_08_equity,2172,RTHROP GRUMMAN CORP ·,purchase,2025-03-17,2026-05-12,1001.0,15000.0,equity,,trump_278t_2026_05_08_equity.pdf
1811218b937a,Donald Trump,trump_278t_2026_05_08_equity,2163,BLACKROCK INC NEW I,purchase,2026-03-26,2026-05-12,1001.0,15000.0,equity,BLK,trump_278t_2026_05_08_equity.pdf
d4e22391ae4e,Donald Trump,trump_278t_2026_05_08_equity,1663,NEXTERA ENERGY INC IDUrcholO,purchase,2026-01-23,2026-05-12,1001.0,15000.0,equity,,trump_278t_2026_05_08_equity.pdf
7924da5250c3,Donald Trump,trump_278t_2026_05_08_equity,1668,ELI LILLY AND CO IP<JrcholO,purchase,2026-03-17,2026-05-12,1001.0,15000.0,other,,trump_278t_2026_05_08_equity.pdf
8f9d16189327,Donald Trump,trump_278t_2026_05_08_equity,1667,T-MOBILE US INC IDUrchllse,purchase,2026-01-21,2026-05-12,1001.0,15000.0,equity,,trump_278t_2026_05_08_equity.pdf
c1d3248f7e5f,Donald Trump,trump_278t_2026_05_08_equity,1671,SALESFORCE INC 31,purchase,2026-02-06,2026-05-12,1001.0,15000.0,equity,CRM,trump_278t_2026_05_08_equity.pdf
f220594c9161,Donald Trump,trump_278t_2026_05_08_equity,1673,ELI LILLY AND CO lpurchooo,purchase,2026-03-23,2026-05-12,1001.0,15000.0,other,,trump_278t_2026_05_08_equity.pdf
89406b1a11d9,Donald Trump,trump_278t_2026_05_08_equity,1674,JPMORGAN CHASE & CO I,purchase,2026-03-23,2026-05-12,1001.0,15000.0,equity,JPM,trump_278t_2026_05_08_equity.pdf
a23ea49444f8,Donald Trump,trump_278t_2026_05_08_equity,1675,HPINC lpurchoso,purchase,2026-01-23,2026-05-12,1001.0,15000.0,other,,trump_278t_2026_05_08_equity.pdf
5b6836c85ae5,Donald Trump,trump_278t_2026_05_08_equity,1676,JPMORGAN CHASE & CO I 31,purchase,2026-01-07,2026-05-12,1001.0,15000.0,equity,JPM,trump_278t_2026_05_08_equity.pdf
afc51c305f8c,Donald Trump,trump_278t_2026_05_08_equity,1678,META PLATFORMS INC CLASS A P<JrcholO,purchase,2026-02-23,2026-05-12,1001.0,15000.0,equity,META,trump_278t_2026_05_08_equity.pdf
5fcd9178ee94,Donald Trump,trump_278t_2026_05_08_equity,1682,"HOME DEPOT INC i:,urchoso",purchase,2026-03-17,2026-05-12,1001.0,15000.0,equity,HD,trump_278t_2026_05_08_equity.pdf
65d7a183c835,Donald Trump,trump_278t_2026_05_08_equity,1693,UNITEDHEALTH GROUP INC IDUrchaao,purchase,2026-03-17,2026-05-12,1001.0,15000.0,equity,UNH,trump_278t_2026_05_08_equity.pdf
f381b89c765a,Donald Trump,trump_278t_2026_05_08_equity,1698,CADENCE DESIGN SYSTEMS INC I,purchase,2026-01-23,2026-05-12,1001.0,15000.0,equity,CDNS,trump_278t_2026_05_08_equity.pdf
d9dc1999b71a,Donald Trump,trump_278t_2026_05_08_equity,1706,TARGET CORP lpurchaao,purchase,2026-01-23,2026-05-12,1001.0,15000.0,equity,,trump_278t_2026_05_08_equity.pdf
2639a45bd171,Donald Trump,trump_278t_2026_05_08_equity,1708,Iron Mtn Inc Now lpurchuo,purchase,2026-03-17,2026-05-12,1001.0,15000.0,equity,,trump_278t_2026_05_08_equity.pdf
f074e57f8e8f,Donald Trump,trump_278t_2026_05_08_equity,1718,MCCORMICK & CO INC NON VOTING 31,purchase,2026-01-07,2026-05-12,1001.0,15000.0,equity,,trump_278t_2026_05_08_equity.pdf
b3aaaf40b747,Donald Trump,trump_278t_2026_05_08_equity,1719,NETFLIXINC IDUrchose,purchase,2026-01-21,2026-05-12,1001.0,15000.0,other,,trump_278t_2026_05_08_equity.pdf
5d24a67711db,Donald Trump,trump_278t_2026_05_08_equity,1720,ADVANCED MICRO DEVIC IDUrchaae 31,purchase,2026-01-07,2026-05-12,1001.0,15000.0,other,,trump_278t_2026_05_08_equity.pdf
c7b8e5f0c18d,Donald Trump,trump_278t_2026_05_08_equity,1723,BEST BUY COMPANY INC lpurcholo 3,purchase,2026-01-04,2026-05-12,1001.0,15000.0,equity,BBY,trump_278t_2026_05_08_equity.pdf
9e0637cc28af,Donald Trump,trump_278t_2026_05_08_equity,1727,INTL PAPER COMPANY 31,purchase,2026-01-07,2026-05-12,1001.0,15000.0,other,,trump_278t_2026_05_08_equity.pdf
20b2b22bcaed,Donald Trump,trump_278t_2026_05_08_equity,1731,CMS ENERGY CORP ;,purchase,2026-01-23,2026-05-12,1001.0,15000.0,equity,CMS,trump_278t_2026_05_08_equity.pdf
645d4331f918,Donald Trump,trump_278t_2026_05_08_equity,1732,OMNICOM GROUP INC 31,purchase,2026-01-07,2026-05-12,1001.0,15000.0,equity,OMC,trump_278t_2026_05_08_equity.pdf
8d12019611a2,Donald Trump,trump_278t_2026_05_08_equity,1733,LOWES COS INC ll>UrchalO 31,purchase,2026-01-07,2026-05-12,1001.0,15000.0,equity,,trump_278t_2026_05_08_equity.pdf
ae5525d7505c,Donald Trump,trump_278t_2026_05_08_equity,1734,VISA INC CLASS A lcurchoae 31,purchase,2026-01-07,2026-05-12,1001.0,15000.0,equity,V,trump_278t_2026_05_08_equity.pdf
b37f1c60b1f0,Donald Trump,trump_278t_2026_05_08_equity,1736,STRYKER CORP 31,purchase,2026-01-07,2026-05-12,1001.0,15000.0,equity,SYK,trump_278t_2026_05_08_equity.pdf
131ac12f9522,Donald Trump,trump_278t_2026_05_08_equity,1744,PROCTER & GAMBLE CO lpurchaso 31,purchase,2026-01-07,2026-05-12,1001.0,15000.0,other,,trump_278t_2026_05_08_equity.pdf
600270027022,Donald Trump,trump_278t_2026_05_08_equity,1662,SANDISK CORP COM 10urchaso,purchase,2026-01-06,2026-05-12,1001.0,15000.0,equity,SNDK,trump_278t_2026_05_08_equity.pdf
f97371c1f0a8,Donald Trump,trump_278t_2026_05_08_equity,1745,UBER TECHNOLOGIES INC I 31,purchase,2026-01-07,2026-05-12,1001.0,15000.0,equity,UBER,trump_278t_2026_05_08_equity.pdf
3c38b9c34d69,Donald Trump,trump_278t_2026_05_08_equity,1656,UNITEDHEALIB GROUP INC 3,purchase,2026-01-04,2026-05-12,1001.0,15000.0,equity,,trump_278t_2026_05_08_equity.pdf
9291a6f1bdb4,Donald Trump,trump_278t_2026_05_08_equity,1652,CASEYS GENL STORES INC 31,purchase,2026-01-07,2026-05-12,1001.0,15000.0,equity,CASY,trump_278t_2026_05_08_equity.pdf
4d06fcc96a50,Donald Trump,trump_278t_2026_05_08_equity,1462,MARCUS & MILLICHAP INC lpurchaso,purchase,2026-01-26,2026-05-12,15001.0,50000.0,equity,MMI,trump_278t_2026_05_08_equity.pdf
debf9631e6b6,Donald Trump,trump_278t_2026_05_08_equity,1464,LIQUIDITY SVCS INC Ip urchase,purchase,2026-03-04,2026-05-12,15001.0,50000.0,equity,LQDT,trump_278t_2026_05_08_equity.pdf
c83053d2f964,Donald Trump,trump_278t_2026_05_08_equity,1472,MATSON INC 11,purchase,2026-02-06,2026-05-12,15001.0,50000.0,equity,MATX,trump_278t_2026_05_08_equity.pdf
7e3a2db92e28,Donald Trump,trump_278t_2026_05_08_equity,1478,MERCHANTS BANCORP IND,purchase,2026-02-12,2026-05-12,15001.0,50000.0,other,,trump_278t_2026_05_08_equity.pdf
25fcf8548c29,Donald Trump,trump_278t_2026_05_08_equity,1480,BERKSHIRE HATHAWAY CLASS B ·,purchase,2026-02-23,2026-05-12,15001.0,50000.0,equity,BRK-B,trump_278t_2026_05_08_equity.pdf
56fde29d741e,Donald Trump,trump_278t_2026_05_08_equity,1485,INTUIT INC 11,purchase,2026-02-03,2026-05-12,15001.0,50000.0,equity,,trump_278t_2026_05_08_equity.pdf
6d916bd0709b,Donald Trump,trump_278t_2026_05_08_equity,1506,ORGANON&CO !,purchase,2026-03-04,2026-05-12,15001.0,50000.0,other,,trump_278t_2026_05_08_equity.pdf
2351761f40f9,Donald Trump,trump_278t_2026_05_08_equity,1506,OPENLANE INC 1o urchaso,purchase,2026-03-04,2026-05-12,15001.0,50000.0,equity,OPLN,trump_278t_2026_05_08_equity.pdf
3662b61c32fa,Donald Trump,trump_278t_2026_05_08_equity,1513,PROGRESS SOFTWARE CORP DUrt:hase,purchase,2026-03-04,2026-05-12,15001.0,50000.0,equity,PRGS,trump_278t_2026_05_08_equity.pdf
08f5c36677b8,Donald Trump,trump_278t_2026_05_08_equity,1514,"OOUBLEVERIFY HLDGS INC ,",purchase,2026-03-04,2026-05-12,15001.0,50000.0,equity,,trump_278t_2026_05_08_equity.pdf
e5cdc1a7d8c1,Donald Trump,trump_278t_2026_05_08_equity,1516,NTNL BK HLDGS CORP A CLASS A I,purchase,2026-03-04,2026-05-12,15001.0,50000.0,equity,,trump_278t_2026_05_08_equity.pdf
797a5ffc29d5,Donald Trump,trump_278t_2026_05_08_equity,1547,BIOLIFE SOLUTIONS INC loorchaso,purchase,2026-03-04,2026-05-12,15001.0,50000.0,equity,BLFS,trump_278t_2026_05_08_equity.pdf
60ff26c99d29,Donald Trump,trump_278t_2026_05_08_equity,1563,"CONOCOPHILLIPS ,",purchase,2026-01-23,2026-05-12,15001.0,50000.0,other,,trump_278t_2026_05_08_equity.pdf
2dce582e5543,Donald Trump,trump_278t_2026_05_08_equity,1567,ARLO TECHNOLOGIES INC IDUrchaao,purchase,2026-03-30,2026-05-12,15001.0,50000.0,equity,ARLO,trump_278t_2026_05_08_equity.pdf
e09afbb4141a,Donald Trump,trump_278t_2026_05_08_equity,1566,PAYCHEX INC I,purchase,2026-01-23,2026-05-12,15001.0,50000.0,equity,PAYX,trump_278t_2026_05_08_equity.pdf
69165dba896a,Donald Trump,trump_278t_2026_05_08_equity,1573,PALOMAR HLDGS INC,purchase,2026-01-21,2026-05-12,15001.0,50000.0,equity,PLMR,trump_278t_2026_05_08_equity.pdf
3060244793ac,Donald Trump,trump_278t_2026_05_08_equity,1574,TWO HARBORS INVESTME .,purchase,2026-01-02,2026-05-12,15001.0,50000.0,other,,trump_278t_2026_05_08_equity.pdf
2d571576c71b,Donald Trump,trump_278t_2026_05_08_equity,1596,GLAUKOS CORP [ 11,purchase,2026-02-06,2026-05-12,15001.0,50000.0,equity,GKOS,trump_278t_2026_05_08_equity.pdf
72f94d0d9048,Donald Trump,trump_278t_2026_05_08_equity,1608,SOLSTICE ADVANCED MATLS lpun:lulso,purchase,2026-02-12,2026-05-12,15001.0,50000.0,other,,trump_278t_2026_05_08_equity.pdf
b8cd439dfbaa,Donald Trump,trump_278t_2026_05_08_equity,1637,"INSPERITY INC ,",purchase,2026-02-12,2026-05-12,15001.0,50000.0,equity,NSP,trump_278t_2026_05_08_equity.pdf
89f15b2f2027,Donald Trump,trump_278t_2026_05_08_equity,1641,KEURIG DR PEPPER INC Ip urchase,purchase,2026-01-23,2026-05-12,15001.0,50000.0,equity,KDP,trump_278t_2026_05_08_equity.pdf
590d031110c3,Donald Trump,trump_278t_2026_05_08_equity,1646,BERKSHIRE HATHAWAY CLASS B 31,purchase,2026-02-03,2026-05-12,1001.0,15000.0,equity,BRK-B,trump_278t_2026_05_08_equity.pdf
98160aeaf6f8,Donald Trump,trump_278t_2026_05_08_equity,1649,GENERAL MILLS INC lcurt:hase,purchase,2026-01-23,2026-05-12,1001.0,15000.0,equity,GIS,trump_278t_2026_05_08_equity.pdf
2f8e5bf2e2b7,Donald Trump,trump_278t_2026_05_08_equity,1650,BERKSHIRE HATHAWAY CLASS B lpurt:hase 31,purchase,2026-01-07,2026-05-12,1001.0,15000.0,equity,BRK-B,trump_278t_2026_05_08_equity.pdf
f2d504fb538a,Donald Trump,trump_278t_2026_05_08_equity,1651,NETFLIXINC I 31,purchase,2026-02-06,2026-05-12,1001.0,15000.0,other,,trump_278t_2026_05_08_equity.pdf
06f7c1c846a7,Donald Trump,trump_278t_2026_05_08_equity,1654,PALANTIR TECHNOLOGIES IN Cl.ASS A 31,purchase,2026-01-07,2026-05-12,1001.0,15000.0,equity,PLTR,trump_278t_2026_05_08_equity.pdf
a1f36ab216d2,Donald Trump,trump_278t_2026_05_08_equity,1746,ILLINOIS TOOL WKS INC 31,purchase,2026-01-07,2026-05-12,1001.0,15000.0,equity,ITW,trump_278t_2026_05_08_equity.pdf
16bd060ccd37,Donald Trump,trump_278t_2026_05_08_equity,1758,STELLANTIS N V oun:hase,purchase,2026-03-04,2026-05-12,1001.0,15000.0,other,,trump_278t_2026_05_08_equity.pdf
a65c084ef56e,Donald Trump,trump_278t_2026_05_08_equity,1763,MERCK & CO. INC. IDUrchas,purchase,2026-03-17,2026-05-12,1001.0,15000.0,equity,MRK,trump_278t_2026_05_08_equity.pdf
fbfd42db5d62,Donald Trump,trump_278t_2026_05_08_equity,2001,SMUCKER J M CO 31,purchase,2026-02-03,2026-05-12,1001.0,15000.0,other,,trump_278t_2026_05_08_equity.pdf
6bc2e5507de3,Donald Trump,trump_278t_2026_05_08_equity,2015,EOG RES INC 11,purchase,2026-02-01,2026-05-12,1001.0,15000.0,equity,EOG,trump_278t_2026_05_08_equity.pdf
e14db8a6708d,Donald Trump,trump_278t_2026_05_08_equity,2016,L3HARRIS TECHNOLOGIES IN 31,purchase,2026-02-03,2026-05-12,1001.0,15000.0,other,,trump_278t_2026_05_08_equity.pdf
1a8b5324df08,Donald Trump,trump_278t_2026_05_08_equity,2022,"PAYLOCITY HLDG CORP ,",purchase,2026-01-21,2026-05-12,1001.0,15000.0,equity,PCTY,trump_278t_2026_05_08_equity.pdf
58ff061df99a,Donald Trump,trump_278t_2026_05_08_equity,2026,METLIFEINC IPUn:haso,purchase,2026-03-17,2026-05-12,1001.0,15000.0,other,,trump_278t_2026_05_08_equity.pdf
c7853ca0e413,Donald Trump,trump_278t_2026_05_08_equity,2032,GEN DIGITAL INC oorchale,purchase,2026-02-23,2026-05-12,1001.0,15000.0,equity,,trump_278t_2026_05_08_equity.pdf
d7e6ad60c629,Donald Trump,trump_278t_2026_05_08_equity,2034,DISNEY WALT CO .,purchase,2026-03-23,2026-05-12,1001.0,15000.0,equity,DIS,trump_278t_2026_05_08_equity.pdf
b95436ba13c4,Donald Trump,trump_278t_2026_05_08_equity,2067,PFIZER INC I,purchase,2026-03-17,2026-05-12,1001.0,15000.0,equity,PFE,trump_278t_2026_05_08_equity.pdf
339b617e350b,Donald Trump,trump_278t_2026_05_08_equity,2075,UBER TECHNOLOGIES INC .,purchase,2026-03-23,2026-05-12,1001.0,15000.0,equity,UBER,trump_278t_2026_05_08_equity.pdf
4180bf494b45,Donald Trump,trump_278t_2026_05_08_equity,2076,IBM CORP IDUrchaN,purchase,2026-03-23,2026-05-12,1001.0,15000.0,equity,,trump_278t_2026_05_08_equity.pdf
58a49376fee5,Donald Trump,trump_278t_2026_05_08_equity,2077,GRAINGER WW INC I,purchase,2026-03-23,2026-05-12,1001.0,15000.0,equity,,trump_278t_2026_05_08_equity.pdf
d67c37935242,Donald Trump,trump_278t_2026_05_08_equity,2080,ELASTIC NVF 21,purchase,2026-02-03,2026-05-12,1001.0,15000.0,other,,trump_278t_2026_05_08_equity.pdf
19e47d6f3795,Donald Trump,trump_278t_2026_05_08_equity,2082,WILLIS TOWERS WATSON PF 31,purchase,2026-02-03,2026-05-12,1001.0,15000.0,other,,trump_278t_2026_05_08_equity.pdf
a54106437486,Donald Trump,trump_278t_2026_05_08_equity,2083,REINSURANCE GROUP AMER I 31,purchase,2026-02-03,2026-05-12,1001.0,15000.0,other,,trump_278t_2026_05_08_equity.pdf
01b0c93c8b90,Donald Trump,trump_278t_2026_05_08_equity,2091,AT&T INC,purchase,2026-03-23,2026-05-12,1001.0,15000.0,equity,T,trump_278t_2026_05_08_equity.pdf
ebebe8524d67,Donald Trump,trump_278t_2026_05_08_equity,2098,RESMEDINC 31,purchase,2026-02-03,2026-05-12,1001.0,15000.0,other,,trump_278t_2026_05_08_equity.pdf
a9cb049ca5ba,Donald Trump,trump_278t_2026_05_08_equity,2109,PG&E CORP 31,purchase,2026-02-03,2026-05-12,1001.0,15000.0,equity,PCG$X,trump_278t_2026_05_08_equity.pdf
05eb1a0b151d,Donald Trump,trump_278t_2026_05_08_equity,2113,FISERV INC 11,purchase,2026-02-01,2026-05-12,1001.0,15000.0,equity,FISV,trump_278t_2026_05_08_equity.pdf
eb3c67b555b8,Donald Trump,trump_278t_2026_05_08_equity,2120,INTERCONTINENTAL EXCHANG IDUrchoso,purchase,2026-03-23,2026-05-12,1001.0,15000.0,other,,trump_278t_2026_05_08_equity.pdf
430fe72c3d23,Donald Trump,trump_278t_2026_05_08_equity,2124,VEEVA SYS INC CLASS A IDUrchoso,purchase,2026-03-23,2026-05-12,1001.0,15000.0,equity,VEEV,trump_278t_2026_05_08_equity.pdf
126d3504ec83,Donald Trump,trump_278t_2026_05_08_equity,2125,ABBOTT LABS I,purchase,2026-03-23,2026-05-12,1001.0,15000.0,other,,trump_278t_2026_05_08_equity.pdf
f212e6481f23,Donald Trump,trump_278t_2026_05_08_equity,2135,HANOVER INS GROUP INC I,purchase,2026-03-23,2026-05-12,1001.0,15000.0,equity,THG,trump_278t_2026_05_08_equity.pdf
abf4475598f4,Donald Trump,trump_278t_2026_05_08_equity,2141,ROYAL CARIBBEAN GROU F IDUrchoso 11,purchase,2026-02-01,2026-05-12,1001.0,15000.0,other,,trump_278t_2026_05_08_equity.pdf
87b9308e343b,Donald Trump,trump_278t_2026_05_08_equity,2159,SERVlCETITAN INC CLASS A 21,purchase,2026-02-03,2026-05-12,1001.0,15000.0,equity,,trump_278t_2026_05_08_equity.pdf
7599c5d89b83,Donald Trump,trump_278t_2026_05_08_equity,2160,CHURCH & DWIGHT INC ourt:hoso,purchase,2026-01-21,2026-05-12,1001.0,15000.0,equity,CHD,trump_278t_2026_05_08_equity.pdf
069c77cd7e28,Donald Trump,trump_278t_2026_05_08_equity,1999,AON PLC F CLASS A 11,purchase,2026-02-01,2026-05-12,1001.0,15000.0,equity,,trump_278t_2026_05_08_equity.pdf
d7cc5ac2edf2,Donald Trump,trump_278t_2026_05_08_equity,1998,WEC ENERGY GROUP INC I,purchase,2026-01-12,2026-05-12,1001.0,15000.0,equity,WEC,trump_278t_2026_05_08_equity.pdf
fa575be140dd,Donald Trump,trump_278t_2026_05_08_equity,1991,APPLOVIN CORP CLASS A :,purchase,2026-03-17,2026-05-12,1001.0,15000.0,equity,APP,trump_278t_2026_05_08_equity.pdf
0e4afcce7353,Donald Trump,trump_278t_2026_05_08_equity,1988,GENUINE PARTS CO ■IO,purchase,2026-03-23,2026-05-12,1001.0,15000.0,other,,trump_278t_2026_05_08_equity.pdf
f1bf69f4a84d,Donald Trump,trump_278t_2026_05_08_equity,1766,ARES MANAGEMENT CORP CL A DUn:hase,purchase,2026-03-17,2026-05-12,1001.0,15000.0,equity,,trump_278t_2026_05_08_equity.pdf
75671b6d7c10,Donald Trump,trump_278t_2026_05_08_equity,1780,"NETFLIX INC ,",purchase,2026-02-12,2026-05-12,1001.0,15000.0,etf,NFLX,trump_278t_2026_05_08_equity.pdf
b0ed46e3d48a,Donald Trump,trump_278t_2026_05_08_equity,1781,TARGET CORP,purchase,2026-03-17,2026-05-12,1001.0,15000.0,equity,TGT,trump_278t_2026_05_08_equity.pdf
44f57c372188,Donald Trump,trump_278t_2026_05_08_equity,1785,BLUE OWL CAP INC CLASS A lDUrchase,purchase,2026-02-23,2026-05-12,1001.0,,equity,,trump_278t_2026_05_08_equity.pdf
bac466de94a1,Donald Trump,trump_278t_2026_05_08_equity,1794,SALESFORCE INC I,purchase,2026-02-12,2026-05-12,1001.0,15000.0,equity,CRM,trump_278t_2026_05_08_equity.pdf
ddf62eb6fe5f,Donald Trump,trump_278t_2026_05_08_equity,1813,CADENCE DESIGN SYSTEMS INC,purchase,2026-02-19,2026-05-12,1001.0,15000.0,equity,CDNS,trump_278t_2026_05_08_equity.pdf
1c80108550fd,Donald Trump,trump_278t_2026_05_08_equity,1837,INVITATION HOMES INC 31,purchase,2026-02-03,2026-05-12,1001.0,15000.0,equity,INVH,trump_278t_2026_05_08_equity.pdf
8f76c09f7898,Donald Trump,trump_278t_2026_05_08_equity,1841,DYNATRACE INC 11,purchase,2026-02-01,2026-05-12,1001.0,15000.0,equity,DT,trump_278t_2026_05_08_equity.pdf
8aa03582c246,Donald Trump,trump_278t_2026_05_08_equity,1854,AIRBNB INC CL A IDUrchDIO,purchase,2026-02-19,2026-05-12,1001.0,15000.0,equity,ABNB,trump_278t_2026_05_08_equity.pdf
b230bd56a450,Donald Trump,trump_278t_2026_05_08_equity,1878,CLOROX CO .,purchase,2026-03-26,2026-05-12,1001.0,15000.0,other,,trump_278t_2026_05_08_equity.pdf
77e48cd06848,Donald Trump,trump_278t_2026_05_08_equity,1916,ORACLE CORP lpurchaso,purchase,2026-03-23,2026-05-12,1001.0,15000.0,equity,ORCL,trump_278t_2026_05_08_equity.pdf
19ab93c0e2dd,Donald Trump,trump_278t_2026_05_08_equity,1917,CISCO SYS INC IDUrchooe,purchase,2026-03-17,2026-05-12,1001.0,15000.0,equity,CSCO,trump_278t_2026_05_08_equity.pdf
9e1ad75b3ea3,Donald Trump,trump_278t_2026_05_08_equity,1415,META PLATFORMS INC CLASS A IDUrchaso,purchase,2026-03-23,2026-05-12,15001.0,50000.0,equity,META,trump_278t_2026_05_08_equity.pdf
c0dafa6377a0,Donald Trump,trump_278t_2026_05_08_equity,1918,RB GLOBAL INC F,purchase,2026-03-17,2026-05-12,1001.0,15000.0,equity,RBA,trump_278t_2026_05_08_equity.pdf
533c70b7ff6b,Donald Trump,trump_278t_2026_05_08_equity,1928,TAKE-TWO INTERACTIVE SOF I oun:hase,purchase,2026-03-17,2026-05-12,1001.0,15000.0,other,,trump_278t_2026_05_08_equity.pdf
6349201f2b1f,Donald Trump,trump_278t_2026_05_08_equity,1929,ROPER TECHNOLOGIES INC lpurchaso,purchase,2026-02-12,2026-05-12,1001.0,15000.0,equity,ROP,trump_278t_2026_05_08_equity.pdf
4e5e99458554,Donald Trump,trump_278t_2026_05_08_equity,1936,JOHNSON & JOHNSON I oun:hase,purchase,2026-03-17,2026-05-12,1001.0,15000.0,other,,trump_278t_2026_05_08_equity.pdf
4cd1e37ca96c,Donald Trump,trump_278t_2026_05_08_equity,1940,PAYCOM SOFTWARE INC oun:hase,purchase,2026-02-23,2026-05-12,1001.0,15000.0,equity,PAYC,trump_278t_2026_05_08_equity.pdf
cc915074432d,Donald Trump,trump_278t_2026_05_08_equity,1943,ADVANCED MICRO DEVICES INC loun:hase,purchase,2026-02-19,2026-05-12,1001.0,15000.0,equity,AMD,trump_278t_2026_05_08_equity.pdf
a07bbcffc77c,Donald Trump,trump_278t_2026_05_08_equity,1944,MCDONALDS CORP loun:hase,purchase,2026-03-23,2026-05-12,1001.0,15000.0,equity,,trump_278t_2026_05_08_equity.pdf
249b023d6b33,Donald Trump,trump_278t_2026_05_08_equity,1955,DOOROASH INC CLASS A lpurchnso,purchase,2026-02-23,2026-05-12,1001.0,15000.0,equity,,trump_278t_2026_05_08_equity.pdf
57aee08623cd,Donald Trump,trump_278t_2026_05_08_equity,1961,CDW CORP oun:hase,purchase,2026-02-19,2026-05-12,1001.0,15000.0,equity,,trump_278t_2026_05_08_equity.pdf
74dc077f10e3,Donald Trump,trump_278t_2026_05_08_equity,1963,GE HEALTHCARE TECHNOLOGI IDUrchnso,purchase,2026-03-23,2026-05-12,1001.0,15000.0,other,,trump_278t_2026_05_08_equity.pdf
ce4844d0d6c9,Donald Trump,trump_278t_2026_05_08_equity,1965,SUPER MICRO COMPUTER INC I ■e,purchase,2026-01-23,2026-05-12,1001.0,15000.0,equity,SMCI,trump_278t_2026_05_08_equity.pdf
8653f43c0b1c,Donald Trump,trump_278t_2026_05_08_equity,1982,PACCAR INC,purchase,2026-03-23,2026-05-12,1001.0,15000.0,equity,PCAR,trump_278t_2026_05_08_equity.pdf
2efafc048ce9,Donald Trump,trump_278t_2026_05_08_equity,1985,PROCORE TECHNOLOGIES INC 21,purchase,2026-02-03,2026-05-12,1001.0,15000.0,equity,PCOR,trump_278t_2026_05_08_equity.pdf
5a9009a10921,Donald Trump,trump_278t_2026_05_08_equity,1927,CINTAS CORP loun:hase,purchase,2026-03-23,2026-05-12,1001.0,15000.0,equity,CTAS,trump_278t_2026_05_08_equity.pdf
fab9aa9624e2,Donald Trump,trump_278t_2026_05_08_equity,75,FORTINET INC ■so,purchase,2026-03-17,2026-05-12,500001.0,1000000.0,equity,FTNT,trump_278t_2026_05_08_equity.pdf
52dedf6f6a24,Donald Trump,trump_278t_2026_05_08_equity,71,ILLINOIS TOOL WORKS I ■SO,purchase,2026-01-06,2026-05-12,500001.0,1000000.0,equity,ITW,trump_278t_2026_05_08_equity.pdf
91cc004241f9,Donald Trump,trump_278t_2026_05_08_equity,70,CME GROUP INC,purchase,2026-02-10,2026-05-12,500001.0,1000000.0,equity,CME,trump_278t_2026_05_08_equity.pdf
d666d1786e4e,Donald Trump,trump_278t_2026_05_08_equity,3303,SNOWFLAKE INC CLASS A,sale,2026-02-12,2026-05-12,15001.0,50000.0,equity,SNOW,trump_278t_2026_05_08_equity.pdf
759b6de5efcb,Donald Trump,trump_278t_2026_05_08_equity,3304,SAILPOINT INC,sale,2026-03-18,2026-05-12,50001.0,100000.0,equity,SAIL,trump_278t_2026_05_08_equity.pdf
5bbdcb54bc3a,Donald Trump,trump_278t_2026_05_08_equity,3305,AXON ENTERPRISE INC,sale,2026-03-18,2026-05-12,50001.0,100000.0,equity,AXON,trump_278t_2026_05_08_equity.pdf
287e2bf5f481,Donald Trump,trump_278t_2026_05_08_equity,3308,COINBASE GLOBAL INC CLASS A,purchase,2026-01-21,2026-05-12,50001.0,100000.0,equity,COIN,trump_278t_2026_05_08_equity.pdf
5ae05b59bff0,Donald Trump,trump_278t_2026_05_08_equity,3307,ELASTIC NVF,sale,2026-03-18,2026-05-12,50001.0,100000.0,other,,trump_278t_2026_05_08_equity.pdf
b42c8816650b,Donald Trump,trump_278t_2026_05_08_equity,3308,AMERICAN INTL GROUP INC,sale,2026-01-21,2026-05-12,50001.0,100000.0,equity,,trump_278t_2026_05_08_equity.pdf
3b0fa2c3b4b9,Donald Trump,trump_278t_2026_05_08_equity,3309,Abbvlo Inc Com Sollcl!Dd Order Discretion Exordsod,sale,2026-03-27,2026-05-12,50001.0,100000.0,equity,,trump_278t_2026_05_08_equity.pdf
1337a4a2a13b,Donald Trump,trump_278t_2026_05_08_equity,3310,GALLAGHER ARTHUR J & CO,purchase,2026-01-21,2026-05-12,50001.0,100000.0,other,,trump_278t_2026_05_08_equity.pdf
58f39282380a,Donald Trump,trump_278t_2026_05_08_equity,3311,Homo Oooot Inc Com Sollcltod Ordor Dlscn>llon Exerdsed Allocatod Order Your Brokor Acted As Aoftnt,sale,2026-03-27,2026-05-12,50001.0,100000.0,equity,,trump_278t_2026_05_08_equity.pdf
851cf9f51b80,Donald Trump,trump_278t_2026_05_08_equity,3312,FASTENAL CO,sale,2026-01-12,2026-05-12,50001.0,100000.0,other,,trump_278t_2026_05_08_equity.pdf
49a53c92023c,Donald Trump,trump_278t_2026_05_08_equity,3313,ADMA BIOLOGICS INC,sale,2026-01-30,2026-05-12,50001.0,100000.0,equity,ADMA,trump_278t_2026_05_08_equity.pdf
dad03683c487,Donald Trump,trump_278t_2026_05_08_equity,3314,TPG INC CLASS A,sale,2026-03-18,2026-05-12,50001.0,100000.0,equity,TPG,trump_278t_2026_05_08_equity.pdf
bb44deb5b465,Donald Trump,trump_278t_2026_05_08_equity,3315,DOUBLEVERIFY HLDGS INC,sale,2026-01-30,2026-05-12,50001.0,100000.0,equity,DV,trump_278t_2026_05_08_equity.pdf
1a392e5d95be,Donald Trump,trump_278t_2026_05_08_equity,3318,ADDUS HOMECARE CORP,sale,2026-03-30,2026-05-12,50001.0,100000.0,equity,ADUS,trump_278t_2026_05_08_equity.pdf
adedb7ccf971,Donald Trump,trump_278t_2026_05_08_equity,3317,INTERNATIONAL PAPER COM,sale,2026-03-17,2026-05-12,50001.0,100000.0,other,,trump_278t_2026_05_08_equity.pdf
1f47545cac89,Donald Trump,trump_278t_2026_05_08_equity,3318,"General Elec Co Com Now Solldtod Ordor Dlsaetion Exerdsod AV1Jn1100 Unit Pr1a, Trnnaatllcn Your Brckor Acted As """"""""I",sale,2026-03-27,2026-05-12,50001.0,100000.0,other,,trump_278t_2026_05_08_equity.pdf
d2e7c56c73a5,Donald Trump,trump_278t_2026_05_08_equity,3319,INSIGHT ENTERPRISES INC,sale,2026-03-30,2026-05-12,50001.0,100000.0,equity,NSIT,trump_278t_2026_05_08_equity.pdf
09f52dd326a7,Donald Trump,trump_278t_2026_05_08_equity,3320,CORCEPT THERAPEUTICS INC,sale,2026-01-26,2026-05-12,50001.0,100000.0,equity,CORT,trump_278t_2026_05_08_equity.pdf
021227e6f4f0,Donald Trump,trump_278t_2026_05_08_equity,3321,wee ENERGY GROUP INC,purchase,2026-01-21,2026-05-12,50001.0,100000.0,equity,,trump_278t_2026_05_08_equity.pdf
57acd8f1e5f9,Donald Trump,trump_278t_2026_05_08_equity,3322,Bet1<ahlro Halhowav Inc Del Cl B New Solldtod Ordor Dlscrotlon Exorcised,sale,2026-03-06,2026-05-12,50001.0,100000.0,equity,,trump_278t_2026_05_08_equity.pdf
11edad9e1198,Donald Trump,trump_278t_2026_05_08_equity,3323,VIRTUS INVT PARTNERS INC,sale,2026-03-30,2026-05-12,50001.0,100000.0,equity,,trump_278t_2026_05_08_equity.pdf
8443e0fbc7b4,Donald Trump,trump_278t_2026_05_08_equity,3324,LABCORP HLOGS INC,sale,2026-01-21,2026-05-12,,,equity,LH,trump_278t_2026_05_08_equity.pdf
486633ae8fb5,Donald Trump,trump_278t_2026_05_08_equity,3325,CONAGRA BRANDS INC,purchase,2026-03-18,2026-05-12,50001.0,100000.0,equity,CAG,trump_278t_2026_05_08_equity.pdf
3d2ce0792b81,Donald Trump,trump_278t_2026_05_08_equity,3326,OTIS WORLDWIDE CORP,sale,2026-03-18,2026-05-12,50001.0,100000.0,equity,OTIS,trump_278t_2026_05_08_equity.pdf
42543cabe5d9,Donald Trump,trump_278t_2026_05_08_equity,3327,COUPANG INC CLASS A,sale,2026-01-12,2026-05-12,50001.0,100000.0,equity,CPNG,trump_278t_2026_05_08_equity.pdf
4a4d9c728390,Donald Trump,trump_278t_2026_05_08_equity,3302,CMS ENERGY CORP,sale,2026-01-12,2026-05-12,15001.0,50000.0,equity,CMS,trump_278t_2026_05_08_equity.pdf
7f0f6b551eb6,Donald Trump,trump_278t_2026_05_08_equity,3328,DATADOG INC UNSOLICITED,sale,2026-03-23,2026-05-12,50001.0,100000.0,equity,DDOG,trump_278t_2026_05_08_equity.pdf
19d4cbeac556,Donald Trump,trump_278t_2026_05_08_equity,3301,AIRBNB INC CLASS A,sale,2026-01-21,2026-05-12,15001.0,50000.0,equity,ABNB,trump_278t_2026_05_08_equity.pdf
a62bc7c0f069,Donald Trump,trump_278t_2026_05_08_equity,3299,PENNYMAC MTG INVT TR REIT,sale,2026-03-30,2026-05-12,15001.0,50000.0,other,,trump_278t_2026_05_08_equity.pdf
5c22affb4c29,Donald Trump,trump_278t_2026_05_08_equity,3272,CORVELCORP,sale,2026-02-28,2026-05-12,15001.0,50000.0,other,,trump_278t_2026_05_08_equity.pdf
87888456b8e0,Donald Trump,trump_278t_2026_05_08_equity,3273,FRANKLIN aEC INC,sale,2026-03-30,2026-05-12,15001.0,50000.0,equity,,trump_278t_2026_05_08_equity.pdf
fcb4c340db5a,Donald Trump,trump_278t_2026_05_08_equity,3274,RFOLK SOUTHN CORP,sale,2026-01-21,2026-05-12,15001.0,50000.0,equity,,trump_278t_2026_05_08_equity.pdf
ec13942b9108,Donald Trump,trump_278t_2026_05_08_equity,3275,ARCOSAINC,sale,2026-03-30,2026-05-12,15001.0,50000.0,other,,trump_278t_2026_05_08_equity.pdf
f7f3c46ea546,Donald Trump,trump_278t_2026_05_08_equity,3276,BROADRIDGE FINL SOLUTION,sale,2026-01-21,2026-05-12,15001.0,50000.0,other,,trump_278t_2026_05_08_equity.pdf
962e096f5be8,Donald Trump,trump_278t_2026_05_08_equity,3277,PalanUr Tochnoloalos Inc Cl A Solicited Ordor DlocroUon ExMcllled,sale,2026-03-27,2026-05-12,15001.0,50000.0,equity,,trump_278t_2026_05_08_equity.pdf
8dad1074624b,Donald Trump,trump_278t_2026_05_08_equity,3276,EQUINIX INC REIT,sale,2026-01-21,2026-05-12,15001.0,50000.0,reit,EQIX,trump_278t_2026_05_08_equity.pdf
dbb28136cdb0,Donald Trump,trump_278t_2026_05_08_equity,3279,SIMPLY GOOD FOODS CO,sale,2026-02-26,2026-05-12,15001.0,50000.0,other,,trump_278t_2026_05_08_equity.pdf
4c6ee1bcc289,Donald Trump,trump_278t_2026_05_08_equity,3280,MONGODB INC CLASS A,sale,2026-03-18,2026-05-12,15001.0,50000.0,equity,MDB,trump_278t_2026_05_08_equity.pdf
70dd28988fa0,Donald Trump,trump_278t_2026_05_08_equity,3261,FIDalTY NATL INFORMATIO,sale,2026-01-21,2026-05-12,15001.0,50000.0,other,,trump_278t_2026_05_08_equity.pdf
a281e9cf04e5,Donald Trump,trump_278t_2026_05_08_equity,3262,SL GREEN RLTY CORP,sale,2026-01-26,2026-05-12,15001.0,50000.0,equity,,trump_278t_2026_05_08_equity.pdf
bbdb306b8157,Donald Trump,trump_278t_2026_05_08_equity,3283,"Ullv Ell & Co CO<n Ave""""""' Unit Price Tronsac:tlon Your Bmkor Ac1ed As Aaont",sale,2026-03-27,2026-05-12,15001.0,50000.0,other,,trump_278t_2026_05_08_equity.pdf
57298d08ff61,Donald Trump,trump_278t_2026_05_08_equity,3264,BALCHEM CORP,sale,2026-03-30,2026-05-12,15001.0,50000.0,equity,BCPC,trump_278t_2026_05_08_equity.pdf
2debe07aef93,Donald Trump,trump_278t_2026_05_08_equity,3285,BLACKROCK INC NEW,sale,2026-01-21,2026-05-12,15001.0,50000.0,equity,BLK,trump_278t_2026_05_08_equity.pdf
fd26165b8e61,Donald Trump,trump_278t_2026_05_08_equity,3266,IQV1A HLDGS INC,sale,2026-01-21,2026-05-12,15001.0,50000.0,equity,,trump_278t_2026_05_08_equity.pdf
04a69ce58fa0,Donald Trump,trump_278t_2026_05_08_equity,3287,COGNIZANT TECHNOLOGY SOL CLASS A,sale,2026-01-21,2026-05-12,15001.0,50000.0,equity,CTSH,trump_278t_2026_05_08_equity.pdf
6d2b8824b7ac,Donald Trump,trump_278t_2026_05_08_equity,3269,FRANKLIN BSP REALTY,sale,2026-01-26,2026-05-12,15001.0,50000.0,other,,trump_278t_2026_05_08_equity.pdf
43648ebbed13,Donald Trump,trump_278t_2026_05_08_equity,3290,DATADOG INC CLASS A,sale,2026-01-12,2026-05-12,15001.0,50000.0,equity,DDOG,trump_278t_2026_05_08_equity.pdf
d36e26ce558d,Donald Trump,trump_278t_2026_05_08_equity,3291,GALLAGHER ARTHUR J & CO,sale,2026-03-18,2026-05-12,15001.0,50000.0,other,,trump_278t_2026_05_08_equity.pdf
9741235ecc35,Donald Trump,trump_278t_2026_05_08_equity,3292,LOEWS CORP,sale,2026-01-12,2026-05-12,15001.0,50000.0,equity,L,trump_278t_2026_05_08_equity.pdf
4e1f814e220b,Donald Trump,trump_278t_2026_05_08_equity,3293,CSW INDUSTRIALS INC,sale,2026-03-30,2026-05-12,15001.0,50000.0,equity,CSW,trump_278t_2026_05_08_equity.pdf
847c765a84f4,Donald Trump,trump_278t_2026_05_08_equity,3294,FIRST INTST BANCSYSTEM I Cl.ASS A,sale,2026-03-30,2026-05-12,15001.0,50000.0,other,,trump_278t_2026_05_08_equity.pdf
ea4dcc0317d9,Donald Trump,trump_278t_2026_05_08_equity,3295,GROUP 1 AUTOMOTIVE INC,sale,2026-02-28,2026-05-12,15001.0,50000.0,equity,GPI,trump_278t_2026_05_08_equity.pdf
146178904944,Donald Trump,trump_278t_2026_05_08_equity,3297,Momn:ard Inc Cl A Awrooe Unit Pr1co Transaction Your Brokor Ac1ed As A-t,sale,2026-03-27,2026-05-12,15001.0,50000.0,equity,,trump_278t_2026_05_08_equity.pdf
98a18a6e0657,Donald Trump,trump_278t_2026_05_08_equity,3298,Wells Fa1110 & Co Now Com Sollcltod Ordor Dlsaotlon Exercised,sale,2026-03-27,2026-05-12,15001.0,50000.0,other,,trump_278t_2026_05_08_equity.pdf
c7402217dba9,Donald Trump,trump_278t_2026_05_08_equity,3300,ROBERT HALF INC,sale,2026-01-26,2026-05-12,15001.0,50000.0,equity,RHI,trump_278t_2026_05_08_equity.pdf
2dc4b58d35f6,Donald Trump,trump_278t_2026_05_08_equity,3271,MATSON INC,sale,2026-03-30,2026-05-12,15001.0,50000.0,equity,MATX,trump_278t_2026_05_08_equity.pdf
a8320fa13d75,Donald Trump,trump_278t_2026_05_08_equity,3329,LPL FINL HLDGS INC,purchase,2026-03-18,2026-05-12,50001.0,100000.0,equity,,trump_278t_2026_05_08_equity.pdf
1fbc96304fc4,Donald Trump,trump_278t_2026_05_08_equity,3331,PROCTER & GAMBLE CO,sale,2026-01-21,2026-05-12,50001.0,100000.0,other,,trump_278t_2026_05_08_equity.pdf
4704ebb825ac,Donald Trump,trump_278t_2026_05_08_equity,3364,BLUE OWL CAP INC CLASS A,purchase,2026-03-11,2026-05-12,50001.0,100000.0,equity,,trump_278t_2026_05_08_equity.pdf
1d26f9ea568a,Donald Trump,trump_278t_2026_05_08_equity,3385,BALL CORP,sale,2026-03-11,2026-05-12,50001.0,100000.0,equity,BALL,trump_278t_2026_05_08_equity.pdf
ac7e9d8106b4,Donald Trump,trump_278t_2026_05_08_equity,3366,PTC THERAPEUTICS INC,purchase,2026-01-28,2026-05-12,50001.0,100000.0,equity,PTCT,trump_278t_2026_05_08_equity.pdf
cc620280e9bd,Donald Trump,trump_278t_2026_05_08_equity,3367,KRAFT HEINZ CO,purchase,2026-03-18,2026-05-12,50001.0,100000.0,other,,trump_278t_2026_05_08_equity.pdf
095df719f742,Donald Trump,trump_278t_2026_05_08_equity,3368,WAYSrAR HLDG CORP,purchase,2026-01-26,2026-05-12,,100000.0,equity,,trump_278t_2026_05_08_equity.pdf
10c7ea0a5339,Donald Trump,trump_278t_2026_05_08_equity,3369,AON PLC FCU\SSA,sale,2026-03-18,2026-05-12,50001.0,100000.0,equity,,trump_278t_2026_05_08_equity.pdf
7e70e7c2940c,Donald Trump,trump_278t_2026_05_08_equity,3370,MSCI INC,sale,2026-01-21,2026-05-12,50001.0,100000.0,equity,MSCI,trump_278t_2026_05_08_equity.pdf
9d165264d981,Donald Trump,trump_278t_2026_05_08_equity,3371,HNI CORP,purchase,2026-03-30,2026-05-12,50001.0,100000.0,equity,HNI,trump_278t_2026_05_08_equity.pdf
f20f729bf08b,Donald Trump,trump_278t_2026_05_08_equity,3373,VERJSK ANALYTICS INC CLASS A,sale,2026-01-21,2026-05-12,50001.0,100000.0,equity,,trump_278t_2026_05_08_equity.pdf
c7e3545fd6eb,Donald Trump,trump_278t_2026_05_08_equity,3374,ARES MGMT CORP CLASS A,purchase,2026-03-18,2026-05-12,50001.0,100000.0,equity,,trump_278t_2026_05_08_equity.pdf
7e92681584ab,Donald Trump,trump_278t_2026_05_08_equity,3375,"tllbc Inc CO<n Avon,go Unlt P~co Tranaoc:Uon Your Brokor Actod As Agont",sale,2026-03-27,2026-05-12,50001.0,100000.0,equity,,trump_278t_2026_05_08_equity.pdf
5a3948604742,Donald Trump,trump_278t_2026_05_08_equity,3376,VERRA MOBILITY CORP Ct.ASS A,purchase,2026-03-30,2026-05-12,50001.0,100000.0,equity,VRRM,trump_278t_2026_05_08_equity.pdf
efbf5c909730,Donald Trump,trump_278t_2026_05_08_equity,3378,HUNTINGTON BANCSHARES IN,purchase,2026-03-18,2026-05-12,50001.0,100000.0,other,,trump_278t_2026_05_08_equity.pdf
61c612d68b22,Donald Trump,trump_278t_2026_05_08_equity,3380,THE TRADE DESK INC COM CL A,purchase,2026-02-10,2026-05-12,50001.0,100000.0,equity,TTD,trump_278t_2026_05_08_equity.pdf
ec4553334b39,Donald Trump,trump_278t_2026_05_08_equity,3381,Pool Corporation,sale,2026-03-17,2026-05-12,50001.0,100000.0,other,,trump_278t_2026_05_08_equity.pdf
93db15180234,Donald Trump,trump_278t_2026_05_08_equity,3382,CAL MAINE FOODS INC,purchase,2026-03-30,2026-05-12,50001.0,100000.0,equity,CALM,trump_278t_2026_05_08_equity.pdf
62a2e7bc8b2c,Donald Trump,trump_278t_2026_05_08_equity,3383,DXC TECHNOLOGY CO,sale,2026-03-30,2026-05-12,50001.0,100000.0,other,,trump_278t_2026_05_08_equity.pdf
03acb7c01c91,Donald Trump,trump_278t_2026_05_08_equity,3384,APPLOVIN CORP Ct.ASS A,purchase,2026-02-12,2026-05-12,50001.0,100000.0,equity,APP,trump_278t_2026_05_08_equity.pdf
f3971994af03,Donald Trump,trump_278t_2026_05_08_equity,3385,AMDDCSLTDF,purchase,2026-03-18,2026-05-12,50001.0,100000.0,other,,trump_278t_2026_05_08_equity.pdf
8c5c0ca851ab,Donald Trump,trump_278t_2026_05_08_equity,3386,Visa Inc CO<n Cl A Solldtod Cl<dor Dlatrlldon Exorclsod,purchase,2026-03-21,2026-05-12,50001.0,100000.0,equity,V,trump_278t_2026_05_08_equity.pdf
3558fe8a06ca,Donald Trump,trump_278t_2026_05_08_equity,3387,&JlldtnFlrmoYrcolnc,purchase,2026-03-11,2026-05-12,50001.0,100000.0,other,,trump_278t_2026_05_08_equity.pdf
0efb3214367e,Donald Trump,trump_278t_2026_05_08_equity,3368,TELEFLEX INC,purchase,2026-01-28,2026-05-12,50001.0,100000.0,equity,TFX,trump_278t_2026_05_08_equity.pdf
fd1d4f2e6a17,Donald Trump,trump_278t_2026_05_08_equity,3389,NVIDIA CORP,purchase,2026-03-18,2026-05-12,50001.0,100000.0,equity,NVDA,trump_278t_2026_05_08_equity.pdf
bba3bfaaf73b,Donald Trump,trump_278t_2026_05_08_equity,3390,Gon DlnllBI Inc.,purchase,2026-02-10,2026-05-12,50001.0,100000.0,equity,,trump_278t_2026_05_08_equity.pdf
efeaaa9fba8c,Donald Trump,trump_278t_2026_05_08_equity,3391,ABMINDSINC,sale,2026-03-30,2026-05-12,50001.0,100000.0,other,,trump_278t_2026_05_08_equity.pdf
7daedd407256,Donald Trump,trump_278t_2026_05_08_equity,3362,INNOSPEC INC,purchase,2026-03-30,2026-05-12,50001.0,100000.0,equity,IOSP,trump_278t_2026_05_08_equity.pdf
b240e68cadc9,Donald Trump,trump_278t_2026_05_08_equity,3330,ENERPAC TOOL GROUP CORP CLASS A,sale,2026-03-30,2026-05-12,50001.0,100000.0,equity,EPAC,trump_278t_2026_05_08_equity.pdf
ae303e4cf654,Donald Trump,trump_278t_2026_05_08_equity,3361,EQUIFAX INC,purchase,2026-01-12,2026-05-12,50001.0,100000.0,equity,EFX,trump_278t_2026_05_08_equity.pdf
2c4172d2ac8d,Donald Trump,trump_278t_2026_05_08_equity,3359,CROWOSTRIKE HLDGS INC CL A UNSOLICITED,sale,2026-03-23,2026-05-12,50001.0,100000.0,equity,,trump_278t_2026_05_08_equity.pdf
e66d2b28be15,Donald Trump,trump_278t_2026_05_08_equity,3332,uav Ell & Co Com Solldtod Ordor Discretion Exordtod,sale,2026-03-06,2026-05-12,50001.0,100000.0,other,,trump_278t_2026_05_08_equity.pdf
7824ce840c66,Donald Trump,trump_278t_2026_05_08_equity,3333,CINEMARK HLDGS INC,purchase,2026-01-21,2026-05-12,,100000.0,equity,CNK,trump_278t_2026_05_08_equity.pdf
1aa78a68fe98,Donald Trump,trump_278t_2026_05_08_equity,3334,POOL CORP,purchase,2026-03-18,2026-05-12,,100000.0,equity,POOL,trump_278t_2026_05_08_equity.pdf
00e7c6dfed00,Donald Trump,trump_278t_2026_05_08_equity,3335,HOULIHAN LOKEY INC Ct.ASS A,purchase,2026-03-11,2026-05-12,,100000.0,equity,HLI,trump_278t_2026_05_08_equity.pdf
41a83336dc72,Donald Trump,trump_278t_2026_05_08_equity,3338,SPSCOMMINC,purchase,2026-02-21,2026-05-12,50001.0,100000.0,other,,trump_278t_2026_05_08_equity.pdf
2a2ac5ac5235,Donald Trump,trump_278t_2026_05_08_equity,3337,COSTAR GROUP INC,sale,2026-01-12,2026-05-12,50001.0,100000.0,equity,CSGP,trump_278t_2026_05_08_equity.pdf
20dddff0f85f,Donald Trump,trump_278t_2026_05_08_equity,3338,AGILENT TECHNOLOGIES INC,purchase,2026-03-11,2026-05-12,50001.0,100000.0,equity,A,trump_278t_2026_05_08_equity.pdf
979d61ef3c69,Donald Trump,trump_278t_2026_05_08_equity,3339,PJT PARTNERS INC CIASS A,sale,2026-03-30,2026-05-12,,100000.0,equity,PJT,trump_278t_2026_05_08_equity.pdf
9ed952d1a7d9,Donald Trump,trump_278t_2026_05_08_equity,3341,BOSTON SCIENTIFIC CORP,purchase,2026-01-12,2026-05-12,50001.0,100000.0,equity,BSX,trump_278t_2026_05_08_equity.pdf
fdeec7bf8085,Donald Trump,trump_278t_2026_05_08_equity,3342,02HLOGSINC,purchase,2026-02-21,2026-05-12,50001.0,100000.0,other,,trump_278t_2026_05_08_equity.pdf
12390a3f0371,Donald Trump,trump_278t_2026_05_08_equity,3343,JPMORGAN CHASE & CO,sale,2026-01-12,2026-05-12,50001.0,100000.0,equity,JPM,trump_278t_2026_05_08_equity.pdf
a8ccac481a5b,Donald Trump,trump_278t_2026_05_08_equity,3344,GE VERNOVA INC,purchase,2026-01-12,2026-05-12,50001.0,100000.0,equity,GEV,trump_278t_2026_05_08_equity.pdf
7a4112f7a80e,Donald Trump,trump_278t_2026_05_08_equity,3345,TERRENO RLTY CORP REIT,purchase,2026-03-30,2026-05-12,50001.0,100000.0,reit,TRNO,trump_278t_2026_05_08_equity.pdf
f3ecac597412,Donald Trump,trump_278t_2026_05_08_equity,3348,INVITATION HOMES INC,purchase,2026-03-11,2026-05-12,50001.0,100000.0,equity,INVH,trump_278t_2026_05_08_equity.pdf
e0b3c1556cdb,Donald Trump,trump_278t_2026_05_08_equity,3347,REGIONS FINL CORP NEW,purchase,2026-03-18,2026-05-12,,100000.0,equity,,trump_278t_2026_05_08_equity.pdf
0a945605a8c0,Donald Trump,trump_278t_2026_05_08_equity,3348,INOMOR PHARMACEUTICALS,purchase,2026-02-21,2026-05-12,50001.0,100000.0,other,,trump_278t_2026_05_08_equity.pdf
14b8d0b6f12e,Donald Trump,trump_278t_2026_05_08_equity,3349,SYSCO CORP,sale,2026-01-12,2026-05-12,50001.0,100000.0,equity,SYY,trump_278t_2026_05_08_equity.pdf
8ce5343bfc2c,Donald Trump,trump_278t_2026_05_08_equity,3350,!SHARES GOLD ETF,purchase,2026-03-04,2026-05-12,50001.0,100000.0,etf,,trump_278t_2026_05_08_equity.pdf
78abba021ace,Donald Trump,trump_278t_2026_05_08_equity,3351,BOX INC Ct.ASS A,purchase,2026-01-21,2026-05-12,50001.0,100000.0,equity,,trump_278t_2026_05_08_equity.pdf
e116fdf81b9a,Donald Trump,trump_278t_2026_05_08_equity,3352,VERRA MOBILITY CORP CLASS A,purchase,2026-01-21,2026-05-12,,100000.0,equity,VRRM,trump_278t_2026_05_08_equity.pdf
559c438122e8,Donald Trump,trump_278t_2026_05_08_equity,3353,FISERV INC,purchase,2026-01-12,2026-05-12,,100000.0,equity,FISV,trump_278t_2026_05_08_equity.pdf
c817cccb4de5,Donald Trump,trump_278t_2026_05_08_equity,3354,BOX INC CLASS A,purchase,2026-03-30,2026-05-12,50001.0,100000.0,equity,BOX,trump_278t_2026_05_08_equity.pdf
83f3a2d526ea,Donald Trump,trump_278t_2026_05_08_equity,3355,PRIVIA HEALT H GROUP INC,purchase,2026-03-30,2026-05-12,,100000.0,equity,PRVA,trump_278t_2026_05_08_equity.pdf
5393e3791000,Donald Trump,trump_278t_2026_05_08_equity,3356,THE CAMPBELL'S CO,purchase,2026-01-12,2026-05-12,50001.0,100000.0,other,,trump_278t_2026_05_08_equity.pdf
d1551441457f,Donald Trump,trump_278t_2026_05_08_equity,3356,"Goldmen Seclw l"".mun Inc Com A__,, Unit Prlco Ttanllldlon Your - Aclad As Annnt",purchase,2026-03-27,2026-05-12,50001.0,100000.0,equity,,trump_278t_2026_05_08_equity.pdf
86933c753bbf,Donald Trump,trump_278t_2026_05_08_equity,3360,CARNIVAL CORP PAIRED CTF 1 COM CARNI,purchase,2026-03-17,2026-05-12,,100000.0,equity,CCL,trump_278t_2026_05_08_equity.pdf
ab79d76a527b,Donald Trump,trump_278t_2026_05_08_equity,3270,J & J SNACK FOODS CORP,sale,2026-01-26,2026-05-12,15001.0,50000.0,equity,JJSF,trump_278t_2026_05_08_equity.pdf
3c5ef484a86e,Donald Trump,trump_278t_2026_05_08_equity,3269,PRESTIGE CONSUMER HEALTH,purchase,2026-03-30,2026-05-12,15001.0,50000.0,other,,trump_278t_2026_05_08_equity.pdf
241ec8d74c86,Donald Trump,trump_278t_2026_05_08_equity,3268,DOUGLAS EMMETT INC REIT,sale,2026-01-26,2026-05-12,15001.0,50000.0,reit,DEI,trump_278t_2026_05_08_equity.pdf
00877e08fbcb,Donald Trump,trump_278t_2026_05_08_equity,3173,WALKER & DUNLOP INC,purchase,2026-01-28,2026-05-12,15001.0,50000.0,equity,WD,trump_278t_2026_05_08_equity.pdf
86d7bff8ee19,Donald Trump,trump_278t_2026_05_08_equity,3174,RUBRIK INC CLASS A,sale,2026-03-18,2026-05-12,15001.0,50000.0,equity,RBRK,trump_278t_2026_05_08_equity.pdf
9e8c63b5d7d7,Donald Trump,trump_278t_2026_05_08_equity,3175,VICTORY CAP HLDGS INC DE CLASS A,sale,2026-03-30,2026-05-12,15001.0,50000.0,equity,VCTR,trump_278t_2026_05_08_equity.pdf
b645d5465baa,Donald Trump,trump_278t_2026_05_08_equity,3177,TYLER TECHNOLOGIES INC,sale,2026-03-18,2026-05-12,15001.0,50000.0,equity,TYL,trump_278t_2026_05_08_equity.pdf
6d997137f7e9,Donald Trump,trump_278t_2026_05_08_equity,3178,SYNOPSYS INC,sale,2026-03-18,2026-05-12,15001.0,50000.0,equity,SNPS,trump_278t_2026_05_08_equity.pdf
34ad3961d21a,Donald Trump,trump_278t_2026_05_08_equity,3179,ADMA BIOLOGICS INC,sale,2026-01-21,2026-05-12,15001.0,50000.0,equity,ADMA,trump_278t_2026_05_08_equity.pdf
4743db94248d,Donald Trump,trump_278t_2026_05_08_equity,3180,MUEUER WATER PRODUC CLASS SERIES A,sale,2026-03-30,2026-05-12,15001.0,50000.0,other,,trump_278t_2026_05_08_equity.pdf
7cebc9015479,Donald Trump,trump_278t_2026_05_08_equity,3181,LENNAR CORP CLASS A,purchase,2026-01-12,2026-05-12,15001.0,50000.0,equity,,trump_278t_2026_05_08_equity.pdf
70a682055a7c,Donald Trump,trump_278t_2026_05_08_equity,3182,ALTRIA GROUP INC,purchase,2026-01-12,2026-05-12,15001.0,50000.0,equity,MO,trump_278t_2026_05_08_equity.pdf
8b694341251c,Donald Trump,trump_278t_2026_05_08_equity,3183,APELLIS PHARMACEUTICALS,sale,2026-03-30,2026-05-12,15001.0,50000.0,other,,trump_278t_2026_05_08_equity.pdf
525ffe608c73,Donald Trump,trump_278t_2026_05_08_equity,3184,NEOGENOMICS INC,sale,2026-03-30,2026-05-12,15001.0,50000.0,equity,NEO,trump_278t_2026_05_08_equity.pdf
b92212533b02,Donald Trump,trump_278t_2026_05_08_equity,3185,eve FINL CORP,sale,2026-03-30,2026-05-12,15001.0,50000.0,equity,,trump_278t_2026_05_08_equity.pdf
7c1d7dc86ee8,Donald Trump,trump_278t_2026_05_08_equity,3186,CHURCHILL DOWNS INC,purchase,2026-03-18,2026-05-12,15001.0,50000.0,equity,CHDN,trump_278t_2026_05_08_equity.pdf
a40050d0c1b1,Donald Trump,trump_278t_2026_05_08_equity,3187,ALARM COM HLDGS INC,sale,2026-01-26,2026-05-12,15001.0,50000.0,equity,ALRM,trump_278t_2026_05_08_equity.pdf
d63b7e3d9e10,Donald Trump,trump_278t_2026_05_08_equity,3188,Oracle Corp Com Sollclted Ordor Dlsaation Exordood,purchase,2026-03-27,2026-05-12,15001.0,50000.0,equity,ORCL,trump_278t_2026_05_08_equity.pdf
1ed9c06be6d4,Donald Trump,trump_278t_2026_05_08_equity,3189,AECOM,sale,2026-01-12,2026-05-12,15001.0,50000.0,other,,trump_278t_2026_05_08_equity.pdf
3aca95332700,Donald Trump,trump_278t_2026_05_08_equity,3191,DATADOG INC CLASS A,sale,2026-03-18,2026-05-12,15001.0,50000.0,equity,DDOG,trump_278t_2026_05_08_equity.pdf
c0d0a9e8eef9,Donald Trump,trump_278t_2026_05_08_equity,3192,ZIFF DAVIS INC,sale,2026-01-26,2026-05-12,15001.0,50000.0,equity,ZD,trump_278t_2026_05_08_equity.pdf
f89d2fc31b34,Donald Trump,trump_278t_2026_05_08_equity,3193,ROCKET LAB CORP CLASS A,sale,2026-01-12,2026-05-12,15001.0,50000.0,equity,RKLB,trump_278t_2026_05_08_equity.pdf
74641141d07d,Donald Trump,trump_278t_2026_05_08_equity,3194,DNOWINC,purchase,2026-02-26,2026-05-12,15001.0,50000.0,other,,trump_278t_2026_05_08_equity.pdf
a4a2e5f98e31,Donald Trump,trump_278t_2026_05_08_equity,3195,HIGHWOODS PPTYS INC REIT,sale,2026-01-26,2026-05-12,15001.0,50000.0,reit,HIW,trump_278t_2026_05_08_equity.pdf
24580ae6e285,Donald Trump,trump_278t_2026_05_08_equity,3196,CAVCO INDS INC DEL,sale,2026-03-01,2026-05-12,15001.0,50000.0,equity,CVCO,trump_278t_2026_05_08_equity.pdf
a5144f12858f,Donald Trump,trump_278t_2026_05_08_equity,3197,HAWAIIAN ELEC !NOS INC,sale,2026-03-30,2026-05-12,15001.0,50000.0,equity,HE,trump_278t_2026_05_08_equity.pdf
3c0c16639a63,Donald Trump,trump_278t_2026_05_08_equity,3198,FACTSET RESH SYS INC,sale,2026-01-12,2026-05-12,15001.0,50000.0,equity,FDS,trump_278t_2026_05_08_equity.pdf
f214938c23e1,Donald Trump,trump_278t_2026_05_08_equity,3199,STRATEGY INC CLASS A,sale,2026-03-18,2026-05-12,15001.0,50000.0,equity,MSTR,trump_278t_2026_05_08_equity.pdf
64afaab9dd8d,Donald Trump,trump_278t_2026_05_08_equity,3172,WILLSCOT HOLDINGS CO A CLASS A,sale,2026-03-30,2026-05-12,15001.0,50000.0,equity,WSC,trump_278t_2026_05_08_equity.pdf
a0c55d238f0c,Donald Trump,trump_278t_2026_05_08_equity,3202,MARKETAXESS HLDGS INC,sale,2026-01-26,2026-05-12,15001.0,50000.0,equity,MKTX,trump_278t_2026_05_08_equity.pdf
35ee4f12f46b,Donald Trump,trump_278t_2026_05_08_equity,3169,MEDTRONIC PLC F,sale,2026-03-18,2026-05-12,15001.0,50000.0,equity,MDT,trump_278t_2026_05_08_equity.pdf
d04b4d3f9945,Donald Trump,trump_278t_2026_05_08_equity,3167,CARNIVAL CORP F,sale,2026-03-18,2026-05-12,15001.0,50000.0,equity,CCL,trump_278t_2026_05_08_equity.pdf
9c5d3af5724e,Donald Trump,trump_278t_2026_05_08_equity,3138,QORVOINC,sale,2026-03-01,2026-05-12,15001.0,50000.0,other,,trump_278t_2026_05_08_equity.pdf
8f99d24c3ad1,Donald Trump,trump_278t_2026_05_08_equity,3139,Sbvknr Ct>m Common Wl1h Duo BIiia Solldled Order Dlsaetion Exordsod,sale,2026-01-27,2026-05-12,15001.0,50000.0,other,,trump_278t_2026_05_08_equity.pdf
83499ac04d75,Donald Trump,trump_278t_2026_05_08_equity,3141,GEN DIGITAL INC,purchase,2026-02-12,2026-05-12,15001.0,50000.0,equity,GEN,trump_278t_2026_05_08_equity.pdf
43a54e66f4cf,Donald Trump,trump_278t_2026_05_08_equity,3142,Goldman Socha Group Inc Com Solldled Ordor Dtsaetlon ~od,purchase,2026-03-11,2026-05-12,15001.0,50000.0,equity,,trump_278t_2026_05_08_equity.pdf
221d09e8bccf,Donald Trump,trump_278t_2026_05_08_equity,3143,HAYWARD HLDGS INC,purchase,2026-03-30,2026-05-12,15001.0,50000.0,equity,HAYW,trump_278t_2026_05_08_equity.pdf
c97d0ad065fb,Donald Trump,trump_278t_2026_05_08_equity,3144,GE HEALTHCARE TECHNOLOGIES INC,purchase,2026-03-11,2026-05-12,15001.0,50000.0,equity,GEHC,trump_278t_2026_05_08_equity.pdf
0bf650e5d8d6,Donald Trump,trump_278t_2026_05_08_equity,3145,RLICORP,purchase,2026-01-12,2026-05-12,15001.0,50000.0,other,,trump_278t_2026_05_08_equity.pdf
8f292663f96c,Donald Trump,trump_278t_2026_05_08_equity,3146,KORN FERRY,sale,2026-03-30,2026-05-12,15001.0,50000.0,other,,trump_278t_2026_05_08_equity.pdf
b5ee112cde3a,Donald Trump,trump_278t_2026_05_08_equity,3147,"Exxon Mobil ,...,.,, Com Solldtod Ordor Dlocrotion Exordsod Allocaled Ordor Your Brokor Actnd Aa Annnt",purchase,2026-03-06,2026-05-12,15001.0,50000.0,equity,XOM,trump_278t_2026_05_08_equity.pdf
51e682b59759,Donald Trump,trump_278t_2026_05_08_equity,3148,ZJLLOW GROUP INC CLASS C,purchase,2026-01-21,2026-05-12,15001.0,50000.0,equity,,trump_278t_2026_05_08_equity.pdf
63d018b22150,Donald Trump,trump_278t_2026_05_08_equity,3149,BLOCK H & R INC,sale,2026-02-12,2026-05-12,15001.0,50000.0,equity,,trump_278t_2026_05_08_equity.pdf
379260db6828,Donald Trump,trump_278t_2026_05_08_equity,3150,FORTINET INC,sale,2026-03-11,2026-05-12,15001.0,50000.0,equity,FTNT,trump_278t_2026_05_08_equity.pdf
76e2d64e3cba,Donald Trump,trump_278t_2026_05_08_equity,3151,JACKSON FINL INC CLASS A,purchase,2026-03-30,2026-05-12,15001.0,50000.0,equity,,trump_278t_2026_05_08_equity.pdf
5726e658ce48,Donald Trump,trump_278t_2026_05_08_equity,3153,SOFI TECHNOLOGIES INC,purchase,2026-02-12,2026-05-12,15001.0,50000.0,equity,SOFI,trump_278t_2026_05_08_equity.pdf
72003949927d,Donald Trump,trump_278t_2026_05_08_equity,3155,. SEAGATE TECHNOLOGY H F,purchase,2026-03-11,2026-05-12,15001.0,50000.0,other,,trump_278t_2026_05_08_equity.pdf
b56bf8f79211,Donald Trump,trump_278t_2026_05_08_equity,3156,PAYONEER GLOBAL INC,sale,2026-01-26,2026-05-12,15001.0,50000.0,equity,PAYO,trump_278t_2026_05_08_equity.pdf
2577955f8199,Donald Trump,trump_278t_2026_05_08_equity,3157,MARATHON PETE CORP,sale,2026-01-12,2026-05-12,15001.0,50000.0,equity,,trump_278t_2026_05_08_equity.pdf
736ab66bd0ce,Donald Trump,trump_278t_2026_05_08_equity,3156,ENOVlSCORP,sale,2026-03-30,2026-05-12,15001.0,50000.0,other,,trump_278t_2026_05_08_equity.pdf
e64425aecc6e,Donald Trump,trump_278t_2026_05_08_equity,3159,UNITED HEALT H GROUP INC,sale,2026-01-21,2026-05-12,15001.0,50000.0,equity,,trump_278t_2026_05_08_equity.pdf
5eb3e03bc3fe,Donald Trump,trump_278t_2026_05_08_equity,3160,"Unlledhoalth Group Inc Com Avmaon Unit Pr1oo Tn,naoctlon Your Brokor Actnd Al Aannt",sale,2026-03-27,2026-05-12,15001.0,50000.0,equity,,trump_278t_2026_05_08_equity.pdf
7992f217d5ab,Donald Trump,trump_278t_2026_05_08_equity,3162,FERGUSON ENTERPRISES INC,purchase,2026-01-12,2026-05-12,15001.0,50000.0,equity,FERG,trump_278t_2026_05_08_equity.pdf
d9008a2cb87e,Donald Trump,trump_278t_2026_05_08_equity,3163,BLOCKINCACLASSA,sale,2026-02-12,2026-05-12,15001.0,50000.0,other,,trump_278t_2026_05_08_equity.pdf
5293574c6ce7,Donald Trump,trump_278t_2026_05_08_equity,3164,BIOLIFE SOLUTIONS INC,sale,2026-03-30,2026-05-12,15001.0,50000.0,equity,BLFS,trump_278t_2026_05_08_equity.pdf
654b0852cb6e,Donald Trump,trump_278t_2026_05_08_equity,3165,ROBINHOOD MKTS INC CLASS A,sale,2026-02-12,2026-05-12,15001.0,50000.0,equity,,trump_278t_2026_05_08_equity.pdf
6b9b1dbdc20e,Donald Trump,trump_278t_2026_05_08_equity,3166,SERVICE CORP INTL,sale,2026-02-12,2026-05-12,15001.0,50000.0,equity,,trump_278t_2026_05_08_equity.pdf
cf2dafe37017,Donald Trump,trump_278t_2026_05_08_equity,3168,CORNING INC,sale,2026-01-22,2026-05-12,15001.0,50000.0,equity,GLW,trump_278t_2026_05_08_equity.pdf
e9228721eef4,Donald Trump,trump_278t_2026_05_08_equity,3203,1<KR REAL ESTATE FIN TR I,purchase,2026-03-31,2026-05-12,15001.0,50000.0,other,,trump_278t_2026_05_08_equity.pdf
9b7fb991825c,Donald Trump,trump_278t_2026_05_08_equity,3204,SEFMCENOW INC,purchase,2026-02-12,2026-05-12,15001.0,50000.0,equity,,trump_278t_2026_05_08_equity.pdf
40c557c22565,Donald Trump,trump_278t_2026_05_08_equity,3206,BRIGHT HORIZONS FAMILY S,purchase,2026-03-11,2026-05-12,15001.0,50000.0,other,,trump_278t_2026_05_08_equity.pdf
1bfd5f397b40,Donald Trump,trump_278t_2026_05_08_equity,3242,GITLAB INC CLASS A,sale,2026-01-18,2026-05-12,15001.0,50000.0,equity,GTLB,trump_278t_2026_05_08_equity.pdf
a0af8e8409d6,Donald Trump,trump_278t_2026_05_08_equity,3243,U HAUL HOLDING NON VOTIN CLASS SERIES N,purchase,2026-01-21,2026-05-12,15001.0,50000.0,other,,trump_278t_2026_05_08_equity.pdf
e49ef8257a59,Donald Trump,trump_278t_2026_05_08_equity,3244,TG THERAPEUTICS INC,sale,2026-01-21,2026-05-12,15001.0,50000.0,equity,TGTX,trump_278t_2026_05_08_equity.pdf
94bd62aef010,Donald Trump,trump_278t_2026_05_08_equity,3245,WORKDAY INC CLASS A,sale,2026-01-21,2026-05-12,15001.0,50000.0,equity,WDAY,trump_278t_2026_05_08_equity.pdf
6a2b28251d24,Donald Trump,trump_278t_2026_05_08_equity,3246,TRACTOR SUPPLY CO,purchase,2026-01-21,2026-05-12,15001.0,50000.0,other,,trump_278t_2026_05_08_equity.pdf
362b208315cf,Donald Trump,trump_278t_2026_05_08_equity,3247,ATLASSIAN CORP CLASS A,sale,2026-01-12,2026-05-12,15001.0,50000.0,equity,TEAM,trump_278t_2026_05_08_equity.pdf
3c3eb9ac259b,Donald Trump,trump_278t_2026_05_08_equity,3246,VEEVA SYS INC CLASS A,sale,2026-02-12,2026-05-12,15001.0,50000.0,equity,VEEV,trump_278t_2026_05_08_equity.pdf
c5a0ae95e233,Donald Trump,trump_278t_2026_05_08_equity,3249,STRATEGY INC CLASS A,sale,2026-01-12,2026-05-12,15001.0,50000.0,equity,MSTR,trump_278t_2026_05_08_equity.pdf
995eb036829b,Donald Trump,trump_278t_2026_05_08_equity,3250,UNION PAC CORP,sale,2026-01-18,2026-05-12,15001.0,50000.0,equity,UNP,trump_278t_2026_05_08_equity.pdf
54f34c196c87,Donald Trump,trump_278t_2026_05_08_equity,3251,MOELIS & CO CLASS A,sale,2026-03-30,2026-05-12,15001.0,50000.0,equity,MC,trump_278t_2026_05_08_equity.pdf
bf1d79c7e386,Donald Trump,trump_278t_2026_05_08_equity,3252,COMMVAULT SYS INC,sale,2026-01-18,2026-05-12,15001.0,50000.0,equity,CVLT,trump_278t_2026_05_08_equity.pdf
7bb54d169a64,Donald Trump,trump_278t_2026_05_08_equity,3253,NETAPPINC,sale,2026-01-21,2026-05-12,15001.0,,other,,trump_278t_2026_05_08_equity.pdf
f1551175535d,Donald Trump,trump_278t_2026_05_08_equity,3254,ROCKET COMPANIES CLA A CLASS A,sale,2026-01-18,2026-05-12,15001.0,50000.0,equity,RKT,trump_278t_2026_05_08_equity.pdf
6e323237ce67,Donald Trump,trump_278t_2026_05_08_equity,3255,ROBLOX CORP CLASS A,sale,2026-01-18,2026-05-12,15001.0,50000.0,equity,RBLX,trump_278t_2026_05_08_equity.pdf
30550305d4b2,Donald Trump,trump_278t_2026_05_08_equity,3256,3MCO,sale,2026-01-18,2026-05-12,15001.0,50000.0,other,,trump_278t_2026_05_08_equity.pdf
0a2fe8ac9d69,Donald Trump,trump_278t_2026_05_08_equity,3257,SERVlSFIRST BANCSHARES I,sale,2026-03-30,2026-05-12,15001.0,50000.0,other,,trump_278t_2026_05_08_equity.pdf
932ea614d7cd,Donald Trump,trump_278t_2026_05_08_equity,3258,TARGA RES CORP,sale,2026-01-21,2026-05-12,15001.0,50000.0,equity,TRGP,trump_278t_2026_05_08_equity.pdf
7cf845c60ba4,Donald Trump,trump_278t_2026_05_08_equity,3259,RYMAN HOSPITALITY PPTYS REIT,sale,2025-03-30,2026-05-12,15001.0,50000.0,other,,trump_278t_2026_05_08_equity.pdf
63b5ba4f336a,Donald Trump,trump_278t_2026_05_08_equity,3260,DTE ENERGY CO,sale,2026-01-12,2026-05-12,15001.0,50000.0,other,,trump_278t_2026_05_08_equity.pdf
7bc8820b085e,Donald Trump,trump_278t_2026_05_08_equity,3261,HORMEL FOODS CORP,sale,2026-01-18,2026-05-12,15001.0,50000.0,equity,HRL,trump_278t_2026_05_08_equity.pdf
93d2d9ab8a27,Donald Trump,trump_278t_2026_05_08_equity,3262,PROGRESS SOFTWARE CORP,sale,2026-03-30,2026-05-12,15001.0,50000.0,equity,PRGS,trump_278t_2026_05_08_equity.pdf
7814059cbb24,Donald Trump,trump_278t_2026_05_08_equity,3264,BADGER METER INC,sale,2025-01-26,2026-05-12,15001.0,50000.0,equity,BMI,trump_278t_2026_05_08_equity.pdf
dbeec269fc37,Donald Trump,trump_278t_2026_05_08_equity,3285,COPARTINC,sale,2026-01-18,2026-05-12,15001.0,50000.0,equity,CPRT,trump_278t_2026_05_08_equity.pdf
3aa68faeaca6,Donald Trump,trump_278t_2026_05_08_equity,3268,DUOLINGO INC Cl.ASS A,sale,2026-03-18,2026-05-12,15001.0,50000.0,equity,DUOL,trump_278t_2026_05_08_equity.pdf
94345be35520,Donald Trump,trump_278t_2026_05_08_equity,3267,TETRA TECH INC NEW,purchase,2026-03-18,2026-05-12,15001.0,50000.0,equity,TTEK,trump_278t_2026_05_08_equity.pdf
9bf23a644e26,Donald Trump,trump_278t_2026_05_08_equity,3241,CORCEPT THERAPEUTICS INC,sale,2026-03-30,2026-05-12,15001.0,50000.0,equity,CORT,trump_278t_2026_05_08_equity.pdf
07b7e8235025,Donald Trump,trump_278t_2026_05_08_equity,3240,BLACKLINE INC,sale,2026-02-26,2026-05-12,15001.0,50000.0,equity,BL,trump_278t_2026_05_08_equity.pdf
302d6671a171,Donald Trump,trump_278t_2026_05_08_equity,2092,REVOLUTION MEDICINES INC - l,purchase,2026-03-23,2026-05-12,1001.0,15000.0,equity,,trump_278t_2026_05_08_equity.pdf
59351857e8af,Donald Trump,trump_278t_2026_05_08_equity,3238,CENTENE CORP DEL,sale,2026-02-12,2026-05-12,15001.0,50000.0,equity,CNC,trump_278t_2026_05_08_equity.pdf
a8a8f63112e8,Donald Trump,trump_278t_2026_05_08_equity,3207,FOX CORP ClASS B,sale,2026-01-18,2026-05-12,15001.0,50000.0,equity,,trump_278t_2026_05_08_equity.pdf
653bdb592e84,Donald Trump,trump_278t_2026_05_08_equity,3209,BROADCOM INC,purchase,2025-03-18,2026-05-12,15001.0,50000.0,equity,AVGO,trump_278t_2026_05_08_equity.pdf
7972a313ffdc,Donald Trump,trump_278t_2026_05_08_equity,3210,RYAN SPECIALT Y HOLDINGS CLASS A,purchase,2025-03-18,2026-05-12,15001.0,50000.0,equity,RYAN,trump_278t_2026_05_08_equity.pdf
e712110231ae,Donald Trump,trump_278t_2026_05_08_equity,3211,BEST BUY INC,purchase,2026-01-12,2026-05-12,15001.0,50000.0,equity,BBY,trump_278t_2026_05_08_equity.pdf
0af806fa57f3,Donald Trump,trump_278t_2026_05_08_equity,3213,RUSH ENTERPRISES INC CLASS A,sale,2026-03-30,2026-05-12,15001.0,50000.0,equity,,trump_278t_2026_05_08_equity.pdf
25a67f159be2,Donald Trump,trump_278t_2026_05_08_equity,3214,CONSTELLATION ENERGY COR,purchase,2026-02-12,2026-05-12,15001.0,50000.0,other,,trump_278t_2026_05_08_equity.pdf
926c8f564ec6,Donald Trump,trump_278t_2026_05_08_equity,3215,TESLA INC,purchase,2025-03-18,2026-05-12,15001.0,50000.0,equity,TSLA,trump_278t_2026_05_08_equity.pdf
f76dc167e01d,Donald Trump,trump_278t_2026_05_08_equity,3217,CME GROUP INC CLASS A,sale,2026-01-12,2026-05-12,15001.0,50000.0,equity,CME,trump_278t_2026_05_08_equity.pdf
44eddf39bab4,Donald Trump,trump_278t_2026_05_08_equity,3220,THE TRADE DESK INC CLASS A,purchase,2026-02-12,2026-05-12,,,equity,TTD,trump_278t_2026_05_08_equity.pdf
017b882195c4,Donald Trump,trump_278t_2026_05_08_equity,3221,ADVANCED MICRO DEVICES INC,sale,2026-03-17,2026-05-12,15001.0,50000.0,equity,AMD,trump_278t_2026_05_08_equity.pdf
33434e173c82,Donald Trump,trump_278t_2026_05_08_equity,3222,AVANTORINC,purchase,2026-03-11,2026-05-12,15001.0,50000.0,other,,trump_278t_2026_05_08_equity.pdf
7dc14bee5ce6,Donald Trump,trump_278t_2026_05_08_equity,3223,ELEVANCE HEALTH INC,sale,2025-03-18,2026-05-12,15001.0,50000.0,equity,ELV,trump_278t_2026_05_08_equity.pdf
18fb583b0802,Donald Trump,trump_278t_2026_05_08_equity,3392,COSTAR GROUP INC,purchase,2026-02-10,2026-05-12,50001.0,100000.0,equity,CSGP,trump_278t_2026_05_08_equity.pdf
1304d542e119,Donald Trump,trump_278t_2026_05_08_equity,3224,FAIR ISMC CORP,sale,2026-02-12,2026-05-12,15001.0,50000.0,equity,,trump_278t_2026_05_08_equity.pdf
c482e4190138,Donald Trump,trump_278t_2026_05_08_equity,3226,PAYLOCITY HLDG CORP,sale,2026-02-12,2026-05-12,15001.0,50000.0,equity,PCTY,trump_278t_2026_05_08_equity.pdf
f268b1b60175,Donald Trump,trump_278t_2026_05_08_equity,3227,SPROUTS FMRS MKT INC,purchase,2026-02-12,2026-05-12,15001.0,50000.0,equity,SFM,trump_278t_2026_05_08_equity.pdf
d5a76dee5783,Donald Trump,trump_278t_2026_05_08_equity,3228,NEXPOINT RESIDENTIAL TR REIT,purchase,2026-03-30,2026-05-12,15001.0,50000.0,other,,trump_278t_2026_05_08_equity.pdf
dc2f32a3980e,Donald Trump,trump_278t_2026_05_08_equity,3229,STEPSTONE GROUP INC ClASS A,sale,2025-02-28,2026-05-12,15001.0,50000.0,equity,STEP,trump_278t_2026_05_08_equity.pdf
a15c8f366133,Donald Trump,trump_278t_2026_05_08_equity,3230,FOX CORP CLASS A,sale,2026-02-12,2026-05-12,15001.0,50000.0,equity,,trump_278t_2026_05_08_equity.pdf
efceeb872e89,Donald Trump,trump_278t_2026_05_08_equity,3231,UPSTART HLDGS INC,sale,2025-03-18,2026-05-12,15001.0,50000.0,equity,UPST,trump_278t_2026_05_08_equity.pdf
88cdf1cec35e,Donald Trump,trump_278t_2026_05_08_equity,3232,BROWN & BROWN INC,purchase,2026-02-12,2026-05-12,15001.0,50000.0,equity,BRO,trump_278t_2026_05_08_equity.pdf
4b68bc82b1a7,Donald Trump,trump_278t_2026_05_08_equity,3233,CBRE GROUP INC CLASS A,sale,2026-01-21,2026-05-12,15001.0,50000.0,equity,CBRE,trump_278t_2026_05_08_equity.pdf
8f5959096e50,Donald Trump,trump_278t_2026_05_08_equity,3234,LOWES COS INC,purchase,2026-01-18,2026-05-12,15001.0,50000.0,equity,,trump_278t_2026_05_08_equity.pdf
461f3be5043d,Donald Trump,trump_278t_2026_05_08_equity,3235,lntematlon■I Bual--Machs Corp Com Sollc:Hod Oroor Dlsaellon Exorcised,sale,2026-01-27,2026-05-12,15001.0,50000.0,equity,,trump_278t_2026_05_08_equity.pdf
db544dce86a3,Donald Trump,trump_278t_2026_05_08_equity,3236,Costco Whsl Corp Now Com Sollc:Hod Ordor Discretion Exon:lsed,purchase,2026-03-06,2026-05-12,15001.0,50000.0,equity,COST,trump_278t_2026_05_08_equity.pdf
58d6b4c19710,Donald Trump,trump_278t_2026_05_08_equity,3237,STEPAN CO,sale,2026-03-30,2026-05-12,15001.0,50000.0,other,,trump_278t_2026_05_08_equity.pdf
0408703b1fce,Donald Trump,trump_278t_2026_05_08_equity,3225,DOUGLAS EMMETT INC REIT,sale,2026-03-30,2026-05-12,15001.0,50000.0,reit,DEI,trump_278t_2026_05_08_equity.pdf
9a42b78107d2,Donald Trump,trump_278t_2026_05_08_equity,3393,DOORDASH INC Ct.ASS A,sale,2026-01-21,2026-05-12,50001.0,100000.0,equity,DASH,trump_278t_2026_05_08_equity.pdf
9d024e0f616f,Donald Trump,trump_278t_2026_05_08_equity,3394,PAYPAL HLDGS INC,purchase,2026-02-12,2026-05-12,50001.0,100000.0,equity,PYPL,trump_278t_2026_05_08_equity.pdf
66007022c5ad,Donald Trump,trump_278t_2026_05_08_equity,3395,WAYSrAR HLDG CORP,purchase,2026-03-30,2026-05-12,50001.0,100000.0,equity,,trump_278t_2026_05_08_equity.pdf
1310aebd3dbf,Donald Trump,trump_278t_2026_05_08_equity,3559,SYSCO CORP,purchase,2026-01-08,2026-05-12,250001.0,500000.0,equity,SYY,trump_278t_2026_05_08_equity.pdf
74e83848ce9b,Donald Trump,trump_278t_2026_05_08_equity,3560,DIGITAL RLTY TR INC,purchase,2026-01-06,2026-05-12,250001.0,500000.0,equity,DLR,trump_278t_2026_05_08_equity.pdf
792b8efcbfbf,Donald Trump,trump_278t_2026_05_08_equity,3561,HUNTINGTON BANCSHARES IN,sale,2026-01-22,2026-05-12,250001.0,500000.0,other,,trump_278t_2026_05_08_equity.pdf
686e7783c08c,Donald Trump,trump_278t_2026_05_08_equity,3562,"ROPER TECHNOLOGIES, INC",sale,2026-01-06,2026-05-12,250001.0,500000.0,equity,ROP,trump_278t_2026_05_08_equity.pdf
6c5faf9d205e,Donald Trump,trump_278t_2026_05_08_equity,3563,AUTODESK INC,sale,2026-02-10,2026-05-12,250001.0,500000.0,equity,ADSK,trump_278t_2026_05_08_equity.pdf
b68e80c5317e,Donald Trump,trump_278t_2026_05_08_equity,3564,MICROSOFT CORP,purchase,2026-02-12,2026-05-12,250001.0,500000.0,equity,MSFT,trump_278t_2026_05_08_equity.pdf
89e2651b3dbf,Donald Trump,trump_278t_2026_05_08_equity,3565,BROADCOM INC UNSOLICITEO,sale,2026-03-02,2026-05-12,250001.0,500000.0,equity,AVGO,trump_278t_2026_05_08_equity.pdf
64db0b756b67,Donald Trump,trump_278t_2026_05_08_equity,3588,AUTOZONE INC,sale,2026-01-08,2026-05-12,250001.0,500000.0,equity,AZO,trump_278t_2026_05_08_equity.pdf
4c070fc5451d,Donald Trump,trump_278t_2026_05_08_equity,3567,- HUNTINGTON BANCSHARES IN,sale,2026-01-23,2026-05-12,250001.0,500000.0,other,,trump_278t_2026_05_08_equity.pdf
f094fa523012,Donald Trump,trump_278t_2026_05_08_equity,3568,"ULTA BEAUTY, INC",purchase,2026-03-17,2026-05-12,250001.0,500000.0,equity,ULTA,trump_278t_2026_05_08_equity.pdf
a37842b5c05a,Donald Trump,trump_278t_2026_05_08_equity,3569,AMAZON.COM INC,sale,2026-02-12,2026-05-12,250001.0,500000.0,equity,AMZN,trump_278t_2026_05_08_equity.pdf
93e629beeb3a,Donald Trump,trump_278t_2026_05_08_equity,3570,BERKLEY WR CORP,sale,2026-02-10,2026-05-12,250001.0,500000.0,equity,,trump_278t_2026_05_08_equity.pdf
b0cc2af746f9,Donald Trump,trump_278t_2026_05_08_equity,3571,KKR& CO INC CL A,sale,2026-02-10,2026-05-12,250001.0,500000.0,equity,,trump_278t_2026_05_08_equity.pdf
203592d5e057,Donald Trump,trump_278t_2026_05_08_equity,3573,DOORDASH INC CL A,purchase,2026-01-16,2026-05-12,250001.0,500000.0,equity,DASH,trump_278t_2026_05_08_equity.pdf
2f91d8397762,Donald Trump,trump_278t_2026_05_08_equity,3575,D R HORTON INC,sale,2026-01-16,2026-05-12,250001.0,500000.0,equity,DHI,trump_278t_2026_05_08_equity.pdf
d0ec98f4beeb,Donald Trump,trump_278t_2026_05_08_equity,3576,METLIFEINC,sale,2026-02-10,2026-05-12,250001.0,500000.0,other,,trump_278t_2026_05_08_equity.pdf
f658a7a65925,Donald Trump,trump_278t_2026_05_08_equity,3578,INVITATION HOMES INC COM,sale,2026-03-17,2026-05-12,250001.0,500000.0,equity,INVH,trump_278t_2026_05_08_equity.pdf
580ff97aa436,Donald Trump,trump_278t_2026_05_08_equity,3579,CONSTELLATION ENERGY CORP COM,sale,2026-02-10,2026-05-12,250001.0,500000.0,equity,CEG,trump_278t_2026_05_08_equity.pdf
be0466cf11ad,Donald Trump,trump_278t_2026_05_08_equity,3580,HOME DEPOT INC,purchase,2026-03-18,2026-05-12,250001.0,500000.0,equity,HD,trump_278t_2026_05_08_equity.pdf
d1b355994908,Donald Trump,trump_278t_2026_05_08_equity,3581,AMAZON.COM INC UNSOLICITED,purchase,2026-02-13,2026-05-12,250001.0,500000.0,equity,AMZN,trump_278t_2026_05_08_equity.pdf
e934428e3325,Donald Trump,trump_278t_2026_05_08_equity,3582,CADENCE DESIGN SYS INC,sale,2026-01-16,2026-05-12,250001.0,500000.0,equity,CDNS,trump_278t_2026_05_08_equity.pdf
9b9b04a284ba,Donald Trump,trump_278t_2026_05_08_equity,3583,INTIJIT,purchase,2026-02-10,2026-05-12,250001.0,500000.0,other,,trump_278t_2026_05_08_equity.pdf
f02dcc584f73,Donald Trump,trump_278t_2026_05_08_equity,3584,ROBINHOOD MKTS INC COM CL A,purchase,2026-01-06,2026-05-12,250001.0,500000.0,equity,,trump_278t_2026_05_08_equity.pdf
c39ad41f3ebc,Donald Trump,trump_278t_2026_05_08_equity,3565,MASTERCARD INC CLASS A,sale,2026-03-18,2026-05-12,250001.0,500000.0,equity,MA,trump_278t_2026_05_08_equity.pdf
785669016da6,Donald Trump,trump_278t_2026_05_08_equity,3568,Blacl<sl0ne Inc.,purchase,2026-02-10,2026-05-12,250001.0,500000.0,equity,,trump_278t_2026_05_08_equity.pdf
4b67037c4c66,Donald Trump,trump_278t_2026_05_08_equity,3556,SALESFORCE INC,purchase,2026-02-12,2026-05-12,250001.0,500000.0,equity,CRM,trump_278t_2026_05_08_equity.pdf
a4f2c4405058,Donald Trump,trump_278t_2026_05_08_equity,3587,TRANE TECHNOLOGIES .P LC SHS,sale,2026-01-08,2026-05-12,250001.0,500000.0,other,,trump_278t_2026_05_08_equity.pdf
14b72c440f4b,Donald Trump,trump_278t_2026_05_08_equity,3557,Nvidia Corp Com Solicited Ordor DIICl'Otlon e-ctsod,sale,2026-03-06,2026-05-12,250001.0,500000.0,equity,NVDA,trump_278t_2026_05_08_equity.pdf
02db1f21dddb,Donald Trump,trump_278t_2026_05_08_equity,3555,LENNAR CORP CLASS A COM,sale,2026-01-06,2026-05-12,250001.0,500000.0,equity,,trump_278t_2026_05_08_equity.pdf
0b78105e0381,Donald Trump,trump_278t_2026_05_08_equity,3529,GARTNER GROUP INC NEW,purchase,2026-02-10,2026-05-12,100001.0,250000.0,equity,IT,trump_278t_2026_05_08_equity.pdf
1b22c08adfb0,Donald Trump,trump_278t_2026_05_08_equity,3530,SKYWORKS SOLUTIONS INC,sale,2026-03-17,2026-05-12,100001.0,250000.0,equity,SWKS,trump_278t_2026_05_08_equity.pdf
9ba1e38f4157,Donald Trump,trump_278t_2026_05_08_equity,3531,CARRIER GLOBAL CORPORATION COM,sale,2026-03-17,2026-05-12,100001.0,250000.0,other,,trump_278t_2026_05_08_equity.pdf
e59cc3d4247e,Donald Trump,trump_278t_2026_05_08_equity,3532,ZOETISINC,sale,2026-03-17,2026-05-12,100001.0,250000.0,equity,ZTS,trump_278t_2026_05_08_equity.pdf
3c9328666da6,Donald Trump,trump_278t_2026_05_08_equity,3533,PUBLIC STORAGE,purchase,2026-01-06,2026-05-12,100001.0,250000.0,other,,trump_278t_2026_05_08_equity.pdf
22615bab3950,Donald Trump,trump_278t_2026_05_08_equity,3534,CROWN CASTLE INC,sale,2026-01-06,2026-05-12,100001.0,250000.0,equity,CCI,trump_278t_2026_05_08_equity.pdf
cec9e8bed6d1,Donald Trump,trump_278t_2026_05_08_equity,3536,APOLLO GLOBAL MGMT INC COM,sale,2026-02-10,2026-05-12,100001.0,250000.0,equity,,trump_278t_2026_05_08_equity.pdf
d78b937407d9,Donald Trump,trump_278t_2026_05_08_equity,3537,FACTSET RESH SYS INC,sale,2026-02-10,2026-05-12,100001.0,250000.0,equity,FDS,trump_278t_2026_05_08_equity.pdf
443d1e6619bc,Donald Trump,trump_278t_2026_05_08_equity,3536,BROWN FORMAN CORP CLASS B,sale,2026-01-14,2026-05-12,100001.0,250000.0,equity,,trump_278t_2026_05_08_equity.pdf
eec0d78a4e48,Donald Trump,trump_278t_2026_05_08_equity,3539,TAKE-TWO INTERACTIVE SOFTWARE INC,sale,2026-02-10,2026-05-12,100001.0,250000.0,equity,TTWO,trump_278t_2026_05_08_equity.pdf
8d39f5750baa,Donald Trump,trump_278t_2026_05_08_equity,3540,TESLA INC UNSOLICITED,purchase,2026-03-02,2026-05-12,100001.0,250000.0,equity,TSLA,trump_278t_2026_05_08_equity.pdf
cdbc6ce74787,Donald Trump,trump_278t_2026_05_08_equity,3541,ADVANCED ENERGY !NOS INC,sale,2026-02-02,2026-05-12,100001.0,250000.0,equity,AEIS,trump_278t_2026_05_08_equity.pdf
c1149c2b6814,Donald Trump,trump_278t_2026_05_08_equity,3542,FISERV INC,sale,2026-02-10,2026-05-12,100001.0,250000.0,equity,FISV,trump_278t_2026_05_08_equity.pdf
9a984ed745fb,Donald Trump,trump_278t_2026_05_08_equity,3543,TTM TECHNOLOGIES INC,sale,2026-01-30,2026-05-12,100001.0,250000.0,equity,TTMI,trump_278t_2026_05_08_equity.pdf
1e377f168e43,Donald Trump,trump_278t_2026_05_08_equity,3544,ARES MANAGEMENT CORPORATION CL A COM,sale,2026-02-10,2026-05-12,100001.0,250000.0,other,,trump_278t_2026_05_08_equity.pdf
e59b4a194c9c,Donald Trump,trump_278t_2026_05_08_equity,3545,FORTINET INC,sale,2026-01-06,2026-05-12,250001.0,500000.0,equity,FTNT,trump_278t_2026_05_08_equity.pdf
35b70d319066,Donald Trump,trump_278t_2026_05_08_equity,3546,HUNTINGTON BANCSHARES IN,purchase,2026-01-26,2026-05-12,250001.0,500000.0,other,,trump_278t_2026_05_08_equity.pdf
c6c83d9b2c35,Donald Trump,trump_278t_2026_05_08_equity,3547,NETFLIX INC,sale,2026-01-12,2026-05-12,250001.0,500000.0,etf,NFLX,trump_278t_2026_05_08_equity.pdf
f8c4c9404f58,Donald Trump,trump_278t_2026_05_08_equity,3548,ACCENTURE PLC IRELAND F CLASS A,sale,2026-02-12,2026-05-12,250001.0,500000.0,equity,ACN,trump_278t_2026_05_08_equity.pdf
c20502d686c7,Donald Trump,trump_278t_2026_05_08_equity,3549,META PLATFORMS INC CLASS A,sale,2026-03-18,2026-05-12,250001.0,500000.0,equity,META,trump_278t_2026_05_08_equity.pdf
38e08731172e,Donald Trump,trump_278t_2026_05_08_equity,3550,GENUINE PARTS CO,purchase,2026-01-06,2026-05-12,250001.0,500000.0,other,,trump_278t_2026_05_08_equity.pdf
3835bc0da872,Donald Trump,trump_278t_2026_05_08_equity,3551,"Amazon Com Inc Com Av,.,.,,., Unit Prlco Transaction Your Brokor Actod As Annnt",purchase,2026-03-27,2026-05-12,250001.0,500000.0,equity,AMZN,trump_278t_2026_05_08_equity.pdf
4e63e5b9a04d,Donald Trump,trump_278t_2026_05_08_equity,3552,WALMARTINC,sale,2026-02-24,2026-05-12,250001.0,500000.0,other,,trump_278t_2026_05_08_equity.pdf
77ba58ff7855,Donald Trump,trump_278t_2026_05_08_equity,3553,PROGRESSIVE CORP OHIO,sale,2026-02-10,2026-05-12,250001.0,500000.0,equity,PGR,trump_278t_2026_05_08_equity.pdf
10322812ca1e,Donald Trump,trump_278t_2026_05_08_equity,3554,BECTON DICKINSON & CO,sale,2026-03-17,2026-05-12,250001.0,500000.0,other,,trump_278t_2026_05_08_equity.pdf
40c39ad1bf87,Donald Trump,trump_278t_2026_05_08_equity,3556,PUBLIC SVC ENTERPRISE GROUP INC,purchase,2026-01-06,2026-05-12,250001.0,500000.0,equity,,trump_278t_2026_05_08_equity.pdf
0ae850ede7c4,Donald Trump,trump_278t_2026_05_08_equity,3588,0 REILLY AUTOMOTIVE INC,purchase,2026-01-06,2026-05-12,250001.0,500000.0,equity,,trump_278t_2026_05_08_equity.pdf
6f31beea4ead,Donald Trump,trump_278t_2026_05_08_equity,3589,CROWDSTRIKE HLDGS INC CL A,purchase,2026-02-10,2026-05-12,250001.0,500000.0,equity,CRWD,trump_278t_2026_05_08_equity.pdf
2cd25bb4ffad,Donald Trump,trump_278t_2026_05_08_equity,3590,VISA INC CLASS A,purchase,2026-03-18,2026-05-12,250001.0,500000.0,equity,V,trump_278t_2026_05_08_equity.pdf
6b296731a929,Donald Trump,trump_278t_2026_05_08_equity,3623,BOEING COMPANY COM,sale,2026-03-17,2026-05-12,500001.0,1000000.0,equity,BA,trump_278t_2026_05_08_equity.pdf
6dbb6b33f41c,Donald Trump,trump_278t_2026_05_08_equity,3624,WALT DISNEY COMPANY COM,purchase,2026-03-17,2026-05-12,1000.001,5000000.0,other,,trump_278t_2026_05_08_equity.pdf
e769edfc720c,Donald Trump,trump_278t_2026_05_08_equity,3625,UNITEDHEALT H GROUP INC,purchase,2026-02-10,2026-05-12,1000001.0,5000000.0,equity,UNH,trump_278t_2026_05_08_equity.pdf
9e067775bdf4,Donald Trump,trump_278t_2026_05_08_equity,3626,. ORACLE CORPORATION COM,purchase,2026-01-06,2026-05-12,1000001.0,5000000.0,equity,ORCL,trump_278t_2026_05_08_equity.pdf
b6043eeb90c9,Donald Trump,trump_278t_2026_05_08_equity,3627,CDW CORP,sale,2026-03-17,2026-05-12,1000001.0,,equity,CDW,trump_278t_2026_05_08_equity.pdf
c80aca484b0e,Donald Trump,trump_278t_2026_05_08_equity,3828,NETFLIX COM INC,sale,2026-02-10,2026-05-12,1000001.0,5000000.0,equity,NFLX,trump_278t_2026_05_08_equity.pdf
d4ca8e5d944e,Donald Trump,trump_278t_2026_05_08_equity,3629,PALANTIR TECHNOLOGIES INC CL A,sale,2026-02-10,2026-05-12,1000001.0,5000000.0,equity,PLTR,trump_278t_2026_05_08_equity.pdf
9d4e9051fe93,Donald Trump,trump_278t_2026_05_08_equity,3631,VANGUARD HIGH DIVIDEND YIELD ETF,sale,2026-01-23,2026-05-12,1000001.0,5000000.0,etf,VYM,trump_278t_2026_05_08_equity.pdf
ab1d1435259a,Donald Trump,trump_278t_2026_05_08_equity,3632,ACCENTURE PLC,sale,2026-03-17,2026-05-12,1000001.0,5000000.0,equity,ACN,trump_278t_2026_05_08_equity.pdf
0921eac2bed2,Donald Trump,trump_278t_2026_05_08_equity,3633,!SHARES CORE S&P 500 ETF,sale,2026-01-23,2026-05-12,1000001.0,5000000.0,etf,,trump_278t_2026_05_08_equity.pdf
8797574483f6,Donald Trump,trump_278t_2026_05_08_equity,3834,STATE STREET SPDR S&P 500 ETF TRUST,sale,2026-03-15,2026-05-12,1000001.0,5000000.0,etf,SPY,trump_278t_2026_05_08_equity.pdf
12293cd3fa68,Donald Trump,trump_278t_2026_05_08_equity,3635,STATE STREET SPDR S&P 500 TRUST ETF,sale,2026-01-29,2026-05-12,1000001.0,5000000.0,etf,SPY,trump_278t_2026_05_08_equity.pdf
0ed7b5b36c96,Donald Trump,trump_278t_2026_05_08_equity,3836,VANGUARD S&P 500 ETF UNSOLICITED,sale,2026-01-16,2026-05-12,1000001.0,5000000.0,etf,VOO,trump_278t_2026_05_08_equity.pdf
3820ed2d3ff9,Donald Trump,trump_278t_2026_05_08_equity,3637,VANGUARD S&P 500 ETF UNSOLICITED,sale,2026-03-19,2026-05-12,1000001.0,5000000.0,etf,VOO,trump_278t_2026_05_08_equity.pdf
4ef157cb785e,Donald Trump,trump_278t_2026_05_08_equity,3638,VANGUARD DIVIDEND APPRECIATION ETF,sale,2026-01-12,2026-05-12,5000001.0,25000000.0,etf,,trump_278t_2026_05_08_equity.pdf
a2eb00522c3b,Donald Trump,trump_278t_2026_05_08_equity,3639,"Mota Plalfonns, Inc",sale,2026-02-10,2026-05-12,5000001.0,25000000.0,equity,,trump_278t_2026_05_08_equity.pdf
1e4c8dc52081,Donald Trump,trump_278t_2026_05_08_equity,3640,AMAZON COM INC,sale,2026-02-10,2026-05-12,5000001.0,25000000.0,equity,AMZN,trump_278t_2026_05_08_equity.pdf
95d00d0ecafa,Donald Trump,trump_278t_2026_05_08_equity,3641,MICROSOFT CORP COM,sale,2026-02-10,2026-05-12,5000001.0,25000000.0,equity,MSFT,trump_278t_2026_05_08_equity.pdf
028be7a18066,Donald Trump,trump_278t_2026_05_08_equity,3642,ADVANCED MICRO DEVICES INC UNSOLICITED,purchase,2026-01-16,2026-05-12,50001.0,100000.0,equity,AMD,trump_278t_2026_05_08_equity.pdf
8262161a3b21,Donald Trump,trump_278t_2026_05_08_equity,23,JABIL INC,purchase,2026-02-10,2026-05-12,1000001.0,5000000.0,equity,JBL,trump_278t_2026_05_08_equity.pdf
fc8fa896686c,Donald Trump,trump_278t_2026_05_08_equity,29,BOEING COMPANY COM I,purchase,2026-02-10,2026-05-12,1000001.0,5000000.0,equity,BA,trump_278t_2026_05_08_equity.pdf
d17ff7c70a08,Donald Trump,trump_278t_2026_05_08_equity,34,COMCAST CORP NEW CLASS A,purchase,2026-01-12,2026-05-12,1000001.0,5000000.0,equity,CMCSA,trump_278t_2026_05_08_equity.pdf
98b630106dab,Donald Trump,trump_278t_2026_05_08_equity,35,PTCINC,purchase,2026-02-10,2026-05-12,1000001.0,5000000.0,equity,PTC,trump_278t_2026_05_08_equity.pdf
84da8bdc9e89,Donald Trump,trump_278t_2026_05_08_equity,51,MICROCHIP TECHNOLOGY INC I,purchase,2026-02-10,2026-05-12,500001.0,1000000.0,equity,MCHP,trump_278t_2026_05_08_equity.pdf
48869a357457,Donald Trump,trump_278t_2026_05_08_equity,69,LENNOX INTL INC IDUrchaae,purchase,2026-02-10,2026-05-12,500001.0,1000000.0,equity,LII,trump_278t_2026_05_08_equity.pdf
ae2f946834d1,Donald Trump,trump_278t_2026_05_08_equity,3622,ABBOTT LABS INC COM,sale,2026-01-06,2026-05-12,500001.0,1000000.0,equity,ABT,trump_278t_2026_05_08_equity.pdf
218bb2cc8704,Donald Trump,trump_278t_2026_05_08_equity,3621,NVIDIA CORP UNSOLICITED,sale,2026-03-11,2026-05-12,500001.0,1000000.0,equity,NVDA,trump_278t_2026_05_08_equity.pdf
3c93ab44c434,Donald Trump,trump_278t_2026_05_08_equity,3820,META PLATFORMS INC CL A UNSOLICITED,sale,2026-01-15,2026-05-12,500001.0,1000000.0,equity,META,trump_278t_2026_05_08_equity.pdf
d378c065cce1,Donald Trump,trump_278t_2026_05_08_equity,3619,Saloslorco Inc.,sale,2026-02-10,2026-05-12,500001.0,,equity,,trump_278t_2026_05_08_equity.pdf
117f7dc3cd61,Donald Trump,trump_278t_2026_05_08_equity,3591,ECOLAB INC,sale,2026-01-06,2026-05-12,250001.0,500000.0,equity,ECL,trump_278t_2026_05_08_equity.pdf
802637dd6c20,Donald Trump,trump_278t_2026_05_08_equity,3592,"Elovonco Hoonh, Inc.",purchase,2026-03-17,2026-05-12,250001.0,500000.0,equity,,trump_278t_2026_05_08_equity.pdf
a21352e4b8b0,Donald Trump,trump_278t_2026_05_08_equity,3593,BOSTON SCIENTIFIC CORP COM,sale,2026-01-16,2026-05-12,250001.0,500000.0,equity,BSX,trump_278t_2026_05_08_equity.pdf
065385799403,Donald Trump,trump_278t_2026_05_08_equity,3594,I Annie Inc Com Averaao Unit Prioo Transaction Your Brokor Adad As Agent,sale,2026-03-27,2026-05-12,500001.0,1000000.0,equity,,trump_278t_2026_05_08_equity.pdf
bbcebe9c63a4,Donald Trump,trump_278t_2026_05_08_equity,3595,DANAHER CORP,sale,2026-03-17,2026-05-12,500001.0,1000000.0,equity,DHR,trump_278t_2026_05_08_equity.pdf
89fc237d563a,Donald Trump,trump_278t_2026_05_08_equity,3596,SOUTHERN CO COM,purchase,2026-01-06,2026-05-12,500001.0,1000000.0,other,,trump_278t_2026_05_08_equity.pdf
709d097b25c8,Donald Trump,trump_278t_2026_05_08_equity,3597,MOODYS CORP COM,sale,2026-02-10,2026-05-12,500001.0,1000000.0,equity,,trump_278t_2026_05_08_equity.pdf
b97f50e92297,Donald Trump,trump_278t_2026_05_08_equity,3598,Nvidia Com Com A-Unit Price Tranoedlon Your Brokor AclDd As Anon!,sale,2026-01-17,2026-05-12,500001.0,1000000.0,equity,NVDA,trump_278t_2026_05_08_equity.pdf
5a028d2829d6,Donald Trump,trump_278t_2026_05_08_equity,3599,EMCOR GROUP INC,purchase,2026-03-17,2026-05-12,500001.0,1000000.0,equity,EME,trump_278t_2026_05_08_equity.pdf
652ff0cbc0ac,Donald Trump,trump_278t_2026_05_08_equity,3600,PALO ALTO NElWORKS INC,sale,2026-02-10,2026-05-12,500001.0,1000000.0,equity,PANW,trump_278t_2026_05_08_equity.pdf
3613367feeaf,Donald Trump,trump_278t_2026_05_08_equity,3601,APPLOVIN CORP COM CL A,sale,2026-02-10,2026-05-12,500001.0,1000000.0,equity,APP,trump_278t_2026_05_08_equity.pdf
fe2c568eb156,Donald Trump,trump_278t_2026_05_08_equity,3602,S&P GLOBAL INC,sale,2026-02-10,2026-05-12,500001.0,1000000.0,equity,SPGI,trump_278t_2026_05_08_equity.pdf
24184434c023,Donald Trump,trump_278t_2026_05_08_equity,3528,SOLSTICE ADVANCED MATLS,sale,2026-03-23,2026-05-12,100001.0,250000.0,other,,trump_278t_2026_05_08_equity.pdf
68e84f9449e6,Donald Trump,trump_278t_2026_05_08_equity,3603,DEERE&CO.,purchase,2026-01-06,2026-05-12,500001.0,1000000.0,other,,trump_278t_2026_05_08_equity.pdf
aaa0f389a325,Donald Trump,trump_278t_2026_05_08_equity,3605,CAPITAL ONE FINL CORP,purchase,2026-03-17,2026-05-12,500001.0,1000.0,equity,,trump_278t_2026_05_08_equity.pdf
f1ef72540b9e,Donald Trump,trump_278t_2026_05_08_equity,3606,OMNICOM GROUP. INC.,sale,2026-02-10,2026-05-12,500001.0,1000000.0,equity,OMC,trump_278t_2026_05_08_equity.pdf
c74d2324dbc1,Donald Trump,trump_278t_2026_05_08_equity,3607,MICROSOFT CORP UNSOLICITED,sale,2026-02-13,2026-05-12,500001.0,1000000.0,equity,MSFT,trump_278t_2026_05_08_equity.pdf
257bbd7e1444,Donald Trump,trump_278t_2026_05_08_equity,3608,NVIDIA CORP,sale,2026-03-17,2026-05-12,500001.0,1000000.0,equity,NVDA,trump_278t_2026_05_08_equity.pdf
c37aa9c6b502,Donald Trump,trump_278t_2026_05_08_equity,3610,CHIPOTLE MEXICAN GRILL INC,purchase,2026-03-17,2026-05-12,500001.0,1000000.0,equity,CMG,trump_278t_2026_05_08_equity.pdf
7ef1b523e055,Donald Trump,trump_278t_2026_05_08_equity,3811,ZEBRA TECHNOLOGIES CORP CL A,sale,2026-03-17,2026-05-12,,1000000.0,equity,ZBRA,trump_278t_2026_05_08_equity.pdf
0c70747db193,Donald Trump,trump_278t_2026_05_08_equity,3612,BOOKING HLDGS INC COM,sale,2026-02-10,2026-05-12,500001.0,1000000.0,equity,BKNG,trump_278t_2026_05_08_equity.pdf
7211876f7fe6,Donald Trump,trump_278t_2026_05_08_equity,3614,ALTRIA GROUP INC,purchase,2026-01-06,2026-05-12,500001.0,1000000.0,equity,MO,trump_278t_2026_05_08_equity.pdf
ec81b54f8929,Donald Trump,trump_278t_2026_05_08_equity,3615,QUALCOMM INC COM,purchase,2026-02-10,2026-05-12,500001.0,1000000.0,equity,QCOM,trump_278t_2026_05_08_equity.pdf
6f87088c8ee1,Donald Trump,trump_278t_2026_05_08_equity,3616,NVR INC,sale,2026-03-17,2026-05-12,500001.0,1000000.0,equity,NVR,trump_278t_2026_05_08_equity.pdf
82e1d9afb19a,Donald Trump,trump_278t_2026_05_08_equity,3617,UBER TECHNOLOGIES INC COM,purchase,2026-01-06,2026-05-12,,1000000.0,equity,UBER,trump_278t_2026_05_08_equity.pdf
e1a0386ca818,Donald Trump,trump_278t_2026_05_08_equity,3618,MICROCHIP TECHNOLOGY INC,purchase,2026-03-17,2026-05-12,500001.0,1000000.0,equity,MCHP,trump_278t_2026_05_08_equity.pdf
4b50941044a0,Donald Trump,trump_278t_2026_05_08_equity,3604,Blaclcst0no Inc Com Sollcllod Ordor Dbcrotlon Exorcised Allocated Otdor Your Brokor Acled As Anon!,purchase,2026-01-21,2026-05-12,500001.0,1000000.0,equity,,trump_278t_2026_05_08_equity.pdf
c497185cb4c2,Donald Trump,trump_278t_2026_05_08_equity,3138,SHAKE SHACK INC CLASS A,sale,2026-03-30,2026-05-12,15001.0,50000.0,equity,SHAK,trump_278t_2026_05_08_equity.pdf
144e4860f45c,Donald Trump,trump_278t_2026_05_08_equity,3527,INTERDIGITAL INC,purchase,2026-03-23,2026-05-12,100001.0,250000.0,equity,IDCC,trump_278t_2026_05_08_equity.pdf
9e7554c21f3d,Donald Trump,trump_278t_2026_05_08_equity,3525,CARETRUST REIT INC REIT,purchase,2026-03-23,2026-05-12,100001.0,250000.0,reit,CTRE,trump_278t_2026_05_08_equity.pdf
a11989f37e64,Donald Trump,trump_278t_2026_05_08_equity,3429,AMERICAN TOWER CORP NEW REIT,sale,2026-01-21,2026-05-12,100001.0,250000.0,reit,AMT,trump_278t_2026_05_08_equity.pdf
12c5108101a2,Donald Trump,trump_278t_2026_05_08_equity,3430,IDEXX LABS INC,sale,2026-02-10,2026-05-12,100001.0,250000.0,equity,IDXX,trump_278t_2026_05_08_equity.pdf
9413ae08a2b4,Donald Trump,trump_278t_2026_05_08_equity,3431,Broadcom Inc Com Solldted Ordor Dlscrotion ExordlOd,purchase,2026-03-06,2026-05-12,100001.0,250000.0,equity,AVGO,trump_278t_2026_05_08_equity.pdf
afa00773079b,Donald Trump,trump_278t_2026_05_08_equity,3432,SERV1CENOW INC,purchase,2026-01-21,2026-05-12,100001.0,250000.0,equity,,trump_278t_2026_05_08_equity.pdf
013eee5b8c53,Donald Trump,trump_278t_2026_05_08_equity,3433,Alcllabel Inc Cl A Ava-Unit P~ce Tranaedlon Your Brokor Acted As Annnt,purchase,2026-03-27,2026-05-12,100001.0,250000.0,equity,,trump_278t_2026_05_08_equity.pdf
bd1f48269b8f,Donald Trump,trump_278t_2026_05_08_equity,3434,Borkshlro Hathawllv Inc Doi Cl B New Solk:lted On:!or Dlac:rotion ExordlOd,sale,2026-03-27,2026-05-12,100001.0,250000.0,equity,,trump_278t_2026_05_08_equity.pdf
a7d646ab91b4,Donald Trump,trump_278t_2026_05_08_equity,3435,RWEGIAN CRUISE L COM US00.001,purchase,2026-03-17,2026-05-12,100001.0,250000.0,other,,trump_278t_2026_05_08_equity.pdf
2b1a44cada8b,Donald Trump,trump_278t_2026_05_08_equity,3435,DOLLAR TREE INC,purchase,2026-02-10,2026-05-12,100001.0,250000.0,equity,DLTR,trump_278t_2026_05_08_equity.pdf
7f8b5871574c,Donald Trump,trump_278t_2026_05_08_equity,3437,UBER TECHNOLOGIES INC,sale,2026-02-12,2026-05-12,100001.0,250000.0,equity,UBER,trump_278t_2026_05_08_equity.pdf
a2d1566f6ebb,Donald Trump,trump_278t_2026_05_08_equity,3435,NIKE INC CLASS B,purchase,2026-03-11,2026-05-12,100001.0,250000.0,equity,NKE,trump_278t_2026_05_08_equity.pdf
fb55505ccda7,Donald Trump,trump_278t_2026_05_08_equity,3439,PAYCHEX INC,purchase,2026-03-11,2026-05-12,100001.0,250000.0,equity,PAYX,trump_278t_2026_05_08_equity.pdf
c8c7858560fe,Donald Trump,trump_278t_2026_05_08_equity,3441,TRANSOIGM GROUP INC,sale,2026-03-11,2026-05-12,100001.0,250000.0,equity,,trump_278t_2026_05_08_equity.pdf
a99dda21269f,Donald Trump,trump_278t_2026_05_08_equity,3443,REGIONS FINL CORP NEW,sale,2026-03-17,2026-05-12,100001.0,250000.0,equity,,trump_278t_2026_05_08_equity.pdf
10cf01abaff8,Donald Trump,trump_278t_2026_05_08_equity,3444,DANAHER CORP,sale,2026-03-11,2026-05-12,100001.0,250000.0,equity,DHR,trump_278t_2026_05_08_equity.pdf
58ac2db33151,Donald Trump,trump_278t_2026_05_08_equity,3445,AUTOMATIC DATA PROCESSIN,purchase,2026-02-12,2026-05-12,100001.0,250000.0,other,,trump_278t_2026_05_08_equity.pdf
6edf1f9cc501,Donald Trump,trump_278t_2026_05_08_equity,3450,WATERS CORP,sale,2026-02-10,2026-05-12,100001.0,250000.0,equity,WAT,trump_278t_2026_05_08_equity.pdf
6081b3233b6c,Donald Trump,trump_278t_2026_05_08_equity,3451,WALMARTINC,purchase,2026-02-23,2026-05-12,100001.0,250000.0,other,,trump_278t_2026_05_08_equity.pdf
f598700565d1,Donald Trump,trump_278t_2026_05_08_equity,3452,UNITED RENTALS INC,sale,2026-02-10,2026-05-12,100001.0,250000.0,equity,URI,trump_278t_2026_05_08_equity.pdf
a29e54028192,Donald Trump,trump_278t_2026_05_08_equity,3453,BOOKING HLDGS INC,purchase,2026-02-12,2026-05-12,100001.0,250000.0,equity,BKNG,trump_278t_2026_05_08_equity.pdf
f6fd081f6fba,Donald Trump,trump_278t_2026_05_08_equity,3454,STRYKER CORP,sale,2026-03-18,2026-05-12,100001.0,250000.0,equity,SYK,trump_278t_2026_05_08_equity.pdf
6b9a0052ea44,Donald Trump,trump_278t_2026_05_08_equity,3455,INTUIT,sale,2026-02-12,2026-05-12,100001.0,250000.0,other,,trump_278t_2026_05_08_equity.pdf
5b02708fa210,Donald Trump,trump_278t_2026_05_08_equity,3456,INSULET CORP,sale,2026-02-10,2026-05-12,100001.0,250000.0,equity,PODD,trump_278t_2026_05_08_equity.pdf
1ddc05f1526f,Donald Trump,trump_278t_2026_05_08_equity,3457,CINCINNATI FINL CORP,purchase,2026-02-24,2026-05-12,100001.0,250000.0,equity,CINF,trump_278t_2026_05_08_equity.pdf
960239d81331,Donald Trump,trump_278t_2026_05_08_equity,3458,Tasia Inc Com A-Unit Prioo T111nsac:tion Your Brokor Acted As Annnt,sale,2026-03-27,2026-05-12,100001.0,250000.0,equity,,trump_278t_2026_05_08_equity.pdf
041f34cdc9a2,Donald Trump,trump_278t_2026_05_08_equity,3459,WATERS CORP,sale,2026-02-11,2026-05-12,100001.0,250000.0,equity,WAT,trump_278t_2026_05_08_equity.pdf
3c7ba3c92c75,Donald Trump,trump_278t_2026_05_08_equity,3427,ZSCALERINC,sale,2026-03-18,2026-05-12,100001.0,250000.0,other,,trump_278t_2026_05_08_equity.pdf
9d2160ff7e70,Donald Trump,trump_278t_2026_05_08_equity,3460,IQVIA HLDGS INC COM,purchase,2026-02-10,2026-05-12,100001.0,250000.0,equity,IQV,trump_278t_2026_05_08_equity.pdf
a80b32157516,Donald Trump,trump_278t_2026_05_08_equity,3426,CASELLA WASTE SYS INC ClASS A,sale,2026-01-26,2026-05-12,100001.0,250000.0,equity,CWST,trump_278t_2026_05_08_equity.pdf
585672297dbc,Donald Trump,trump_278t_2026_05_08_equity,3424,T-MOBILE US INC,sale,2026-01-21,2026-05-12,100001.0,250000.0,equity,TMUS,trump_278t_2026_05_08_equity.pdf
3691ce5c2c91,Donald Trump,trump_278t_2026_05_08_equity,3396,IA ll)habet Inc Caa Slk Cl C Avaraao Unit ~co Transacilon Your Brokor Actod As Agont,purchase,2026-03-21,2026-05-12,50001.0,100000.0,equity,,trump_278t_2026_05_08_equity.pdf
4e1313c61701,Donald Trump,trump_278t_2026_05_08_equity,3397,CRH PUBLIC LIMITED CO F,purchase,2026-03-18,2026-05-12,50001.0,100000.0,other,,trump_278t_2026_05_08_equity.pdf
9666dbd70425,Donald Trump,trump_278t_2026_05_08_equity,3398,UNITED RENTALS INC,purchase,2026-03-18,2026-05-12,50001.0,100000.0,equity,URI,trump_278t_2026_05_08_equity.pdf
611ed777e6df,Donald Trump,trump_278t_2026_05_08_equity,3399,MARKETAXESS HLDGS INC,purchase,2026-03-30,2026-05-12,50001.0,100000.0,equity,MKTX,trump_278t_2026_05_08_equity.pdf
1d0c263e27da,Donald Trump,trump_278t_2026_05_08_equity,3400,PALO ALTO NElWORKS INC,sale,2026-03-18,2026-05-12,50001.0,100000.0,equity,PANW,trump_278t_2026_05_08_equity.pdf
773ab5f40116,Donald Trump,trump_278t_2026_05_08_equity,3401,THERMO FISHER SCIENTIFIC,sale,2026-03-18,2026-05-12,50001.0,100000.0,other,,trump_278t_2026_05_08_equity.pdf
618046b6a9cc,Donald Trump,trump_278t_2026_05_08_equity,3402,LENNAR CORP ClASS A,sale,2026-03-18,2026-05-12,50001.0,100000.0,equity,,trump_278t_2026_05_08_equity.pdf
54089dba1c86,Donald Trump,trump_278t_2026_05_08_equity,3403,PRUDENTIAL FINL INC,purchase,2026-03-18,2026-05-12,50001.0,100000.0,equity,,trump_278t_2026_05_08_equity.pdf
d28491b44aae,Donald Trump,trump_278t_2026_05_08_equity,3404,OKTA INC ClASS A,sale,2026-03-18,2026-05-12,50001.0,100000.0,equity,OKTA,trump_278t_2026_05_08_equity.pdf
0cf890e57946,Donald Trump,trump_278t_2026_05_08_equity,3405,VICORCORP,sale,2026-03-23,2026-05-12,50001.0,100000.0,other,,trump_278t_2026_05_08_equity.pdf
87d1d3a4557f,Donald Trump,trump_278t_2026_05_08_equity,3406,TARGA RES CORP,sale,2026-01-06,2026-05-12,50001.0,100000.0,equity,TRGP,trump_278t_2026_05_08_equity.pdf
2e473fe6c4df,Donald Trump,trump_278t_2026_05_08_equity,3407,ALARM COM HLDGS INC,sale,2026-03-30,2026-05-12,50001.0,100000.0,equity,ALRM,trump_278t_2026_05_08_equity.pdf
bcd0ceec85ef,Donald Trump,trump_278t_2026_05_08_equity,3408,OLD DOMINION FGHT LINE INC,sale,2026-01-06,2026-05-12,50001.0,100000.0,equity,ODFL,trump_278t_2026_05_08_equity.pdf
162687855fe8,Donald Trump,trump_278t_2026_05_08_equity,3409,ATlASSIAN CORP ClASS A,sale,2026-03-18,2026-05-12,50001.0,100000.0,equity,TEAM,trump_278t_2026_05_08_equity.pdf
f0f4b86f7063,Donald Trump,trump_278t_2026_05_08_equity,3410,MERIT MED SYS INC,sale,2026-02-21,2026-05-12,50001.0,100000.0,equity,MMSI,trump_278t_2026_05_08_equity.pdf
10df4d7f7c02,Donald Trump,trump_278t_2026_05_08_equity,3411,HOME DEPOT INC COM,sale,2026-01-10,2026-05-12,50001.0,100000.0,equity,HD,trump_278t_2026_05_08_equity.pdf
3481009e0feb,Donald Trump,trump_278t_2026_05_08_equity,3412,ACI WORLDWIDE INC,sale,2026-01-26,2026-05-12,50001.0,100000.0,equity,ACIW,trump_278t_2026_05_08_equity.pdf
8c5240962553,Donald Trump,trump_278t_2026_05_08_equity,3413,PULTE GROUP INC,sale,2026-03-17,2026-05-12,50001.0,100000.0,equity,PHM,trump_278t_2026_05_08_equity.pdf
698304ae5596,Donald Trump,trump_278t_2026_05_08_equity,3414,I Ak>habot Inc CAD Stk Cl C With Due BIiis Sollcltod Ordor Discretion Exorcised,sale,2026-03-06,2026-05-12,50001.0,100000.0,equity,,trump_278t_2026_05_08_equity.pdf
25ffca99e1ee,Donald Trump,trump_278t_2026_05_08_equity,3415,BERKSHIRE HATHAWAY ClASS B,sale,2026-03-18,2026-05-12,50001.0,100000.0,equity,BRK-B,trump_278t_2026_05_08_equity.pdf
f24cb016ea0b,Donald Trump,trump_278t_2026_05_08_equity,3417,NETFLIXINC,sale,2026-03-18,2026-05-12,50001.0,100000.0,other,,trump_278t_2026_05_08_equity.pdf
e4d82130aca5,Donald Trump,trump_278t_2026_05_08_equity,3418,"Jpmo,gan Chase & Co Com A-Unit Prta, Tnonsadlon Your Brol<or Actod As AQent",sale,2026-03-27,2026-05-12,100001.0,250000.0,other,,trump_278t_2026_05_08_equity.pdf
f8e2d34f5f62,Donald Trump,trump_278t_2026_05_08_equity,3419,GENERAL MILLS INC,sale,2026-01-21,2026-05-12,100001.0,250000.0,equity,GIS,trump_278t_2026_05_08_equity.pdf
2f12fb4147a3,Donald Trump,trump_278t_2026_05_08_equity,3422,CINCINNATI FINL CORP,sale,2026-01-23,2026-05-12,100001.0,250000.0,equity,CINF,trump_278t_2026_05_08_equity.pdf
3c82d7274ef4,Donald Trump,trump_278t_2026_05_08_equity,3423,MOHAWK !NOS INC,sale,2026-03-30,2026-05-12,100001.0,250000.0,equity,MHK,trump_278t_2026_05_08_equity.pdf
74b3179988a6,Donald Trump,trump_278t_2026_05_08_equity,3425,NXP SEMICONDUCTORS NVF,sale,2026-03-18,2026-05-12,100001.0,250000.0,other,,trump_278t_2026_05_08_equity.pdf
ae83d0829433,Donald Trump,trump_278t_2026_05_08_equity,3461,BRINKER INTL INC,purchase,2026-03-30,2026-05-12,100001.0,250000.0,equity,EAT,trump_278t_2026_05_08_equity.pdf
c2800687cc6d,Donald Trump,trump_278t_2026_05_08_equity,3463,BLACKSTONE INC,purchase,2026-02-12,2026-05-12,100001.0,250000.0,equity,BX,trump_278t_2026_05_08_equity.pdf
244cca7a011d,Donald Trump,trump_278t_2026_05_08_equity,3464,FIRST SOLAR INC,sale,2026-01-01,2026-05-12,100001.0,250000.0,equity,FSLR,trump_278t_2026_05_08_equity.pdf
d8ff1afd5e70,Donald Trump,trump_278t_2026_05_08_equity,3500,FIDELITY NATL INFORMATION SVCS INC,purchase,2026-02-10,2026-05-12,100001.0,250000.0,equity,,trump_278t_2026_05_08_equity.pdf
7a4f09bd26e2,Donald Trump,trump_278t_2026_05_08_equity,3501,WORKDAY INC CLASS A,purchase,2026-03-18,2026-05-12,100001.0,250000.0,equity,WDAY,trump_278t_2026_05_08_equity.pdf
68fe031aa7f1,Donald Trump,trump_278t_2026_05_08_equity,3502,LULULEMON ATHLETICA INC,sale,2026-02-10,2026-05-12,100001.0,250000.0,equity,LULU,trump_278t_2026_05_08_equity.pdf
1dcdc8902c45,Donald Trump,trump_278t_2026_05_08_equity,3503,SITIMECORP,sale,2026-03-23,2026-05-12,100001.0,250000.0,other,,trump_278t_2026_05_08_equity.pdf
98d85a93adc5,Donald Trump,trump_278t_2026_05_08_equity,3504,WILLIS TOWERS WATSON PUB LTDCO,sale,2026-03-17,2026-05-12,100001.0,250000.0,other,,trump_278t_2026_05_08_equity.pdf
f732708c1ef7,Donald Trump,trump_278t_2026_05_08_equity,3505,TRIMBLE INC,sale,2026-03-18,2026-05-12,100001.0,250000.0,equity,TRMB,trump_278t_2026_05_08_equity.pdf
cd3fe8e98de4,Donald Trump,trump_278t_2026_05_08_equity,3506,AON PLC SHS CL A,purchase,2026-03-17,2026-05-12,100001.0,250000.0,equity,,trump_278t_2026_05_08_equity.pdf
9d89f434a570,Donald Trump,trump_278t_2026_05_08_equity,3507,KROGER,purchase,2026-01-08,2026-05-12,100001.0,250000.0,other,,trump_278t_2026_05_08_equity.pdf
16eaa213fa76,Donald Trump,trump_278t_2026_05_08_equity,3506,NASDAQ INC,sale,2026-02-10,2026-05-12,100001.0,250000.0,equity,NDAQ,trump_278t_2026_05_08_equity.pdf
1d63dd3f6566,Donald Trump,trump_278t_2026_05_08_equity,3509,COGNIZANT TECHNOLOGY SOLUTIONS CL A,purchase,2026-03-17,2026-05-12,100001.0,250000.0,other,,trump_278t_2026_05_08_equity.pdf
a41b32956546,Donald Trump,trump_278t_2026_05_08_equity,3510,KKR&COINC,sale,2026-03-18,2026-05-12,100001.0,250000.0,other,,trump_278t_2026_05_08_equity.pdf
d45d1cadc754,Donald Trump,trump_278t_2026_05_08_equity,3511,Broadcom Inc Com Sollcltad Ordor Discretion Exordsod,purchase,2026-03-27,2026-05-12,100001.0,250000.0,equity,AVGO,trump_278t_2026_05_08_equity.pdf
996e34813fdb,Donald Trump,trump_278t_2026_05_08_equity,3512,VERISK ANALYTICS. INC.,sale,2026-02-10,2026-05-12,100001.0,250000.0,equity,VRSK,trump_278t_2026_05_08_equity.pdf
5f991c6be5ce,Donald Trump,trump_278t_2026_05_08_equity,3513,NXP SEMICONDUCTORS NV,sale,2026-03-17,2026-05-12,100001.0,250000.0,other,,trump_278t_2026_05_08_equity.pdf
35b126e136eb,Donald Trump,trump_278t_2026_05_08_equity,3514,Godeddvlnc,purchase,2026-02-10,2026-05-12,100001.0,250000.0,other,,trump_278t_2026_05_08_equity.pdf
a08089d2b879,Donald Trump,trump_278t_2026_05_08_equity,3515,META PLATFORMS INC CLASS A,purchase,2026-01-12,2026-05-12,100001.0,250000.0,equity,META,trump_278t_2026_05_08_equity.pdf
2edd3c6c6971,Donald Trump,trump_278t_2026_05_08_equity,3516,"ADolo Inc Com Solicited Ordor Discretion Exorclsod A'""""""""° Unit Price Tn,naaction Your Brokor Acted kl Agont",sale,2026-03-06,2026-05-12,100001.0,250000.0,equity,,trump_278t_2026_05_08_equity.pdf
d4896baddde2,Donald Trump,trump_278t_2026_05_08_equity,3517,FAIR ISAAC CORP,sale,2026-03-17,2026-05-12,100001.0,250000.0,equity,FICO,trump_278t_2026_05_08_equity.pdf
aab1b26e66c8,Donald Trump,trump_278t_2026_05_08_equity,3518,MOOG INC CLASS A,sale,2026-03-23,2026-05-12,100001.0,250000.0,equity,,trump_278t_2026_05_08_equity.pdf
7945709ce6fd,Donald Trump,trump_278t_2026_05_08_equity,3519,BROADCOM INC COM,sale,2026-03-17,2026-05-12,100001.0,250000.0,equity,AVGO,trump_278t_2026_05_08_equity.pdf
c4b3e755f6d0,Donald Trump,trump_278t_2026_05_08_equity,3520,TYLER TECHNOLOGIES INC,purchase,2026-02-10,2026-05-12,100001.0,250000.0,equity,TYL,trump_278t_2026_05_08_equity.pdf
782fa6a454cf,Donald Trump,trump_278t_2026_05_08_equity,3521,ARROWHEAD PHARMACEUTICAL,sale,2026-02-19,2026-05-12,100001.0,250000.0,other,,trump_278t_2026_05_08_equity.pdf
2e50b5e4b685,Donald Trump,trump_278t_2026_05_08_equity,3522,CARVANA CO CL A,sale,2026-03-17,2026-05-12,100001.0,250000.0,equity,CVNA,trump_278t_2026_05_08_equity.pdf
15aa7ee9f827,Donald Trump,trump_278t_2026_05_08_equity,3523,VULCAN MATLS CO,sale,2026-03-17,2026-05-12,100001.0,250000.0,other,,trump_278t_2026_05_08_equity.pdf
6dcda5e857b4,Donald Trump,trump_278t_2026_05_08_equity,3524,GALLAGHER ARTHUR J & CO,sale,2026-02-10,2026-05-12,100001.0,250000.0,other,,trump_278t_2026_05_08_equity.pdf
22c8ecd82023,Donald Trump,trump_278t_2026_05_08_equity,3499,PALANTIR TECHNOLOGIES IN CLASS A,sale,2026-01-21,2026-05-12,100001.0,250000.0,equity,PLTR,trump_278t_2026_05_08_equity.pdf
cea60d2b5cc1,Donald Trump,trump_278t_2026_05_08_equity,3498,MARSH & MCLENNAN COS INC,purchase,2026-02-12,2026-05-12,100001.0,250000.0,equity,MRSH,trump_278t_2026_05_08_equity.pdf
cb8b1b86ca4c,Donald Trump,trump_278t_2026_05_08_equity,3497,RAYMOND JAMES FINL INC,purchase,2026-03-17,2026-05-12,100001.0,250000.0,equity,RJF,trump_278t_2026_05_08_equity.pdf
bed04f64cd05,Donald Trump,trump_278t_2026_05_08_equity,3496,DATAOOG INC CL A COM,sale,2026-01-06,2026-05-12,100001.0,250000.0,equity,DDOG,trump_278t_2026_05_08_equity.pdf
772f987bec6a,Donald Trump,trump_278t_2026_05_08_equity,3465,DISNEY WALT CO,sale,2026-02-12,2026-05-12,100001.0,250000.0,equity,DIS,trump_278t_2026_05_08_equity.pdf
69a19b66948d,Donald Trump,trump_278t_2026_05_08_equity,3466,TRIMBLE NAV LTD,sale,2026-01-01,2026-05-12,100001.0,250000.0,other,,trump_278t_2026_05_08_equity.pdf
46a93c4a7fbc,Donald Trump,trump_278t_2026_05_08_equity,3467,ROYAL CARIBBEAN GROUP,sale,2026-03-11,2026-05-12,100001.0,250000.0,other,,trump_278t_2026_05_08_equity.pdf
b01ba5838374,Donald Trump,trump_278t_2026_05_08_equity,3468,CAPITAL ONE FINL CORP,sale,2026-03-11,2026-05-12,100001.0,250000.0,equity,,trump_278t_2026_05_08_equity.pdf
b5248250d167,Donald Trump,trump_278t_2026_05_08_equity,3469,QUALCOMM INC,sale,2026-02-12,2026-05-12,100001.0,250000.0,equity,QCOM,trump_278t_2026_05_08_equity.pdf
f4c70d128e17,Donald Trump,trump_278t_2026_05_08_equity,3470,BANK OF AMERICA CORP,sale,2026-03-11,2026-05-12,100001.0,250000.0,equity,BAC,trump_278t_2026_05_08_equity.pdf
d94f94a219d8,Donald Trump,trump_278t_2026_05_08_equity,3471,Amazon Com Inc Com Solldted Ordor DlscroUon Exordsod,purchase,2026-03-06,2026-05-12,100001.0,,equity,AMZN,trump_278t_2026_05_08_equity.pdf
8175ae550219,Donald Trump,trump_278t_2026_05_08_equity,3472,MICROSOFT CORP,sale,2026-01-12,2026-05-12,100001.0,250000.0,equity,MSFT,trump_278t_2026_05_08_equity.pdf
31aab4610862,Donald Trump,trump_278t_2026_05_08_equity,3473,WYNN RESORTS LTD,sale,2026-03-11,2026-05-12,100001.0,250000.0,other,,trump_278t_2026_05_08_equity.pdf
ab8cf3f77636,Donald Trump,trump_278t_2026_05_08_equity,3474,ABBOTT LABS,purchase,2026-02-12,2026-05-12,100001.0,250000.0,other,,trump_278t_2026_05_08_equity.pdf
dded731846bc,Donald Trump,trump_278t_2026_05_08_equity,3475,ORACLE CORP,sale,2026-02-12,2026-05-12,100001.0,250100001250000.0,equity,ORCL,trump_278t_2026_05_08_equity.pdf
fe9c41c28ed1,Donald Trump,trump_278t_2026_05_08_equity,3478,RESMEDINC,sale,2026-03-11,2026-05-12,100001.0,250000.0,other,,trump_278t_2026_05_08_equity.pdf
abd68b8d13eb,Donald Trump,trump_278t_2026_05_08_equity,3526,JACOBS SOLUTIONS INC COM,sale,2026-03-17,2026-05-12,100001.0,250000.0,equity,J,trump_278t_2026_05_08_equity.pdf
d1b706af58b9,Donald Trump,trump_278t_2026_05_08_equity,3479,VERALTO CORP COM SHS,sale,2026-01-06,2026-05-12,100001.0,250000.0,equity,VLTO,trump_278t_2026_05_08_equity.pdf
95ac64314bd0,Donald Trump,trump_278t_2026_05_08_equity,3481,XYLEM INC,purchase,2026-03-11,2026-05-12,100001.0,250000.0,equity,XYL,trump_278t_2026_05_08_equity.pdf
f8846cd7bf38,Donald Trump,trump_278t_2026_05_08_equity,3462,EOG RESOURCES INC,purchase,2026-01-01,2026-05-12,100001.0,250000.0,equity,EOG,trump_278t_2026_05_08_equity.pdf
5229615ad103,Donald Trump,trump_278t_2026_05_08_equity,3483,"Mota Platforms Inc Cl A E1TT4634275029-00560 AV8111go Unit Pr1co Tran,acUon Your Brokor Acted As Aoont",purchase,2026-03-21,2026-05-12,100001.0,250000.0,equity,,trump_278t_2026_05_08_equity.pdf
052829297eb0,Donald Trump,trump_278t_2026_05_08_equity,3464,ROPER TECHNOLOGIES INC,sale,2026-02-12,2026-05-12,100001.0,250000.0,equity,ROP,trump_278t_2026_05_08_equity.pdf
2e10c9f2e260,Donald Trump,trump_278t_2026_05_08_equity,3465,S&P GLOBAL INC,sale,2026-02-12,2026-05-12,100001.0,250000.0,equity,SPGI,trump_278t_2026_05_08_equity.pdf
38d29a9480d5,Donald Trump,trump_278t_2026_05_08_equity,3486,NIKE INC CLASS B COM,sale,2026-03-11,2026-05-12,100001.0,250000.0,equity,NKE,trump_278t_2026_05_08_equity.pdf
9b29248f0ee9,Donald Trump,trump_278t_2026_05_08_equity,3487,NRG ENERGY INC,sale,2026-02-10,2026-05-12,100001.0,250000.0,equity,NRG,trump_278t_2026_05_08_equity.pdf
0d0e53eccbe7,Donald Trump,trump_278t_2026_05_08_equity,3488,METTLER-TOLEDO INTL INC COM,sale,2026-03-11,2026-05-12,100001.0,250000.0,equity,MTD,trump_278t_2026_05_08_equity.pdf
dbefcbcc682e,Donald Trump,trump_278t_2026_05_08_equity,3489,SMURFIT WESTROCK PLC SHS,sale,2026-03-17,2026-05-12,100001.0,250000.0,equity,SW,trump_278t_2026_05_08_equity.pdf
0170660e5054,Donald Trump,trump_278t_2026_05_08_equity,3490,DEXCOMINC,purchase,2026-03-11,2026-05-12,100001.0,250000.0,other,,trump_278t_2026_05_08_equity.pdf
dacf6219cb88,Donald Trump,trump_278t_2026_05_08_equity,3491,GLOBAL PMTS INC,purchase,2026-01-06,2026-05-12,100001.0,250000.0,equity,,trump_278t_2026_05_08_equity.pdf
72e02454c4bd,Donald Trump,trump_278t_2026_05_08_equity,3493,HUMANA INC,sale,2026-02-10,2026-05-12,100001.0,250000.0,equity,HUM,trump_278t_2026_05_08_equity.pdf
541ec3d9f5b2,Donald Trump,trump_278t_2026_05_08_equity,3480,Mlaosoll Corp Com Sollclted Ordot' DlscroUon Exercised Avara<>o Unit Pr1co Transaction Your Brokor Acted As A-nt,sale,2026-03-06,2026-05-12,100001.0,,equity,,trump_278t_2026_05_08_equity.pdf
cb25e65758a8,Donald Trump,trump_278t_2026_05_08_equity,2091,AT&T INC I,purchase,2026-03-23,2026-05-12,1001.0,15000.0,equity,,trump_278t_2026_05_08_equity.pdf
19fb079c64b1,Donald Trump,trump_278t_2026_05_08_equity,1989,MEDTRONIC PLC F,purchase,2026-03-23,2026-05-12,1001.0,15000.0,equity,MDT,trump_278t_2026_05_08_equity.pdf
10f1379007a4,Donald Trump,trump_278t_2026_05_08_equity,2089,EXELON CORP I,purchase,2026-03-23,2026-05-12,1001.0,15000.0,equity,EXC,trump_278t_2026_05_08_equity.pdf
ae4378c6d5ff,Donald Trump,trump_278t_2026_05_08_equity,674,SAFEHOLD INC REIT REIT,purchase,2026-03-30,2026-05-12,15001.0,50000.0,reit,SAFE,trump_278t_2026_05_08_equity.pdf
5336533638fc,Donald Trump,trump_278t_2026_05_08_equity,675,VITA COCO CO INC,purchase,2026-03-30,2026-05-12,15001.0,50000.0,equity,COCO,trump_278t_2026_05_08_equity.pdf
4b4eae95c834,Donald Trump,trump_278t_2026_05_08_equity,676,IOVlA HLDGS INC,purchase,2026-03-11,2026-05-12,15001.0,50000.0,equity,,trump_278t_2026_05_08_equity.pdf
bec5243ff865,Donald Trump,trump_278t_2026_05_08_equity,677,WENDYS CO CLASS A,purchase,2026-03-30,2026-05-12,15001.0,50000.0,equity,,trump_278t_2026_05_08_equity.pdf
c1036594f52a,Donald Trump,trump_278t_2026_05_08_equity,678,CHARLES RIVER LABORATORIES UNSOLICITED,purchase,2026-01-25,2026-05-12,15001.0,50000.0,other,,trump_278t_2026_05_08_equity.pdf
90be761b0555,Donald Trump,trump_278t_2026_05_08_equity,679,T-MOBILE US INC,purchase,2026-01-23,2026-05-12,15001.0,50000.0,equity,TMUS,trump_278t_2026_05_08_equity.pdf
22d19be89a62,Donald Trump,trump_278t_2026_05_08_equity,680,ABBVIE INC COM UNSOLICITEO,purchase,2026-03-12,2026-05-12,15001.0,50000.0,equity,ABBV,trump_278t_2026_05_08_equity.pdf
16589b6f1b7c,Donald Trump,trump_278t_2026_05_08_equity,681,CENTENE CORP DEL,purchase,2026-01-12,2026-05-12,15001.0,50000.0,equity,CNC,trump_278t_2026_05_08_equity.pdf
988fefa0470c,Donald Trump,trump_278t_2026_05_08_equity,682,THE COCA-COLA CO,purchase,2026-01-12,2026-05-12,15001.0,50000.0,other,,trump_278t_2026_05_08_equity.pdf
6c5d3278733c,Donald Trump,trump_278t_2026_05_08_equity,683,GRAPHIC PACKAGING HLDG C,purchase,2026-02-12,2026-05-12,15001.0,50000.0,other,,trump_278t_2026_05_08_equity.pdf
887726477d3e,Donald Trump,trump_278t_2026_05_08_equity,684,BLOCK INC A CLASS A,purchase,2026-01-12,2026-05-12,15001.0,50000.0,equity,,trump_278t_2026_05_08_equity.pdf
afa85b94f989,Donald Trump,trump_278t_2026_05_08_equity,685,ROCKET LAB CORP CLASS A,purchase,2026-01-12,2026-05-12,15001.0,50000.0,equity,RKLB,trump_278t_2026_05_08_equity.pdf
b1c3916d3522,Donald Trump,trump_278t_2026_05_08_equity,686,LOWES COS INC,purchase,2026-01-12,2026-05-12,15001.0,50000.0,equity,,trump_278t_2026_05_08_equity.pdf
8a748b31e021,Donald Trump,trump_278t_2026_05_08_equity,687,SPROUTS FMRS MKT INC,purchase,2026-01-12,2026-05-12,15001.0,50000.0,equity,SFM,trump_278t_2026_05_08_equity.pdf
ea35a96f7e27,Donald Trump,trump_278t_2026_05_08_equity,668,ARISTA NETWORKS INC UNSOLICITED,purchase,2026-03-25,2026-05-12,15001.0,50000.0,equity,ANET,trump_278t_2026_05_08_equity.pdf
f6b0a85aa64e,Donald Trump,trump_278t_2026_05_08_equity,689,VICI PPTYS INC REIT,purchase,2026-01-12,2026-05-12,15001.0,50000.0,reit,VICI,trump_278t_2026_05_08_equity.pdf
93508f165086,Donald Trump,trump_278t_2026_05_08_equity,690,HORMEL FOODS CORP,purchase,2026-01-12,2026-05-12,15001.0,50000.0,equity,HRL,trump_278t_2026_05_08_equity.pdf
18fa19bd6686,Donald Trump,trump_278t_2026_05_08_equity,891,ON SEMICONDUCTOR CORP UNSOLICITED,purchase,2026-03-23,2026-05-12,15001.0,50000.0,equity,ON,trump_278t_2026_05_08_equity.pdf
0cb843136df7,Donald Trump,trump_278t_2026_05_08_equity,692,U HAUL HOLDING NON VOTIN CLASS SERIES N,purchase,2026-01-12,2026-05-12,15001.0,50000.0,other,,trump_278t_2026_05_08_equity.pdf
657f4a0f3e04,Donald Trump,trump_278t_2026_05_08_equity,694,RYAN SPECIALTY HOLOINGS CLASS A,purchase,2026-02-12,2026-05-12,15001.0,50000.0,equity,RYAN,trump_278t_2026_05_08_equity.pdf
f4361c10a13e,Donald Trump,trump_278t_2026_05_08_equity,695,MASTERBRAND INC,purchase,2026-03-30,2026-05-12,15001.0,50000.0,equity,MBC,trump_278t_2026_05_08_equity.pdf
2a6c88dcf429,Donald Trump,trump_278t_2026_05_08_equity,696,JOHNSON & JOHNSON COM UNSOLICITED,purchase,2026-01-25,2026-05-12,15001.0,50000.0,other,,trump_278t_2026_05_08_equity.pdf
a892baee88b3,Donald Trump,trump_278t_2026_05_08_equity,697,LINDE PLC NEW EUR UNSOLICITED l,purchase,2026-03-25,2026-05-12,15001.0,50000.0,equity,LIN,trump_278t_2026_05_08_equity.pdf
ec32960201a6,Donald Trump,trump_278t_2026_05_08_equity,698,MICROSOFT CORP I,purchase,2026-03-17,2026-05-12,15001.0,50000.0,equity,MSFT,trump_278t_2026_05_08_equity.pdf
528af77549c3,Donald Trump,trump_278t_2026_05_08_equity,699,MOTOROLA SOLUTIONS INC l,purchase,2026-02-12,2026-05-12,15001.0,50000.0,equity,MSI,trump_278t_2026_05_08_equity.pdf
6ec4ae61b04f,Donald Trump,trump_278t_2026_05_08_equity,673,. MATSON INC,purchase,2026-03-04,2026-05-12,15001.0,50000.0,equity,MATX,trump_278t_2026_05_08_equity.pdf
4c74e24d4c27,Donald Trump,trump_278t_2026_05_08_equity,700,NETAPP INC l,purchase,2026-01-12,2026-05-12,15001.0,50000.0,equity,NTAP,trump_278t_2026_05_08_equity.pdf
1eb27772d8ce,Donald Trump,trump_278t_2026_05_08_equity,872,CORVELCORP,purchase,2026-03-30,2026-05-12,15001.0,50000.0,other,,trump_278t_2026_05_08_equity.pdf
c9812fba68ba,Donald Trump,trump_278t_2026_05_08_equity,670,BLACKSTONE MTG TR INC REIT,purchase,2026-03-04,2026-05-12,15001.0,50000.0,reit,,trump_278t_2026_05_08_equity.pdf
a473b40c5a70,Donald Trump,trump_278t_2026_05_08_equity,644,ARCOSAINC,purchase,2026-03-04,2026-05-12,50001.0,100000.0,other,,trump_278t_2026_05_08_equity.pdf
e76af06ebacf,Donald Trump,trump_278t_2026_05_08_equity,645,DIGITAL REALTY TRUST INC REIT UNSOLICITED,purchase,2026-03-02,2026-05-12,15001.0,50000.0,reit,DLR,trump_278t_2026_05_08_equity.pdf
8aca74ca735d,Donald Trump,trump_278t_2026_05_08_equity,646,KYNDRYL HLDGS INC,purchase,2026-02-12,2026-05-12,15001.0,50000.0,equity,KD,trump_278t_2026_05_08_equity.pdf
fb86c6f54761,Donald Trump,trump_278t_2026_05_08_equity,647,CHIPOTLE MEXICAN GRILL I,purchase,2026-03-18,2026-05-12,15001.0,50000.0,equity,CMG,trump_278t_2026_05_08_equity.pdf
25a469a7dbdd,Donald Trump,trump_278t_2026_05_08_equity,646,ICU MED INC,purchase,2026-03-30,2026-05-12,15001.0,50000.0,equity,ICUI,trump_278t_2026_05_08_equity.pdf
6c96c9c2e5ca,Donald Trump,trump_278t_2026_05_08_equity,649,MGE ENERGY INC,purchase,2026-03-04,2026-05-12,15001.0,50000.0,equity,MGEE,trump_278t_2026_05_08_equity.pdf
2c5461e78fdb,Donald Trump,trump_278t_2026_05_08_equity,650,. APELLIS PHARMACEUTICALS,purchase,2026-02-02,2026-05-12,15001.0,50000.0,other,,trump_278t_2026_05_08_equity.pdf
330c545b1116,Donald Trump,trump_278t_2026_05_08_equity,651,ARISTA NElWORKS INC COM USD0.0001 I,purchase,2026-02-10,2026-05-12,15001.0,50000.0,equity,ANET,trump_278t_2026_05_08_equity.pdf
a6c41f4a19d8,Donald Trump,trump_278t_2026_05_08_equity,653,ADVANCED MICRO DEVICES INC UNSOLICITED,purchase,2026-03-25,2026-05-12,15001.0,50000.0,equity,AMD,trump_278t_2026_05_08_equity.pdf
088d59ed040e,Donald Trump,trump_278t_2026_05_08_equity,654,UPWORKINC,purchase,2026-03-30,2026-05-12,15001.0,50000.0,other,,trump_278t_2026_05_08_equity.pdf
0acd3f967c79,Donald Trump,trump_278t_2026_05_08_equity,855,DREAM FINDERS HOMES INC CLASS A,purchase,2026-01-30,2026-05-12,15001.0,50000.0,equity,DFH,trump_278t_2026_05_08_equity.pdf
ec43448b119d,Donald Trump,trump_278t_2026_05_08_equity,656,DUOLINGO INC CLASS A,purchase,2026-02-12,2026-05-12,15001.0,50000.0,equity,DUOL,trump_278t_2026_05_08_equity.pdf
a928588954ba,Donald Trump,trump_278t_2026_05_08_equity,657,NETAPP INC UNSOLICITED,purchase,2026-03-02,2026-05-12,15001.0,50000.0,equity,NTAP,trump_278t_2026_05_08_equity.pdf
982309eee337,Donald Trump,trump_278t_2026_05_08_equity,658,SERVISFIRST BANCSHARES I,purchase,2026-03-04,2026-05-12,15001.0,50000.0,other,,trump_278t_2026_05_08_equity.pdf
2d380bd823ba,Donald Trump,trump_278t_2026_05_08_equity,659,PENN ENTMT INC I,purchase,2026-02-26,2026-05-12,15001.0,50000.0,equity,,trump_278t_2026_05_08_equity.pdf
c53dd8c197eb,Donald Trump,trump_278t_2026_05_08_equity,660,INTEL CORP UNSOLICITEO l,purchase,2026-03-25,2026-05-12,15001.0,50000.0,equity,INTC,trump_278t_2026_05_08_equity.pdf
35fedc4688f3,Donald Trump,trump_278t_2026_05_08_equity,681,TENNANT CO I,purchase,2026-02-26,2026-05-12,15001.0,50000.0,other,,trump_278t_2026_05_08_equity.pdf
060ca4daf29b,Donald Trump,trump_278t_2026_05_08_equity,662,TEXAS INSTRS INC l,purchase,2026-02-12,2026-05-12,15001.0,50000.0,equity,,trump_278t_2026_05_08_equity.pdf
ec6e9d036ea7,Donald Trump,trump_278t_2026_05_08_equity,663,CORNING INC UNSOLICITED I,purchase,2026-03-02,2026-05-12,15001.0,50000.0,equity,GLW,trump_278t_2026_05_08_equity.pdf
b552761a683d,Donald Trump,trump_278t_2026_05_08_equity,664,MICRON TECHNOLOGY INC UNSOLICITED I,purchase,2026-03-12,2026-05-12,15001.0,50000.0,equity,MU,trump_278t_2026_05_08_equity.pdf
9e34a91ffc15,Donald Trump,trump_278t_2026_05_08_equity,665,SPHERE ENTERTAINMENT A CLASS A,purchase,2026-03-23,2026-05-12,15001.0,50000.0,equity,SPHR,trump_278t_2026_05_08_equity.pdf
cc2624742dd8,Donald Trump,trump_278t_2026_05_08_equity,886,QUALCOMM INC UNSOLICITED,purchase,2026-03-12,2026-05-12,15001.0,50000.0,equity,QCOM,trump_278t_2026_05_08_equity.pdf
5416e73194ff,Donald Trump,trump_278t_2026_05_08_equity,667,ALPHABET INC CLASS A,purchase,2026-03-17,2026-05-12,15001.0,50000.0,equity,GOOGL,trump_278t_2026_05_08_equity.pdf
65d8ed9b43d3,Donald Trump,trump_278t_2026_05_08_equity,668,DXC TECHNOLOGY CO,purchase,2026-02-26,2026-05-12,15001.0,50000.0,other,,trump_278t_2026_05_08_equity.pdf
99e14474b4d1,Donald Trump,trump_278t_2026_05_08_equity,669,WALMART INC UNSOLICITED,purchase,2026-03-12,2026-05-12,15001.0,50000.0,equity,WMT,trump_278t_2026_05_08_equity.pdf
36746cbb014a,Donald Trump,trump_278t_2026_05_08_equity,871,CATERPILLAR INC UNSOLICITED,purchase,2026-03-23,2026-05-12,15001.0,50000.0,equity,CAT,trump_278t_2026_05_08_equity.pdf
0578711e0ba4,Donald Trump,trump_278t_2026_05_08_equity,643,KAYNE ANDERSON BOC INC,purchase,2026-03-17,2026-05-12,50001.0,100000.0,equity,,trump_278t_2026_05_08_equity.pdf
8ff0f8bf9cf8,Donald Trump,trump_278t_2026_05_08_equity,701,GARMIN LTD SHS UNSOLICITED l,purchase,2026-03-21,2026-05-12,15001.0,50000.0,other,,trump_278t_2026_05_08_equity.pdf
3f933193d34b,Donald Trump,trump_278t_2026_05_08_equity,703,SMURFIT WESTROCK PLC UNSOLICITED,purchase,2026-01-25,2026-05-12,15001.0,50000.0,equity,SW,trump_278t_2026_05_08_equity.pdf
0eb2b36aee76,Donald Trump,trump_278t_2026_05_08_equity,737,S&P GLOBAL INC UNSOLICITED,purchase,2026-01-21,2026-05-12,15001.0,50000.0,equity,SPGI,trump_278t_2026_05_08_equity.pdf
13da6bcebc04,Donald Trump,trump_278t_2026_05_08_equity,738,VULCAN MATERIALS CO NEW (HOLDING COMPANY) UNSOLICITED,purchase,2026-03-21,2026-05-12,15001.0,50000.0,other,,trump_278t_2026_05_08_equity.pdf
e8229e536b17,Donald Trump,trump_278t_2026_05_08_equity,739,ABBVIE INC COM UNSOLICITED,purchase,2026-03-21,2026-05-12,15001.0,50000.0,equity,ABBV,trump_278t_2026_05_08_equity.pdf
f06b1cc35a08,Donald Trump,trump_278t_2026_05_08_equity,740,DEXCOM INC UNSOLICITED,purchase,2026-03-21,2026-05-12,15001.0,50000.0,equity,DXCM,trump_278t_2026_05_08_equity.pdf
c790d992d883,Donald Trump,trump_278t_2026_05_08_equity,742,EQUINIX INC REIT UNSOLICITED,purchase,2026-03-21,2026-05-12,15001.0,50000.0,reit,EQIX,trump_278t_2026_05_08_equity.pdf
f0e2da79753e,Donald Trump,trump_278t_2026_05_08_equity,743,UPSTART HLDGS INC,purchase,2026-01-12,2026-05-12,15001.0,50000.0,equity,UPST,trump_278t_2026_05_08_equity.pdf
5138253731c0,Donald Trump,trump_278t_2026_05_08_equity,745,SYNCHRONY FINL UNSOLICITED,purchase,2026-03-21,2026-05-12,15001.0,50000.0,other,,trump_278t_2026_05_08_equity.pdf
57e0531f48f1,Donald Trump,trump_278t_2026_05_08_equity,746,LIBERTY MEDIA CORP DEL CLASS SERIES C,purchase,2026-01-12,2026-05-12,15001.0,50000.0,equity,,trump_278t_2026_05_08_equity.pdf
d1e131cb1567,Donald Trump,trump_278t_2026_05_08_equity,747,ITRON INC EQUITY CLASS EQUITY,purchase,2026-03-30,2026-05-12,15001.0,50000.0,equity,ITRI,trump_278t_2026_05_08_equity.pdf
4a5ea3e1e592,Donald Trump,trump_278t_2026_05_08_equity,748,FISERV INC UNSOLICITED,purchase,2026-03-25,2026-05-12,15001.0,50000.0,equity,FISV,trump_278t_2026_05_08_equity.pdf
8803f9393daf,Donald Trump,trump_278t_2026_05_08_equity,749,BLOCK INC CL A UNSOLICITED,purchase,2026-03-21,2026-05-12,15001.0,50000.0,equity,XYZ,trump_278t_2026_05_08_equity.pdf
ab868466f1d0,Donald Trump,trump_278t_2026_05_08_equity,750,METLIFE INC UNSOLICITED,purchase,2026-03-21,2026-05-12,15001.0,50000.0,equity,MET,trump_278t_2026_05_08_equity.pdf
db05b948db19,Donald Trump,trump_278t_2026_05_08_equity,751,PALANTIR TECHNOLOGIES INC CL A UNSOLICITED,purchase,2026-03-21,2026-05-12,,,equity,PLTR,trump_278t_2026_05_08_equity.pdf
cb9e7bc887d4,Donald Trump,trump_278t_2026_05_08_equity,753,INTL BUSINESS MACH UNSOLICITED,purchase,2026-03-02,2026-05-12,15001.0,50000.0,other,,trump_278t_2026_05_08_equity.pdf
ac318fdec3b8,Donald Trump,trump_278t_2026_05_08_equity,754,SIMPLY GOOD FOODS CO,purchase,2026-03-01,2026-05-12,15001.0,50000.0,other,,trump_278t_2026_05_08_equity.pdf
03d19fe2ea71,Donald Trump,trump_278t_2026_05_08_equity,755,VERTEX PHARMACEUTICALS I,purchase,2026-01-12,2026-05-12,,,other,,trump_278t_2026_05_08_equity.pdf
b8dddfeea673,Donald Trump,trump_278t_2026_05_08_equity,756,OTIS WORLDWIDE CORP UNSOLICITED,purchase,2026-03-25,2026-05-12,15001.0,50000.0,equity,OTIS,trump_278t_2026_05_08_equity.pdf
229d56cb579d,Donald Trump,trump_278t_2026_05_08_equity,757,TKO GROUP HLDGS INC CL A UNSOLICITED,purchase,2026-03-25,2026-05-12,15001.0,50000.0,equity,TKO,trump_278t_2026_05_08_equity.pdf
e3b261f2d0d3,Donald Trump,trump_278t_2026_05_08_equity,761,PROLOGIS INC COM UNSOLICITED,purchase,2026-03-25,2026-05-12,15001.0,50000.0,equity,PLD,trump_278t_2026_05_08_equity.pdf
5aeffafea152,Donald Trump,trump_278t_2026_05_08_equity,762,MICROSOFT CORP,purchase,2026-03-23,2026-05-12,15001.0,50000.0,equity,MSFT,trump_278t_2026_05_08_equity.pdf
51add6573bff,Donald Trump,trump_278t_2026_05_08_equity,763,VISA INC CL A UNSOLICITED,purchase,2026-03-21,2026-05-12,15001.0,50000.0,equity,V,trump_278t_2026_05_08_equity.pdf
f126d2f9cc8c,Donald Trump,trump_278t_2026_05_08_equity,764,AT&T INC UNSOLICITED I,purchase,2026-03-25,2026-05-12,15001.0,50000.0,equity,,trump_278t_2026_05_08_equity.pdf
e0eb661b1c15,Donald Trump,trump_278t_2026_05_08_equity,765,RAYMOND JAMES FINANCIAL CORP UNSOLICITED I,purchase,2026-03-25,2026-05-12,15001.0,50000.0,equity,RJF,trump_278t_2026_05_08_equity.pdf
8e59e0688dbc,Donald Trump,trump_278t_2026_05_08_equity,767,MONDELE2 INTERNATIONAL INC CL A I,purchase,2026-01-23,2026-05-12,15001.0,50000.0,equity,,trump_278t_2026_05_08_equity.pdf
509d298168ec,Donald Trump,trump_278t_2026_05_08_equity,768,MOLINA HEALTHCARE INC l,purchase,2026-02-12,2026-05-12,15001.0,50000.0,equity,MOH,trump_278t_2026_05_08_equity.pdf
775d19dde864,Donald Trump,trump_278t_2026_05_08_equity,734,HOME DEPOT INC UNSOLICITED l,purchase,2026-03-21,2026-05-12,15001.0,50000.0,equity,HD,trump_278t_2026_05_08_equity.pdf
b95547ef23a0,Donald Trump,trump_278t_2026_05_08_equity,702,SKYWDRKS SOLUTIONS INC UNSOLICITED I,purchase,2026-03-25,2026-05-12,15001.0,50000.0,equity,,trump_278t_2026_05_08_equity.pdf
46d45831a737,Donald Trump,trump_278t_2026_05_08_equity,732,GOLDMAN SACHS GROUP INC UNSOLICITED l,purchase,2026-03-02,2026-05-12,15001.0,50000.0,equity,GS,trump_278t_2026_05_08_equity.pdf
5cf72da1ba1a,Donald Trump,trump_278t_2026_05_08_equity,730,JPMORGAN CHASE & CO UNSOLICITED I,purchase,2026-03-21,2026-05-12,15001.0,50000.0,equity,JPM,trump_278t_2026_05_08_equity.pdf
b4f4d1f87c57,Donald Trump,trump_278t_2026_05_08_equity,704,RUBRIK INC CLASS A,purchase,2026-02-12,2026-05-12,15001.0,50000.0,equity,RBRK,trump_278t_2026_05_08_equity.pdf
ed4875c3d390,Donald Trump,trump_278t_2026_05_08_equity,705,COINBASE GLOBAL INC CLASS A,purchase,2026-01-12,2026-05-12,15001.0,50000.0,equity,COIN,trump_278t_2026_05_08_equity.pdf
764488e02169,Donald Trump,trump_278t_2026_05_08_equity,706,CARNIVAL CORP NEW IPAIREO STOCKI UNSOLICITED,purchase,2026-03-25,2026-05-12,15001.0,50000.0,equity,CCL,trump_278t_2026_05_08_equity.pdf
51c1fbab7150,Donald Trump,trump_278t_2026_05_08_equity,707,FIGMA INC CLASS A,purchase,2026-02-12,2026-05-12,15001.0,50000.0,equity,FIG,trump_278t_2026_05_08_equity.pdf
ab057e54e543,Donald Trump,trump_278t_2026_05_08_equity,708,BECTON DICKINSON & CO UNSOLICITED,purchase,2026-03-25,2026-05-12,15001.0,50000.0,other,,trump_278t_2026_05_08_equity.pdf
82f33ddd8f1a,Donald Trump,trump_278t_2026_05_08_equity,709,METTLER-TOLEDO INTL UNSOLICITED,purchase,2026-03-25,2026-05-12,15001.0,50000.0,other,,trump_278t_2026_05_08_equity.pdf
32dafa94d36c,Donald Trump,trump_278t_2026_05_08_equity,710,PFIZER INC UNSOLICITED,purchase,2026-01-25,2026-05-12,15001.0,50000.0,equity,PFE,trump_278t_2026_05_08_equity.pdf
4137ee9697e2,Donald Trump,trump_278t_2026_05_08_equity,711,WALMART INC UNSOLICITED,purchase,2026-01-11,2026-05-12,15001.0,50000.0,equity,WMT,trump_278t_2026_05_08_equity.pdf
9d8f7e08d978,Donald Trump,trump_278t_2026_05_08_equity,712,TEXAS INSTRUMENTS UNSOLICITED,purchase,2026-03-21,2026-05-12,15001.0,50000.0,other,,trump_278t_2026_05_08_equity.pdf
5ec7041d061a,Donald Trump,trump_278t_2026_05_08_equity,713,BOOKING HLOGS INC UNSOLICITED,purchase,2026-03-21,2026-05-12,15001.0,50000.0,equity,BKNG,trump_278t_2026_05_08_equity.pdf
5955ffb90653,Donald Trump,trump_278t_2026_05_08_equity,714,MONOLITHIC POWER SYSTEMS INC UNSOLICITED,purchase,2026-03-21,2026-05-12,15001.0,50000.0,equity,MPWR,trump_278t_2026_05_08_equity.pdf
7385f6e0e385,Donald Trump,trump_278t_2026_05_08_equity,715,QUALCOMM INC UNSOLICITED,purchase,2026-03-25,2026-05-12,15001.0,50000.0,equity,QCOM,trump_278t_2026_05_08_equity.pdf
d543255bede9,Donald Trump,trump_278t_2026_05_08_equity,716,PRICE T ROWE GROUP INC UNSOLICITED,purchase,2026-03-25,2026-05-12,15001.0,50000.0,equity,PSMT,trump_278t_2026_05_08_equity.pdf
b092e52dfd4c,Donald Trump,trump_278t_2026_05_08_equity,717,PINTEREST INC CLASS A,purchase,2026-02-12,2026-05-12,15001.0,50000.0,equity,PINS,trump_278t_2026_05_08_equity.pdf
7fe6a8c88e71,Donald Trump,trump_278t_2026_05_08_equity,718,LIVE NATION ENTERTAINMENT INC UNSOLICITED,purchase,2026-03-25,2026-05-12,15001.0,50000.0,equity,LYV,trump_278t_2026_05_08_equity.pdf
51409caecdd5,Donald Trump,trump_278t_2026_05_08_equity,719,WALMART INC UNSOLICITED,purchase,2026-03-25,2026-05-12,15001.0,50000.0,equity,WMT,trump_278t_2026_05_08_equity.pdf
3bf224f93f5e,Donald Trump,trump_278t_2026_05_08_equity,720,JOHNSON CTLS INTL PLC UNSOLICITED,purchase,2026-03-21,2026-05-12,15001.0,50000.0,equity,,trump_278t_2026_05_08_equity.pdf
a1c82dfddc1c,Donald Trump,trump_278t_2026_05_08_equity,721,RlX CORP UNSOLICITED,purchase,2026-03-21,2026-05-12,15001.0,50000.0,equity,,trump_278t_2026_05_08_equity.pdf
6e41dd4bed48,Donald Trump,trump_278t_2026_05_08_equity,722,NBT BANCORP INC,purchase,2026-03-04,2026-05-12,15001.0,50000.0,equity,NBTB,trump_278t_2026_05_08_equity.pdf
6dfa90dea123,Donald Trump,trump_278t_2026_05_08_equity,723,LIUY ELI & CO UNSOLICITED,purchase,2026-03-25,2026-05-12,15001.0,50000.0,other,,trump_278t_2026_05_08_equity.pdf
055d2a962b02,Donald Trump,trump_278t_2026_05_08_equity,724,MASTERCARD INC CL A UNSOLICITED,purchase,2026-03-25,2026-05-12,325202615001.0,50000.0,equity,MA,trump_278t_2026_05_08_equity.pdf
a6238efba4af,Donald Trump,trump_278t_2026_05_08_equity,726,CBRE GROUP INC CL A UNSOLICITED,purchase,2026-03-21,2026-05-12,15001.0,50000.0,equity,CBRE,trump_278t_2026_05_08_equity.pdf
4175bfd709e8,Donald Trump,trump_278t_2026_05_08_equity,727,UBER TECHNOLOGIES INC UNSOLICITED,purchase,2026-03-21,2026-05-12,1001.0,50000.0,equity,UBER,trump_278t_2026_05_08_equity.pdf
a21110910e39,Donald Trump,trump_278t_2026_05_08_equity,728,STARBUCKS CORP UNSOLICITED,purchase,2026-03-21,2026-05-12,15001.0,50000.0,equity,SBUX,trump_278t_2026_05_08_equity.pdf
1e03d5f11b2d,Donald Trump,trump_278t_2026_05_08_equity,729,PHILIP MORRIS INTL INC UNSOLICITED,purchase,2026-03-25,2026-05-12,15001.0,50000.0,equity,PM,trump_278t_2026_05_08_equity.pdf
9d7ddf6ea691,Donald Trump,trump_278t_2026_05_08_equity,731,DIGITAL REALTY TRUST INC REIT UNSOLICITED l,purchase,2026-03-21,2026-05-12,15001.0,50000.0,reit,,trump_278t_2026_05_08_equity.pdf
ce7fb70c8dd1,Donald Trump,trump_278t_2026_05_08_equity,642,GOLUB CAPITAL BOC INC,purchase,2026-03-17,2026-05-12,50001.0,100000.0,equity,GBDC,trump_278t_2026_05_08_equity.pdf
73d94e69a719,Donald Trump,trump_278t_2026_05_08_equity,641,BLACKSTONE SECURED LENDING FUND,purchase,2026-03-17,2026-05-12,50001.0,100000.0,other,,trump_278t_2026_05_08_equity.pdf
d6fe1eac54dc,Donald Trump,trump_278t_2026_05_08_equity,640,ARES CAPITAL CORP,purchase,2026-03-17,2026-05-12,50001.0,100000.0,equity,ARCC,trump_278t_2026_05_08_equity.pdf
846b3ce06711,Donald Trump,trump_278t_2026_05_08_equity,546,SAILPDINT INC,purchase,2026-02-12,2026-05-12,50001.0,100000.0,equity,,trump_278t_2026_05_08_equity.pdf
e5a66f70d9e0,Donald Trump,trump_278t_2026_05_08_equity,549,MERCK & CO INC COM UNSOLICITED,purchase,2026-03-02,2026-05-12,50001.0,100000.0,equity,MRK,trump_278t_2026_05_08_equity.pdf
f72513067867,Donald Trump,trump_278t_2026_05_08_equity,550,INTUITIVE SURGICAL INC UNSOLICITED,purchase,2026-03-02,2026-05-12,50001.0,100000.0,equity,ISRG,trump_278t_2026_05_08_equity.pdf
e9a90d2930d7,Donald Trump,trump_278t_2026_05_08_equity,551,VEEVA SYS INC CLASS A,purchase,2026-01-12,2026-05-12,50001.0,100000.0,equity,VEEV,trump_278t_2026_05_08_equity.pdf
7a34488fae64,Donald Trump,trump_278t_2026_05_08_equity,552,CHEVRON CORP UNSOLICITED,purchase,2026-03-23,2026-05-12,,,equity,CVX,trump_278t_2026_05_08_equity.pdf
36f0f910e9c1,Donald Trump,trump_278t_2026_05_08_equity,553,RESMED INC UNSOLICITED,purchase,2026-03-02,2026-05-12,50001.0,100000.0,equity,RMD,trump_278t_2026_05_08_equity.pdf
145745ac955f,Donald Trump,trump_278t_2026_05_08_equity,558,RITHM CAPITAL CORP REIT,purchase,2026-03-01,2026-05-12,50001.0,100000.0,reit,RITM,trump_278t_2026_05_08_equity.pdf
8e3f56d7530c,Donald Trump,trump_278t_2026_05_08_equity,558,JPMORGAN CHASE & CO UNSOLICITED,purchase,2026-01-11,2026-05-12,50001.0,100000.0,equity,JPM,trump_278t_2026_05_08_equity.pdf
28ea4e44033e,Donald Trump,trump_278t_2026_05_08_equity,559,LAUREATE ED INC,purchase,2026-03-23,2026-05-12,50001.0,100000.0,equity,LAUR,trump_278t_2026_05_08_equity.pdf
a0c392a063b4,Donald Trump,trump_278t_2026_05_08_equity,561,MOHAWK INDS INC f)Yrchalo,purchase,2026-03-04,2026-05-12,50001.0,100000.0,equity,MHK,trump_278t_2026_05_08_equity.pdf
66428b65c4fa,Donald Trump,trump_278t_2026_05_08_equity,563,COINBASE GLOBAL INC CLASS A IP<lrchalo,purchase,2026-03-11,2026-05-12,50001.0,100000.0,equity,COIN,trump_278t_2026_05_08_equity.pdf
0ab349ce4f70,Donald Trump,trump_278t_2026_05_08_equity,584,CORCEPT THERAPEUTICS INC I,purchase,2026-01-26,2026-05-12,50001.0,100000.0,equity,CORT,trump_278t_2026_05_08_equity.pdf
fbf0a8b828b0,Donald Trump,trump_278t_2026_05_08_equity,565,VORNADO RLTV TR REIT IP<lrchaso,purchase,2026-03-11,2026-05-12,50001.0,100000.0,other,,trump_278t_2026_05_08_equity.pdf
a2928b03a61e,Donald Trump,trump_278t_2026_05_08_equity,566,ASSURED GUARANTY LTD F I,purchase,2026-01-30,2026-05-12,50001.0,100000.0,other,,trump_278t_2026_05_08_equity.pdf
d2da553a35f3,Donald Trump,trump_278t_2026_05_08_equity,569,THE TRADE DESK INC CLASS A,purchase,2026-01-21,2026-05-12,50001.0,100000.0,equity,TTD,trump_278t_2026_05_08_equity.pdf
911bdd57597c,Donald Trump,trump_278t_2026_05_08_equity,570,APPLIED MATERIALS INC UNSOLICITED,purchase,2026-01-23,2026-05-12,50001.0,100000.0,equity,AMAT,trump_278t_2026_05_08_equity.pdf
5fd20ce4cd65,Donald Trump,trump_278t_2026_05_08_equity,571,VISTRACORP,purchase,2026-03-11,2026-05-12,50001.0,100000.0,other,,trump_278t_2026_05_08_equity.pdf
92484015da09,Donald Trump,trump_278t_2026_05_08_equity,572,ACCENTURE PLC IRELAND F CLASS A,purchase,2026-01-21,2026-05-12,50001.0,100000.0,equity,ACN,trump_278t_2026_05_08_equity.pdf
1e58f4d5c2f7,Donald Trump,trump_278t_2026_05_08_equity,573,ONEOK INC NEW,purchase,2026-01-21,2026-05-12,50001.0,100000.0,equity,OKE,trump_278t_2026_05_08_equity.pdf
967b81acf9cc,Donald Trump,trump_278t_2026_05_08_equity,574,APOUO GLOBAL MGMT INC N CLASS A,purchase,2026-03-11,2026-05-12,50001.0,100000.0,equity,,trump_278t_2026_05_08_equity.pdf
3dbc61a4fe52,Donald Trump,trump_278t_2026_05_08_equity,575,PROCTER & GAMBLE CO,purchase,2026-03-11,2026-05-12,50001.0,100000.0,other,,trump_278t_2026_05_08_equity.pdf
f81e9ae29418,Donald Trump,trump_278t_2026_05_08_equity,576,BROADCOM INC,purchase,2026-03-11,2026-05-12,50001.0,100000.0,equity,AVGO,trump_278t_2026_05_08_equity.pdf
52de086cbc75,Donald Trump,trump_278t_2026_05_08_equity,577,MOTOROLA SOLUTIONS INC UNSOLICITED,purchase,2026-03-02,2026-05-12,50001.0,100000.0,equity,MSI,trump_278t_2026_05_08_equity.pdf
2b7afbd0b35b,Donald Trump,trump_278t_2026_05_08_equity,576,HEALTHSTREAM INC,purchase,2026-01-26,2026-05-12,50001.0,100000.0,equity,HSTM,trump_278t_2026_05_08_equity.pdf
35cca4db2f74,Donald Trump,trump_278t_2026_05_08_equity,579,COSTAR GROUP INC,purchase,2026-03-16,2026-05-12,50001.0,100000.0,equity,CSGP,trump_278t_2026_05_08_equity.pdf
64a10f430440,Donald Trump,trump_278t_2026_05_08_equity,547,APPLE INC,purchase,2026-03-23,2026-05-12,50001.0,100000.0,equity,AAPL,trump_278t_2026_05_08_equity.pdf
b0a05b28311b,Donald Trump,trump_278t_2026_05_08_equity,560,CONSTELLATION BRANDS INC,purchase,2026-01-06,2026-05-12,50001.0,100000.0,equity,STZ,trump_278t_2026_05_08_equity.pdf
7211964c0ec3,Donald Trump,trump_278t_2026_05_08_equity,548,SPSCOMMINC,purchase,2026-03-30,2026-05-12,50001.0,100000.0,other,,trump_278t_2026_05_08_equity.pdf
fbea947a6aae,Donald Trump,trump_278t_2026_05_08_equity,544,UNITEDHEALTH GROUP INC UNSOLICITED,purchase,2026-03-02,2026-05-12,50001.0,100000.0,equity,UNH,trump_278t_2026_05_08_equity.pdf
bf404ad277a4,Donald Trump,trump_278t_2026_05_08_equity,518,TERRENO RLTY CORP REIT,purchase,2026-03-04,2026-05-12,50001.0,100000.0,reit,TRNO,trump_278t_2026_05_08_equity.pdf
03cd8f6dcc2f,Donald Trump,trump_278t_2026_05_08_equity,519,JPMORGAN CHASE & CO UNSOLICITED,purchase,2026-03-12,2026-05-12,50001.0,100000.0,equity,JPM,trump_278t_2026_05_08_equity.pdf
949dbfd5f53a,Donald Trump,trump_278t_2026_05_08_equity,520,LINDE PLC NEW EUR UNSOLICITED,purchase,2026-03-23,2026-05-12,50001.0,100000.0,equity,LIN,trump_278t_2026_05_08_equity.pdf
d03629d9846d,Donald Trump,trump_278t_2026_05_08_equity,521,ROPER TECHNOLOGIES INC,purchase,2026-03-18,2026-05-12,50001.0,100000.0,equity,ROP,trump_278t_2026_05_08_equity.pdf
c2516629998c,Donald Trump,trump_278t_2026_05_08_equity,522,LILLY ELI & CO UNSOLICITED,purchase,2026-03-23,2026-05-12,50001.0,100000.0,other,,trump_278t_2026_05_08_equity.pdf
83a7bde951b6,Donald Trump,trump_278t_2026_05_08_equity,523,MASTERCARD INC CL A UNSOLICITED,purchase,2026-03-02,2026-05-12,50001.0,100000.0,equity,MA,trump_278t_2026_05_08_equity.pdf
6b3bf1ed2650,Donald Trump,trump_278t_2026_05_08_equity,524,SOUTl1ERN CO,purchase,2026-01-12,2026-05-12,50001.0,100000.0,other,,trump_278t_2026_05_08_equity.pdf
f7d4f913b1a0,Donald Trump,trump_278t_2026_05_08_equity,525,CORVELCORP,purchase,2026-01-26,2026-05-12,50001.0,100000.0,other,,trump_278t_2026_05_08_equity.pdf
e2293de178a8,Donald Trump,trump_278t_2026_05_08_equity,528,LUMENTUM HOLDINGS INC UNSOLICITED,purchase,2026-03-21,2026-05-12,50001.0,100000.0,equity,LITE,trump_278t_2026_05_08_equity.pdf
dc42a2ef69da,Donald Trump,trump_278t_2026_05_08_equity,527,Kl.A CORP UNSOLICITED I,purchase,2026-03-11,2026-05-12,50001.0,1.00000500011e+16,equity,,trump_278t_2026_05_08_equity.pdf
283ffb4247c6,Donald Trump,trump_278t_2026_05_08_equity,528,BRIGHT HORIZONS FAMILY S,purchase,2026-01-21,2026-05-12,,,other,,trump_278t_2026_05_08_equity.pdf
8c174c3deaf1,Donald Trump,trump_278t_2026_05_08_equity,529,DRAFTI<INGS INC NEW CLASS A,purchase,2026-02-12,2026-05-12,50001.0,100000.0,equity,,trump_278t_2026_05_08_equity.pdf
f36be43faf14,Donald Trump,trump_278t_2026_05_08_equity,530,QUANTA SVCS INC,purchase,2026-01-06,2026-05-12,50001.0,100000.0,equity,PWR,trump_278t_2026_05_08_equity.pdf
ede4a8d8c1f3,Donald Trump,trump_278t_2026_05_08_equity,531,DOORDASH INC CLASS A IDUrchDIO,purchase,2026-01-12,2026-05-12,50001.0,100000.0,equity,DASH,trump_278t_2026_05_08_equity.pdf
493c87c258f4,Donald Trump,trump_278t_2026_05_08_equity,532,GRIFFON CORP,purchase,2026-03-30,2026-05-12,50001.0,100000.0,equity,GFF,trump_278t_2026_05_08_equity.pdf
ad59ade8cd77,Donald Trump,trump_278t_2026_05_08_equity,534,JABIL INC UNSOLICITED,purchase,2026-03-02,2026-05-12,50001.0,100000.0,equity,JBL,trump_278t_2026_05_08_equity.pdf
16c58fee5e88,Donald Trump,trump_278t_2026_05_08_equity,535,ALKERMES PLC F,purchase,2026-03-30,2026-05-12,50001.0,100000.0,equity,ALKS,trump_278t_2026_05_08_equity.pdf
270e79fc66f6,Donald Trump,trump_278t_2026_05_08_equity,538,PG&E CORP I,purchase,2026-01-06,2026-05-12,50001.0,100000.0,equity,PCG$X,trump_278t_2026_05_08_equity.pdf
af705d66f018,Donald Trump,trump_278t_2026_05_08_equity,537,FLOOR & DECOR HLDGS INC CLASS A,purchase,2026-03-18,2026-05-12,50001.0,100000.0,equity,FND,trump_278t_2026_05_08_equity.pdf
90dfe1f2cde1,Donald Trump,trump_278t_2026_05_08_equity,536,- WATERS CORP,purchase,2026-01-07,2026-05-12,50001.0,100000.0,equity,WAT,trump_278t_2026_05_08_equity.pdf
d50903ab4230,Donald Trump,trump_278t_2026_05_08_equity,539,TPG INC CLASS A,purchase,2026-01-21,2026-05-12,50001.0,100000.0,equity,TPG,trump_278t_2026_05_08_equity.pdf
349a3f959ece,Donald Trump,trump_278t_2026_05_08_equity,540,QUALCOMM INC UNSOLICITED,purchase,2026-03-11,2026-05-12,50001.0,100000.0,equity,QCOM,trump_278t_2026_05_08_equity.pdf
a9b76d2eb883,Donald Trump,trump_278t_2026_05_08_equity,541,ESSENTIAL PPTYS RLT Y TR REIT,purchase,2026-03-04,2026-05-12,50001.0,100000.0,other,,trump_278t_2026_05_08_equity.pdf
00290dca41cf,Donald Trump,trump_278t_2026_05_08_equity,542,NUTANIX INC CLASS A,purchase,2026-01-21,2026-05-12,50001.0,100000.0,equity,NTNX,trump_278t_2026_05_08_equity.pdf
9be61ed6ede3,Donald Trump,trump_278t_2026_05_08_equity,543,TREXCOINC,purchase,2026-03-18,2026-05-12,50001.0,100000.0,other,,trump_278t_2026_05_08_equity.pdf
cae11bf7da93,Donald Trump,trump_278t_2026_05_08_equity,545,APPLE INC,purchase,2026-03-17,2026-05-12,50001.0,100000.0,equity,AAPL,trump_278t_2026_05_08_equity.pdf
3bfa4aa5ed88,Donald Trump,trump_278t_2026_05_08_equity,581,HOME DEPOT INC UNSOLICITED,purchase,2026-03-11,2026-05-12,50001.0,100000.0,equity,HD,trump_278t_2026_05_08_equity.pdf
3a80b18fc961,Donald Trump,trump_278t_2026_05_08_equity,562,BROADCOM INC COM,purchase,2026-01-06,2026-05-12,50001.0,100000.0,equity,AVGO,trump_278t_2026_05_08_equity.pdf
344d45a638c0,Donald Trump,trump_278t_2026_05_08_equity,583,DOXIMITV INC CLASS A,purchase,2026-01-21,2026-05-12,50001.0,100000.0,equity,,trump_278t_2026_05_08_equity.pdf
c793c3fbf393,Donald Trump,trump_278t_2026_05_08_equity,615,DNOWINC,purchase,2026-03-30,2026-05-12,50001.0,100000.0,other,,trump_278t_2026_05_08_equity.pdf
db110550945e,Donald Trump,trump_278t_2026_05_08_equity,616,CORPAYINC,purchase,2026-03-18,2026-05-12,50001.0,100000.0,other,,trump_278t_2026_05_08_equity.pdf
a8dc972d4fb9,Donald Trump,trump_278t_2026_05_08_equity,617,LAM RESEARCH CORP UNSOLICITED,purchase,2026-03-12,2026-05-12,50001.0,100000.0,equity,LRCX,trump_278t_2026_05_08_equity.pdf
da7f61404138,Donald Trump,trump_278t_2026_05_08_equity,618,SNAP INC CLASS A,purchase,2026-02-12,2026-05-12,50001.0,100000.0,equity,SNAP,trump_278t_2026_05_08_equity.pdf
5b07cf82e0f9,Donald Trump,trump_278t_2026_05_08_equity,619,Kl.A CORP UNSOLICITED,purchase,2026-03-23,2026-05-12,,,equity,,trump_278t_2026_05_08_equity.pdf
41173cef0534,Donald Trump,trump_278t_2026_05_08_equity,620,STE SRT CNSR STPLS SLCT SEC SPDR ETF,purchase,2026-03-04,2026-05-12,50001.0,100000.0,etf,,trump_278t_2026_05_08_equity.pdf
f4e80d6daa38,Donald Trump,trump_278t_2026_05_08_equity,621,TE CONNECTMTY PLC UNSOLICITED,purchase,2026-03-12,2026-05-12,50001.0,100000.0,equity,,trump_278t_2026_05_08_equity.pdf
b1e10ad92229,Donald Trump,trump_278t_2026_05_08_equity,622,PAYCOM SOFTWARE INC,purchase,2026-02-12,2026-05-12,50001.0,100000.0,equity,PAYC,trump_278t_2026_05_08_equity.pdf
415e38f8e8af,Donald Trump,trump_278t_2026_05_08_equity,623,INNOSPEC INC,purchase,2026-03-04,2026-05-12,50001.0,100000.0,equity,IOSP,trump_278t_2026_05_08_equity.pdf
0e7c284e8013,Donald Trump,trump_278t_2026_05_08_equity,624,THE CAMPBELL'S CO,purchase,2026-03-11,2026-05-12,50001.0,100000.0,other,,trump_278t_2026_05_08_equity.pdf
63310017d692,Donald Trump,trump_278t_2026_05_08_equity,625,FRANKLIN ELEC INC,purchase,2026-03-04,2026-05-12,50001.0,100000.0,equity,FELE,trump_278t_2026_05_08_equity.pdf
d11b26ffaf44,Donald Trump,trump_278t_2026_05_08_equity,626,TOAST INC CLASS A,purchase,2026-03-18,2026-05-12,50001.0,100000.0,equity,TOST,trump_278t_2026_05_08_equity.pdf
16004fa97031,Donald Trump,trump_278t_2026_05_08_equity,627,ADVANCED MICRO DEVICES INC UNSOLICITED,purchase,2026-03-11,2026-05-12,50001.0,100000.0,equity,AMD,trump_278t_2026_05_08_equity.pdf
7eb6f2934a8c,Donald Trump,trump_278t_2026_05_08_equity,828,TG THERAPEUTICS INC,purchase,2026-02-28,2026-05-12,50001.0,100000.0,equity,TGTX,trump_278t_2026_05_08_equity.pdf
eb34e0728b8c,Donald Trump,trump_278t_2026_05_08_equity,629,DUKE ENERGY CORP l,purchase,2026-01-23,2026-05-12,50001.0,100000.0,equity,,trump_278t_2026_05_08_equity.pdf
bfb86f00ab30,Donald Trump,trump_278t_2026_05_08_equity,630,VISA INC Cl.ASS A I,purchase,2026-01-12,2026-05-12,50001.0,100000.0,equity,V,trump_278t_2026_05_08_equity.pdf
fe3ab1fa81c5,Donald Trump,trump_278t_2026_05_08_equity,631,APPLIED MATERIALS INC UNSOLICITED l,purchase,2026-03-12,2026-05-12,50001.0,100000.0,equity,AMAT,trump_278t_2026_05_08_equity.pdf
dedf3680b0e1,Donald Trump,trump_278t_2026_05_08_equity,632,LAM RESEARCH CORP UNSOLICITED I,purchase,2026-03-23,2026-05-12,50001.0,100000.0,equity,LRCX,trump_278t_2026_05_08_equity.pdf
a6a5ff4e5172,Donald Trump,trump_278t_2026_05_08_equity,633,BALCHEM CORP I,purchase,2026-03-04,2026-05-12,50001.0,100000.0,equity,BCPC,trump_278t_2026_05_08_equity.pdf
96a925bb9c09,Donald Trump,trump_278t_2026_05_08_equity,634,ABMINDSINC,purchase,2026-03-04,2026-05-12,50001.0,100000.0,other,,trump_278t_2026_05_08_equity.pdf
d85d373a6be3,Donald Trump,trump_278t_2026_05_08_equity,835,NETFLIX INC UNSOLICITED,purchase,2026-03-12,2026-05-12,50001.0,100000.0,etf,NFLX,trump_278t_2026_05_08_equity.pdf
691b68577c9e,Donald Trump,trump_278t_2026_05_08_equity,636,BLUE OWL CAPITAL INC CL A,purchase,2026-03-17,2026-05-12,50001.0,100000.0,equity,,trump_278t_2026_05_08_equity.pdf
6e54927fa9a7,Donald Trump,trump_278t_2026_05_08_equity,637,DATADOG INC CLASS A,purchase,2026-02-12,2026-05-12,50001.0,100000.0,equity,DDOG,trump_278t_2026_05_08_equity.pdf
d0509beee1bb,Donald Trump,trump_278t_2026_05_08_equity,638,SIXTH STREET SPECIALT Y LENDING INC,purchase,2026-03-17,2026-05-12,50001.0,100000.0,equity,TSLX,trump_278t_2026_05_08_equity.pdf
78b7c1a9a7f4,Donald Trump,trump_278t_2026_05_08_equity,639,MONOLITHIC POWER SYSTEMS INC UNSOLICITED,purchase,2026-03-11,2026-05-12,50001.0,100000.0,equity,MPWR,trump_278t_2026_05_08_equity.pdf
9f89dd1eadec,Donald Trump,trump_278t_2026_05_08_equity,614,EXI.SERVICE HLDGS INC,purchase,2026-02-12,2026-05-12,50001.0,100000.0,equity,,trump_278t_2026_05_08_equity.pdf
f6d6c0911dba,Donald Trump,trump_278t_2026_05_08_equity,613,BRIGHTSPRING HEALTH SVCS,purchase,2026-03-04,2026-05-12,50001.0,100000.0,other,,trump_278t_2026_05_08_equity.pdf
d1683d1b2f90,Donald Trump,trump_278t_2026_05_08_equity,612,DIGITAL REALT Y TRUST INC REIT UNSOLICITED,purchase,2026-03-23,2026-05-12,50001.0,100000.0,reit,,trump_278t_2026_05_08_equity.pdf
21a89fd15bd4,Donald Trump,trump_278t_2026_05_08_equity,611,EVERTEC INC F,purchase,2026-02-28,2026-05-12,50001.0,100000.0,equity,EVTC,trump_278t_2026_05_08_equity.pdf
7b1214aed22f,Donald Trump,trump_278t_2026_05_08_equity,584,CROWN CASTLE INC REIT REIT,purchase,2026-01-21,2026-05-12,50001.0,100000.0,reit,CCI,trump_278t_2026_05_08_equity.pdf
93b74bdfda05,Donald Trump,trump_278t_2026_05_08_equity,585,LCIINDS,purchase,2026-01-30,2026-05-12,50001.0,100000.0,other,,trump_278t_2026_05_08_equity.pdf
bd18e2b3fde7,Donald Trump,trump_278t_2026_05_08_equity,586,MICRON TECHNOLOGY INC UNSOLICITED,purchase,2026-01-11,2026-05-12,50001.0,100000.0,equity,MU,trump_278t_2026_05_08_equity.pdf
c34039674f4e,Donald Trump,trump_278t_2026_05_08_equity,587,BERKSHIRE HATHAWAY INC NEW CL B UNSOLICITED,purchase,2026-03-11,2026-05-12,50001.0,100000.0,equity,,trump_278t_2026_05_08_equity.pdf
98f6cb1a1bc5,Donald Trump,trump_278t_2026_05_08_equity,588,REVVITVINC,purchase,2026-03-11,2026-05-12,50001.0,100000.0,other,,trump_278t_2026_05_08_equity.pdf
e9e4786b87ba,Donald Trump,trump_278t_2026_05_08_equity,589,ARTISAN PARTNERS ASSET M CLASS A,purchase,2026-01-30,2026-05-12,50001.0,100000.0,equity,APAM,trump_278t_2026_05_08_equity.pdf
8581a7c51eec,Donald Trump,trump_278t_2026_05_08_equity,590,DOCUSIGN INC,purchase,2026-01-21,2026-05-12,50001.0,100000.0,equity,DOCU,trump_278t_2026_05_08_equity.pdf
28b996af78dc,Donald Trump,trump_278t_2026_05_08_equity,591,ON SEMICONDUCTOR CORP,purchase,2026-02-10,2026-05-12,50001.0,100000.0,equity,ON,trump_278t_2026_05_08_equity.pdf
f0b10b809d2e,Donald Trump,trump_278t_2026_05_08_equity,592,ELASTIC NVF,purchase,2026-01-21,2026-05-12,50001.0,100000.0,other,,trump_278t_2026_05_08_equity.pdf
4c66af3dae18,Donald Trump,trump_278t_2026_05_08_equity,593,SOUTHERN COMPANY,purchase,2026-01-23,2026-05-12,50001.0,100000.0,other,,trump_278t_2026_05_08_equity.pdf
a5574ab8cebe,Donald Trump,trump_278t_2026_05_08_equity,594,BLACKSTONE INC CL A UNSOLICITED,purchase,2026-03-02,2026-05-12,50001.0,100000.0,equity,BX,trump_278t_2026_05_08_equity.pdf
aa00916c3a1d,Donald Trump,trump_278t_2026_05_08_equity,595,PROLOGIS INC COM UNSOLICITED,purchase,2026-03-23,2026-05-12,50001.0,100000.0,equity,PLD,trump_278t_2026_05_08_equity.pdf
25e52fba4dab,Donald Trump,trump_278t_2026_05_08_equity,769,GOLDMAN SACHS GROUP INC UNSOLICITED,purchase,2026-03-21,2026-05-12,15001.0,50000.0,equity,GS,trump_278t_2026_05_08_equity.pdf
b8bfbf93eed8,Donald Trump,trump_278t_2026_05_08_equity,596,VEEVA SYS INC CLASS A,purchase,2026-03-11,2026-05-12,50001.0,100000.0,equity,VEEV,trump_278t_2026_05_08_equity.pdf
465b428aa544,Donald Trump,trump_278t_2026_05_08_equity,598,SUPER MICRO COMPUTER INC UNSOLICITED,purchase,2026-03-23,2026-05-12,50001.0,100000.0,equity,SMCI,trump_278t_2026_05_08_equity.pdf
91e99fcccc6d,Donald Trump,trump_278t_2026_05_08_equity,599,PHILIP MORRIS INTL INC UNSOLICITED,purchase,2026-03-12,2026-05-12,50001.0,100000.0,equity,PM,trump_278t_2026_05_08_equity.pdf
9128a7c3a162,Donald Trump,trump_278t_2026_05_08_equity,600,FAIR ISAAC CORP,purchase,2026-03-11,2026-05-12,50001.0,100000.0,equity,FICO,trump_278t_2026_05_08_equity.pdf
6bbb00bb0b2a,Donald Trump,trump_278t_2026_05_08_equity,601,FIRST INTST BANCSYSTEM I CLASS A I,purchase,2026-03-04,2026-05-12,50001.0,100000.0,equity,,trump_278t_2026_05_08_equity.pdf
ebc198fda88d,Donald Trump,trump_278t_2026_05_08_equity,602,GITLAB INC CLASS A IDUrchuo,purchase,2026-02-12,2026-05-12,50001.0,100000.0,equity,GTLB,trump_278t_2026_05_08_equity.pdf
e77842fc4651,Donald Trump,trump_278t_2026_05_08_equity,603,OLD DOMINION FREIGHT LIN I,purchase,2026-01-12,2026-05-12,50001.0,100000.0,other,,trump_278t_2026_05_08_equity.pdf
0223f45bea1a,Donald Trump,trump_278t_2026_05_08_equity,604,PUBLIC SERVICE ENTERPRSE GROUP INC UNSOLICITED lpun:haso,purchase,2026-03-02,2026-05-12,50001.0,100000.0,equity,,trump_278t_2026_05_08_equity.pdf
ff17397c3b82,Donald Trump,trump_278t_2026_05_08_equity,605,NEXTERA ENERGY INC COM UNSOLICITED IDUrcheso,purchase,2026-03-02,2026-05-12,50001.0,100000.0,equity,,trump_278t_2026_05_08_equity.pdf
3084ef8471c4,Donald Trump,trump_278t_2026_05_08_equity,607,FORD MOTOR CO COM UNSOLICITED,purchase,2026-03-23,2026-05-12,50001.0,100000.0,other,,trump_278t_2026_05_08_equity.pdf
b409e8ae17e1,Donald Trump,trump_278t_2026_05_08_equity,606,ALPHABET INC CLASS A,purchase,2026-03-23,2026-05-12,50001.0,100000.0,equity,GOOGL,trump_278t_2026_05_08_equity.pdf
ba748e6ba294,Donald Trump,trump_278t_2026_05_08_equity,609,PALOMAR HLDGS INC,purchase,2026-03-30,2026-05-12,50001.0,100000.0,equity,PLMR,trump_278t_2026_05_08_equity.pdf
a5ff9dd86d4f,Donald Trump,trump_278t_2026_05_08_equity,610,PARKNATLCORP,purchase,2026-03-30,2026-05-12,50001.0,100000.0,other,,trump_278t_2026_05_08_equity.pdf
f26e4ddee705,Donald Trump,trump_278t_2026_05_08_equity,597,PENNYMAC MTG INVT TR REIT,purchase,2026-02-26,2026-05-12,50001.0,100000.0,other,,trump_278t_2026_05_08_equity.pdf
6e9351857ae2,Donald Trump,trump_278t_2026_05_08_equity,517,TEXAS INSTRUMENTS INC,purchase,2026-01-23,2026-05-12,50001.0,100000.0,equity,TXN,trump_278t_2026_05_08_equity.pdf
c1d450b25288,Donald Trump,trump_278t_2026_05_08_equity,770,THERMO FISHER SCIENTIFIC INC UNSOLICITED I,purchase,2026-03-21,2026-05-12,15001.0,50000.0,equity,TMO,trump_278t_2026_05_08_equity.pdf
bd2b66d792a2,Donald Trump,trump_278t_2026_05_08_equity,774,MORGAN STANLEY UNSOLICITED,purchase,2026-03-25,2026-05-12,15001.0,50000.0,other,,trump_278t_2026_05_08_equity.pdf
dcacf9b136f2,Donald Trump,trump_278t_2026_05_08_equity,939,EQUINIX INC REIT UNSOLICITED,purchase,2026-03-31,2026-05-12,15001.0,50000.0,reit,EQIX,trump_278t_2026_05_08_equity.pdf
abd0a8163a7f,Donald Trump,trump_278t_2026_05_08_equity,940,IQVIA HLDGS INC UNSOLICITED,purchase,2026-03-31,2026-05-12,15001.0,50000.0,equity,IQV,trump_278t_2026_05_08_equity.pdf
8f8ee2f3d497,Donald Trump,trump_278t_2026_05_08_equity,941,FIDELITY NATL INFORMATION SVCS UNSOLICITED,purchase,2026-03-31,2026-05-12,15001.0,50000.0,other,,trump_278t_2026_05_08_equity.pdf
f6daf9b9beb5,Donald Trump,trump_278t_2026_05_08_equity,942,GALLAGHER ARTHUR J & CO UNSOLICITED,purchase,2026-03-23,2026-05-12,15001.0,50000.0,other,,trump_278t_2026_05_08_equity.pdf
a72ce467c351,Donald Trump,trump_278t_2026_05_08_equity,943,XYLEM INC UNSOLICITED,purchase,2026-03-23,2026-05-12,15001.0,50000.0,equity,XYL,trump_278t_2026_05_08_equity.pdf
f5d497a1d0aa,Donald Trump,trump_278t_2026_05_08_equity,944,PEPSICO INC UNSOLICITED,purchase,2026-03-23,2026-05-12,15001.0,50000.0,equity,PEP,trump_278t_2026_05_08_equity.pdf
c4c36f35f7a2,Donald Trump,trump_278t_2026_05_08_equity,945,Mota Plat!Offfla. Inc,purchase,2026-01-06,2026-05-12,15001.0,50000.0,equity,,trump_278t_2026_05_08_equity.pdf
349eab82a7f1,Donald Trump,trump_278t_2026_05_08_equity,946,GILEAD SCIENCES INC UNSOLICITED,purchase,2026-01-23,2026-05-12,15001.0,50000.0,equity,GILD,trump_278t_2026_05_08_equity.pdf
5888a3b276b8,Donald Trump,trump_278t_2026_05_08_equity,947,T-MOBILE US INC COM UNSOLICITED,purchase,2026-01-23,2026-05-12,15001.0,50000.0,equity,TMUS,trump_278t_2026_05_08_equity.pdf
cc880efd56b8,Donald Trump,trump_278t_2026_05_08_equity,948,BERKSHIRE HATHAWAY INC NEW CL B UNSOLICITED,purchase,2026-01-23,2026-05-12,15001.0,50000.0,equity,,trump_278t_2026_05_08_equity.pdf
57eae0aa400a,Donald Trump,trump_278t_2026_05_08_equity,950,COINBASE GLOBAL INC,purchase,2026-03-17,2026-05-12,15001.0,50000.0,equity,COIN,trump_278t_2026_05_08_equity.pdf
f5f4b7fae53c,Donald Trump,trump_278t_2026_05_08_equity,951,STRYKER CORP UNSOLICITED,purchase,2026-03-23,2026-05-12,15001.0,50000.0,equity,SYK,trump_278t_2026_05_08_equity.pdf
fa779fd62c6b,Donald Trump,trump_278t_2026_05_08_equity,952,VALERO ENERGY CORP NEW UNSOLICITED,purchase,2026-03-23,2026-05-12,15001.0,50000.0,equity,VLO,trump_278t_2026_05_08_equity.pdf
859a7d7c04dc,Donald Trump,trump_278t_2026_05_08_equity,953,OCCIDENTAL PETROLEUM CRP UNSOLICITED,purchase,2026-03-23,2026-05-12,15001.0,50000.0,other,,trump_278t_2026_05_08_equity.pdf
c1f7bbb452b3,Donald Trump,trump_278t_2026_05_08_equity,954,DELL TECHNOLOGIES INC CL C UNSOLICITED,purchase,2026-03-02,2026-05-12,15001.0,50000.0,equity,DELL,trump_278t_2026_05_08_equity.pdf
e28f5d7ec078,Donald Trump,trump_278t_2026_05_08_equity,955,LIFE TIME GROUP HLDGS IN,purchase,2026-03-30,2026-05-12,15001.0,50000.0,other,,trump_278t_2026_05_08_equity.pdf
5fd0063122de,Donald Trump,trump_278t_2026_05_08_equity,957,WORKDAY INC CL A UNSOLICITED,purchase,2026-03-02,2026-05-12,15001.0,50000.0,equity,WDAY,trump_278t_2026_05_08_equity.pdf
0eaf4904e951,Donald Trump,trump_278t_2026_05_08_equity,958,EOG RESOURCES INC,purchase,2026-01-23,2026-05-12,15001.0,50000.0,equity,EOG,trump_278t_2026_05_08_equity.pdf
cc62cc823bed,Donald Trump,trump_278t_2026_05_08_equity,959,WALT DISNEY CO (HOLDING COl DISNEY COM UNSOLICITED,purchase,2026-03-23,2026-05-12,15001.0,50000.0,other,,trump_278t_2026_05_08_equity.pdf
6315a7f6e920,Donald Trump,trump_278t_2026_05_08_equity,960,"PARKER HANNIFIN CORP UNSOLICITED ,",purchase,2026-03-02,2026-05-12,15001.0,50000.0,equity,PH,trump_278t_2026_05_08_equity.pdf
8815cf86ec8f,Donald Trump,trump_278t_2026_05_08_equity,961,HIGHWOODS PPTYS INC REIT I,purchase,2026-01-25,2026-05-12,15001.0,50000.0,reit,HIW,trump_278t_2026_05_08_equity.pdf
a2b1ca3bd7ad,Donald Trump,trump_278t_2026_05_08_equity,962,COSTAR GROUP INC UNSOLICITED I,purchase,2026-03-23,2026-05-12,15001.0,50000.0,equity,CSGP,trump_278t_2026_05_08_equity.pdf
a83c953a2a4e,Donald Trump,trump_278t_2026_05_08_equity,964,WALKER & DUNLOP INC l,purchase,2026-03-30,2026-05-12,15001.0,50000.0,equity,WD,trump_278t_2026_05_08_equity.pdf
1d9507033a1c,Donald Trump,trump_278t_2026_05_08_equity,965,QUALCOMM INC UNSOLICITED I,purchase,2026-03-23,2026-05-12,15001.0,50000.0,equity,QCOM,trump_278t_2026_05_08_equity.pdf
92f29223351d,Donald Trump,trump_278t_2026_05_08_equity,966,ALPHABET INC CL A I,purchase,2026-03-17,2026-05-12,15001.0,50000.0,equity,GOOGL,trump_278t_2026_05_08_equity.pdf
ae3737568758,Donald Trump,trump_278t_2026_05_08_equity,938,MOTOROLA SOLUTIONS INC UNSOLICITED,purchase,2026-03-31,2026-05-12,15001.0,50000.0,equity,MSI,trump_278t_2026_05_08_equity.pdf
45cd242890d3,Donald Trump,trump_278t_2026_05_08_equity,967,CINEMARK HLDGS INC,purchase,2026-02-26,2026-05-12,15001.0,50000.0,equity,CNK,trump_278t_2026_05_08_equity.pdf
ac801ffad894,Donald Trump,trump_278t_2026_05_08_equity,937,SCHWAB CHARLES CORP NEW UNSOLICITED,purchase,2026-03-31,2026-05-12,15001.0,50000.0,equity,,trump_278t_2026_05_08_equity.pdf
c19d1d0cf9ce,Donald Trump,trump_278t_2026_05_08_equity,935,AGILENT TECHNOLOGIES INC UNSOLICITED I oun:hase,purchase,2026-03-31,2026-05-12,15001.0,50000.0,equity,A,trump_278t_2026_05_08_equity.pdf
56389d5d412d,Donald Trump,trump_278t_2026_05_08_equity,903,WALT DISNEY CO /HOLDING COl DISNEY COM UNSOLICITED,purchase,2026-03-02,2026-05-12,15001.0,50000.0,other,,trump_278t_2026_05_08_equity.pdf
e1eba8d86621,Donald Trump,trump_278t_2026_05_08_equity,905,KIMBERLY CLARK CORP UNSOLICITED,purchase,2026-03-31,2026-05-12,15001.0,50000.0,equity,KMB,trump_278t_2026_05_08_equity.pdf
db380f6d569e,Donald Trump,trump_278t_2026_05_08_equity,906,WALMART INC UNSOLICITED,purchase,2026-03-23,2026-05-12,15001.0,50000.0,equity,WMT,trump_278t_2026_05_08_equity.pdf
c0c00c865a47,Donald Trump,trump_278t_2026_05_08_equity,907,TARGET CORP UNSOLICITED,purchase,2026-03-23,2026-05-12,15001.0,50000.0,equity,TGT,trump_278t_2026_05_08_equity.pdf
cda7e1de8eee,Donald Trump,trump_278t_2026_05_08_equity,908,NUCOR CORP UNSOLICITED,purchase,2026-03-31,2026-05-12,15001.0,50000.0,equity,NUE,trump_278t_2026_05_08_equity.pdf
45259bca4c33,Donald Trump,trump_278t_2026_05_08_equity,909,TRUIST FINL CORP UNSOLICITED,purchase,2026-03-31,2026-05-12,15001.0,50000.0,equity,,trump_278t_2026_05_08_equity.pdf
5408aedc5914,Donald Trump,trump_278t_2026_05_08_equity,910,CISCO SYSTEMS INC UNSOLICITED,purchase,2026-03-23,2026-05-12,15001.0,50000.0,equity,CSCO,trump_278t_2026_05_08_equity.pdf
64df1d87c004,Donald Trump,trump_278t_2026_05_08_equity,911,NTHN TRUST CORP UNSOLICITED,purchase,2026-03-23,2026-05-12,15001.0,50000.0,equity,,trump_278t_2026_05_08_equity.pdf
a2d2a836027f,Donald Trump,trump_278t_2026_05_08_equity,912,EVERGY INC UNSOLICITED,purchase,2026-03-23,2026-05-12,15001.0,50000.0,equity,EVRG,trump_278t_2026_05_08_equity.pdf
21286416e3bf,Donald Trump,trump_278t_2026_05_08_equity,913,INTUITIVE SURGICAL INC UNSOLICITED,purchase,2026-03-23,2026-05-12,15001.0,50000.0,equity,ISRG,trump_278t_2026_05_08_equity.pdf
2d050544673c,Donald Trump,trump_278t_2026_05_08_equity,914,BANK OF AMER CORP UNSOLICITED,purchase,2026-03-23,2026-05-12,15001.0,,equity,,trump_278t_2026_05_08_equity.pdf
eafb8d328477,Donald Trump,trump_278t_2026_05_08_equity,915,ARCH CAPITAL GROUP LTD /BERMUDA! UNSOLICITED,purchase,2026-03-31,2026-05-12,1001.0,50000.0,other,,trump_278t_2026_05_08_equity.pdf
97ca56596c68,Donald Trump,trump_278t_2026_05_08_equity,916,ADVANCED MICRO DEVICES INC UNSOLICITED,purchase,2026-03-31,2026-05-12,15001.0,,equity,AMD,trump_278t_2026_05_08_equity.pdf
19dd0fa72cba,Donald Trump,trump_278t_2026_05_08_equity,917,BIO TECHNE CORP COM UNSOLICITED,purchase,2026-03-23,2026-05-12,15001.0,50000.0,equity,TECH,trump_278t_2026_05_08_equity.pdf
63521879d879,Donald Trump,trump_278t_2026_05_08_equity,918,MERCK & CO INC COM UNSOLICITED,purchase,2026-03-31,2026-05-12,15001.0,50000.0,equity,MRK,trump_278t_2026_05_08_equity.pdf
3d70c6348795,Donald Trump,trump_278t_2026_05_08_equity,919,PAYCHEX INC UNSOLICITED,purchase,2026-03-23,2026-05-12,15001.0,50000.0,equity,PAYX,trump_278t_2026_05_08_equity.pdf
469946e92ed5,Donald Trump,trump_278t_2026_05_08_equity,920,ANALOG DEVICES INC UNSOLICITED,purchase,2026-03-31,2026-05-12,15001.0,50000.0,equity,ADI,trump_278t_2026_05_08_equity.pdf
8642dec8853a,Donald Trump,trump_278t_2026_05_08_equity,921,PNC FINANCIAi. SERVICES GROUP UNSOLICITED,purchase,2026-03-23,2026-05-12,15001.0,50000.0,other,,trump_278t_2026_05_08_equity.pdf
7499ece96315,Donald Trump,trump_278t_2026_05_08_equity,922,STATE STREET CORP UNSOLICITED,purchase,2026-03-23,2026-05-12,15001.0,50000.0,etf,STT,trump_278t_2026_05_08_equity.pdf
c0e48ed51c7e,Donald Trump,trump_278t_2026_05_08_equity,923,PHILLIPS 68 UNSOLICITED oun:hase,purchase,2026-03-23,2026-05-12,15001.0,50000.0,other,,trump_278t_2026_05_08_equity.pdf
edb4de2c8efc,Donald Trump,trump_278t_2026_05_08_equity,928,WELLTOWER INC REIT1JNSOLICITED,purchase,2026-03-23,2026-05-12,15001.0,50000.0,reit,WELL,trump_278t_2026_05_08_equity.pdf
cdf36b1e4984,Donald Trump,trump_278t_2026_05_08_equity,927,TARGA RESOURCES CORP UNSOLICITED,purchase,2026-03-23,2026-05-12,15001.0,50000.0,equity,TRGP,trump_278t_2026_05_08_equity.pdf
1d2c9977babf,Donald Trump,trump_278t_2026_05_08_equity,929,ALLSTATE CORP UNSOLICITED,purchase,2026-03-31,2026-05-12,15001.0,50000.0,equity,,trump_278t_2026_05_08_equity.pdf
b85482d76195,Donald Trump,trump_278t_2026_05_08_equity,930,FEDEX CORP UNSOLICITED I oun:hase,purchase,2026-03-31,2026-05-12,15001.0,50000.0,equity,,trump_278t_2026_05_08_equity.pdf
7cbeff31912b,Donald Trump,trump_278t_2026_05_08_equity,934,VENTAS INC UNSOLICITED loun:hase,purchase,2026-03-23,2026-05-12,15001.0,50000.0,equity,VTR,trump_278t_2026_05_08_equity.pdf
3dd76755bda3,Donald Trump,trump_278t_2026_05_08_equity,936,EXXON MOBIL CORP UNSOLICITED,purchase,2026-03-23,2026-05-12,15001.0,50000.0,equity,XOM,trump_278t_2026_05_08_equity.pdf
738b737776be,Donald Trump,trump_278t_2026_05_08_equity,902,BOEING COMPANY UNSOLICITED,purchase,2026-03-31,2026-05-12,15001.0,50000.0,equity,BA,trump_278t_2026_05_08_equity.pdf
1490aebeaddb,Donald Trump,trump_278t_2026_05_08_equity,968,MICROCHIP TECHNOLOGY INC UNSOLICITED,purchase,2026-03-02,2026-05-12,15001.0,50000.0,equity,MCHP,trump_278t_2026_05_08_equity.pdf
8047ebd965c8,Donald Trump,trump_278t_2026_05_08_equity,970,QUANTA SERVICES INC UNSOLICITED,purchase,2026-03-02,2026-05-12,15001.0,50000.0,equity,PWR,trump_278t_2026_05_08_equity.pdf
74c0eefa29f3,Donald Trump,trump_278t_2026_05_08_equity,1002,OSI SYS INC,purchase,2026-03-04,2026-05-12,15001.0,50000.0,equity,OSIS,trump_278t_2026_05_08_equity.pdf
5a753bcf6052,Donald Trump,trump_278t_2026_05_08_equity,1003,GENERAL MOTORS CO UNSOLICITED,purchase,2026-01-21,2026-05-12,15001.0,50000.0,other,,trump_278t_2026_05_08_equity.pdf
a9298dba3029,Donald Trump,trump_278t_2026_05_08_equity,1004,HP INC UNSOLICITED,purchase,2026-01-21,2026-05-12,15001.0,50000.0,equity,HPQ,trump_278t_2026_05_08_equity.pdf
bc6fa86c3e69,Donald Trump,trump_278t_2026_05_08_equity,1005,GOOSEHEAD INS INC CLASS A,purchase,2026-03-30,2026-05-12,15001.0,50000.0,equity,GSHD,trump_278t_2026_05_08_equity.pdf
d1115634d167,Donald Trump,trump_278t_2026_05_08_equity,1006,PALANTIR TECHNOLOGIES INC CL A UNSOLICITED,purchase,2026-03-12,2026-05-12,15001.0,50000.0,equity,PLTR,trump_278t_2026_05_08_equity.pdf
1266afd55232,Donald Trump,trump_278t_2026_05_08_equity,1007,YUM! BRANDS INC UNSOLICITED,purchase,2026-01-21,2026-05-12,15001.0,50000.0,equity,YUM,trump_278t_2026_05_08_equity.pdf
1caed67c89d1,Donald Trump,trump_278t_2026_05_08_equity,1008,PALO ALTO NETWORKS INC UNSOLICITED,purchase,2026-03-12,2026-05-12,15001.0,50000.0,equity,PANW,trump_278t_2026_05_08_equity.pdf
6b29b77743db,Donald Trump,trump_278t_2026_05_08_equity,1009,EVERGY INC UNSOLICITED,purchase,2026-03-12,2026-05-12,15001.0,50000.0,equity,EVRG,trump_278t_2026_05_08_equity.pdf
399c3f1b7a64,Donald Trump,trump_278t_2026_05_08_equity,1010,CONS EDISON CO (HOLDING CO\ UNSOLICITED,purchase,2026-01-21,2026-05-12,15001.0,50000.0,other,,trump_278t_2026_05_08_equity.pdf
b4c562e7ea3b,Donald Trump,trump_278t_2026_05_08_equity,1011,AMAZON.COM INC,purchase,2026-03-17,2026-05-12,15001.0,50000.0,equity,AMZN,trump_278t_2026_05_08_equity.pdf
9e4a36bdc82f,Donald Trump,trump_278t_2026_05_08_equity,1012,LOCKHEED MARTIN CORP UNSOLICITED,purchase,2026-03-12,2026-05-12,15001.0,50000.0,equity,LMT,trump_278t_2026_05_08_equity.pdf
1cd533e48bae,Donald Trump,trump_278t_2026_05_08_equity,1013,NiSOURCE INC UNSOLICITED,purchase,2026-01-21,2026-05-12,15001.0,50000.0,equity,NI,trump_278t_2026_05_08_equity.pdf
19a4949fdd4c,Donald Trump,trump_278t_2026_05_08_equity,1014,FORTINET INC UNSOLICITED,purchase,2026-03-12,2026-05-12,15001.0,50000.0,equity,FTNT,trump_278t_2026_05_08_equity.pdf
29050977eca5,Donald Trump,trump_278t_2026_05_08_equity,1015,CONSTELLATION ENERGY UNSOLICITED,purchase,2026-03-12,2026-05-12,15001.0,50000.0,other,,trump_278t_2026_05_08_equity.pdf
b89204a608dc,Donald Trump,trump_278t_2026_05_08_equity,1016,MUELLER WATER PRODUC CLASS SERIES A,purchase,2026-03-04,2026-05-12,15001.0,50000.0,other,,trump_278t_2026_05_08_equity.pdf
01104f9a8e62,Donald Trump,trump_278t_2026_05_08_equity,1017,UBER TECHNOLOGIES INC UNSOLICITED,purchase,2026-03-02,2026-05-12,15001.0,50000.0,equity,UBER,trump_278t_2026_05_08_equity.pdf
076003171a52,Donald Trump,trump_278t_2026_05_08_equity,1018,ENPHASE ENERGY INC,purchase,2026-01-26,2026-05-12,15001.0,50000.0,equity,ENPH,trump_278t_2026_05_08_equity.pdf
f84c3daaba34,Donald Trump,trump_278t_2026_05_08_equity,1019,VERISIGN INC UNSOLICITED,purchase,2026-03-12,2026-05-12,15001.0,50000.0,equity,VRSN,trump_278t_2026_05_08_equity.pdf
e11e5114821d,Donald Trump,trump_278t_2026_05_08_equity,1020,ASGNINC,purchase,2026-03-23,2026-05-12,15001.0,50000.0,other,,trump_278t_2026_05_08_equity.pdf
cae0c96051d3,Donald Trump,trump_278t_2026_05_08_equity,1021,AON PLC CL A UNSOLICITED,purchase,2026-03-12,2026-05-12,15001.0,50000.0,equity,,trump_278t_2026_05_08_equity.pdf
bcd73c0ef685,Donald Trump,trump_278t_2026_05_08_equity,1022,CROWDSTRIKE HLDGS INC CL A UNSOLICITED I,purchase,2026-03-12,2026-05-12,15001.0,50000.0,equity,CRWD,trump_278t_2026_05_08_equity.pdf
192c4c3c751b,Donald Trump,trump_278t_2026_05_08_equity,1023,WILLIAMS COS INC IDEU UNSOLICITED lcurchaso,purchase,2026-03-12,2026-05-12,15001.0,50000.0,equity,WMB,trump_278t_2026_05_08_equity.pdf
be481e2335b0,Donald Trump,trump_278t_2026_05_08_equity,1024,HEWLETT PACKARD ENTERPRISE CO UNSOLICITED lpurchaso,purchase,2026-01-21,2026-05-12,15001.0,50000.0,other,,trump_278t_2026_05_08_equity.pdf
24a6011f33ee,Donald Trump,trump_278t_2026_05_08_equity,1025,ENOVISCORP I,purchase,2026-01-26,2026-05-12,15001.0,50000.0,other,,trump_278t_2026_05_08_equity.pdf
2183c5282611,Donald Trump,trump_278t_2026_05_08_equity,1027,QUANTA SERVICES INC UNSOLICITED,purchase,2026-03-12,2026-05-12,15001.0,50000.0,equity,PWR,trump_278t_2026_05_08_equity.pdf
98775e7448ba,Donald Trump,trump_278t_2026_05_08_equity,1001,SOUTHERN CO UNSOLICITED,purchase,2026-01-21,2026-05-12,15001.0,50000.0,other,,trump_278t_2026_05_08_equity.pdf
4ce648fa9bc2,Donald Trump,trump_278t_2026_05_08_equity,969,OIOOESINC,purchase,2026-03-30,2026-05-12,15001.0,50000.0,other,,trump_278t_2026_05_08_equity.pdf
4e5288b1e4c9,Donald Trump,trump_278t_2026_05_08_equity,1000,EXPEDITORS !NTL WASH INC UNSOLICITED,purchase,2026-03-12,2026-05-12,15001.0,50000.0,equity,EXPD,trump_278t_2026_05_08_equity.pdf
7d7fbdd0a8b4,Donald Trump,trump_278t_2026_05_08_equity,998,ABBVIE INC COM UNSOLICITED l,purchase,2026-03-11,2026-05-12,15001.0,50000.0,equity,ABBV,trump_278t_2026_05_08_equity.pdf
6b3798665e57,Donald Trump,trump_278t_2026_05_08_equity,971,GIBRALTAR INOS INC,purchase,2026-03-30,2026-05-12,15001.0,50000.0,equity,ROCK,trump_278t_2026_05_08_equity.pdf
4641da4fbd8b,Donald Trump,trump_278t_2026_05_08_equity,972,ASBURY AUTOMOTIVE GROUP,purchase,2026-03-14,2026-05-12,15001.0,50000.0,other,,trump_278t_2026_05_08_equity.pdf
766fea1d2fea,Donald Trump,trump_278t_2026_05_08_equity,973,ABBOTT LABS UNSOLICITED,purchase,2026-03-12,2026-05-12,15001.0,50000.0,other,,trump_278t_2026_05_08_equity.pdf
411a7595e823,Donald Trump,trump_278t_2026_05_08_equity,974,UNITEDHEALTH GROUP INC UNSOLICITED,purchase,2026-03-23,2026-05-12,15001.0,50000.0,equity,UNH,trump_278t_2026_05_08_equity.pdf
26db54757419,Donald Trump,trump_278t_2026_05_08_equity,975,INSPIRE MEO SYS INC,purchase,2026-03-30,2026-05-12,15001.0,50000.0,equity,,trump_278t_2026_05_08_equity.pdf
f3cfd3efcaca,Donald Trump,trump_278t_2026_05_08_equity,976,TYLER TECHNOLOGIES INC UNSOLICITED,purchase,2026-03-02,2026-05-12,15001.0,50000.0,equity,TYL,trump_278t_2026_05_08_equity.pdf
75067d041cee,Donald Trump,trump_278t_2026_05_08_equity,976,HAWAIIAN ELEC INOS INC,purchase,2026-03-11,2026-05-12,15001.0,50000.0,equity,HE,trump_278t_2026_05_08_equity.pdf
0d656d6cb2b5,Donald Trump,trump_278t_2026_05_08_equity,979,AMPHENOL CORP NEW CL A UNSOLICITED,purchase,2026-01-11,2026-05-12,15001.0,50000.0,equity,APH,trump_278t_2026_05_08_equity.pdf
171580560e82,Donald Trump,trump_278t_2026_05_08_equity,980,GE VERNOVA LLC COM UNSOLICITED,purchase,2026-01-21,2026-05-12,15001.0,50000.0,other,,trump_278t_2026_05_08_equity.pdf
961a19bedc6c,Donald Trump,trump_278t_2026_05_08_equity,981,MGE ENERGY INC,purchase,2026-03-30,2026-05-12,15001.0,50000.0,equity,MGEE,trump_278t_2026_05_08_equity.pdf
3bb619ffcc3c,Donald Trump,trump_278t_2026_05_08_equity,982,RYMAN HOSPITALITY PPTYS REIT,purchase,2026-03-14,2026-05-12,15001.0,50000.0,other,,trump_278t_2026_05_08_equity.pdf
8af9dbaf79c5,Donald Trump,trump_278t_2026_05_08_equity,983,ADTINCDEL,purchase,2026-02-12,2026-05-12,15001.0,50000.0,other,,trump_278t_2026_05_08_equity.pdf
a930f3f571ee,Donald Trump,trump_278t_2026_05_08_equity,985,J&JSNACKFOODSCORP,purchase,2026-03-30,2026-05-12,15001.0,50000.0,other,,trump_278t_2026_05_08_equity.pdf
acf1e232bf88,Donald Trump,trump_278t_2026_05_08_equity,986,ZOOMINFO TECHNOLOGIES IN,purchase,2026-03-23,2026-05-12,15001.0,50000.0,other,,trump_278t_2026_05_08_equity.pdf
8be7fcbee8d7,Donald Trump,trump_278t_2026_05_08_equity,987,IAC INC,purchase,2026-03-04,2026-05-12,15001.0,50000.0,equity,IAC,trump_278t_2026_05_08_equity.pdf
9735d9331272,Donald Trump,trump_278t_2026_05_08_equity,988,KKR REAL ESTATE FIN TR I,purchase,2026-02-21,2026-05-12,15001.0,50000.0,other,,trump_278t_2026_05_08_equity.pdf
ddcfb87979ed,Donald Trump,trump_278t_2026_05_08_equity,989,COCA COLA CO COM UNSOLICITED,purchase,2026-03-12,2026-05-12,15001.0,50000.0,other,,trump_278t_2026_05_08_equity.pdf
4d63e49713fa,Donald Trump,trump_278t_2026_05_08_equity,990,ARBOR RLTY TR INC REIT,purchase,2026-03-30,2026-05-12,15001.0,50000.0,reit,,trump_278t_2026_05_08_equity.pdf
639cb6f53e93,Donald Trump,trump_278t_2026_05_08_equity,991,CATALYST PHARMACEUTICALS,purchase,2026-03-04,2026-05-12,15001.0,50000.0,other,,trump_278t_2026_05_08_equity.pdf
f38f9a75bb6b,Donald Trump,trump_278t_2026_05_08_equity,992,BRINKER !NTL INC l,purchase,2026-03-04,2026-05-12,15001.0,50000.0,equity,EAT,trump_278t_2026_05_08_equity.pdf
85f3a9b8a4a7,Donald Trump,trump_278t_2026_05_08_equity,993,CERTARAINC I,purchase,2026-01-30,2026-05-12,15001.0,50000.0,other,,trump_278t_2026_05_08_equity.pdf
b031068c1ffb,Donald Trump,trump_278t_2026_05_08_equity,994,LOWES COMPANIES INC UNSOLICITED I,purchase,2026-03-02,2026-05-12,15001.0,50000.0,equity,,trump_278t_2026_05_08_equity.pdf
bec452a96d60,Donald Trump,trump_278t_2026_05_08_equity,995,SALESFORCE. INC. UNSOLICITED l,purchase,2026-01-21,2026-05-12,15001.0,50000.0,equity,CRM,trump_278t_2026_05_08_equity.pdf
009c7e360777,Donald Trump,trump_278t_2026_05_08_equity,996,CME GROUP INC UNSOLICITED l,purchase,2026-01-21,2026-05-12,15001.0,50000.0,equity,CME,trump_278t_2026_05_08_equity.pdf
af133261af33,Donald Trump,trump_278t_2026_05_08_equity,997,LINDE PLC NEW EUR UNSOLICITED l,purchase,2026-01-21,2026-05-12,15001.0,50000.0,equity,LIN,trump_278t_2026_05_08_equity.pdf
eb9b1735c5fb,Donald Trump,trump_278t_2026_05_08_equity,999,HA SUSTAINABLE INFRA REI,purchase,2026-03-04,2026-05-12,15001.0,50000.0,other,,trump_278t_2026_05_08_equity.pdf
cf7e8db0b014,Donald Trump,trump_278t_2026_05_08_equity,901,STEEL DYNAMICS INC UNSOLICITED,purchase,2026-03-31,2026-05-12,15001.0,50000.0,equity,STLD,trump_278t_2026_05_08_equity.pdf
5d39c44e0997,Donald Trump,trump_278t_2026_05_08_equity,900,TE CONNECTIVITY PLC UNSOLICITED,purchase,2026-03-31,2026-05-12,15001.0,50000.0,equity,TEL,trump_278t_2026_05_08_equity.pdf
fabdeb047654,Donald Trump,trump_278t_2026_05_08_equity,899,RFOLK STHN CORP UNSOLICITED I,purchase,2026-03-23,2026-05-12,15001.0,50000.0,equity,,trump_278t_2026_05_08_equity.pdf
0156825e1cd8,Donald Trump,trump_278t_2026_05_08_equity,609,CISCO SYSTEMS INC UNSOLICITED,purchase,2026-03-11,2026-05-12,15001.0,50000.0,equity,CSCO,trump_278t_2026_05_08_equity.pdf
e1381d0e176a,Donald Trump,trump_278t_2026_05_08_equity,810,VERISKANALYTICS INC CLASS A,purchase,2026-03-18,2026-05-12,15001.0,50000.0,equity,,trump_278t_2026_05_08_equity.pdf
57b9854178d4,Donald Trump,trump_278t_2026_05_08_equity,811,COMCAST CORP NEW CL A UNSOLICITED,purchase,2026-03-25,2026-05-12,15001.0,50000.0,equity,CMCSA,trump_278t_2026_05_08_equity.pdf
db0106d8eda0,Donald Trump,trump_278t_2026_05_08_equity,812,HUBSPOTINC,purchase,2026-03-18,2026-05-12,15001.0,50000.0,other,,trump_278t_2026_05_08_equity.pdf
f400a111a796,Donald Trump,trump_278t_2026_05_08_equity,813,COSTCO WHOLESALE CORP UNSOLICITED,purchase,2026-03-12,2026-05-12,15001.0,50000.0,equity,COST,trump_278t_2026_05_08_equity.pdf
17220627777c,Donald Trump,trump_278t_2026_05_08_equity,814,GENUINE PARTS CO,purchase,2026-03-18,2026-05-12,15001.0,50000.0,other,,trump_278t_2026_05_08_equity.pdf
3f4fa5542364,Donald Trump,trump_278t_2026_05_08_equity,815,GARTNER INC,purchase,2026-03-18,2026-05-12,15001.0,50000.0,equity,IT,trump_278t_2026_05_08_equity.pdf
0916f2e98b04,Donald Trump,trump_278t_2026_05_08_equity,816,WASTE MGMT INC DEL,purchase,2026-03-18,2026-05-12,15001.0,50000.0,equity,WM,trump_278t_2026_05_08_equity.pdf
e01567b1ac8c,Donald Trump,trump_278t_2026_05_08_equity,817,WATERS CORP,purchase,2026-03-18,2026-05-12,15001.0,50000.0,equity,WAT,trump_278t_2026_05_08_equity.pdf
31b01aeb2d21,Donald Trump,trump_278t_2026_05_08_equity,818,LAM RESEARCH CORP UNSOLICITED,purchase,2026-03-25,2026-05-12,15001.0,50000.0,equity,LRCX,trump_278t_2026_05_08_equity.pdf
60d3d910dc6a,Donald Trump,trump_278t_2026_05_08_equity,819,THE TRADE DESK INC CL A UNSOLICITED,purchase,2026-03-25,2026-05-12,15001.0,50000.0,equity,TTD,trump_278t_2026_05_08_equity.pdf
a13b6631fb30,Donald Trump,trump_278t_2026_05_08_equity,620,AT&TINC,purchase,2026-03-18,2026-05-12,15001.0,50000.0,other,,trump_278t_2026_05_08_equity.pdf
22cabf1b0297,Donald Trump,trump_278t_2026_05_08_equity,821,CBRE GROUP INC CLASS A,purchase,2026-03-18,2026-05-12,15001.0,50000.0,equity,CBRE,trump_278t_2026_05_08_equity.pdf
d0c06638c7d3,Donald Trump,trump_278t_2026_05_08_equity,822,CURBLINE PPTYS CORP,purchase,2026-03-30,2026-05-12,15001.0,50000.0,equity,CURB,trump_278t_2026_05_08_equity.pdf
deacc59a2ff4,Donald Trump,trump_278t_2026_05_08_equity,823,SNOWFLAKE INC CLASS A,purchase,2026-03-18,2026-05-12,15001.0,50000.0,equity,SNOW,trump_278t_2026_05_08_equity.pdf
a4531ed76656,Donald Trump,trump_278t_2026_05_08_equity,824,DECKERS OUTDOOR CORP l,purchase,2026-01-06,2026-05-12,15001.0,50000.0,equity,DECK,trump_278t_2026_05_08_equity.pdf
f7402c9d38f2,Donald Trump,trump_278t_2026_05_08_equity,825,BRISTOL MYERS SQUIBB CO l,purchase,2026-03-11,2026-05-12,15001.0,50000.0,other,,trump_278t_2026_05_08_equity.pdf
ecb259e70275,Donald Trump,trump_278t_2026_05_08_equity,826,BAXTER INTL INC I,purchase,2026-03-11,2026-05-12,15001.0,50000.0,equity,BAX,trump_278t_2026_05_08_equity.pdf
3a7e8d2060f0,Donald Trump,trump_278t_2026_05_08_equity,827,OLD NATL BANCORP IND I,purchase,2026-03-16,2026-05-12,15001.0,50000.0,other,,trump_278t_2026_05_08_equity.pdf
bfa55a6ccaba,Donald Trump,trump_278t_2026_05_08_equity,828,RELIANCE INC I,purchase,2026-03-16,2026-05-12,15001.0,50000.0,equity,,trump_278t_2026_05_08_equity.pdf
0a98945ebc4f,Donald Trump,trump_278t_2026_05_08_equity,829,INSULET CORP UNSOLICITED l,purchase,2026-03-21,2026-05-12,15001.0,50000.0,equity,PODD,trump_278t_2026_05_08_equity.pdf
428fd1cc7c49,Donald Trump,trump_278t_2026_05_08_equity,830,ALEXANDRIA REAL ESTATE E REIT l,purchase,2026-03-16,2026-05-12,15001.0,50000.0,other,,trump_278t_2026_05_08_equity.pdf
46378c747b5c,Donald Trump,trump_278t_2026_05_08_equity,831,ROCKWELL AUTOMATION INC NEW UNSOLICITED l,purchase,2026-03-02,2026-05-12,15001.0,50000.0,equity,ROK,trump_278t_2026_05_08_equity.pdf
84f5daaad3d5,Donald Trump,trump_278t_2026_05_08_equity,832,DELTA AIR LINES INC DEL I,purchase,2026-03-11,2026-05-12,15001.0,50000.0,equity,DAL,trump_278t_2026_05_08_equity.pdf
4f934dd36757,Donald Trump,trump_278t_2026_05_08_equity,833,ZIMMER BIOMET HLDGS INC,purchase,2026-03-11,2026-05-12,15001.0,50000.0,equity,ZBH,trump_278t_2026_05_08_equity.pdf
2c8e35aff8ca,Donald Trump,trump_278t_2026_05_08_equity,808,WSTN DIGITAL CORP UNSOLICITED,purchase,2026-03-02,2026-05-12,15001.0,50000.0,equity,,trump_278t_2026_05_08_equity.pdf
c375c63e05b0,Donald Trump,trump_278t_2026_05_08_equity,834,STANDAROAERO INC,purchase,2026-03-11,2026-05-12,15001.0,50000.0,equity,,trump_278t_2026_05_08_equity.pdf
434b122b711d,Donald Trump,trump_278t_2026_05_08_equity,807,LEGAlZOOM COM INC,purchase,2026-03-30,2026-05-12,15001.0,50000.0,equity,LZ,trump_278t_2026_05_08_equity.pdf
f29ec36d6097,Donald Trump,trump_278t_2026_05_08_equity,803,EXXON MOBIL CORP UNSOLICITED,purchase,2026-03-11,2026-05-12,15001.0,50000.0,equity,XOM,trump_278t_2026_05_08_equity.pdf
c821a22494bf,Donald Trump,trump_278t_2026_05_08_equity,776,EXPAND ENERGY CORP UNSOLICITED,purchase,2026-03-02,2026-05-12,15001.0,50000.0,equity,EXE,trump_278t_2026_05_08_equity.pdf
625b1eb73c35,Donald Trump,trump_278t_2026_05_08_equity,778,WALT DISNEY CO (HOLDING CO) DISNEY COM UNSOLICITED,purchase,2026-03-25,2026-05-12,15001.0,50000.0,other,,trump_278t_2026_05_08_equity.pdf
fef39609f403,Donald Trump,trump_278t_2026_05_08_equity,779,ARTISAN PARTNERS ASSET M CLASS A,purchase,2026-03-04,2026-05-12,15001.0,50000.0,equity,APAM,trump_278t_2026_05_08_equity.pdf
44e4ff90e8e0,Donald Trump,trump_278t_2026_05_08_equity,780,EVERSOURCE ENERGY COM UNSOLICITED,purchase,2026-03-21,2026-05-12,15001.0,50000.0,other,,trump_278t_2026_05_08_equity.pdf
7742dbb7b38d,Donald Trump,trump_278t_2026_05_08_equity,781,I WARNER BROS DISCOVERY INC UNSOLICITED,purchase,2026-03-21,2026-05-12,15001.0,50000.0,equity,,trump_278t_2026_05_08_equity.pdf
05bb61ca7e5a,Donald Trump,trump_278t_2026_05_08_equity,782,COGNIZANT TECH SOLUTIONS CRP UNSOLICITED,purchase,2026-03-21,2026-05-12,15001.0,50000.0,other,,trump_278t_2026_05_08_equity.pdf
b0bfbfe92225,Donald Trump,trump_278t_2026_05_08_equity,783,ZILLOW GROUP INC CLASS C,purchase,2026-03-11,2026-05-12,15001.0,50000.0,equity,ZG,trump_278t_2026_05_08_equity.pdf
24734d2e08b7,Donald Trump,trump_278t_2026_05_08_equity,784,BERKSHIRE HATHAWAY INC NEW CL B UNSOLICITED,purchase,2026-03-25,2026-05-12,15001.0,50000.0,equity,,trump_278t_2026_05_08_equity.pdf
ceadf6425fb0,Donald Trump,trump_278t_2026_05_08_equity,765,AVANTORINC,purchase,2026-02-12,2026-05-12,15001.0,50000.0,other,,trump_278t_2026_05_08_equity.pdf
1d84e1c6e469,Donald Trump,trump_278t_2026_05_08_equity,786,APPLIED MATERIALS INC UNSOLICITED,purchase,2026-03-21,2026-05-12,15001.0,50000.0,equity,AMAT,trump_278t_2026_05_08_equity.pdf
f8a080ee7ebc,Donald Trump,trump_278t_2026_05_08_equity,787,CHEVRON CORP UNSOLICITED,purchase,2026-03-25,2026-05-12,15001.0,50000.0,equity,CVX,trump_278t_2026_05_08_equity.pdf
b034e15b77de,Donald Trump,trump_278t_2026_05_08_equity,789,COSTCO WHOLESALE CORP UNSOLICITED,purchase,2026-03-25,2026-05-12,15001.0,50000.0,equity,COST,trump_278t_2026_05_08_equity.pdf
d3ca79bb7dd6,Donald Trump,trump_278t_2026_05_08_equity,790,BROADRIDGE FINANCIAL SOLUTIONS INC UNSOLICITED,purchase,2026-03-25,2026-05-12,15001.0,50000.0,equity,BR,trump_278t_2026_05_08_equity.pdf
5cf3f18c5b46,Donald Trump,trump_278t_2026_05_08_equity,791,ENERPAC TOOL GROUP CORP CLASS A,purchase,2026-03-04,2026-05-12,15001.0,,equity,EPAC,trump_278t_2026_05_08_equity.pdf
ed9bf632ee5a,Donald Trump,trump_278t_2026_05_08_equity,792,FOX CORP CL B COM UNSOLICITED,purchase,2026-03-25,2026-05-12,15001.0,50000.0,equity,,trump_278t_2026_05_08_equity.pdf
a43e3923f37e,Donald Trump,trump_278t_2026_05_08_equity,793,AURORA INNOVATION INC CLASS A,purchase,2026-02-12,2026-05-12,15001.0,50000.0,equity,AUR,trump_278t_2026_05_08_equity.pdf
9c0dbb3dd360,Donald Trump,trump_278t_2026_05_08_equity,794,NVIDIA CORP,purchase,2026-01-23,2026-05-12,15001.0,50000.0,equity,NVDA,trump_278t_2026_05_08_equity.pdf
bca6ed486154,Donald Trump,trump_278t_2026_05_08_equity,795,EXXON MOBIL CORP UNSOLICITED,purchase,2026-03-25,2026-05-12,15001.0,50000.0,equity,XOM,trump_278t_2026_05_08_equity.pdf
3db7f30871d4,Donald Trump,trump_278t_2026_05_08_equity,796,PLEXUS CORP,purchase,2026-03-04,2026-05-12,15001.0,50000.0,equity,PLXS,trump_278t_2026_05_08_equity.pdf
d4d969130561,Donald Trump,trump_278t_2026_05_08_equity,797,APOGEE ENTERPRISES INC,purchase,2026-03-30,2026-05-12,15001.0,50000.0,equity,APOG,trump_278t_2026_05_08_equity.pdf
dea18bcccc57,Donald Trump,trump_278t_2026_05_08_equity,798,GODADDY INC CLASS A,purchase,2026-03-18,2026-05-12,15001.0,50000.0,equity,GDDY,trump_278t_2026_05_08_equity.pdf
748380c3e302,Donald Trump,trump_278t_2026_05_08_equity,799,CENTENE CORP DEL,purchase,2026-03-18,2026-05-12,15001.0,50000.0,equity,CNC,trump_278t_2026_05_08_equity.pdf
8e8c6b77133f,Donald Trump,trump_278t_2026_05_08_equity,800,CONOCOPHILLIPS UNSOLICITED,purchase,2026-03-12,2026-05-12,15001.0,50000.0,other,,trump_278t_2026_05_08_equity.pdf
3c55fc690da0,Donald Trump,trump_278t_2026_05_08_equity,801,OTTER TAIL CORP,purchase,2026-03-04,2026-05-12,15001.0,50000.0,equity,OTTR,trump_278t_2026_05_08_equity.pdf
6ae7ce465ae7,Donald Trump,trump_278t_2026_05_08_equity,802,ORACLE CORP UNSOLICITED,purchase,2026-03-25,2026-05-12,15001.0,50000.0,equity,ORCL,trump_278t_2026_05_08_equity.pdf
3626e34ba06e,Donald Trump,trump_278t_2026_05_08_equity,806,STARBUCKS CORP,purchase,2026-01-23,2026-05-12,15001.0,50000.0,equity,SBUX,trump_278t_2026_05_08_equity.pdf
5036aca8c9ea,Donald Trump,trump_278t_2026_05_08_equity,835,KlA CORP UNSOLICITED,purchase,2026-03-21,2026-05-12,15001.0,50000.0,equity,KLAC,trump_278t_2026_05_08_equity.pdf
a0016234923b,Donald Trump,trump_278t_2026_05_08_equity,836,BLACKROCK INC UNSOLICITED,purchase,2026-03-02,2026-05-12,15001.0,50000.0,equity,BLK,trump_278t_2026_05_08_equity.pdf
38ba9e789acc,Donald Trump,trump_278t_2026_05_08_equity,837,AMERICAN INTL GROUP INC,purchase,2026-03-16,2026-05-12,15001.0,50000.0,equity,,trump_278t_2026_05_08_equity.pdf
9c4a51c9a91e,Donald Trump,trump_278t_2026_05_08_equity,872,TERADYNE INC UNSOLICITED,purchase,2026-03-23,2026-05-12,15001.0,50000.0,equity,TER,trump_278t_2026_05_08_equity.pdf
48e7d33c8bf1,Donald Trump,trump_278t_2026_05_08_equity,873,KEYSIGHT TECHNOLOGIES INC COM UNSOLICITED,purchase,2026-03-23,2026-05-12,15001.0,50000.0,equity,KEYS,trump_278t_2026_05_08_equity.pdf
f0461385ae61,Donald Trump,trump_278t_2026_05_08_equity,874,BLACKLINE INC,purchase,2026-03-30,2026-05-12,15001.0,50000.0,equity,BL,trump_278t_2026_05_08_equity.pdf
9725d11681b6,Donald Trump,trump_278t_2026_05_08_equity,875,GENERAL MOTORS CO UNSOLICITED,purchase,2026-03-23,2026-05-12,15001.0,50000.0,other,,trump_278t_2026_05_08_equity.pdf
e21217dabcb7,Donald Trump,trump_278t_2026_05_08_equity,876,VIASATINC,purchase,2026-03-04,2026-05-12,15001.0,50000.0,other,,trump_278t_2026_05_08_equity.pdf
b0873f400612,Donald Trump,trump_278t_2026_05_08_equity,877,THERMO FISHER SCIENTIFIC INC UNSOLICITED,purchase,2026-03-02,2026-05-12,15001.0,50000.0,equity,TMO,trump_278t_2026_05_08_equity.pdf
071445ef611c,Donald Trump,trump_278t_2026_05_08_equity,878,COSTCO WHOLESALE CORP UNSOLICITED,purchase,2026-03-11,2026-05-12,15001.0,50000.0,equity,COST,trump_278t_2026_05_08_equity.pdf
4660e8304bd1,Donald Trump,trump_278t_2026_05_08_equity,879,VISTRA CORP UNSOLICITED,purchase,2026-03-23,2026-05-12,,,equity,VST,trump_278t_2026_05_08_equity.pdf
0399bf5f7efc,Donald Trump,trump_278t_2026_05_08_equity,880,LAUDER ESTEE COS CL A UNSOLICITED,purchase,2026-03-23,2026-05-12,15001.0,50000.0,other,,trump_278t_2026_05_08_equity.pdf
fd137edda900,Donald Trump,trump_278t_2026_05_08_equity,861,UNTO RENTALS INC UNSOLICITED,purchase,2026-03-23,2026-05-12,15001.0,50000.0,equity,,trump_278t_2026_05_08_equity.pdf
a021004eeae4,Donald Trump,trump_278t_2026_05_08_equity,882,RUSH ENTERPRISES INC CLASS A,purchase,2026-03-04,2026-05-12,15001.0,50000.0,equity,,trump_278t_2026_05_08_equity.pdf
168f0a7aa284,Donald Trump,trump_278t_2026_05_08_equity,883,BAKER HUGHES CO CL A UNSOLICITED,purchase,2026-03-23,2026-05-12,15001.0,50000.0,other,,trump_278t_2026_05_08_equity.pdf
e79601f5b15e,Donald Trump,trump_278t_2026_05_08_equity,884,LENNAR CORP CL A UNSOLICITED,purchase,2026-03-23,2026-05-12,15001.0,50000.0,equity,,trump_278t_2026_05_08_equity.pdf
8b299d812e1e,Donald Trump,trump_278t_2026_05_08_equity,865,PARKER HANNIFIN CORP UNSOLICITED,purchase,2026-03-23,2026-05-12,15001.0,50000.0,equity,PH,trump_278t_2026_05_08_equity.pdf
365b52009ca5,Donald Trump,trump_278t_2026_05_08_equity,867,INTERCONTINENTALEXCHANGE INC,purchase,2026-01-06,2026-05-12,15001.0,50000.0,equity,ICE,trump_278t_2026_05_08_equity.pdf
cf49ba4f183f,Donald Trump,trump_278t_2026_05_08_equity,888,IRON MTN INC NEW COM UNSOLICITED,purchase,2026-03-23,2026-05-12,15001.0,50000.0,equity,,trump_278t_2026_05_08_equity.pdf
ee6eeecacb13,Donald Trump,trump_278t_2026_05_08_equity,890,CUMMINS INC UNSOLICITED,purchase,2026-03-23,2026-05-12,15001.0,50000.0,equity,CMI,trump_278t_2026_05_08_equity.pdf
edc2b96584d3,Donald Trump,trump_278t_2026_05_08_equity,891,MARTIN MARIETTA MATERIAI.S INC UNSOLICITED,purchase,2026-03-23,2026-05-12,15001.0,50000.0,equity,MLM,trump_278t_2026_05_08_equity.pdf
ccdd9615f2d6,Donald Trump,trump_278t_2026_05_08_equity,892,DATADOG INC UNSOLICITED 1DUrchaSO,purchase,2026-03-02,2026-05-12,15001.0,50000.0,equity,DDOG,trump_278t_2026_05_08_equity.pdf
6b6e643d7c9b,Donald Trump,trump_278t_2026_05_08_equity,893,TELEDYNE TECHNOLOGIES INC UNSOLICITED IDUrchalO,purchase,2026-03-02,2026-05-12,15001.0,50000.0,equity,TDY,trump_278t_2026_05_08_equity.pdf
f7681229ac4f,Donald Trump,trump_278t_2026_05_08_equity,894,GENERAC HLDGS INC UNSOLICITED I,purchase,2026-03-23,2026-05-12,15001.0,50000.0,equity,GNRC,trump_278t_2026_05_08_equity.pdf
9de2b9a72dfc,Donald Trump,trump_278t_2026_05_08_equity,895,FRANKLIN RESOURCES INC UNSOLICITED I,purchase,2026-03-31,2026-05-12,15001.0,50000.0,equity,BEN,trump_278t_2026_05_08_equity.pdf
30f8404a9575,Donald Trump,trump_278t_2026_05_08_equity,896,CARRIER GLOBAL CORP UNSOLICITED IDUrcha08,purchase,2026-03-31,2026-05-12,15001.0,50000.0,equity,CARR,trump_278t_2026_05_08_equity.pdf
2e5192ca338f,Donald Trump,trump_278t_2026_05_08_equity,897,AMER EXPRESS CO UNSOLICITED,purchase,2026-03-31,2026-05-12,15001.0,50000.0,other,,trump_278t_2026_05_08_equity.pdf
b9a019a75763,Donald Trump,trump_278t_2026_05_08_equity,898,CATERPILLAR INC UNSOLICITED I,purchase,2026-03-11,2026-05-12,15001.0,50000.0,equity,CAT,trump_278t_2026_05_08_equity.pdf
8768542a830d,Donald Trump,trump_278t_2026_05_08_equity,871,FREEPORT-MCMORAN INC UNSOLICITED,purchase,2026-03-23,2026-05-12,15001.0,50000.0,equity,FCX,trump_278t_2026_05_08_equity.pdf
fbf5dcc3dd9c,Donald Trump,trump_278t_2026_05_08_equity,870,GE VERNOVA LLC COM UNSOLICITED,purchase,2026-03-23,2026-05-12,15001.0,50000.0,other,,trump_278t_2026_05_08_equity.pdf
52220d6c4d97,Donald Trump,trump_278t_2026_05_08_equity,869,PEPSICO INC UNSOLICITED,purchase,2026-03-12,2026-05-12,15001.0,50000.0,equity,PEP,trump_278t_2026_05_08_equity.pdf
f11905f4f0b9,Donald Trump,trump_278t_2026_05_08_equity,868,AOTINCDEL I,purchase,2026-03-04,2026-05-12,15001.0,50000.0,other,,trump_278t_2026_05_08_equity.pdf
948b949b98a0,Donald Trump,trump_278t_2026_05_08_equity,836,SMURFIT WESTROCK PLC F,purchase,2026-03-16,2026-05-12,15001.0,50000.0,equity,SW,trump_278t_2026_05_08_equity.pdf
a5540a64e32a,Donald Trump,trump_278t_2026_05_08_equity,839,WEYERHAEUSER CO REIT,purchase,2026-03-16,2026-05-12,15001.0,50000.0,other,,trump_278t_2026_05_08_equity.pdf
96b1cdf341a5,Donald Trump,trump_278t_2026_05_08_equity,640,LULULEMON ATHLETICA INC,purchase,2026-01-16,2026-05-12,15001.0,50000.0,equity,LULU,trump_278t_2026_05_08_equity.pdf
b7c2e862a250,Donald Trump,trump_278t_2026_05_08_equity,641,LINDE PLCF,purchase,2026-03-16,2026-05-12,15001.0,50000.0,equity,LIN,trump_278t_2026_05_08_equity.pdf
db6c435bf830,Donald Trump,trump_278t_2026_05_08_equity,642,EDISON INTERNATIONAL COM,purchase,2026-01-11,2026-05-12,15001.0,50000.0,other,,trump_278t_2026_05_08_equity.pdf
1ffbe690d9ed,Donald Trump,trump_278t_2026_05_08_equity,643,SANDISK CORP UNSOLICITED,purchase,2026-03-21,2026-05-12,15001.0,50000.0,equity,SNDK,trump_278t_2026_05_08_equity.pdf
3bbf402d6838,Donald Trump,trump_278t_2026_05_08_equity,644,WHIRLPOOL CORP,purchase,2026-03-11,2026-05-12,15001.0,50000.0,equity,WHR,trump_278t_2026_05_08_equity.pdf
f9b338728aec,Donald Trump,trump_278t_2026_05_08_equity,645,TEXAS INSTR$ INC,purchase,2026-03-16,2026-05-12,15001.0,50000.0,equity,TXN,trump_278t_2026_05_08_equity.pdf
e1c897b7cb71,Donald Trump,trump_278t_2026_05_08_equity,646,BLOCK H & R INC,purchase,2026-03-16,2026-05-12,15001.0,50000.0,equity,,trump_278t_2026_05_08_equity.pdf
0e03be2634e7,Donald Trump,trump_278t_2026_05_08_equity,647,HNI CORP,purchase,2026-03-04,2026-05-12,15001.0,50000.0,equity,HNI,trump_278t_2026_05_08_equity.pdf
7aba77392ee2,Donald Trump,trump_278t_2026_05_08_equity,648,BROWN & BROWN INC UNSOLICITED,purchase,2026-03-21,2026-05-12,15001.0,50000.0,equity,BRO,trump_278t_2026_05_08_equity.pdf
abe63c23a263,Donald Trump,trump_278t_2026_05_08_equity,649,LUMENTUM HLDGS INC,purchase,2026-03-11,2026-05-12,15001.0,50000.0,equity,LITE,trump_278t_2026_05_08_equity.pdf
942dce232e4d,Donald Trump,trump_278t_2026_05_08_equity,771,RTX CORP UNSOLICITED,purchase,2026-03-02,2026-05-12,15001.0,50000.0,equity,RTX,trump_278t_2026_05_08_equity.pdf
c231df384065,Donald Trump,trump_278t_2026_05_08_equity,850,ROBERT HALF INC,purchase,2026-03-30,2026-05-12,15001.0,50000.0,equity,RHI,trump_278t_2026_05_08_equity.pdf
e4cf05137dfc,Donald Trump,trump_278t_2026_05_08_equity,853,GOLDMAN SACHS GROUP INC UNSOLICITED,purchase,2026-03-23,2026-05-12,15001.0,50000.0,equity,GS,trump_278t_2026_05_08_equity.pdf
31ec0f8e185b,Donald Trump,trump_278t_2026_05_08_equity,855,WEUS FARGO & CO NEW UNSOLICITED,purchase,2026-03-02,2026-05-12,15001.0,50000.0,other,,trump_278t_2026_05_08_equity.pdf
9de0b8e399cd,Donald Trump,trump_278t_2026_05_08_equity,856,RALLIANT CORP,purchase,2026-03-04,2026-05-12,15001.0,50000.0,equity,RAL,trump_278t_2026_05_08_equity.pdf
7d44c73f441f,Donald Trump,trump_278t_2026_05_08_equity,857,SNAP ON INC COM,purchase,2026-01-01,2026-05-12,15001.0,50000.0,equity,SNA,trump_278t_2026_05_08_equity.pdf
12ae8aea2bc1,Donald Trump,trump_278t_2026_05_08_equity,858,PROCTER & GAMBLE CO UNSOLICITED,purchase,2026-03-12,2026-05-12,15001.0,50000.0,other,,trump_278t_2026_05_08_equity.pdf
44d27a94f800,Donald Trump,trump_278t_2026_05_08_equity,859,LKQ CORP,purchase,2026-03-04,2026-05-12,15001.0,50000.0,equity,LKQ,trump_278t_2026_05_08_equity.pdf
0c84e36027b5,Donald Trump,trump_278t_2026_05_08_equity,660,VISA INC CL A UNSOLICITED,purchase,2026-01-21,2026-05-12,15001.0,50000.0,equity,V,trump_278t_2026_05_08_equity.pdf
e2d1b19d9ee2,Donald Trump,trump_278t_2026_05_08_equity,861,NXP SEMICONDUCTORS NV COM EUR UNSOLICITED,purchase,2026-03-11,2026-05-12,15001.0,50000.0,other,,trump_278t_2026_05_08_equity.pdf
822e1445328b,Donald Trump,trump_278t_2026_05_08_equity,862,ALIGN TECHNOLOGY INC UNSOLICITED,purchase,2026-03-23,2026-05-12,15001.0,50000.0,equity,ALGN,trump_278t_2026_05_08_equity.pdf
9f9f7302edfe,Donald Trump,trump_278t_2026_05_08_equity,863,AOMA BIOLOGICS INC l,purchase,2026-02-26,2026-05-12,15001.0,50000.0,equity,,trump_278t_2026_05_08_equity.pdf
db0f23be1054,Donald Trump,trump_278t_2026_05_08_equity,864,NETFLIX INC UNSOLICITED I,purchase,2026-03-11,2026-05-12,15001.0,50000.0,etf,NFLX,trump_278t_2026_05_08_equity.pdf
d02891469f64,Donald Trump,trump_278t_2026_05_08_equity,867,ANALOG DEVICES INC UNSOLICITED IDUrchDIO,purchase,2026-03-11,2026-05-12,15001.0,50000.0,equity,ADI,trump_278t_2026_05_08_equity.pdf
8e27e2cb0f24,Donald Trump,trump_278t_2026_05_08_equity,851,EATON CORP PLC UNSOLICITED,purchase,2026-01-11,2026-05-12,15001.0,50000.0,equity,,trump_278t_2026_05_08_equity.pdf
c559ea8f0652,Donald Trump,trump_278t_2026_05_08_equity,516,STRATEGY INC CLASS A,purchase,2026-02-12,2026-05-12,50001.0,100000.0,equity,MSTR,trump_278t_2026_05_08_equity.pdf
4eac6d5035f4,Donald Trump,trump_278t_2026_05_08_equity,515,INTERNTNL PAPER CO,purchase,2026-03-18,2026-05-12,50001.0,100000.0,other,,trump_278t_2026_05_08_equity.pdf
f7f3064c2327,Donald Trump,trump_278t_2026_05_08_equity,514,WSFS FINL CORP.,purchase,2026-03-04,2026-05-12,50001.0,100000.0,equity,WSFS,trump_278t_2026_05_08_equity.pdf
32ae2447a0a0,Donald Trump,trump_278t_2026_05_08_equity,159,VANGUARD DIVIDEND APPRECIATION INDEX FUND ETF SHARES,purchase,2026-03-04,2026-05-12,100001.0,250000.0,etf,,trump_278t_2026_05_08_equity.pdf
d27d1754f1eb,Donald Trump,trump_278t_2026_05_08_equity,160,INVESCO 000 TR,purchase,2026-03-04,2026-05-12,100001.0,250000.0,etf,,trump_278t_2026_05_08_equity.pdf
e1f6e9b88a13,Donald Trump,trump_278t_2026_05_08_equity,161,STE STRT FINCL SLCT SECTOR SPDR ETF,purchase,2026-03-04,2026-05-12,100001.0,250000.0,etf,,trump_278t_2026_05_08_equity.pdf
5bbbff31b0e9,Donald Trump,trump_278t_2026_05_08_equity,162,MICROSOFT CORP UNSOLICITED,purchase,2026-03-31,2026-05-12,100001.0,250000.0,equity,MSFT,trump_278t_2026_05_08_equity.pdf
a75435fba51b,Donald Trump,trump_278t_2026_05_08_equity,163,"ULTA BEAUTY, INC",purchase,2026-01-10,2026-05-12,100001.0,250000.0,equity,ULTA,trump_278t_2026_05_08_equity.pdf
3448d33a3c97,Donald Trump,trump_278t_2026_05_08_equity,164,MASCO CORP.,purchase,2026-01-06,2026-05-12,100001.0,250000.0,equity,MAS,trump_278t_2026_05_08_equity.pdf
7cb057a0fea5,Donald Trump,trump_278t_2026_05_08_equity,165,LENNOX INTL INC I,purchase,2026-01-06,2026-05-12,100001.0,250000.0,equity,LII,trump_278t_2026_05_08_equity.pdf
2f9121738e5f,Donald Trump,trump_278t_2026_05_08_equity,166,VANGUARD DIVIDEND APPRECIATION INDEX FUND ETF SHARES I,purchase,2026-01-01,2026-05-12,100001.0,250000.0,etf,,trump_278t_2026_05_08_equity.pdf
267af619c79e,Donald Trump,trump_278t_2026_05_08_equity,167,COSTCO WHOLESALE CORP I,purchase,2026-01-23,2026-05-12,100001.0,250000.0,equity,COST,trump_278t_2026_05_08_equity.pdf
48c6fdc20403,Donald Trump,trump_278t_2026_05_08_equity,166,ABBOTT LABS,purchase,2026-01-24,2026-05-12,100001.0,250000.0,other,,trump_278t_2026_05_08_equity.pdf
cffc86e8a50a,Donald Trump,trump_278t_2026_05_08_equity,169,WALT DISNEY COMPANY COM,purchase,2026-01-01,2026-05-12,100001.0,250000.0,other,,trump_278t_2026_05_08_equity.pdf
5f2bd6ebda4f,Donald Trump,trump_278t_2026_05_08_equity,170,ROBINHOOD MKTS INC COM CL A,purchase,2026-03-17,2026-05-12,100001.0,250000.0,equity,,trump_278t_2026_05_08_equity.pdf
198ad082d3f7,Donald Trump,trump_278t_2026_05_08_equity,171,APPLE INC UNSOLICITED,purchase,2026-03-25,2026-05-12,100001.0,250000.0,equity,AAPL,trump_278t_2026_05_08_equity.pdf
a7b9f0076778,Donald Trump,trump_278t_2026_05_08_equity,172,VANGUARD TOTAL STOCK MARKET INDEX FUND ETF SHARES,purchase,2026-03-10,2026-05-12,100001.0,250000.0,etf,,trump_278t_2026_05_08_equity.pdf
187b78453bdc,Donald Trump,trump_278t_2026_05_08_equity,173,BOSTON SCIENTIFIC CORP,purchase,2026-03-18,2026-05-12,100001.0,250000.0,equity,BSX,trump_278t_2026_05_08_equity.pdf
ba4db223ddd0,Donald Trump,trump_278t_2026_05_08_equity,174,ABBOTT LABS,purchase,2026-03-18,2026-05-12,100001.0,250000.0,other,,trump_278t_2026_05_08_equity.pdf
6a310f0b19a4,Donald Trump,trump_278t_2026_05_08_equity,175,TE CONNECTIVITY PLC ORO SHS,purchase,2026-02-10,2026-05-12,100001.0,250000.0,equity,TEL,trump_278t_2026_05_08_equity.pdf
32e4384ccf0f,Donald Trump,trump_278t_2026_05_08_equity,176,ACCENTURE PLC IRELAND F CLASS A,purchase,2026-03-16,2026-05-12,100001.0,250000.0,equity,ACN,trump_278t_2026_05_08_equity.pdf
84ab368b8ff6,Donald Trump,trump_278t_2026_05_08_equity,177,STATE STRT CONS DSRY SLT SE SP ETF JV,purchase,2026-03-04,2026-05-12,100001.0,250000.0,etf,,trump_278t_2026_05_08_equity.pdf
541ca7f5cafe,Donald Trump,trump_278t_2026_05_08_equity,179,S&P GLOBAL INC,purchase,2026-03-18,2026-05-12,100001.0,250000.0,equity,SPGI,trump_278t_2026_05_08_equity.pdf
7928a856c749,Donald Trump,trump_278t_2026_05_08_equity,181,AT&TINC,purchase,2026-01-06,2026-05-12,100001.0,250000.0,other,,trump_278t_2026_05_08_equity.pdf
b50032cf8357,Donald Trump,trump_278t_2026_05_08_equity,182,MICROSOFT CORP UNSOLICITED,purchase,2026-03-25,2026-05-12,100001.0,250000.0,equity,MSFT,trump_278t_2026_05_08_equity.pdf
d629386244d1,Donald Trump,trump_278t_2026_05_08_equity,183,AON PLC SHS CL A,purchase,2026-01-06,2026-05-12,100001.0,250000.0,equity,,trump_278t_2026_05_08_equity.pdf
779d58053321,Donald Trump,trump_278t_2026_05_08_equity,184,Comfort Svs Uso Inc,purchase,2026-01-06,2026-05-12,100001.0,250000.0,equity,FIX,trump_278t_2026_05_08_equity.pdf
e1bc85cc85d5,Donald Trump,trump_278t_2026_05_08_equity,185,MOTOROLA SOLUTIONS INC,purchase,2026-01-13,2026-05-12,100001.0,250000.0,equity,MSI,trump_278t_2026_05_08_equity.pdf
d11d046cdff6,Donald Trump,trump_278t_2026_05_08_equity,158,TRACTOR SUPPLY CO,purchase,2026-01-06,2026-05-12,100001.0,250000.0,other,,trump_278t_2026_05_08_equity.pdf
6d0b313b5f4f,Donald Trump,trump_278t_2026_05_08_equity,186,WORKDAY INC CLASS A,purchase,2026-01-21,2026-05-12,100001.0,250000.0,equity,WDAY,trump_278t_2026_05_08_equity.pdf
16952d77ba57,Donald Trump,trump_278t_2026_05_08_equity,157,UNITED DOMINION REALTY TRUST INC,purchase,2026-01-11,2026-05-12,100001.0,250000.0,equity,,trump_278t_2026_05_08_equity.pdf
3b529b1b1956,Donald Trump,trump_278t_2026_05_08_equity,154,Godaddvlnc,purchase,2026-01-06,2026-05-12,100001.0,250000.0,other,,trump_278t_2026_05_08_equity.pdf
6f8cac27f389,Donald Trump,trump_278t_2026_05_08_equity,128,VANGUARD TOTAL STOCK MARKET INDEX FUND ETF SHARES,purchase,2026-03-04,2026-05-12,250001.0,500000.0,etf,,trump_278t_2026_05_08_equity.pdf
6f728d37ecc8,Donald Trump,trump_278t_2026_05_08_equity,129,WALMARTINC,purchase,2026-03-17,2026-05-12,250001.0,500000.0,other,,trump_278t_2026_05_08_equity.pdf
307a8b07acd7,Donald Trump,trump_278t_2026_05_08_equity,130,META PLATFORMS INC CL A,purchase,2026-01-23,2026-05-12,250001.0,500000.0,equity,META,trump_278t_2026_05_08_equity.pdf
cafbef31d7bc,Donald Trump,trump_278t_2026_05_08_equity,131,ALPHABET INC CL A UNSOLICITED,purchase,2026-03-31,2026-05-12,250001.0,500000.0,equity,GOOGL,trump_278t_2026_05_08_equity.pdf
57dd5f8719cc,Donald Trump,trump_278t_2026_05_08_equity,132,SOUTHERN CO COM IDUrchuo,purchase,2026-03-11,2026-05-12,250001.0,500000.0,other,,trump_278t_2026_05_08_equity.pdf
62ca5001581c,Donald Trump,trump_278t_2026_05_08_equity,133,META PLATFORMS INC CLASS A,purchase,2026-01-21,2026-05-12,250001.0,500000.0,equity,META,trump_278t_2026_05_08_equity.pdf
13ef8529e924,Donald Trump,trump_278t_2026_05_08_equity,134,EQUIFAX INC COM,purchase,2026-03-11,2026-05-12,250001.0,500000.0,equity,EFX,trump_278t_2026_05_08_equity.pdf
a96220975600,Donald Trump,trump_278t_2026_05_08_equity,135,ECOLAB INC,purchase,2026-03-11,2026-05-12,250001.0,500000.0,equity,ECL,trump_278t_2026_05_08_equity.pdf
f16ad124639c,Donald Trump,trump_278t_2026_05_08_equity,136,!SHARES GSCI COMMODITY DYNAMIC ROLL STRATEGY ETF,purchase,2026-01-01,2026-05-12,250001.0,500000.0,etf,,trump_278t_2026_05_08_equity.pdf
009a6633d7de,Donald Trump,trump_278t_2026_05_08_equity,137,INVITATION HOMES INC COM,purchase,2026-01-06,2026-05-12,250001.0,500000.0,equity,INVH,trump_278t_2026_05_08_equity.pdf
a4329a86fde4,Donald Trump,trump_278t_2026_05_08_equity,138,CARRIER GLOBAL CORPORATION COM,purchase,2026-01-01,2026-05-12,250001.0,500000.0,other,,trump_278t_2026_05_08_equity.pdf
4149bc01515c,Donald Trump,trump_278t_2026_05_08_equity,140,STATE STREET SPDR S&P 500 ETF TRUST,purchase,2026-03-10,2026-05-12,250001.0,500000.0,etf,SPY,trump_278t_2026_05_08_equity.pdf
6feb1a39211b,Donald Trump,trump_278t_2026_05_08_equity,141,ACCENTURE PLC,purchase,2026-01-11,2026-05-12,250001.0,500000.0,equity,ACN,trump_278t_2026_05_08_equity.pdf
e4329a48470d,Donald Trump,trump_278t_2026_05_08_equity,142,APOLLO GLOBAL MGMT INC COM,purchase,2026-01-06,2026-05-12,250001.0,500000.0,equity,,trump_278t_2026_05_08_equity.pdf
c62bb5727405,Donald Trump,trump_278t_2026_05_08_equity,143,DOMINOS PIZZA INC,purchase,2026-03-11,2026-05-12,250001.0,500000.0,equity,,trump_278t_2026_05_08_equity.pdf
097ccc4d1c8c,Donald Trump,trump_278t_2026_05_08_equity,144,COGNIZANT TECHNOLOGY SOLUTIONS CL A,purchase,2026-01-16,2026-05-12,100001.0,250000.0,other,,trump_278t_2026_05_08_equity.pdf
7c5262766fcc,Donald Trump,trump_278t_2026_05_08_equity,145,PNC FINL SERVICES -,purchase,2026-01-23,2026-05-12,100001.0,250000.0,other,,trump_278t_2026_05_08_equity.pdf
cd82fac52e31,Donald Trump,trump_278t_2026_05_08_equity,146,MOTOROLA SOLUTIONS INC,purchase,2026-01-11,2026-05-12,100001.0,250000.0,equity,MSI,trump_278t_2026_05_08_equity.pdf
c2a0a271df2b,Donald Trump,trump_278t_2026_05_08_equity,147,SKYWORKS SOLUTIONS INC,purchase,2026-01-01,2026-05-12,100001.0,250000.0,equity,SWKS,trump_278t_2026_05_08_equity.pdf
8d9ac29d8f80,Donald Trump,trump_278t_2026_05_08_equity,148,JACOBS SOLUTIONS INC COM,purchase,2026-01-01,2026-05-12,100001.0,250000.0,equity,J,trump_278t_2026_05_08_equity.pdf
6dc12daad632,Donald Trump,trump_278t_2026_05_08_equity,149,ZOETISINC,purchase,2026-01-01,2026-05-12,100001.0,250000.0,equity,ZTS,trump_278t_2026_05_08_equity.pdf
f83d1f039653,Donald Trump,trump_278t_2026_05_08_equity,150,CIENACORP,purchase,2026-03-11,2026-05-12,100001.0,250000.0,other,,trump_278t_2026_05_08_equity.pdf
cc94f76c0ae7,Donald Trump,trump_278t_2026_05_08_equity,151,"VERISKANALYTICS, INC.",purchase,2026-01-06,2026-05-12,100001.0,250000.0,equity,,trump_278t_2026_05_08_equity.pdf
627c584bfc0b,Donald Trump,trump_278t_2026_05_08_equity,152,BOOKING HLDGS INC,purchase,2026-02-23,2026-05-12,100001.0,250000.0,equity,BKNG,trump_278t_2026_05_08_equity.pdf
4afdcd39445b,Donald Trump,trump_278t_2026_05_08_equity,153,PUBLIC SVC ENTERPRISE GROUP INC,purchase,2026-03-11,2026-05-12,100001.0,250000.0,equity,,trump_278t_2026_05_08_equity.pdf
5729dcc9bf70,Donald Trump,trump_278t_2026_05_08_equity,155,GALLAGHER ARTHUR J & CO,purchase,2026-01-06,2026-05-12,100001.0,250000.0,other,,trump_278t_2026_05_08_equity.pdf
de5e813c1e3d,Donald Trump,trump_278t_2026_05_08_equity,127,NETFLIX INC,purchase,2026-02-12,2026-05-12,250001.0,500000.0,etf,NFLX,trump_278t_2026_05_08_equity.pdf
a02554469a7a,Donald Trump,trump_278t_2026_05_08_equity,187,STATE STRT CONS DSRY SLT SE SP ETF JV,purchase,2026-01-29,2026-05-12,100001.0,250000.0,etf,,trump_278t_2026_05_08_equity.pdf
442a8f4a76b9,Donald Trump,trump_278t_2026_05_08_equity,189,Pa=-- Hldos Inc,purchase,2026-03-17,2026-05-12,100001.0,250000.0,equity,,trump_278t_2026_05_08_equity.pdf
dfa85d4f78da,Donald Trump,trump_278t_2026_05_08_equity,223,AMAZON.COM INC UNSOLICITED,purchase,2026-01-25,2026-05-12,100001.0,250000.0,equity,AMZN,trump_278t_2026_05_08_equity.pdf
a7c96b378bc1,Donald Trump,trump_278t_2026_05_08_equity,224,FACTSET RESH SYS INC,purchase,2026-01-06,2026-05-12,100001.0,250000.0,equity,FDS,trump_278t_2026_05_08_equity.pdf
8c7610db4113,Donald Trump,trump_278t_2026_05_08_equity,225,TRIMBLE NAV LTD,purchase,2026-01-06,2026-05-12,100001.0,250000.0,other,,trump_278t_2026_05_08_equity.pdf
3fbd0cb0dbdf,Donald Trump,trump_278t_2026_05_08_equity,226,ABBOTT LABS,purchase,2026-01-23,2026-05-12,100001.0,250000.0,other,,trump_278t_2026_05_08_equity.pdf
86477b704555,Donald Trump,trump_278t_2026_05_08_equity,227,AMAZON.COM INC UNSOLICITED,purchase,2026-01-23,2026-05-12,100001.0,250000.0,equity,AMZN,trump_278t_2026_05_08_equity.pdf
e7e8ca62307c,Donald Trump,trump_278t_2026_05_08_equity,228,BERKSHIRE HATHAWAY INC NEW CL B UNSOLICITED laurchase,purchase,2026-03-12,2026-05-12,100001.0,250000.0,equity,,trump_278t_2026_05_08_equity.pdf
f3d8567562bd,Donald Trump,trump_278t_2026_05_08_equity,229,Hubboll Inc,purchase,2026-01-06,2026-05-12,100001.0,250000.0,equity,,trump_278t_2026_05_08_equity.pdf
dfbabb0a613a,Donald Trump,trump_278t_2026_05_08_equity,230,BOOKING HLDGS INC FORWARD SPLIT WITH STOCK SPLIT SHARES I,purchase,2026-03-18,2026-05-12,100001.0,250000.0,equity,BKNG,trump_278t_2026_05_08_equity.pdf
d2bbc8ab06f7,Donald Trump,trump_278t_2026_05_08_equity,231,RESMEDINC lcurchooo,purchase,2026-01-06,2026-05-12,100001.0,250000.0,other,,trump_278t_2026_05_08_equity.pdf
356f7d9dcc86,Donald Trump,trump_278t_2026_05_08_equity,232,JPMORGAN CHASE & CO UNSOLICITED loun:haao,purchase,2026-03-02,2026-05-12,100001.0,250000.0,equity,JPM,trump_278t_2026_05_08_equity.pdf
978b426e093d,Donald Trump,trump_278t_2026_05_08_equity,234,MOLINA HEALTHCARE INC I,purchase,2026-03-23,2026-05-12,100001.0,250000.0,equity,MOH,trump_278t_2026_05_08_equity.pdf
7f82b26eee48,Donald Trump,trump_278t_2026_05_08_equity,238,KLA CORP UNSOLICITED,purchase,2026-03-02,2026-05-12,100001.0,250000.0,equity,KLAC,trump_278t_2026_05_08_equity.pdf
301a4787c112,Donald Trump,trump_278t_2026_05_08_equity,237,VISTRACORP,purchase,2026-02-10,2026-05-12,100001.0,250000.0,other,,trump_278t_2026_05_08_equity.pdf
67b54708d523,Donald Trump,trump_278t_2026_05_08_equity,238,WASTE MGMT INC DEL,purchase,2026-03-17,2026-05-12,100001.0,250000.0,equity,WM,trump_278t_2026_05_08_equity.pdf
7371eb92a11a,Donald Trump,trump_278t_2026_05_08_equity,239,ADVANCED MICRO DEVICES INC UNSOLICITED,purchase,2026-03-02,2026-05-12,100001.0,250000.0,equity,AMD,trump_278t_2026_05_08_equity.pdf
79bac0ac2f4d,Donald Trump,trump_278t_2026_05_08_equity,240,CHURCH & DWIGHT INC,purchase,2026-03-17,2026-05-12,100001.0,250000.0,equity,CHD,trump_278t_2026_05_08_equity.pdf
3f6060299b5c,Donald Trump,trump_278t_2026_05_08_equity,241,INSULET CORP,purchase,2026-01-06,2026-05-12,100001.0,250000.0,equity,PODD,trump_278t_2026_05_08_equity.pdf
d51746b1bbd0,Donald Trump,trump_278t_2026_05_08_equity,242,STATE STREET CONSUMER DISCRETIONARY SELECT SECTOR SPDR ETF,purchase,2026-03-10,2026-05-12,100001.0,250000.0,etf,XLY,trump_278t_2026_05_08_equity.pdf
22160d470760,Donald Trump,trump_278t_2026_05_08_equity,243,MICRON TECHNOLOGY INC UNSOLICITED,purchase,2026-03-02,2026-05-12,100001.0,250000.0,equity,MU,trump_278t_2026_05_08_equity.pdf
b6f9491fcfc9,Donald Trump,trump_278t_2026_05_08_equity,244,GARTNER GROUP INC NEW,purchase,2026-01-16,2026-05-12,100001.0,250000.0,equity,IT,trump_278t_2026_05_08_equity.pdf
7015106d6691,Donald Trump,trump_278t_2026_05_08_equity,245,QUALCOMM INC UNSOLICITED,purchase,2026-03-02,2026-05-12,100001.0,250000.0,equity,QCOM,trump_278t_2026_05_08_equity.pdf
d3812aee58fa,Donald Trump,trump_278t_2026_05_08_equity,246,VISA INC CLASS A,purchase,2026-02-12,2026-05-12,100001.0,250000.0,equity,V,trump_278t_2026_05_08_equity.pdf
5a8da1bd7514,Donald Trump,trump_278t_2026_05_08_equity,247,CHEVRON CORP,purchase,2026-01-23,2026-05-12,100001.0,250000.0,equity,CVX,trump_278t_2026_05_08_equity.pdf
8ee5249bce4f,Donald Trump,trump_278t_2026_05_08_equity,248,PALANTIR TECHNOLOGIES IN CLASS A,purchase,2026-03-18,2026-05-12,100001.0,250000.0,equity,PLTR,trump_278t_2026_05_08_equity.pdf
69e21b70a6af,Donald Trump,trump_278t_2026_05_08_equity,249,BROADRIDGE FINL SOLUTION,purchase,2026-02-12,2026-05-12,100001.0,250000.0,other,,trump_278t_2026_05_08_equity.pdf
ec082d6f82d3,Donald Trump,trump_278t_2026_05_08_equity,221,STATE STRT HLTH CRE SLT SEC SPDR ETF,purchase,2026-03-04,2026-05-12,100001.0,250000.0,etf,,trump_278t_2026_05_08_equity.pdf
f69000110ec6,Donald Trump,trump_278t_2026_05_08_equity,166,PNC FINL SERVICES,purchase,2026-01-26,2026-05-12,100001.0,250000.0,other,,trump_278t_2026_05_08_equity.pdf
4830f26ec7ec,Donald Trump,trump_278t_2026_05_08_equity,220,LAM RESEARCH CORP UNSOLICITED,purchase,2026-03-02,2026-05-12,100001.0,250000.0,equity,LRCX,trump_278t_2026_05_08_equity.pdf
ac2765e2ff24,Donald Trump,trump_278t_2026_05_08_equity,218,DEXCOMINC,purchase,2026-02-10,2026-05-12,100001.0,250000.0,other,,trump_278t_2026_05_08_equity.pdf
a544dbc67173,Donald Trump,trump_278t_2026_05_08_equity,190,Monoll1hlc Pwr Svs Inc,purchase,2026-02-10,2026-05-12,100001.0,250000.0,equity,,trump_278t_2026_05_08_equity.pdf
696546eb975e,Donald Trump,trump_278t_2026_05_08_equity,191,SMURFIT WESTROCK PLC SHS,purchase,2026-02-10,2026-05-12,100001.0,250000.0,equity,SW,trump_278t_2026_05_08_equity.pdf
9c68d539e048,Donald Trump,trump_278t_2026_05_08_equity,192,MARSH & MCLENNAN COS INC,purchase,2026-03-18,2026-05-12,100001.0,250000.0,equity,MRSH,trump_278t_2026_05_08_equity.pdf
928c0fe61764,Donald Trump,trump_278t_2026_05_08_equity,193,PROCTER & GAMBLE CO,purchase,2026-03-17,2026-05-12,100001.0,250000.0,other,,trump_278t_2026_05_08_equity.pdf
b6f2a90719d9,Donald Trump,trump_278t_2026_05_08_equity,194,APPLIED MATERIALS INC UNSOLICITED,purchase,2026-03-02,2026-05-12,100001.0,250000.0,equity,AMAT,trump_278t_2026_05_08_equity.pdf
8b9827278b79,Donald Trump,trump_278t_2026_05_08_equity,195,EBAY INC,purchase,2026-02-10,2026-05-12,100001.0,250000.0,equity,EBAY,trump_278t_2026_05_08_equity.pdf
b8f551249b4c,Donald Trump,trump_278t_2026_05_08_equity,196,"Howlett Packllrd En""""""'1so Co",purchase,2026-01-06,2026-05-12,100001.0,250000.0,other,,trump_278t_2026_05_08_equity.pdf
2d2ee5bd1be0,Donald Trump,trump_278t_2026_05_08_equity,199,Maatoc Inc Com Sollclted Order Discretion Exercised Allocated Order Your Broker Actod Aa Agont,purchase,2026-02-12,2026-05-12,100001.0,250000.0,equity,,trump_278t_2026_05_08_equity.pdf
c805f8effa04,Donald Trump,trump_278t_2026_05_08_equity,200,Wolmart Inc Com Sollcllod Ordor Dlocrotlon Exerdaod,purchase,2026-02-02,2026-05-12,100001.0,250000.0,equity,,trump_278t_2026_05_08_equity.pdf
da45c9ea4926,Donald Trump,trump_278t_2026_05_08_equity,201,wmont Com Com Sollcltod Order Discretion Exon:lsod Allocated Ordor Your Broker Acted Aa Agent,purchase,2026-02-12,2026-05-12,100001.0,250000.0,other,,trump_278t_2026_05_08_equity.pdf
044833e5795c,Donald Trump,trump_278t_2026_05_08_equity,202,Mlcroaoll r-Com Sollcllod Ordor DIIICl'Ollon Exorclsod Allocatod Ordor Your Br<>l<or Aclod As Aoont,purchase,2026-02-02,2026-05-12,100001.0,250000.0,other,,trump_278t_2026_05_08_equity.pdf
c1c9558f057d,Donald Trump,trump_278t_2026_05_08_equity,203,TRIMBLE INC,purchase,2026-01-21,2026-05-12,100001.0,250000.0,equity,TRMB,trump_278t_2026_05_08_equity.pdf
6af3a9a758d9,Donald Trump,trump_278t_2026_05_08_equity,205,ALEXANDRIA REAL ESTATE EQUITIES INC,purchase,2026-01-06,2026-05-12,100001.0,250000.0,equity,ARE,trump_278t_2026_05_08_equity.pdf
d1e5b34d52a5,Donald Trump,trump_278t_2026_05_08_equity,206,Vanouard Index Fd1 Vonauord Mid-mo Elf Solicited Order Dllcrotlon ExercllOd,purchase,2026-02-02,2026-05-12,100001.0,250000.0,other,,trump_278t_2026_05_08_equity.pdf
c918107b0432,Donald Trump,trump_278t_2026_05_08_equity,207,Amazon Com Inc Com Solldtod Ordor Dlscrotlon Exercised,purchase,2026-02-02,2026-05-12,100001.0,250000.0,equity,AMZN,trump_278t_2026_05_08_equity.pdf
7a743e45953d,Donald Trump,trump_278t_2026_05_08_equity,206,Alohabet Inc Cl A Solldted Order DllcroUon Exerdsed,purchase,2026-02-02,2026-05-12,100001.0,250000.0,equity,,trump_278t_2026_05_08_equity.pdf
22158dffeac7,Donald Trump,trump_278t_2026_05_08_equity,209,Merlin Mariotti Metia Inc Com Solicited Ordor Dllcrotlon Exerclaod Allocatod Ordor Your Broker Aclod As Aoont,purchase,2026-02-02,2026-05-12,100001.0,250000.0,equity,,trump_278t_2026_05_08_equity.pdf
fabacfebbc22,Donald Trump,trump_278t_2026_05_08_equity,210,"lshan,s Tr RIJssoll 2000 Elf Sollcltod Ordor Dlscrotion Exorclsod Allocated OrdorYour Brokor Aclod Aa Annnt",purchase,2026-02-02,2026-05-12,100001.0,250000.0,other,,trump_278t_2026_05_08_equity.pdf
6ae932ed010b,Donald Trump,trump_278t_2026_05_08_equity,211,Jomomnn Clulso & Co Com Sollcltod Order OlscroUon Exercised,purchase,2026-02-02,2026-05-12,100001.0,250000.0,other,,trump_278t_2026_05_08_equity.pdf
0ee8d7da006c,Donald Trump,trump_278t_2026_05_08_equity,212,NETFLIX INC,purchase,2026-01-23,2026-05-12,100001.0,250000.0,etf,NFLX,trump_278t_2026_05_08_equity.pdf
3e1e9e1363ad,Donald Trump,trump_278t_2026_05_08_equity,213,Broadcom Inc Com Solldted Ordor Dlscnltlon Exercised Allocoted Order Your Brokor Aclod As Aoont,purchase,2026-02-02,2026-05-12,100001.0,250000.0,equity,AVGO,trump_278t_2026_05_08_equity.pdf
c69b8792393c,Donald Trump,trump_278t_2026_05_08_equity,214,ROYAL CARIBBEAN GROUP,purchase,2026-01-10,2026-05-12,100001.0,250000.0,other,,trump_278t_2026_05_08_equity.pdf
50ec416bc902,Donald Trump,trump_278t_2026_05_08_equity,215,Gonoral Eloc Co Com Now Solldtod Ordor Dlscrotlan Exordsad Allocoted Ordor Your Brokor Acted Aa Aoont,purchase,2026-02-02,2026-05-12,100001.0,250000.0,other,,trump_278t_2026_05_08_equity.pdf
601dd094df10,Donald Trump,trump_278t_2026_05_08_equity,216,TERADYNE INC COM,purchase,2026-01-06,2026-05-12,100001.0,250000.0,equity,TER,trump_278t_2026_05_08_equity.pdf
2cdf3e2d8026,Donald Trump,trump_278t_2026_05_08_equity,217,NEWS CORP NEW,purchase,2026-03-17,2026-05-12,100001.0,250000.0,equity,,trump_278t_2026_05_08_equity.pdf
17bbc0164107,Donald Trump,trump_278t_2026_05_08_equity,219,Goldman Sl>chs Group Inc Com Solldtod Order Dllcrotlon Exerclsad,purchase,2026-02-02,2026-05-12,100001.0,250000.0,equity,,trump_278t_2026_05_08_equity.pdf
dd23d5fc3c4d,Donald Trump,trump_278t_2026_05_08_equity,126,IDEXCORP,purchase,2026-01-06,2026-05-12,250001.0,500000.0,other,,trump_278t_2026_05_08_equity.pdf
38480699e0ae,Donald Trump,trump_278t_2026_05_08_equity,125,ALPHABET INC CL A UNSOLICITED,purchase,2026-03-11,2026-05-12,250001.0,500000.0,equity,GOOGL,trump_278t_2026_05_08_equity.pdf
15a67d8eee07,Donald Trump,trump_278t_2026_05_08_equity,124,CAR:>/ANA CO CL A,purchase,2026-01-06,2026-05-12,250001.0,500000.0,other,,trump_278t_2026_05_08_equity.pdf
60e2102e0c18,Donald Trump,trump_278t_2026_05_08_equity,34,COMCAST CORP NEW CLASS A l,purchase,2026-01-12,2026-05-12,1000001.0,5000000.0,equity,CMCSA,trump_278t_2026_05_08_equity.pdf
c87551e2921b,Donald Trump,trump_278t_2026_05_08_equity,35,PTCINC l,purchase,2026-02-10,2026-05-12,1000001.0,5000000.0,equity,PTC,trump_278t_2026_05_08_equity.pdf
27476066987c,Donald Trump,trump_278t_2026_05_08_equity,37,lahores Tr Mad Ealo Valuo ElfE1m823070m-00497 Avoraoe Unit P~c:e Transedlon Your Broker Acted As Aaont,purchase,2026-03-06,2026-05-12,500001.0,1000000.0,other,,trump_278t_2026_05_08_equity.pdf
69389773c67a,Donald Trump,trump_278t_2026_05_08_equity,38,"lnvosco Excha""""""'lnldod Fd Tr II S&n 500 Momentum Elf Sollclted Order DlaaaUon Exerdaod",purchase,2026-03-06,2026-05-12,500001.0,1000000.0,other,,trump_278t_2026_05_08_equity.pdf
baaf61dea603,Donald Trump,trump_278t_2026_05_08_equity,39,ACCENTURE PLC,purchase,2026-02-10,2026-05-12,500001.0,1000000.0,equity,ACN,trump_278t_2026_05_08_equity.pdf
e48e2936224f,Donald Trump,trump_278t_2026_05_08_equity,40,NVIDIA CORP UNSOLICITED,purchase,2026-01-06,2026-05-12,500001.0,1000000.0,equity,NVDA,trump_278t_2026_05_08_equity.pdf
8f7c6b78d6ae,Donald Trump,trump_278t_2026_05_08_equity,41,ADVANCED MICRO DEVICES INC,purchase,2026-02-10,2026-05-12,500001.0,1000000.0,equity,AMD,trump_278t_2026_05_08_equity.pdf
d9da06afa32e,Donald Trump,trump_278t_2026_05_08_equity,42,STATE STREET ENERGY SELECT SECTOR SPDR ETF,purchase,2026-03-05,2026-05-12,500001.0,1000000.0,etf,XLE,trump_278t_2026_05_08_equity.pdf
e59cd5d484df,Donald Trump,trump_278t_2026_05_08_equity,43,VANGUARD S&P 500 ETF UNSOLICITED,purchase,2026-03-25,2026-05-12,500001.0,1000000.0,etf,VOO,trump_278t_2026_05_08_equity.pdf
d66f18b0b3d7,Donald Trump,trump_278t_2026_05_08_equity,44,"FS, Inc",purchase,2026-02-10,2026-05-12,500001.0,1000000.0,equity,,trump_278t_2026_05_08_equity.pdf
6bff6f08eac4,Donald Trump,trump_278t_2026_05_08_equity,45,Eculnbt Inc,purchase,2026-02-10,2026-05-12,500001.0,1000000.0,equity,,trump_278t_2026_05_08_equity.pdf
8cd15dc7ddcd,Donald Trump,trump_278t_2026_05_08_equity,46,AVALONBAY CMNTYS INC REIT,purchase,2026-01-12,2026-05-12,500001.0,1000000.0,reit,AVB,trump_278t_2026_05_08_equity.pdf
2ac814bf248b,Donald Trump,trump_278t_2026_05_08_equity,47,DATAOOG INC CL A COM,purchase,2026-03-17,2026-05-12,500001.0,1000000.0,equity,DDOG,trump_278t_2026_05_08_equity.pdf
3319cdde908b,Donald Trump,trump_278t_2026_05_08_equity,48,ALPHABET INC CL A UNSOLICITED,purchase,2026-03-02,2026-05-12,500001.0,1000000.0,equity,GOOGL,trump_278t_2026_05_08_equity.pdf
97d130d7d569,Donald Trump,trump_278t_2026_05_08_equity,49,AMPHENOL CORP NEW,purchase,2026-02-10,2026-05-12,500001.0,1000000.0,equity,APH,trump_278t_2026_05_08_equity.pdf
8cc397bab321,Donald Trump,trump_278t_2026_05_08_equity,50,ZEBRA TECHNOLOGIES CORP CL A,purchase,2026-02-10,2026-05-12,500001.0,1000000.0,equity,ZBRA,trump_278t_2026_05_08_equity.pdf
257c3d265c88,Donald Trump,trump_278t_2026_05_08_equity,51,MICROCHIP TECHNOLOGY INC,purchase,2026-02-10,2026-05-12,500001.0,1000000.0,equity,MCHP,trump_278t_2026_05_08_equity.pdf
c202a25e44b2,Donald Trump,trump_278t_2026_05_08_equity,52,CHIPOTLE MEXICAN GRILL INC,purchase,2026-02-10,2026-05-12,500001.0,1000000.0,equity,CMG,trump_278t_2026_05_08_equity.pdf
55afb99b6e6b,Donald Trump,trump_278t_2026_05_08_equity,53,PAYCHEX INC COM,purchase,2026-02-10,2026-05-12,500001.0,1000000.0,equity,PAYX,trump_278t_2026_05_08_equity.pdf
7a916bce161f,Donald Trump,trump_278t_2026_05_08_equity,54,ISHARES CORE MSCI EMERGING ETF,purchase,2026-03-04,2026-05-12,500001.0,1000000.0,etf,IEMG,trump_278t_2026_05_08_equity.pdf
9681ae8556c8,Donald Trump,trump_278t_2026_05_08_equity,55,DOORDASH INC CL A,purchase,2026-03-17,2026-05-12,500001.0,1000000.0,equity,DASH,trump_278t_2026_05_08_equity.pdf
a63801047aea,Donald Trump,trump_278t_2026_05_08_equity,56,ISHARES MSCI CANADA ETF,purchase,2026-03-05,2026-05-12,500001.0,1000000.0,etf,,trump_278t_2026_05_08_equity.pdf
23647be40b13,Donald Trump,trump_278t_2026_05_08_equity,57,MICROSOFT CORP UNSOLICITED,purchase,2026-01-06,2026-05-12,500001.0,1000000.0,equity,MSFT,trump_278t_2026_05_08_equity.pdf
cf0020e2805a,Donald Trump,trump_278t_2026_05_08_equity,58,LINDE PLC SHS,purchase,2026-02-10,2026-05-12,500001.0,1000000.0,equity,LIN,trump_278t_2026_05_08_equity.pdf
df2e18c1e1b4,Donald Trump,trump_278t_2026_05_08_equity,59,CHURCH & DWIGHT INC,purchase,2026-02-10,2026-05-12,500001.0,1000000.0,equity,CHD,trump_278t_2026_05_08_equity.pdf
c2a0380cca43,Donald Trump,trump_278t_2026_05_08_equity,33,VANGUARD S&P 500 ETF UNSOLICITED I,purchase,2026-01-31,2026-05-12,1000001.0,5000000.0,etf,VOO,trump_278t_2026_05_08_equity.pdf
813c4ac9a51f,Donald Trump,trump_278t_2026_05_08_equity,60,GARMIN LTD,purchase,2026-02-10,2026-05-12,500001.0,1000000.0,other,,trump_278t_2026_05_08_equity.pdf
2e7135f5d960,Donald Trump,trump_278t_2026_05_08_equity,32,APPLE INC UNSOLICITED,purchase,2026-03-02,2026-05-12,1000001.0,5000000.0,equity,AAPL,trump_278t_2026_05_08_equity.pdf
b8e61011e963,Donald Trump,trump_278t_2026_05_08_equity,29,BOEING COMPANY COM,purchase,2026-02-10,2026-05-12,1000001.0,5000000.0,equity,BA,trump_278t_2026_05_08_equity.pdf
65ec98458978,Donald Trump,trump_278t_2026_05_08_equity,1,VANGUARD S&P 500 ETF UNSOLICITED I,purchase,2026-03-02,2026-05-12,1000001.0,5000000.0,etf,VOO,trump_278t_2026_05_08_equity.pdf
eef66f9437bd,Donald Trump,trump_278t_2026_05_08_equity,2,"laha,.,. Tr Russoll 1000 Elf E1TT4634153032-00500 Av-Unit Prtoo TranllDdlon Your Bn>l<or Aclod Al Aoont lcurchuo",purchase,2026-03-27,2026-05-12,1000001.0,5000000.0,other,,trump_278t_2026_05_08_equity.pdf
fc1e204ad748,Donald Trump,trump_278t_2026_05_08_equity,3,SERVICENOW INC COM,purchase,2026-02-10,2026-05-12,1000001.0,5000000.0,equity,NOW,trump_278t_2026_05_08_equity.pdf
4fb1e8f470fc,Donald Trump,trump_278t_2026_05_08_equity,4,NVIDIA CORP,purchase,2026-02-10,2026-05-12,1000001.0,5000000.0,equity,NVDA,trump_278t_2026_05_08_equity.pdf
dfeeb361d6c0,Donald Trump,trump_278t_2026_05_08_equity,5,"Invesco Excnanon-Jnadod Fd Tr S&o 500 EQual Wolc,hl Elf Sollc:llod Ordor Dlsc:tollon Exortlaod AYO""""""' Unit Pnco Transadlon Your Brokor",purchase,2026-02-20,2026-05-12,1000001.0,5000000.0,etf,,trump_278t_2026_05_08_equity.pdf
989ccbe12115,Donald Trump,trump_278t_2026_05_08_equity,7,WORKDAY INCCL A,purchase,2026-02-10,2026-05-12,1000001.0,5000000.0,equity,WDAY,trump_278t_2026_05_08_equity.pdf
066fef345c73,Donald Trump,trump_278t_2026_05_08_equity,8,ORACLE CORPORATION COM,purchase,2026-03-17,2026-05-12,1000001.0,5000000.0,equity,ORCL,trump_278t_2026_05_08_equity.pdf
3c29cf0951a9,Donald Trump,trump_278t_2026_05_08_equity,9,MICROSOFT CORP UNSOLICITED,purchase,2026-03-11,2026-05-12,1000001.0,5000000.0,equity,MSFT,trump_278t_2026_05_08_equity.pdf
75692c9b9cda,Donald Trump,trump_278t_2026_05_08_equity,10,BROADCOM INC COM,purchase,2026-02-10,2026-05-12,1000001.0,5000000.0,equity,AVGO,trump_278t_2026_05_08_equity.pdf
6ffde55d103d,Donald Trump,trump_278t_2026_05_08_equity,11,SYNOPSYS INC COM,purchase,2026-02-10,2026-05-12,1000001.0,5000000.0,equity,SNPS,trump_278t_2026_05_08_equity.pdf
50e68f8cbbb4,Donald Trump,trump_278t_2026_05_08_equity,13,PROCTER & GAMBLE CO,purchase,2026-01-21,2026-05-12,1000001.0,5000000.0,other,,trump_278t_2026_05_08_equity.pdf
5fd3d57e2bed,Donald Trump,trump_278t_2026_05_08_equity,14,CADENCE DESIGN SYS INC,purchase,2026-03-11,2026-05-12,1000001.0,5000000.0,equity,CDNS,trump_278t_2026_05_08_equity.pdf
1809c99fb545,Donald Trump,trump_278t_2026_05_08_equity,15,TRANE TECHNOLOGIES PLC SHS,purchase,2026-03-11,2026-05-12,1000001.0,5000000.0,equity,TT,trump_278t_2026_05_08_equity.pdf
fdfad4d91dc6,Donald Trump,trump_278t_2026_05_08_equity,16,TEXAS INSTR$ INC,purchase,2026-01-12,2026-05-12,1000001.0,5000000.0,equity,TXN,trump_278t_2026_05_08_equity.pdf
67592f7d802b,Donald Trump,trump_278t_2026_05_08_equity,17,FIDELITY NATL INFORMATIO,purchase,2026-01-21,2026-05-12,1000001.0,5000000.0,other,,trump_278t_2026_05_08_equity.pdf
1cd832735e65,Donald Trump,trump_278t_2026_05_08_equity,18,MOTOROLA SOLUTIONS INC,purchase,2026-02-10,2026-05-12,1000001.0,5000000.0,equity,MSI,trump_278t_2026_05_08_equity.pdf
47dd27dca22a,Donald Trump,trump_278t_2026_05_08_equity,19,EATON CORP PLC,purchase,2026-03-11,2026-05-12,1000001.0,5000000.0,equity,,trump_278t_2026_05_08_equity.pdf
dadfde474578,Donald Trump,trump_278t_2026_05_08_equity,21,TRANSDIGM GROUP INC,purchase,2026-02-10,2026-05-12,1000001.0,5000000.0,equity,TDG,trump_278t_2026_05_08_equity.pdf
11536f56d7a9,Donald Trump,trump_278t_2026_05_08_equity,22,AMAZON.COM INC UNSOLICITED,purchase,2026-03-19,2026-05-12,1000001.0,5000000.0,equity,AMZN,trump_278t_2026_05_08_equity.pdf
8262161a3b21,Donald Trump,trump_278t_2026_05_08_equity,23,JABIL INC,purchase,2026-02-10,2026-05-12,,,equity,JBL,trump_278t_2026_05_08_equity.pdf
38bdcc471efa,Donald Trump,trump_278t_2026_05_08_equity,24,COSTCO WHOLESALE CORP NEW,purchase,2026-02-10,2026-05-12,1000001.0,5000000.0,equity,COST,trump_278t_2026_05_08_equity.pdf
b3a4308813a5,Donald Trump,trump_278t_2026_05_08_equity,25,AXON ENTERPRISE INC COM,purchase,2026-02-10,2026-05-12,1000001.0,5000000.0,equity,AXON,trump_278t_2026_05_08_equity.pdf
e7e10ff949d1,Donald Trump,trump_278t_2026_05_08_equity,26,!SHARES GSCI COMMODITY DYNAMIC ROLL STRATEGY ETF,purchase,2026-03-05,2026-05-12,1000001.0,5000000.0,etf,,trump_278t_2026_05_08_equity.pdf
9020aa10ddfc,Donald Trump,trump_278t_2026_05_08_equity,27,Kum Sushi Uu Inc Cl A Com Solldted Ordor Dlsaoaon Exerdaod A-Unit Pnco TranllDdlon Your Brokor Aclod As Aaont,purchase,2026-02-02,2026-05-12,1000001.0,5000000.0,equity,,trump_278t_2026_05_08_equity.pdf
86a0b9dca105,Donald Trump,trump_278t_2026_05_08_equity,28,DELL TECHNOLOGIES INC CL C,purchase,2026-02-10,2026-05-12,1000001.0,5000000.0,equity,DELL,trump_278t_2026_05_08_equity.pdf
88a0f6ea7f1b,Donald Trump,trump_278t_2026_05_08_equity,30,UBER TECHNOLOGIES INC COM,purchase,2026-03-11,2026-05-12,1000001.0,5000000.0,equity,UBER,trump_278t_2026_05_08_equity.pdf
4fde553cf85d,Donald Trump,trump_278t_2026_05_08_equity,61,AIRBNB INC COM CL A,purchase,2026-02-10,2026-05-12,500001.0,1000000.0,equity,ABNB,trump_278t_2026_05_08_equity.pdf
ed10ec4e35c0,Donald Trump,trump_278t_2026_05_08_equity,62,BOSTON SCIENTIFIC CORP COM,purchase,2026-03-17,2026-05-12,500001.0,1000000.0,equity,BSX,trump_278t_2026_05_08_equity.pdf
2f11fa0d9d6c,Donald Trump,trump_278t_2026_05_08_equity,63,ISHARES CORE MSCI EMERGING MARKETS ETF,purchase,2026-03-10,2026-05-12,500001.0,1000000.0,etf,IEMG,trump_278t_2026_05_08_equity.pdf
843f921955f5,Donald Trump,trump_278t_2026_05_08_equity,97,SHERWIN WILLIAMS CO COM,purchase,2026-01-06,2026-05-12,250001.0,500000.0,other,,trump_278t_2026_05_08_equity.pdf
354c2ee1a5b4,Donald Trump,trump_278t_2026_05_08_equity,98,STATE STRET TEC SELECT SEC SPDR ETF,purchase,2026-03-04,2026-05-12,250001.0,500000.0,etf,,trump_278t_2026_05_08_equity.pdf
ba595b5c4aae,Donald Trump,trump_278t_2026_05_08_equity,99,NVR INC,purchase,2026-01-06,2026-05-12,250001.0,500000.0,equity,NVR,trump_278t_2026_05_08_equity.pdf
e614341d10b8,Donald Trump,trump_278t_2026_05_08_equity,100,SUPER MICRO COMPUTER INC COM NEW,purchase,2026-02-10,2026-05-12,250001.0,500000.0,equity,SMCI,trump_278t_2026_05_08_equity.pdf
d42972ce0407,Donald Trump,trump_278t_2026_05_08_equity,101,AMAZON.COM INC I,purchase,2026-03-11,2026-05-12,250001.0,500000.0,equity,AMZN,trump_278t_2026_05_08_equity.pdf
d64b4eb6e8c1,Donald Trump,trump_278t_2026_05_08_equity,102,APPLE INC UNSOLICITED I,purchase,2026-01-23,2026-05-12,250001.0,500000.0,equity,AAPL,trump_278t_2026_05_08_equity.pdf
783a76644393,Donald Trump,trump_278t_2026_05_08_equity,104,INTERCONTINENTALEXCHANGE INC IDUrchalO,purchase,2026-03-17,2026-05-12,250001.0,500000.0,equity,ICE,trump_278t_2026_05_08_equity.pdf
0997f6a973a8,Donald Trump,trump_278t_2026_05_08_equity,105,APPLE INC UNSOLICITED,purchase,2026-03-12,2026-05-12,250001.0,500000.0,equity,AAPL,trump_278t_2026_05_08_equity.pdf
81cbea4adad4,Donald Trump,trump_278t_2026_05_08_equity,106,APPLE INC UNSOLICITED I,purchase,2026-03-11,2026-05-12,250001.0,500000.0,equity,AAPL,trump_278t_2026_05_08_equity.pdf
42a59fac1f04,Donald Trump,trump_278t_2026_05_08_equity,107,MICROSOFT CORP,purchase,2026-01-23,2026-05-12,250001.0,500000.0,equity,MSFT,trump_278t_2026_05_08_equity.pdf
d046aa25ebc7,Donald Trump,trump_278t_2026_05_08_equity,108,KIAr-=.,purchase,2026-02-10,2026-05-12,250001.0,,other,,trump_278t_2026_05_08_equity.pdf
5e03c09e3be6,Donald Trump,trump_278t_2026_05_08_equity,109,"F5, Inc",purchase,2026-01-06,2026-05-12,250001.0,500000.0,equity,FFIV,trump_278t_2026_05_08_equity.pdf
02ba8c55d6f1,Donald Trump,trump_278t_2026_05_08_equity,110,AVALONBAY CMNTYS INC COM,purchase,2026-01-06,2026-05-12,250001.0,500000.0,equity,AVB,trump_278t_2026_05_08_equity.pdf
a3403a1f14ac,Donald Trump,trump_278t_2026_05_08_equity,111,XCEL ENERGY INC.,purchase,2026-01-06,2026-05-12,250001.0,500000.0,equity,XEL,trump_278t_2026_05_08_equity.pdf
601676b3e862,Donald Trump,trump_278t_2026_05_08_equity,112,ARES MANAGEMENT CORPORATION CL A COM,purchase,2026-01-06,2026-05-12,,500000.0,other,,trump_278t_2026_05_08_equity.pdf
e5fafff130fb,Donald Trump,trump_278t_2026_05_08_equity,113,WASTE MGMT INC DEL,purchase,2026-01-06,2026-05-12,250001.0,500000.0,equity,WM,trump_278t_2026_05_08_equity.pdf
55cf293fff44,Donald Trump,trump_278t_2026_05_08_equity,115,lshoros Tr Mid Eole Elf Sollcltod Ordor Dlscrollon Exorclaod Allocated Ordor Your Btokor Actod As Aaont,purchase,2026-02-02,2026-05-12,250001.0,500000.0,other,,trump_278t_2026_05_08_equity.pdf
36f9fe0b8af5,Donald Trump,trump_278t_2026_05_08_equity,116,SALESFORCE INC,purchase,2026-03-11,2026-05-12,250001.0,500000.0,equity,CRM,trump_278t_2026_05_08_equity.pdf
e21002c333a3,Donald Trump,trump_278t_2026_05_08_equity,117,PNC FINL SERVICES,purchase,2026-01-22,2026-05-12,250001.0,500000.0,other,,trump_278t_2026_05_08_equity.pdf
daeba80883fb,Donald Trump,trump_278t_2026_05_08_equity,118,DAVITA INC.,purchase,2026-02-10,2026-05-12,250001.0,500000.0,equity,DVA,trump_278t_2026_05_08_equity.pdf
05af9deb38d0,Donald Trump,trump_278t_2026_05_08_equity,119,ALPHABET INC CL A UNSOLICITED,purchase,2026-03-12,2026-05-12,250001.0,500000.0,equity,GOOGL,trump_278t_2026_05_08_equity.pdf
c3ae0b19bbcb,Donald Trump,trump_278t_2026_05_08_equity,120,NEWS CORP NEW,purchase,2026-02-10,2026-05-12,250001.0,500000.0,equity,,trump_278t_2026_05_08_equity.pdf
28749d06a3c6,Donald Trump,trump_278t_2026_05_08_equity,121,WEST PHARMACEUTICALS SVCS INC,purchase,2026-02-10,2026-05-12,250001.0,500000.0,equity,,trump_278t_2026_05_08_equity.pdf
5cae401bdea0,Donald Trump,trump_278t_2026_05_08_equity,122,STATE STREET TECHNOLOGY SELECT SECTOR SPDR ETF,purchase,2026-03-10,2026-05-12,250001.0,500000.0,etf,XLK,trump_278t_2026_05_08_equity.pdf
342367c86fe2,Donald Trump,trump_278t_2026_05_08_equity,123,HOME DEPOT INC,purchase,2026-02-12,2026-05-12,250001.0,500000.0,equity,HD,trump_278t_2026_05_08_equity.pdf
6f175163d7c9,Donald Trump,trump_278t_2026_05_08_equity,96,KIMBERLY-CLARK CORP COM,purchase,2026-03-17,2026-05-12,250001.0,500000.0,equity,KMB,trump_278t_2026_05_08_equity.pdf
494ee2e59cd7,Donald Trump,trump_278t_2026_05_08_equity,95,EBAY INC,purchase,2026-03-17,2026-05-12,250001.0,500000.0,equity,EBAY,trump_278t_2026_05_08_equity.pdf
9df7b5c47490,Donald Trump,trump_278t_2026_05_08_equity,94,STE STRT COMTN SR SLCT SCTR SPDR ETF,purchase,2026-03-04,2026-05-12,250001.0,500000.0,etf,,trump_278t_2026_05_08_equity.pdf
a0927f7c253f,Donald Trump,trump_278t_2026_05_08_equity,93,COSTCO WHSL CORP NEW,purchase,2026-01-12,2026-05-12,250001.0,500000.0,equity,COST,trump_278t_2026_05_08_equity.pdf
4d62eb7a66e9,Donald Trump,trump_278t_2026_05_08_equity,84,VERISIGN INC,purchase,2026-02-10,2026-05-12,500001.0,1000000.0,equity,VRSN,trump_278t_2026_05_08_equity.pdf
a6def2873a25,Donald Trump,trump_278t_2026_05_08_equity,65,DIGITAL RLTY TR INC,purchase,2026-03-17,2026-05-12,500001.0,1000000.0,equity,DLR,trump_278t_2026_05_08_equity.pdf
cd48bd4b6799,Donald Trump,trump_278t_2026_05_08_equity,66,EDWARDS LIFESCIENCES,purchase,2026-02-10,2026-05-12,500001.0,1000000.0,equity,EW,trump_278t_2026_05_08_equity.pdf
3b80706b217f,Donald Trump,trump_278t_2026_05_08_equity,67,APPLIED MATERIALS COM,purchase,2026-02-10,2026-05-12,500001.0,1000000.0,equity,AMAT,trump_278t_2026_05_08_equity.pdf
fc6e875178ff,Donald Trump,trump_278t_2026_05_08_equity,68,STRYKER CORP COM,purchase,2026-03-17,2026-05-12,500001.0,1000000.0,equity,SYK,trump_278t_2026_05_08_equity.pdf
3d459763f2a0,Donald Trump,trump_278t_2026_05_08_equity,69,LENNOX INTL INC I,purchase,2026-02-10,2026-05-12,500001.0,1000000.0,equity,LII,trump_278t_2026_05_08_equity.pdf
3e2deca635f9,Donald Trump,trump_278t_2026_05_08_equity,70,CME GROUP INC l,purchase,2026-02-10,2026-05-12,500001.0,1000000.0,equity,CME,trump_278t_2026_05_08_equity.pdf
12a853509521,Donald Trump,trump_278t_2026_05_08_equity,71,ILLINOIS TOOL WORKS I,purchase,2026-01-06,2026-05-12,500001.0,1000000.0,equity,ITW,trump_278t_2026_05_08_equity.pdf
1ece91d10d06,Donald Trump,trump_278t_2026_05_08_equity,72,"ROPER TECHNOLOGIES, INC l",purchase,2026-03-17,2026-05-12,500001.0,1000000.0,equity,ROP,trump_278t_2026_05_08_equity.pdf
553097c8a700,Donald Trump,trump_278t_2026_05_08_equity,73,EMCOR GROUP INC I,purchase,2026-02-10,2026-05-12,500001.0,1000000.0,equity,EME,trump_278t_2026_05_08_equity.pdf
49143bf05150,Donald Trump,trump_278t_2026_05_08_equity,74,LAM RESEARCH CORPORATION COM USD0.00 I,purchase,2026-02-10,2026-05-12,500001.0,1000000.0,equity,LRCX,trump_278t_2026_05_08_equity.pdf
35705f2188c0,Donald Trump,trump_278t_2026_05_08_equity,75,FORTINET INC,purchase,2026-03-17,2026-05-12,500001.0,1000000.0,equity,FTNT,trump_278t_2026_05_08_equity.pdf
94755ea15efe,Donald Trump,trump_278t_2026_05_08_equity,250,ROPER TECHNOLOGIES INC,purchase,2026-01-12,2026-05-12,100001.0,250000.0,equity,ROP,trump_278t_2026_05_08_equity.pdf
c09abcb9fa3e,Donald Trump,trump_278t_2026_05_08_equity,78,PHILIP MORRIS !NTL INC,purchase,2026-01-06,2026-05-12,500001.0,1000000.0,equity,PM,trump_278t_2026_05_08_equity.pdf
c104220dc341,Donald Trump,trump_278t_2026_05_08_equity,80,Alohobot Inc Cl A Solldtod Ordor Dlscrotlon Exercised,purchase,2026-01-19,2026-05-12,500001.0,1000000.0,equity,,trump_278t_2026_05_08_equity.pdf
3525c5a22b09,Donald Trump,trump_278t_2026_05_08_equity,81,Amazon Corn Inc Com Solldtod Order DlsaeUon Exorclsod,purchase,2026-01-19,2026-05-12,500001.0,1000000.0,equity,AMZN,trump_278t_2026_05_08_equity.pdf
dc4849b8247a,Donald Trump,trump_278t_2026_05_08_equity,82,AMA2ON.COM INC UNSOLICITED,purchase,2026-01-06,2026-05-12,250001.0,500000.0,equity,,trump_278t_2026_05_08_equity.pdf
ae5d4741f9c7,Donald Trump,trump_278t_2026_05_08_equity,83,STATE STREET SPDR S&P 500 TRUST ETF,purchase,2026-03-04,2026-05-12,250001.0,500000.0,etf,SPY,trump_278t_2026_05_08_equity.pdf
34a6b0a39ff3,Donald Trump,trump_278t_2026_05_08_equity,84,VANGUARD FTSE EUROPE ETF,purchase,2026-03-10,2026-05-12,250001.0,500000.0,etf,,trump_278t_2026_05_08_equity.pdf
a7253931fde5,Donald Trump,trump_278t_2026_05_08_equity,85,MICROSOFT CORP,purchase,2026-03-18,2026-05-12,250001.0,500000.0,equity,MSFT,trump_278t_2026_05_08_equity.pdf
4cd1bbf06e79,Donald Trump,trump_278t_2026_05_08_equity,86,GEAoms0■oe,purchase,2026-02-10,2026-05-12,250001.0,500000.0,other,,trump_278t_2026_05_08_equity.pdf
75c53fc4f8cf,Donald Trump,trump_278t_2026_05_08_equity,87,ZOETIS INC CLASS A,purchase,2026-01-12,2026-05-12,250001.0,500000.0,equity,ZTS,trump_278t_2026_05_08_equity.pdf
a950a9eda1ba,Donald Trump,trump_278t_2026_05_08_equity,88,NVR INC,purchase,2026-01-07,2026-05-12,250001.0,500000.0,equity,NVR,trump_278t_2026_05_08_equity.pdf
337f4d54fcd5,Donald Trump,trump_278t_2026_05_08_equity,89,VANGUARD FTSE EUROPE ETF,purchase,2026-03-04,2026-05-12,250001.0,500000.0,etf,,trump_278t_2026_05_08_equity.pdf
f8282093d3ef,Donald Trump,trump_278t_2026_05_08_equity,91,META PLATFORMS INC CL A UNSOLICITED,purchase,2026-03-02,2026-05-12,250001.0,500000.0,equity,META,trump_278t_2026_05_08_equity.pdf
d5e5f247ccc8,Donald Trump,trump_278t_2026_05_08_equity,92,HONEYWELL INTL INC,purchase,2026-03-17,2026-05-12,250001.0,500000.0,equity,HON,trump_278t_2026_05_08_equity.pdf
13e4e8ffe317,Donald Trump,trump_278t_2026_05_08_equity,79,Goldman Socha G10uo Inc Com Solicited Order DlscruUon Exorcised,sale,2026-01-19,2026-05-12,500001.0,1000000.0,equity,,trump_278t_2026_05_08_equity.pdf
af7e029a31ab,Donald Trump,trump_278t_2026_05_08_equity,251,MOTOROLA SOLUTIONS INC,purchase,2026-01-15,2026-05-12,100001.0,250000.0,equity,MSI,trump_278t_2026_05_08_equity.pdf
38b962216f58,Donald Trump,trump_278t_2026_05_08_equity,252,"ULTA BEAUTY, INC",purchase,2026-01-06,2026-05-12,100001.0,250000.0,equity,ULTA,trump_278t_2026_05_08_equity.pdf
a1785603d442,Donald Trump,trump_278t_2026_05_08_equity,253,MATCH GROUP INC NEW,purchase,2026-03-23,2026-05-12,100001.0,250000.0,equity,MTCH,trump_278t_2026_05_08_equity.pdf
94f3819288b9,Donald Trump,trump_278t_2026_05_08_equity,426,MCDONALDS CORP,purchase,2026-03-18,2026-05-12,50001.0,100000.0,equity,,trump_278t_2026_05_08_equity.pdf
c5c28fe30a92,Donald Trump,trump_278t_2026_05_08_equity,427,LINOEPLCF,purchase,2026-01-12,2026-05-12,50001.0,100000.0,other,,trump_278t_2026_05_08_equity.pdf
4270ef2545d5,Donald Trump,trump_278t_2026_05_08_equity,428,BROWN & BROWN INC,purchase,2026-03-18,2026-05-12,50001.0,100000.0,equity,BRO,trump_278t_2026_05_08_equity.pdf
7e409ede257c,Donald Trump,trump_278t_2026_05_08_equity,429,EXXON MOBIL CORP UNSOLICITED,purchase,2026-03-12,2026-05-12,,100000.0,equity,XOM,trump_278t_2026_05_08_equity.pdf
17dcdaebee7b,Donald Trump,trump_278t_2026_05_08_equity,430,CLOUDFLARE INC CLASS A IDUrchoso,purchase,2026-02-12,2026-05-12,50001.0,100000.0,equity,NET,trump_278t_2026_05_08_equity.pdf
5b5595df0003,Donald Trump,trump_278t_2026_05_08_equity,431,AMDOCSLTOF,purchase,2026-02-12,2026-05-12,50001.0,100000.0,other,,trump_278t_2026_05_08_equity.pdf
89324a83bcbe,Donald Trump,trump_278t_2026_05_08_equity,432,KEYSIGHT TECHNOLOGIES INC COM UNSOLICITED,purchase,2026-03-02,2026-05-12,,100000.0,equity,KEYS,trump_278t_2026_05_08_equity.pdf
87248fdf5a74,Donald Trump,trump_278t_2026_05_08_equity,433,PAYPAL HLOGS INC,purchase,2026-03-11,2026-05-12,50001.0,100000.0,equity,PYPL,trump_278t_2026_05_08_equity.pdf
bb623aef9e38,Donald Trump,trump_278t_2026_05_08_equity,435,CATERPILLAR INC UNSOLICITED,purchase,2026-03-02,2026-05-12,50001.0,100000.0,equity,CAT,trump_278t_2026_05_08_equity.pdf
76c736a63b1e,Donald Trump,trump_278t_2026_05_08_equity,437,CARRIER GLOBAL CORP I,purchase,2026-01-12,2026-05-12,50001.0,100000.0,equity,CARR,trump_278t_2026_05_08_equity.pdf
91182075ab42,Donald Trump,trump_278t_2026_05_08_equity,436,\SHARES MSC\ CANADA ETF I,purchase,2026-03-10,2026-05-12,50001.0,100000.0,etf,,trump_278t_2026_05_08_equity.pdf
fee941d9f6cc,Donald Trump,trump_278t_2026_05_08_equity,439,PNC FINL SERVICES,purchase,2026-01-27,2026-05-12,50001.0,100000.0,other,,trump_278t_2026_05_08_equity.pdf
e50f502fc3fb,Donald Trump,trump_278t_2026_05_08_equity,440,STEPSTONE GROUP INC CLASS A,purchase,2026-03-30,2026-05-12,50001.0,100000.0,equity,STEP,trump_278t_2026_05_08_equity.pdf
69eabeacd607,Donald Trump,trump_278t_2026_05_08_equity,441,BANK OF AMER CORP UNSOLICITED,purchase,2026-03-02,2026-05-12,50001.0,100000.0,equity,,trump_278t_2026_05_08_equity.pdf
272bc4559141,Donald Trump,trump_278t_2026_05_08_equity,442,BERKSHIRE HATHAWAY INC NEW CL B UNSOLICITED,purchase,2026-03-12,2026-05-12,50001.0,100000.0,equity,,trump_278t_2026_05_08_equity.pdf
ff5ce18c5339,Donald Trump,trump_278t_2026_05_08_equity,443,ON SEMICONDUCTOR CORP UNSOLICITED,purchase,2026-03-02,2026-05-12,50001.0,100000.0,equity,ON,trump_278t_2026_05_08_equity.pdf
2ca91da633c3,Donald Trump,trump_278t_2026_05_08_equity,444,EASTMAN CHEM CO,purchase,2026-03-04,2026-05-12,50001.0,100000.0,other,,trump_278t_2026_05_08_equity.pdf
d1f4e7e8856f,Donald Trump,trump_278t_2026_05_08_equity,445,DTE ENERGY CO,purchase,2026-01-16,2026-05-12,50001.0,100000.0,other,,trump_278t_2026_05_08_equity.pdf
6bac39dd4e69,Donald Trump,trump_278t_2026_05_08_equity,446,MARKETAXESS HLDGS INC,purchase,2026-02-26,2026-05-12,50001.0,100000.0,equity,MKTX,trump_278t_2026_05_08_equity.pdf
26052f58b55c,Donald Trump,trump_278t_2026_05_08_equity,447,ORACLE CORP UNSOLICITED,purchase,2026-03-02,2026-05-12,50001.0,100000.0,equity,ORCL,trump_278t_2026_05_08_equity.pdf
7d0a0c39fb00,Donald Trump,trump_278t_2026_05_08_equity,448,CIENA CORP NEW UNSOLICITED,purchase,2026-03-25,2026-05-12,50001.0,100000.0,equity,CIEN,trump_278t_2026_05_08_equity.pdf
2ed6ba26d677,Donald Trump,trump_278t_2026_05_08_equity,449,PROGRESSIVE CORP OH,purchase,2026-01-12,2026-05-12,50001.0,100000.0,equity,PGR,trump_278t_2026_05_08_equity.pdf
2cbd8799d812,Donald Trump,trump_278t_2026_05_08_equity,450,QUANTA SVCS INC,purchase,2026-02-10,2026-05-12,50001.0,100000.0,equity,PWR,trump_278t_2026_05_08_equity.pdf
588aa430eef8,Donald Trump,trump_278t_2026_05_08_equity,451,GE AEROSPACE UNSOLICITED,purchase,2026-03-02,2026-05-12,50001.0,100000.0,other,,trump_278t_2026_05_08_equity.pdf
ca2f2468c298,Donald Trump,trump_278t_2026_05_08_equity,452,AMERICAN EXPRESS CO,purchase,2026-02-12,2026-05-12,50001.0,100000.0,other,,trump_278t_2026_05_08_equity.pdf
27a69508a82f,Donald Trump,trump_278t_2026_05_08_equity,425,SYNCHRONY FINL,purchase,2026-03-16,2026-05-12,50001.0,100000.0,other,,trump_278t_2026_05_08_equity.pdf
9c2210772944,Donald Trump,trump_278t_2026_05_08_equity,453,SKYWORKS SOLLITIONS INC UNSOLICITED,purchase,2026-03-02,2026-05-12,50001.0,100000.0,equity,SWKS,trump_278t_2026_05_08_equity.pdf
013ee1623b42,Donald Trump,trump_278t_2026_05_08_equity,424,PNC FINL SERVICES,purchase,2026-01-28,2026-05-12,50001.0,100000.0,other,,trump_278t_2026_05_08_equity.pdf
ee647db1ce5e,Donald Trump,trump_278t_2026_05_08_equity,422,BLUE OWL CAP INC CLASS A,purchase,2026-01-21,2026-05-12,50001.0,100000.0,equity,,trump_278t_2026_05_08_equity.pdf
4729b997a223,Donald Trump,trump_278t_2026_05_08_equity,397,VANGUARD INTERMEDIATE-TERM CORPORATE BONO INDEX FUN l,purchase,2026-03-04,2026-05-12,50001.0,100000.0,etf,,trump_278t_2026_05_08_equity.pdf
8c73cc14ecd1,Donald Trump,trump_278t_2026_05_08_equity,398,NXP SEMICONDUCTORS NV COM EUR UNSOLICITED,purchase,2026-03-02,2026-05-12,50001.0,100000.0,other,,trump_278t_2026_05_08_equity.pdf
f5fca860fb27,Donald Trump,trump_278t_2026_05_08_equity,399,TARGET CORP COM,purchase,2026-03-17,2026-05-12,50001.0,100000.0,equity,TGT,trump_278t_2026_05_08_equity.pdf
ea17b33d54e7,Donald Trump,trump_278t_2026_05_08_equity,400,Q2HLOGSINC,purchase,2026-03-30,2026-05-12,50001.0,100000.0,other,,trump_278t_2026_05_08_equity.pdf
7f1e9e653f4d,Donald Trump,trump_278t_2026_05_08_equity,401,ALARM COM HLDGS INC,purchase,2026-01-26,2026-05-12,50001.0,100000.0,equity,ALRM,trump_278t_2026_05_08_equity.pdf
1323f8d4963d,Donald Trump,trump_278t_2026_05_08_equity,402,SERVICENOW INC UNSOLICITED,purchase,2026-03-02,2026-05-12,50001.0,100000.0,equity,NOW,trump_278t_2026_05_08_equity.pdf
17a15f6787e8,Donald Trump,trump_278t_2026_05_08_equity,403,LENNOX INTL INC,purchase,2026-03-17,2026-05-12,50001.0,100000.0,equity,LII,trump_278t_2026_05_08_equity.pdf
2eb04d8c8b31,Donald Trump,trump_278t_2026_05_08_equity,404,PALANTIR TECHNOLOGIES INC CLA·UNSOLICITEO,purchase,2026-01-06,2026-05-12,50001.0,100000.0,equity,PLTR,trump_278t_2026_05_08_equity.pdf
6fcd63ab854c,Donald Trump,trump_278t_2026_05_08_equity,405,"SALESFORCE, INC. UNSOLICITED",purchase,2026-03-02,2026-05-12,50001.0,100000.0,equity,CRM,trump_278t_2026_05_08_equity.pdf
1e72bf52b354,Donald Trump,trump_278t_2026_05_08_equity,406,VERRA MOBILITY CORP CLASS A,purchase,2026-01-26,2026-05-12,50001.0,100000.0,equity,VRRM,trump_278t_2026_05_08_equity.pdf
ba400e34d7c1,Donald Trump,trump_278t_2026_05_08_equity,407,Charter Communlcotlons Inc Now,purchase,2026-01-06,2026-05-12,50001.0,100000.0,equity,CHTR,trump_278t_2026_05_08_equity.pdf
084bf7c795bc,Donald Trump,trump_278t_2026_05_08_equity,408,TEXAS INSTRUMENTS UNSOLICITED,purchase,2026-03-02,2026-05-12,50001.0,100000.0,other,,trump_278t_2026_05_08_equity.pdf
1f52aa7a366f,Donald Trump,trump_278t_2026_05_08_equity,409,QNITY ELECTRONICS INC UNSOLICITED,purchase,2026-03-02,2026-05-12,50001.0,100000.0,equity,Q,trump_278t_2026_05_08_equity.pdf
0b249fe7d2f7,Donald Trump,trump_278t_2026_05_08_equity,410,PINNACLE WEST CAP CORP COM,purchase,2026-01-06,2026-05-12,50001.0,100000.0,equity,PNW,trump_278t_2026_05_08_equity.pdf
409910abe2f6,Donald Trump,trump_278t_2026_05_08_equity,411,HOME DEPOT INC UNSOLICITED,purchase,2026-03-02,2026-05-12,50001.0,100000.0,equity,HD,trump_278t_2026_05_08_equity.pdf
55f64dacc0b7,Donald Trump,trump_278t_2026_05_08_equity,412,STARBUCKS CORP COM,purchase,2026-01-06,2026-05-12,50001.0,100000.0,equity,SBUX,trump_278t_2026_05_08_equity.pdf
7420c25bff7a,Donald Trump,trump_278t_2026_05_08_equity,413,AMPHENOL CORP NEW CL A UNSOLICITED,purchase,2026-03-02,2026-05-12,50001.0,100000.0,equity,APH,trump_278t_2026_05_08_equity.pdf
3c0ba259945e,Donald Trump,trump_278t_2026_05_08_equity,414,INTUITIVE SURGICAL INC NEW,purchase,2026-01-06,2026-05-12,50001.0,100000.0,equity,ISRG,trump_278t_2026_05_08_equity.pdf
20bcc02ad5db,Donald Trump,trump_278t_2026_05_08_equity,415,LIFE360 INC EQUITY,purchase,2026-03-23,2026-05-12,50001.0,100000.0,equity,LIF,trump_278t_2026_05_08_equity.pdf
f89a3e278268,Donald Trump,trump_278t_2026_05_08_equity,416,FIDELITY NATL INFORMATION SVCS INC,purchase,2026-01-06,2026-05-12,50001.0,100000.0,equity,,trump_278t_2026_05_08_equity.pdf
3f391a50d12b,Donald Trump,trump_278t_2026_05_08_equity,417,UBER TECHNOLOGIES INC,purchase,2026-01-21,2026-05-12,50001.0,100000.0,equity,UBER,trump_278t_2026_05_08_equity.pdf
97c070cfa0e8,Donald Trump,trump_278t_2026_05_08_equity,418,FIRST FINL BANKSHARES IN,purchase,2026-03-18,2026-05-12,50001.0,100000.0,other,,trump_278t_2026_05_08_equity.pdf
b464347ba8d2,Donald Trump,trump_278t_2026_05_08_equity,419,MICROSOFT CORP,purchase,2026-03-17,2026-05-12,50001.0,100000.0,equity,MSFT,trump_278t_2026_05_08_equity.pdf
5bc1ef09946d,Donald Trump,trump_278t_2026_05_08_equity,420,APPLOVIN CORP CLASS A,purchase,2026-03-18,2026-05-12,50001.0,100000.0,equity,APP,trump_278t_2026_05_08_equity.pdf
e21740b78d83,Donald Trump,trump_278t_2026_05_08_equity,421,SANOISK CORP UNSOLICITED,purchase,2026-03-02,2026-05-12,50001.0,100000.0,equity,,trump_278t_2026_05_08_equity.pdf
dcec2d93488a,Donald Trump,trump_278t_2026_05_08_equity,423,WELLS FARGO & CO,purchase,2026-03-18,2026-05-12,50001.0,100000.0,other,,trump_278t_2026_05_08_equity.pdf
3e628a56352b,Donald Trump,trump_278t_2026_05_08_equity,454,AMCOR PLC,purchase,2026-03-17,2026-05-12,50001.0,100000.0,equity,AMCR,trump_278t_2026_05_08_equity.pdf
0de31bdb5c58,Donald Trump,trump_278t_2026_05_08_equity,455,COSTAR GROUP INC,purchase,2026-01-12,2026-05-12,50001.0,100000.0,equity,CSGP,trump_278t_2026_05_08_equity.pdf
9fa84cb63a35,Donald Trump,trump_278t_2026_05_08_equity,456,STATE STREET SPDR S&P GLOBAL NATURAL RESOURCES ETF,purchase,2026-03-10,2026-05-12,,,etf,GNR,trump_278t_2026_05_08_equity.pdf
5c82cf68a99c,Donald Trump,trump_278t_2026_05_08_equity,487,!SHARES MSCI JAPAN ETF,purchase,2026-03-04,2026-05-12,50001.0,100000.0,etf,,trump_278t_2026_05_08_equity.pdf
0682e6926f47,Donald Trump,trump_278t_2026_05_08_equity,486,INTEL CORP UNSOLICITED,purchase,2026-03-02,2026-05-12,50001.0,100000.0,equity,INTC,trump_278t_2026_05_08_equity.pdf
cd0898514d42,Donald Trump,trump_278t_2026_05_08_equity,489,LAM RESEARCH CORP UNSOLICITED,purchase,2026-03-11,2026-05-12,50001.0,100000.0,equity,LRCX,trump_278t_2026_05_08_equity.pdf
75219f2300d1,Donald Trump,trump_278t_2026_05_08_equity,490,PALO ALTO NETWORKS INC UNSOLICITED,purchase,2026-03-02,2026-05-12,50001.0,100000.0,equity,PANW,trump_278t_2026_05_08_equity.pdf
732f77bec8fd,Donald Trump,trump_278t_2026_05_08_equity,491,INDIVIOR PHARMACEUTICALS,purchase,2026-03-30,2026-05-12,50001.0,100000.0,other,,trump_278t_2026_05_08_equity.pdf
7618a5f19514,Donald Trump,trump_278t_2026_05_08_equity,492,ESSENTIAL PPTYS RLT Y TR REIT,purchase,2026-03-30,2026-05-12,50001.0,100000.0,other,,trump_278t_2026_05_08_equity.pdf
924d786ed2ec,Donald Trump,trump_278t_2026_05_08_equity,495,MICRON TECHNOLOGY INC UNSOLICITED,purchase,2026-03-25,2026-05-12,50001.0,100000.0,equity,MU,trump_278t_2026_05_08_equity.pdf
2d3b8012ab34,Donald Trump,trump_278t_2026_05_08_equity,496,AUTOZONE INC,purchase,2026-01-12,2026-05-12,50001.0,100000.0,equity,AZO,trump_278t_2026_05_08_equity.pdf
5c680a504c4e,Donald Trump,trump_278t_2026_05_08_equity,497,AMAZON.COM INC,purchase,2026-03-17,2026-05-12,50001.0,100000.0,equity,AMZN,trump_278t_2026_05_08_equity.pdf
eb2b383dfd07,Donald Trump,trump_278t_2026_05_08_equity,498,FLUTTER ENTMT PLC F,purchase,2026-03-18,2026-05-12,50001.0,100000.0,equity,FLUT,trump_278t_2026_05_08_equity.pdf
c60d73a4b70a,Donald Trump,trump_278t_2026_05_08_equity,499,PTC THERAPEUTICS INC,purchase,2026-02-26,2026-05-12,50001.0,100000.0,equity,PTCT,trump_278t_2026_05_08_equity.pdf
d128905de3f4,Donald Trump,trump_278t_2026_05_08_equity,500,DORMAN PRODS INC,purchase,2026-01-30,2026-05-12,50001.0,100000.0,equity,DORM,trump_278t_2026_05_08_equity.pdf
6d63047d7a81,Donald Trump,trump_278t_2026_05_08_equity,501,META PLATFORMS INC CL A UNSOLICITED,purchase,2026-01-23,2026-05-12,50001.0,100000.0,equity,META,trump_278t_2026_05_08_equity.pdf
68800519053b,Donald Trump,trump_278t_2026_05_08_equity,502,EATON CORP PLC UNSOLICITED,purchase,2026-03-02,2026-05-12,50001.0,100000.0,equity,,trump_278t_2026_05_08_equity.pdf
9051d4cdd835,Donald Trump,trump_278t_2026_05_08_equity,503,GE VERNOVA INC COM,purchase,2026-02-10,2026-05-12,50001.0,100000.0,equity,GEV,trump_278t_2026_05_08_equity.pdf
d7799329fa4f,Donald Trump,trump_278t_2026_05_08_equity,504,ORACLE CORP UNSOLICITED,purchase,2026-01-08,2026-05-12,50001.0,100000.0,equity,ORCL,trump_278t_2026_05_08_equity.pdf
fb05b357bd1d,Donald Trump,trump_278t_2026_05_08_equity,505,INTERNATIONAL PAPER COM,purchase,2026-02-10,2026-05-12,50001.0,100000.0,other,,trump_278t_2026_05_08_equity.pdf
bc17554243d8,Donald Trump,trump_278t_2026_05_08_equity,506,SL GREEN RLT Y CORP,purchase,2026-03-13,2026-05-12,50001.0,100000.0,equity,,trump_278t_2026_05_08_equity.pdf
44dc459c5535,Donald Trump,trump_278t_2026_05_08_equity,507,PROCTER & GAMBLE CO UNSOLICITED,purchase,2026-03-02,2026-05-12,50001.0,100000.0,other,,trump_278t_2026_05_08_equity.pdf
affe63c7c6d9,Donald Trump,trump_278t_2026_05_08_equity,508,TAPESTRY INC COM,purchase,2026-03-17,2026-05-12,50001.0,100000.0,equity,TPR,trump_278t_2026_05_08_equity.pdf
b375897b7fae,Donald Trump,trump_278t_2026_05_08_equity,509,NETFLIX INC UNSOLICITED,purchase,2026-03-25,2026-05-12,50001.0,100000.0,etf,NFLX,trump_278t_2026_05_08_equity.pdf
482b736f8424,Donald Trump,trump_278t_2026_05_08_equity,510,KKR&COINCCLA,purchase,2026-01-06,2026-05-12,50001.0,100000.0,other,,trump_278t_2026_05_08_equity.pdf
4904064ada00,Donald Trump,trump_278t_2026_05_08_equity,511,REPUBLIC SVCS INC,purchase,2026-03-16,2026-05-12,50001.0,100000.0,equity,,trump_278t_2026_05_08_equity.pdf
4e14a69eb2f2,Donald Trump,trump_278t_2026_05_08_equity,512,AKAMAITECHNOLOGIES INC,purchase,2026-01-06,2026-05-12,50001.0,100000.0,equity,,trump_278t_2026_05_08_equity.pdf
72a71eeb55d5,Donald Trump,trump_278t_2026_05_08_equity,513,JABIL INC UNSOLICITED,purchase,2026-03-23,2026-05-12,50001.0,100000.0,equity,JBL,trump_278t_2026_05_08_equity.pdf
a3f3208e510d,Donald Trump,trump_278t_2026_05_08_equity,486,AUTODESK INC UNSOLICITED,purchase,2026-03-02,2026-05-12,50001.0,100000.0,equity,ADSK,trump_278t_2026_05_08_equity.pdf
1d9df9e3fc0c,Donald Trump,trump_278t_2026_05_08_equity,485,LILLY ELI & CO UNSOLICITED,purchase,2026-03-11,2026-05-12,50001.0,100000.0,other,,trump_278t_2026_05_08_equity.pdf
756b7abf90d1,Donald Trump,trump_278t_2026_05_08_equity,484,INTUIT UNSOLICITED,purchase,2026-01-21,2026-05-12,50001.0,100000.0,other,,trump_278t_2026_05_08_equity.pdf
a531077d0ebc,Donald Trump,trump_278t_2026_05_08_equity,483,MSCIINC,purchase,2026-03-18,2026-05-12,50001.0,100000.0,other,,trump_278t_2026_05_08_equity.pdf
d13d3ca6b924,Donald Trump,trump_278t_2026_05_08_equity,457,NEWMONT CORP UNSOLICITED,purchase,2026-03-02,2026-05-12,50001.0,100000.0,equity,NEM,trump_278t_2026_05_08_equity.pdf
746ae4802f72,Donald Trump,trump_278t_2026_05_08_equity,458,TERADYNE INC UNSOLICITED,purchase,2026-03-02,2026-05-12,50001.0,100000.0,equity,TER,trump_278t_2026_05_08_equity.pdf
de8617ae8e26,Donald Trump,trump_278t_2026_05_08_equity,459,RED ROCK RESORTS INC CLASS A,purchase,2026-03-30,2026-05-12,50001.0,100000.0,equity,RRR,trump_278t_2026_05_08_equity.pdf
1f4d9c20ee33,Donald Trump,trump_278t_2026_05_08_equity,460,FISERV INC,purchase,2026-01-06,2026-05-12,50001.0,100000.0,equity,FISV,trump_278t_2026_05_08_equity.pdf
6462a76cc54a,Donald Trump,trump_278t_2026_05_08_equity,461,"LIFE TIME GROUP HLDGS IN ,",purchase,2026-03-23,2026-05-12,50001.0,100000.0,other,,trump_278t_2026_05_08_equity.pdf
42309bd069cb,Donald Trump,trump_278t_2026_05_08_equity,462,CROWDSTRIKE HLDGS INC CL A UNSOLICITED l,purchase,2026-01-21,2026-05-12,50001.0,100000.0,equity,CRWD,trump_278t_2026_05_08_equity.pdf
648d8a8b7ab2,Donald Trump,trump_278t_2026_05_08_equity,483,TEXAS INSTRUMENTS COM I,purchase,2026-01-08,2026-05-12,50001.0,100000.0,other,,trump_278t_2026_05_08_equity.pdf
2c8e6af2f524,Donald Trump,trump_278t_2026_05_08_equity,464,HIGHWOODS PPTYS INC REIT l,purchase,2026-03-30,2026-05-12,50001.0,100000.0,reit,HIW,trump_278t_2026_05_08_equity.pdf
0de2f57bb6c7,Donald Trump,trump_278t_2026_05_08_equity,465,BADGER METER INC I,purchase,2026-02-26,2026-05-12,50001.0,100000.0,equity,BMI,trump_278t_2026_05_08_equity.pdf
69f7e74dd8c8,Donald Trump,trump_278t_2026_05_08_equity,466,KRAFT HEINZ CO I,purchase,2026-01-21,2026-05-12,50001.0,100000.0,other,,trump_278t_2026_05_08_equity.pdf
c2d35b02e628,Donald Trump,trump_278t_2026_05_08_equity,467,APPLIED MATERIALS INC UNSOLICITED,purchase,2026-03-11,2026-05-12,50001.0,100000.0,equity,AMAT,trump_278t_2026_05_08_equity.pdf
c849f21a69c5,Donald Trump,trump_278t_2026_05_08_equity,468,SLM CORP,purchase,2026-03-11,2026-05-12,50001.0,100000.0,equity,SLM,trump_278t_2026_05_08_equity.pdf
c5b2cc48eff9,Donald Trump,trump_278t_2026_05_08_equity,396,CARNIVAL CORP PAIRED CTF 1 COM CARNI I,purchase,2026-02-10,2026-05-12,50001.0,100000.0,equity,CCL,trump_278t_2026_05_08_equity.pdf
f388a8be9638,Donald Trump,trump_278t_2026_05_08_equity,469,EQUITABLE HLDGS INC,purchase,2026-03-18,2026-05-12,50001.0,100000.0,equity,,trump_278t_2026_05_08_equity.pdf
a88f03de5563,Donald Trump,trump_278t_2026_05_08_equity,471,PAYPAL HLDGS INC,purchase,2026-01-12,2026-05-12,50001.0,100000.0,equity,PYPL,trump_278t_2026_05_08_equity.pdf
4277647198b7,Donald Trump,trump_278t_2026_05_08_equity,472,AMAZON.COM INC,purchase,2026-01-23,2026-05-12,50001.0,100000.0,equity,AMZN,trump_278t_2026_05_08_equity.pdf
b62eb04306bc,Donald Trump,trump_278t_2026_05_08_equity,473,NVIDIA CORP,purchase,2026-03-17,2026-05-12,50001.0,100000.0,equity,NVDA,trump_278t_2026_05_08_equity.pdf
cae16ced7e49,Donald Trump,trump_278t_2026_05_08_equity,474,UNITEDHEALTH GROUP INC,purchase,2026-03-18,2026-05-12,50001.0,100000.0,equity,UNH,trump_278t_2026_05_08_equity.pdf
383ad3d2f932,Donald Trump,trump_278t_2026_05_08_equity,475,ARISTA NETWORKS INC UNSOLICITED,purchase,2026-03-02,2026-05-12,50001.0,100000.0,equity,ANET,trump_278t_2026_05_08_equity.pdf
19edafdf7a30,Donald Trump,trump_278t_2026_05_08_equity,476,STATE STRT INDSTL SLCT SCTR SPDR ETF,purchase,2026-03-04,2026-05-12,50001.0,100000.0,etf,,trump_278t_2026_05_08_equity.pdf
8d4c2210e62e,Donald Trump,trump_278t_2026_05_08_equity,477,COREBRIDGE FINL INC,purchase,2026-03-18,2026-05-12,50001.0,100000.0,equity,,trump_278t_2026_05_08_equity.pdf
d72c47d929e9,Donald Trump,trump_278t_2026_05_08_equity,478,NVIDIA CORP,purchase,2026-02-12,2026-05-12,50001.0,100000.0,equity,NVDA,trump_278t_2026_05_08_equity.pdf
36e4375005ad,Donald Trump,trump_278t_2026_05_08_equity,479,CLOROX CO,purchase,2026-01-21,2026-05-12,50001.0,100000.0,other,,trump_278t_2026_05_08_equity.pdf
fdc179e16fca,Donald Trump,trump_278t_2026_05_08_equity,480,SERVICEmAN INC CLASS A,purchase,2026-01-21,2026-05-12,50001.0,100000.0,equity,,trump_278t_2026_05_08_equity.pdf
e2da2b2e987e,Donald Trump,trump_278t_2026_05_08_equity,481,"NVIDIA CORP,",purchase,2026-03-23,2026-05-12,50001.0,100000.0,equity,NVDA,trump_278t_2026_05_08_equity.pdf
fc741ff61e97,Donald Trump,trump_278t_2026_05_08_equity,482,CSX CORPORATION,purchase,2026-03-17,2026-05-12,50001.0,100000.0,other,,trump_278t_2026_05_08_equity.pdf
4e2fab04f1da,Donald Trump,trump_278t_2026_05_08_equity,470,BALL CORP,purchase,2026-02-10,2026-05-12,50001.0,100000.0,equity,BALL,trump_278t_2026_05_08_equity.pdf
b56e92569af6,Donald Trump,trump_278t_2026_05_08_equity,1028,BANK OF NEW YORK MELLON CORP UNSOLICITED,purchase,2026-01-21,2026-05-12,15001.0,50000.0,equity,,trump_278t_2026_05_08_equity.pdf
ffb72bbee8c6,Donald Trump,trump_278t_2026_05_08_equity,395,PUBLIC SVC ENTERPRISE GR l,purchase,2026-01-12,2026-05-12,50001.0,100000.0,other,,trump_278t_2026_05_08_equity.pdf
09b1781d916e,Donald Trump,trump_278t_2026_05_08_equity,393,ARES MGMT CORP CLASS A,purchase,2026-02-12,2026-05-12,50001.0,100000.0,equity,,trump_278t_2026_05_08_equity.pdf
a5114452797b,Donald Trump,trump_278t_2026_05_08_equity,290,ABBOTT LABS,purchase,2026-01-12,2026-05-12,100001.0,250000.0,other,,trump_278t_2026_05_08_equity.pdf
4f61bce24d78,Donald Trump,trump_278t_2026_05_08_equity,291,!SHARES CORE MSCI INTERNATIONAL DEVELOPED MARKETS ETF,purchase,2026-03-10,2026-05-12,100001.0,250000.0,etf,,trump_278t_2026_05_08_equity.pdf
437b4fac3f53,Donald Trump,trump_278t_2026_05_08_equity,292,INTERCONTINENTAL EXCHANG,purchase,2026-01-12,2026-05-12,100001.0,250000.0,other,,trump_278t_2026_05_08_equity.pdf
ae7db176708a,Donald Trump,trump_278t_2026_05_08_equity,293,META PLATFORMS INC CL A UNSOLICITED,purchase,2026-03-12,2026-05-12,100001.0,250000.0,equity,META,trump_278t_2026_05_08_equity.pdf
d5da90fe7ab2,Donald Trump,trump_278t_2026_05_08_equity,294,QNITY ELECTRONICS INC COMMON STOCK,purchase,2026-01-10,2026-05-12,100001.0,250000.0,equity,Q,trump_278t_2026_05_08_equity.pdf
1751d036b0e5,Donald Trump,trump_278t_2026_05_08_equity,299,AMEREN CORP,purchase,2026-01-06,2026-05-12,100001.0,250000.0,equity,AEE,trump_278t_2026_05_08_equity.pdf
cb4cfe03892a,Donald Trump,trump_278t_2026_05_08_equity,300,META PLATFORMS INC CL A UNSOLICITED l,purchase,2026-03-11,2026-05-12,100001.0,250000.0,equity,META,trump_278t_2026_05_08_equity.pdf
6d74de3193b0,Donald Trump,trump_278t_2026_05_08_equity,301,AUTOMATIC DATA PROCESSIN I,purchase,2026-03-11,2026-05-12,100001.0,250000.0,other,,trump_278t_2026_05_08_equity.pdf
35c144015991,Donald Trump,trump_278t_2026_05_08_equity,302,LAMB WESTON HLDGS INC I,purchase,2026-03-23,2026-05-12,100001.0,250000.0,equity,LW,trump_278t_2026_05_08_equity.pdf
f90a6f520661,Donald Trump,trump_278t_2026_05_08_equity,303,QNITY ELECTRONICS INC COMMON STOCK l,purchase,2026-03-17,2026-05-12,100001.0,250000.0,equity,Q,trump_278t_2026_05_08_equity.pdf
5e85d90c449b,Donald Trump,trump_278t_2026_05_08_equity,304,TELEDYNE TECHNOLOGIES INC l,purchase,2026-01-06,2026-05-12,100001.0,250000.0,equity,TDY,trump_278t_2026_05_08_equity.pdf
0c9b23f9cd33,Donald Trump,trump_278t_2026_05_08_equity,306,MONDELEZ INTL INC CLASS A,purchase,2026-01-21,2026-05-12,100001.0,250000.0,equity,MDLZ,trump_278t_2026_05_08_equity.pdf
5ab2f22f4a8d,Donald Trump,trump_278t_2026_05_08_equity,307,AT&T INC,purchase,2026-01-23,2026-05-12,100001.0,250000.0,equity,T,trump_278t_2026_05_08_equity.pdf
c8429f0a52b8,Donald Trump,trump_278t_2026_05_08_equity,306,RWEGIAN CRUISE L COM USD0.001,purchase,2026-01-06,2026-05-12,100001.0,250000.0,other,,trump_278t_2026_05_08_equity.pdf
3f8fa054827a,Donald Trump,trump_278t_2026_05_08_equity,309,ARGANINC,purchase,2026-03-23,2026-05-12,100001.0,250000.0,other,,trump_278t_2026_05_08_equity.pdf
1e0dc43e81f5,Donald Trump,trump_278t_2026_05_08_equity,310,SERVICENOW INC,purchase,2026-03-18,2026-05-12,100001.0,250000.0,equity,NOW,trump_278t_2026_05_08_equity.pdf
3a25a3b2712f,Donald Trump,trump_278t_2026_05_08_equity,311,DYNATRACE INC,purchase,2026-01-21,2026-05-12,100001.0,250000.0,equity,DT,trump_278t_2026_05_08_equity.pdf
f24e5160d19c,Donald Trump,trump_278t_2026_05_08_equity,313,MONOLITHIC POWER SYSTEMS INC UNSOLICITED,purchase,2026-03-02,2026-05-12,100001.0,250000.0,equity,MPWR,trump_278t_2026_05_08_equity.pdf
1fb800279e63,Donald Trump,trump_278t_2026_05_08_equity,314,CISCO SYSTEMS INC UNSOLICITED,purchase,2026-03-02,2026-05-12,100001.0,250000.0,equity,CSCO,trump_278t_2026_05_08_equity.pdf
129792b779ee,Donald Trump,trump_278t_2026_05_08_equity,315,DISNEY WALT CO,purchase,2026-03-18,2026-05-12,100001.0,250000.0,equity,DIS,trump_278t_2026_05_08_equity.pdf
93e87e23571f,Donald Trump,trump_278t_2026_05_08_equity,317,EXXON MOBIL CORP UNSOLICITED,purchase,2026-03-02,2026-05-12,100001.0,250000.0,equity,XOM,trump_278t_2026_05_08_equity.pdf
e458ed7e9e05,Donald Trump,trump_278t_2026_05_08_equity,318,VERTIV HLDG CO UNSOLICITED,purchase,2026-03-25,2026-05-12,100001.0,250000.0,other,,trump_278t_2026_05_08_equity.pdf
41a0d4c4e6c5,Donald Trump,trump_278t_2026_05_08_equity,319,TYLER TECHNOLOGIES INC,purchase,2026-01-01,2026-05-12,100001.0,250000.0,equity,TYL,trump_278t_2026_05_08_equity.pdf
a1e1bbbdef0f,Donald Trump,trump_278t_2026_05_08_equity,320,COMMERCE BANCSHARES INC,purchase,2026-03-18,2026-05-12,100001.0,250000.0,equity,CBSH,trump_278t_2026_05_08_equity.pdf
f16780766a8e,Donald Trump,trump_278t_2026_05_08_equity,321,STATE STREET FINANCIAL SELECT SECTOR SPDR ETF,purchase,2026-03-10,2026-05-12,100001.0,250000.0,etf,XLF,trump_278t_2026_05_08_equity.pdf
8cba4273d436,Donald Trump,trump_278t_2026_05_08_equity,289,TYLER TECHNOLOGIES INC,purchase,2026-01-06,2026-05-12,,,equity,TYL,trump_278t_2026_05_08_equity.pdf
190a4dc843f7,Donald Trump,trump_278t_2026_05_08_equity,322,NVIDIA CORP,purchase,2026-03-17,2026-05-12,100001.0,250000.0,equity,NVDA,trump_278t_2026_05_08_equity.pdf
456f957526ea,Donald Trump,trump_278t_2026_05_08_equity,288,COOPER COS INC COM,purchase,2026-01-06,2026-05-12,100001.0,250000.0,equity,CPS,trump_278t_2026_05_08_equity.pdf
ac0ce5f3dffd,Donald Trump,trump_278t_2026_05_08_equity,286,!SHARES GSCI COMMODITY DYNAMIC ROLL STRATEGY ETF,purchase,2026-03-04,2026-05-12,100001.0,250000.0,etf,,trump_278t_2026_05_08_equity.pdf
b89ea115af59,Donald Trump,trump_278t_2026_05_08_equity,254,CLOROX COMPANY,purchase,2026-01-01,2026-05-12,100001.0,250000.0,other,,trump_278t_2026_05_08_equity.pdf
0fa8271796c1,Donald Trump,trump_278t_2026_05_08_equity,255,aaa INVESCO TR,purchase,2026-01-01,2026-05-12,100001.0,250000.0,etf,,trump_278t_2026_05_08_equity.pdf
7f875d09cadd,Donald Trump,trump_278t_2026_05_08_equity,256,COHERENT CORP UNSOLICITED,purchase,2026-01-25,2026-05-12,100001.0,250000.0,equity,COHR,trump_278t_2026_05_08_equity.pdf
6d71d510d570,Donald Trump,trump_278t_2026_05_08_equity,257,PAYCOM SOFTWARE INC,purchase,2026-03-23,2026-05-12,100001.0,250000.0,equity,PAYC,trump_278t_2026_05_08_equity.pdf
7b27375d16a0,Donald Trump,trump_278t_2026_05_08_equity,259,COSTCO WHOLESALE CORP NEW,purchase,2026-01-06,2026-05-12,100001.0,250000.0,equity,COST,trump_278t_2026_05_08_equity.pdf
31b4ba72a6db,Donald Trump,trump_278t_2026_05_08_equity,261,NETFLIX INC UNSOLICITED,purchase,2026-03-02,2026-05-12,100001.0,250000.0,etf,NFLX,trump_278t_2026_05_08_equity.pdf
9a0cbc1e88cc,Donald Trump,trump_278t_2026_05_08_equity,262,WALMART INC UNSOLICITED,purchase,2026-03-02,2026-05-12,100001.0,250000.0,equity,WMT,trump_278t_2026_05_08_equity.pdf
5c5ba76ded97,Donald Trump,trump_278t_2026_05_08_equity,263,FISERV INC,purchase,2026-03-18,2026-05-12,100001.0,250000.0,equity,FISV,trump_278t_2026_05_08_equity.pdf
9c9acd50fad1,Donald Trump,trump_278t_2026_05_08_equity,265,BRISTOL MYERS SQUIBB CO COM,purchase,2026-01-08,2026-05-12,100001.0,250000.0,other,,trump_278t_2026_05_08_equity.pdf
3c5bbec466ee,Donald Trump,trump_278t_2026_05_08_equity,267,BLACKSTONE INC,purchase,2026-03-18,2026-05-12,100001.0,250000.0,equity,BX,trump_278t_2026_05_08_equity.pdf
8c6913f3c8ce,Donald Trump,trump_278t_2026_05_08_equity,269,INTUIT loorchaso,purchase,2026-03-18,2026-05-12,100001.0,250000.0,other,,trump_278t_2026_05_08_equity.pdf
f424f603e7bd,Donald Trump,trump_278t_2026_05_08_equity,271,Block. Inc. I,purchase,2026-03-17,2026-05-12,100001.0,250000.0,equity,PBOG,trump_278t_2026_05_08_equity.pdf
c87313faa905,Donald Trump,trump_278t_2026_05_08_equity,272,REPUBLIC SVCS INC I,purchase,2026-03-17,2026-05-12,100001.0,250000.0,equity,,trump_278t_2026_05_08_equity.pdf
94b022fe2fa2,Donald Trump,trump_278t_2026_05_08_equity,273,Wee en~ Grouo Inc IDUrchaso,purchase,2026-01-06,2026-05-12,100001.0,250000.0,equity,,trump_278t_2026_05_08_equity.pdf
5cf7b36c0d9a,Donald Trump,trump_278t_2026_05_08_equity,275,DISNEY WALT CO,purchase,2026-01-21,2026-05-12,100001.0,250000.0,equity,DIS,trump_278t_2026_05_08_equity.pdf
150fdbf7c4df,Donald Trump,trump_278t_2026_05_08_equity,276,KIMBERLY-CLARK CORP COM I,purchase,2026-01-10,2026-05-12,100001.0,250000.0,equity,KMB,trump_278t_2026_05_08_equity.pdf
f85ff62eec3b,Donald Trump,trump_278t_2026_05_08_equity,277,INGERSOLL RAND INC COM,purchase,2026-01-06,2026-05-12,100001.0,250000.0,equity,IR,trump_278t_2026_05_08_equity.pdf
c41133dc08eb,Donald Trump,trump_278t_2026_05_08_equity,278,ORACLE CORP,purchase,2026-03-18,2026-05-12,100001.0,250000.0,equity,ORCL,trump_278t_2026_05_08_equity.pdf
4ecc316daeee,Donald Trump,trump_278t_2026_05_08_equity,279,UBER TECHNOLOGIES INC,purchase,2026-03-18,2026-05-12,100001.0,250000.0,equity,UBER,trump_278t_2026_05_08_equity.pdf
30a1438980bd,Donald Trump,trump_278t_2026_05_08_equity,280,COSTCO WHOLESALE CORP UNSOLICITED,purchase,2026-03-02,2026-05-12,100001.0,250000.0,equity,COST,trump_278t_2026_05_08_equity.pdf
e657868004ef,Donald Trump,trump_278t_2026_05_08_equity,281,lntoractivo Brokors Group Inc Closa,purchase,2026-01-10,2026-05-12,100001.0,250000.0,equity,,trump_278t_2026_05_08_equity.pdf
dd6e45ba6157,Donald Trump,trump_278t_2026_05_08_equity,262,WASTE MGMT INC DEL,purchase,2026-01-10,2026-05-12,100001.0,250000.0,equity,WM,trump_278t_2026_05_08_equity.pdf
02cd9f1e9588,Donald Trump,trump_278t_2026_05_08_equity,283,AT&T INC,purchase,2026-01-12,2026-05-12,100001.0,250000.0,equity,T,trump_278t_2026_05_08_equity.pdf
6432b2351b74,Donald Trump,trump_278t_2026_05_08_equity,284,PROLOGIS INC,purchase,2026-03-17,2026-05-12,100001.0,250000.0,equity,PLD,trump_278t_2026_05_08_equity.pdf
033f0c86077e,Donald Trump,trump_278t_2026_05_08_equity,285,CORPAY INC COM SHS,purchase,2026-01-06,2026-05-12,100001.0,250000.0,equity,CPAY,trump_278t_2026_05_08_equity.pdf
ce071afa369b,Donald Trump,trump_278t_2026_05_08_equity,287,MERIT MED SYS INC,purchase,2026-03-30,2026-05-12,100001.0,250000.0,equity,MMSI,trump_278t_2026_05_08_equity.pdf
39a0663c4c6e,Donald Trump,trump_278t_2026_05_08_equity,323,ALPHABET INC CAP STI< CL A,purchase,2026-01-10,2026-05-12,100001.0,250000.0,equity,GOOGL,trump_278t_2026_05_08_equity.pdf
a33124c15527,Donald Trump,trump_278t_2026_05_08_equity,324,CADENCE DESIGN SYSTEM UNSOLICITED,purchase,2026-03-02,2026-05-12,100001.0,250000.0,equity,CDNS,trump_278t_2026_05_08_equity.pdf
d7af62e6e760,Donald Trump,trump_278t_2026_05_08_equity,325,DOLLAR TREE INC,purchase,2026-01-06,2026-05-12,100001.0,250000.0,equity,DLTR,trump_278t_2026_05_08_equity.pdf
7d037dccb36e,Donald Trump,trump_278t_2026_05_08_equity,365,!SHARES CORE MSCI PACIFIC ETF,purchase,2026-03-04,2026-05-12,50001.0,100000.0,etf,,trump_278t_2026_05_08_equity.pdf
ed5da42f203e,Donald Trump,trump_278t_2026_05_08_equity,366,LITHIA MTRS INC CLASS A,purchase,2026-03-18,2026-05-12,50001.0,100000.0,equity,LAD,trump_278t_2026_05_08_equity.pdf
efd5b81e9c5d,Donald Trump,trump_278t_2026_05_08_equity,367,NVR INC,purchase,2026-03-18,2026-05-12,50001.0,100000.0,equity,NVR,trump_278t_2026_05_08_equity.pdf
322e584e0629,Donald Trump,trump_278t_2026_05_08_equity,366,MARSH & MCLENNAN COS INC,sale,2026-01-12,2026-05-12,50001.0,100000.0,equity,MRSH,trump_278t_2026_05_08_equity.pdf
1d550d7277b6,Donald Trump,trump_278t_2026_05_08_equity,369,BECTON DICKINSON & CO,purchase,2026-01-06,2026-05-12,50001.0,100000.0,other,,trump_278t_2026_05_08_equity.pdf
a1554a9f4cb8,Donald Trump,trump_278t_2026_05_08_equity,371,SYNOPSYS INC UNSOLICITED,purchase,2026-03-02,2026-05-12,50001.0,100000.0,equity,SNPS,trump_278t_2026_05_08_equity.pdf
c1f4902ae406,Donald Trump,trump_278t_2026_05_08_equity,372,SYNOPSYS INC COM,purchase,2026-01-06,2026-05-12,50001.0,100000.0,equity,SNPS,trump_278t_2026_05_08_equity.pdf
d7834738398e,Donald Trump,trump_278t_2026_05_08_equity,373,WATERS CORP,purchase,2026-01-06,2026-05-12,50001.0,100000.0,equity,WAT,trump_278t_2026_05_08_equity.pdf
fd3555936b36,Donald Trump,trump_278t_2026_05_08_equity,374,DOORDASH INC CLASS A,purchase,2026-03-18,2026-05-12,50001.0,100000.0,equity,DASH,trump_278t_2026_05_08_equity.pdf
3f3eb953ced6,Donald Trump,trump_278t_2026_05_08_equity,375,WATSCO INC,purchase,2026-03-18,2026-05-12,50001.0,100000.0,equity,,trump_278t_2026_05_08_equity.pdf
a60e46a66b19,Donald Trump,trump_278t_2026_05_08_equity,376,BENTLEY SYS INC CLASS B,purchase,2026-01-12,2026-05-12,50001.0,100000.0,equity,BSY,trump_278t_2026_05_08_equity.pdf
616f81f866b2,Donald Trump,trump_278t_2026_05_08_equity,377,JBT MAREL CORP,purchase,2026-03-30,2026-05-12,50001.0,100000.0,equity,JBTM,trump_278t_2026_05_08_equity.pdf
2e03daeaf7d1,Donald Trump,trump_278t_2026_05_08_equity,378,!SHARES MSCI JAPAN ETF,purchase,2026-03-10,2026-05-12,50001.0,100000.0,etf,,trump_278t_2026_05_08_equity.pdf
e6a1a4785d42,Donald Trump,trump_278t_2026_05_08_equity,380,PALANTIR TECHNOLOGIES INC CL A UNSOLICITED,purchase,2026-03-02,2026-05-12,50001.0,100000.0,equity,PLTR,trump_278t_2026_05_08_equity.pdf
14f22e7978d5,Donald Trump,trump_278t_2026_05_08_equity,381,ABBVIE INC COM UNSOLICITED,purchase,2026-03-02,2026-05-12,50001.0,100000.0,equity,ABBV,trump_278t_2026_05_08_equity.pdf
f87c64f7ea9c,Donald Trump,trump_278t_2026_05_08_equity,363,!SHARES CRRNCY HOG MSC! EURZN ETF,purchase,2026-03-04,2026-05-12,50001.0,100000.0,etf,,trump_278t_2026_05_08_equity.pdf
5698fb3aa44c,Donald Trump,trump_278t_2026_05_08_equity,364,TRANSDIGM GROUP INC,purchase,2026-01-06,2026-05-12,50001.0,100000.0,equity,TDG,trump_278t_2026_05_08_equity.pdf
0b5657fab14b,Donald Trump,trump_278t_2026_05_08_equity,385,GROUP 1 AUTOMOTIVE INC,purchase,2026-03-30,2026-05-12,50001.0,100000.0,equity,GPI,trump_278t_2026_05_08_equity.pdf
15f1ce6c8216,Donald Trump,trump_278t_2026_05_08_equity,386,WILLIAMS SONOMA INC COM,purchase,2026-03-17,2026-05-12,50001.0,100000.0,equity,WSM,trump_278t_2026_05_08_equity.pdf
f682c5b84c13,Donald Trump,trump_278t_2026_05_08_equity,387,MORNINGSTAR INC,purchase,2026-01-12,2026-05-12,50001.0,100000.0,equity,MORN,trump_278t_2026_05_08_equity.pdf
2f6d6a89a143,Donald Trump,trump_278t_2026_05_08_equity,388,RITHM CAPITAL CORP REIT,purchase,2026-03-23,2026-05-12,50001.0,100000.0,reit,RITM,trump_278t_2026_05_08_equity.pdf
3c5ea269f114,Donald Trump,trump_278t_2026_05_08_equity,369,T-MOBILE US INC,purchase,2026-01-12,2026-05-12,50001.0,100000.0,equity,TMUS,trump_278t_2026_05_08_equity.pdf
9e7b208d5d15,Donald Trump,trump_278t_2026_05_08_equity,390,JOHNSON & JOHNSON COM UNSOLICITED,purchase,2026-01-21,2026-05-12,50001.0,100000.0,other,,trump_278t_2026_05_08_equity.pdf
904f2222439f,Donald Trump,trump_278t_2026_05_08_equity,391,MIRION TECHNOLOGIES INC CLASS A,purchase,2026-03-30,2026-05-12,50001.0,100000.0,equity,MIR,trump_278t_2026_05_08_equity.pdf
338e938845c1,Donald Trump,trump_278t_2026_05_08_equity,392,PRIMORIS SVCS CORP,purchase,2026-03-04,2026-05-12,50001.0,100000.0,equity,PRIM,trump_278t_2026_05_08_equity.pdf
354609beda37,Donald Trump,trump_278t_2026_05_08_equity,364,VERTEX PHARMACEUTICALS INC,purchase,2026-01-06,2026-05-12,50001.0,100000.0,equity,VRTX,trump_278t_2026_05_08_equity.pdf
a68c7af27ca7,Donald Trump,trump_278t_2026_05_08_equity,363,ATtASSIAN CORP CLASS A,purchase,2026-01-12,2026-05-12,50001.0,100000.0,equity,,trump_278t_2026_05_08_equity.pdf
b80dec81c433,Donald Trump,trump_278t_2026_05_08_equity,362,FORTINET INC UNSOLICITED,purchase,2025-03-02,2026-05-12,50001.0,100000.0,equity,FTNT,trump_278t_2026_05_08_equity.pdf
f3156ddd4802,Donald Trump,trump_278t_2026_05_08_equity,361,UNITED PARCEL SERVICE INC,purchase,2026-01-06,2026-05-12,100001.0,250000.0,equity,UPS,trump_278t_2026_05_08_equity.pdf
5c6bd236c10e,Donald Trump,trump_278t_2026_05_08_equity,326,NEWS CORP NEW,purchase,2026-01-10,2026-05-12,100001.0,250000.0,equity,,trump_278t_2026_05_08_equity.pdf
c549b931bc00,Donald Trump,trump_278t_2026_05_08_equity,328,EATON CORP PLC F,purchase,2026-01-21,2026-05-12,100001.0,250000.0,equity,,trump_278t_2026_05_08_equity.pdf
023caef312a6,Donald Trump,trump_278t_2026_05_08_equity,329,ANALOG DEVICES INC UNSOLICITED I,purchase,2026-03-02,2026-05-12,100001.0,250000.0,equity,ADI,trump_278t_2026_05_08_equity.pdf
8e779cf184c5,Donald Trump,trump_278t_2026_05_08_equity,330,BOOKING HLDGS INC I,purchase,2026-02-24,2026-05-12,100001.0,250000.0,equity,BKNG,trump_278t_2026_05_08_equity.pdf
35ef02651ed1,Donald Trump,trump_278t_2026_05_08_equity,333,TELEFLEX INC I,purchase,2026-02-21,2026-05-12,100001.0,250000.0,equity,TFX,trump_278t_2026_05_08_equity.pdf
aa26e6d9a4f1,Donald Trump,trump_278t_2026_05_08_equity,334,ZSCALERINC,purchase,2026-02-12,2026-05-12,100001.0,250000.0,other,,trump_278t_2026_05_08_equity.pdf
7a36a0132e1b,Donald Trump,trump_278t_2026_05_08_equity,335,ISHARES CURRENCY HEDGED MSCI EUROZONE ETF,purchase,2026-03-10,2026-05-12,100001.0,250000.0,etf,HEZU,trump_278t_2026_05_08_equity.pdf
5641d0092742,Donald Trump,trump_278t_2026_05_08_equity,338,KKR&COINC,purchase,2026-02-12,2026-05-12,100001.0,250000.0,other,,trump_278t_2026_05_08_equity.pdf
f6e0c0bd65cf,Donald Trump,trump_278t_2026_05_08_equity,339,ISHARES CORE MSCI PACIFIC ETF,purchase,2026-01-10,2026-05-12,100001.0,250000.0,etf,IPAC,trump_278t_2026_05_08_equity.pdf
45eb9c941d19,Donald Trump,trump_278t_2026_05_08_equity,340,AMAZON COM INC,purchase,2026-01-06,2026-05-12,100001.0,250000.0,equity,AMZN,trump_278t_2026_05_08_equity.pdf
810341d4ffa8,Donald Trump,trump_278t_2026_05_08_equity,341,JPMORGAN CHASE & CO UNSOLICITED,purchase,2026-03-31,2026-05-12,100001.0,250000.0,equity,JPM,trump_278t_2026_05_08_equity.pdf
442affa7c631,Donald Trump,trump_278t_2026_05_08_equity,342,CHEVRON CORP NEW,purchase,2026-01-12,2026-05-12,100001.0,250000.0,equity,CVX,trump_278t_2026_05_08_equity.pdf
a179edffcea0,Donald Trump,trump_278t_2026_05_08_equity,394,GODAODY INC CLASS A,purchase,2026-01-21,2026-05-12,50001.0,100000.0,equity,,trump_278t_2026_05_08_equity.pdf
9359541699de,Donald Trump,trump_278t_2026_05_08_equity,343,UNITEDHEALTH GROUP INC,purchase,2026-01-23,2026-05-12,100001.0,250000.0,equity,UNH,trump_278t_2026_05_08_equity.pdf
0bae29aff41b,Donald Trump,trump_278t_2026_05_08_equity,346,WAYSTAR HLDG CORP,purchase,2026-02-21,2026-05-12,100001.0,250000.0,equity,WAY,trump_278t_2026_05_08_equity.pdf
68c97799ae5d,Donald Trump,trump_278t_2026_05_08_equity,347,COUPANG INC CLASS A,purchase,2026-02-12,2026-05-12,100001.0,250000.0,equity,CPNG,trump_278t_2026_05_08_equity.pdf
87df079447b3,Donald Trump,trump_278t_2026_05_08_equity,348,PHILIP MORRIS INTL INC,purchase,2026-01-23,2026-05-12,100001.0,250000.0,equity,PM,trump_278t_2026_05_08_equity.pdf
bbfb99fa43dd,Donald Trump,trump_278t_2026_05_08_equity,349,KORN FERRY,purchase,2026-02-21,2026-05-12,100001.0,250000.0,other,,trump_278t_2026_05_08_equity.pdf
af8e1201d294,Donald Trump,trump_278t_2026_05_08_equity,350,!SHARES CORE MSCI INTRL DVLP MKT ETF,purchase,2026-03-14,2026-05-12,100001.0,250000.0,etf,,trump_278t_2026_05_08_equity.pdf
436d7ea1772c,Donald Trump,trump_278t_2026_05_08_equity,351,ACI WORLDWIDE INC,purchase,2026-03-13,2026-05-12,100001.0,250000.0,equity,ACIW,trump_278t_2026_05_08_equity.pdf
2a67b36d0636,Donald Trump,trump_278t_2026_05_08_equity,353,HOME DEPOT INC COM,purchase,2026-01-06,2026-05-12,,,equity,HD,trump_278t_2026_05_08_equity.pdf
7d05d9e808f2,Donald Trump,trump_278t_2026_05_08_equity,354,BERKSHIRE HATHAWAY CLASS B,purchase,2026-02-12,2026-05-12,100001.0,250000.0,equity,BRK-B,trump_278t_2026_05_08_equity.pdf
afa268ca19ab,Donald Trump,trump_278t_2026_05_08_equity,355,JOHNSON & JOHNSON COM UNSOLICITED,purchase,2026-03-02,2026-05-12,100001.0,250000.0,other,,trump_278t_2026_05_08_equity.pdf
bfbaa5a05c0f,Donald Trump,trump_278t_2026_05_08_equity,357,GRAINGER WW INC COM,purchase,2026-01-06,2026-05-12,100001.0,250000.0,equity,,trump_278t_2026_05_08_equity.pdf
161b326aeda3,Donald Trump,trump_278t_2026_05_08_equity,359,VISA INC CL A UNSOLICITED,purchase,2026-03-12,2026-05-12,100001.0,250000.0,equity,V,trump_278t_2026_05_08_equity.pdf
23ac2cd9cb3d,Donald Trump,trump_278t_2026_05_08_equity,360,VERSANT MEDIA GROUP INC,purchase,2026-01-26,2026-05-12,100001.0,250000.0,equity,VSNT,trump_278t_2026_05_08_equity.pdf
2f0f0f294090,Donald Trump,trump_278t_2026_05_08_equity,344,STATE STREET CONSUMER STAPLES SELECT SECTOR SPDR ETF,purchase,2026-01-10,2026-05-12,100001.0,250000.0,etf,XLP,trump_278t_2026_05_08_equity.pdf
7438ec352385,Donald Trump,trump_278t_2026_05_08_equity,2090,CREDO TECHNOLOGY GROUP F I,purchase,2026-03-31,2026-05-12,1001.0,15000.0,other,,trump_278t_2026_05_08_equity.pdf
1685ccaf24cc,Donald Trump,trump_278t_2026_05_08_equity,1029,ONEOK INC NEW UNSOLICITED,purchase,2026-03-12,2026-05-12,15001.0,50000.0,equity,OKE,trump_278t_2026_05_08_equity.pdf
70979de0a8c7,Donald Trump,trump_278t_2026_05_08_equity,1031,FOX CORP CL A UNSOLICITED,purchase,2026-01-21,2026-05-12,15001.0,50000.0,equity,,trump_278t_2026_05_08_equity.pdf
232194f1b020,Donald Trump,trump_278t_2026_05_08_equity,1722,NiSOURCE INC l,purchase,2026-03-14,2026-05-12,1001.0,15000.0,equity,NI,trump_278t_2026_05_08_equity.pdf
2eb34caba3f1,Donald Trump,trump_278t_2026_05_08_equity,1723,BEST BUY COMPANY INC l,purchase,2026-03-14,2026-05-12,1001.0,15000.0,equity,BBY,trump_278t_2026_05_08_equity.pdf
5da906e175cc,Donald Trump,trump_278t_2026_05_08_equity,1724,BOOKING HOLDINGS INC l,purchase,2026-02-19,2026-05-12,1001.0,15000.0,equity,BKNG,trump_278t_2026_05_08_equity.pdf
873ec1ec1d13,Donald Trump,trump_278t_2026_05_08_equity,1725,META PLATFORMS INC CL A,purchase,2026-02-19,2026-05-12,1001.0,15000.0,equity,META,trump_278t_2026_05_08_equity.pdf
2b03b842cc31,Donald Trump,trump_278t_2026_05_08_equity,1726,LAM RESH CORP,purchase,2026-03-31,2026-05-12,1001.0,15000.0,equity,,trump_278t_2026_05_08_equity.pdf
17ca1de0471c,Donald Trump,trump_278t_2026_05_08_equity,1727,INTL PAPER COMPANY,purchase,2026-01-17,2026-05-12,1001.0,15000.0,other,,trump_278t_2026_05_08_equity.pdf
1be7aee85475,Donald Trump,trump_278t_2026_05_08_equity,1728,VISA INC CLASS A,purchase,2026-03-23,2026-05-12,1001.0,15000.0,equity,V,trump_278t_2026_05_08_equity.pdf
46ece1676926,Donald Trump,trump_278t_2026_05_08_equity,1729,STRYKER CORP,purchase,2026-03-21,2026-05-12,1001.0,15000.0,equity,SYK,trump_278t_2026_05_08_equity.pdf
0fed626a9ea2,Donald Trump,trump_278t_2026_05_08_equity,1730,SERVICENOW INC,purchase,2026-02-12,2026-05-12,1001.0,15000.0,equity,NOW,trump_278t_2026_05_08_equity.pdf
ce5964e398f0,Donald Trump,trump_278t_2026_05_08_equity,1731,CMS ENERGY CORP,purchase,2026-01-23,2026-05-12,1001.0,15000.0,equity,CMS,trump_278t_2026_05_08_equity.pdf
34c7aa9d9788,Donald Trump,trump_278t_2026_05_08_equity,1732,OMNICOM GROUP INC,purchase,2026-01-17,2026-05-12,1001.0,15000.0,equity,OMC,trump_278t_2026_05_08_equity.pdf
2c05a46380d6,Donald Trump,trump_278t_2026_05_08_equity,1733,LOWES COS INC,purchase,2026-01-17,2026-05-12,1001.0,15000.0,equity,,trump_278t_2026_05_08_equity.pdf
065deb0f91c6,Donald Trump,trump_278t_2026_05_08_equity,1734,VISA INC CLASS A,purchase,2026-01-17,2026-05-12,1001.0,15000.0,equity,V,trump_278t_2026_05_08_equity.pdf
b80cd873a4b4,Donald Trump,trump_278t_2026_05_08_equity,1735,SERVICENOW INC,purchase,2026-03-28,2026-05-12,1001.0,15000.0,equity,NOW,trump_278t_2026_05_08_equity.pdf
de0f3eec1c36,Donald Trump,trump_278t_2026_05_08_equity,1736,STRYKER CORP,purchase,2026-01-17,2026-05-12,1001.0,15000.0,equity,SYK,trump_278t_2026_05_08_equity.pdf
c9f6bf978e60,Donald Trump,trump_278t_2026_05_08_equity,1737,BOSTON SCIENTIFIC CORP,purchase,2026-03-28,2026-05-12,1001.0,15000.0,equity,BSX,trump_278t_2026_05_08_equity.pdf
74ed4236c5e6,Donald Trump,trump_278t_2026_05_08_equity,1738,MICRON TECHNOLOGY INC,purchase,2026-03-23,2026-05-12,1001.0,15000.0,equity,MU,trump_278t_2026_05_08_equity.pdf
267393b2d9b0,Donald Trump,trump_278t_2026_05_08_equity,1739,INTERCONTINENTAL EXCHANG,purchase,2026-02-23,2026-05-12,1001.0,15000.0,other,,trump_278t_2026_05_08_equity.pdf
b66590105e4b,Donald Trump,trump_278t_2026_05_08_equity,1741,NETFLIXINC,purchase,2026-03-31,2026-05-12,1001.0,15000.0,other,,trump_278t_2026_05_08_equity.pdf
f418f296a22f,Donald Trump,trump_278t_2026_05_08_equity,1742,AMAZON.COM INC,purchase,2026-02-19,2026-05-12,1001.0,15000.0,equity,AMZN,trump_278t_2026_05_08_equity.pdf
5e654a4bdb74,Donald Trump,trump_278t_2026_05_08_equity,1743,CROWDS'TRIKE HOLDINGS INC CL A,purchase,2026-02-19,2026-05-12,1001.0,15000.0,equity,CRWD,trump_278t_2026_05_08_equity.pdf
07ef99d1b2eb,Donald Trump,trump_278t_2026_05_08_equity,1744,PROCTER & GAMBLE CO,purchase,2026-01-17,2026-05-12,1001.0,15000.0,other,,trump_278t_2026_05_08_equity.pdf
b367613d8229,Donald Trump,trump_278t_2026_05_08_equity,1745,UBER TECHNOLOGIES INC,purchase,2026-01-17,2026-05-12,1001.0,15000.0,equity,UBER,trump_278t_2026_05_08_equity.pdf
3fa947e49404,Donald Trump,trump_278t_2026_05_08_equity,1746,ILLINOIS TOOL WKS INC,purchase,2026-01-17,2026-05-12,1001.0,15000.0,equity,ITW,trump_278t_2026_05_08_equity.pdf
919caddda55c,Donald Trump,trump_278t_2026_05_08_equity,1749,S&P GLOBAL INC IDUn:hase,purchase,2026-03-17,2026-05-12,1001.0,15000.0,equity,,trump_278t_2026_05_08_equity.pdf
191342a38cd3,Donald Trump,trump_278t_2026_05_08_equity,1721,S&P GLOBAL INC l,purchase,2026-03-21,2026-05-12,1001.0,15000.0,equity,,trump_278t_2026_05_08_equity.pdf
00a2ac334cff,Donald Trump,trump_278t_2026_05_08_equity,1750,INTUIT,purchase,2026-03-17,2026-05-12,1001.0,15000.0,other,,trump_278t_2026_05_08_equity.pdf
3d96fef6ccd5,Donald Trump,trump_278t_2026_05_08_equity,1720,ADVANCED MICRO DEVIC I,purchase,2026-01-17,2026-05-12,1001.0,15000.0,other,,trump_278t_2026_05_08_equity.pdf
cc682bb67abf,Donald Trump,trump_278t_2026_05_08_equity,1718,MCCORMICK & CO INC NON VOTING l,purchase,2026-01-17,2026-05-12,1001.0,15000.0,equity,,trump_278t_2026_05_08_equity.pdf
572d7ac50ea9,Donald Trump,trump_278t_2026_05_08_equity,1692,AST SPACEMOBILE INC CL A,purchase,2026-03-17,2026-05-12,1001.0,15000.0,equity,ASTS,trump_278t_2026_05_08_equity.pdf
1ea38932bf4d,Donald Trump,trump_278t_2026_05_08_equity,1693,UNITEDHEALTH GROUP INC,purchase,2026-03-17,2026-05-12,1001.0,15000.0,equity,UNH,trump_278t_2026_05_08_equity.pdf
3c07221e2425,Donald Trump,trump_278t_2026_05_08_equity,1694,DAVITA INC.,purchase,2026-03-17,2026-05-12,1001.0,15000.0,equity,DVA,trump_278t_2026_05_08_equity.pdf
c9b1a32e4296,Donald Trump,trump_278t_2026_05_08_equity,1695,JOHNSON & JOHNSON,purchase,2026-03-23,2026-05-12,1001.0,15000.0,other,,trump_278t_2026_05_08_equity.pdf
280920134ff3,Donald Trump,trump_278t_2026_05_08_equity,1696,PAYCHEX. INC,purchase,2026-03-17,2026-05-12,1001.0,15000.0,equity,PAYX,trump_278t_2026_05_08_equity.pdf
845fae92ee63,Donald Trump,trump_278t_2026_05_08_equity,1697,SERVICENOW INC,purchase,2026-01-21,2026-05-12,1001.0,15000.0,equity,NOW,trump_278t_2026_05_08_equity.pdf
b6263d17c429,Donald Trump,trump_278t_2026_05_08_equity,1698,CADENCE DESIGN SYSTEMS INC,purchase,2026-01-23,2026-05-12,1001.0,15000.0,equity,CDNS,trump_278t_2026_05_08_equity.pdf
3a210089db84,Donald Trump,trump_278t_2026_05_08_equity,1699,INTUITIVE SURGICAL INC,purchase,2026-03-17,2026-05-12,1001.0,15000.0,equity,ISRG,trump_278t_2026_05_08_equity.pdf
2f152b2816a2,Donald Trump,trump_278t_2026_05_08_equity,1700,AUTOMATIC DATA PROCESSIN,purchase,2026-03-26,2026-05-12,1001.0,15000.0,other,,trump_278t_2026_05_08_equity.pdf
100a9613a790,Donald Trump,trump_278t_2026_05_08_equity,1701,WALMARTINC,purchase,2026-03-23,2026-05-12,1001.0,15000.0,other,,trump_278t_2026_05_08_equity.pdf
3518756d401a,Donald Trump,trump_278t_2026_05_08_equity,1702,WORKDAY INC CLASS A,purchase,2026-02-23,2026-05-12,1001.0,15000.0,equity,WDAY,trump_278t_2026_05_08_equity.pdf
b194d0008214,Donald Trump,trump_278t_2026_05_08_equity,1703,DISNEY WALT CO,purchase,2026-03-26,2026-05-12,1001.0,15000.0,equity,DIS,trump_278t_2026_05_08_equity.pdf
3b34a3d77ee9,Donald Trump,trump_278t_2026_05_08_equity,1704,WABTEC,purchase,2026-03-17,2026-05-12,1001.0,15000.0,other,,trump_278t_2026_05_08_equity.pdf
3be71399a3a6,Donald Trump,trump_278t_2026_05_08_equity,1705,AIRBNB INC CL A,purchase,2026-01-23,2026-05-12,1001.0,15000.0,equity,ABNB,trump_278t_2026_05_08_equity.pdf
6cb7c9d30a53,Donald Trump,trump_278t_2026_05_08_equity,1706,TARGET CORP,purchase,2026-01-23,2026-05-12,1001.0,15000.0,equity,TGT,trump_278t_2026_05_08_equity.pdf
11cb393e677f,Donald Trump,trump_278t_2026_05_08_equity,1707,INTI. PAPER COMPANY,purchase,2026-01-23,2026-05-12,1001.0,15000.0,other,,trump_278t_2026_05_08_equity.pdf
3383292b3aa0,Donald Trump,trump_278t_2026_05_08_equity,1708,Iron Mtn Inc Now,purchase,2026-03-17,2026-05-12,1001.0,15000.0,equity,,trump_278t_2026_05_08_equity.pdf
f5225a600a68,Donald Trump,trump_278t_2026_05_08_equity,1709,ABBOTT LABS,purchase,2026-03-17,2026-05-12,1001.0,15000.0,other,,trump_278t_2026_05_08_equity.pdf
5138633c2745,Donald Trump,trump_278t_2026_05_08_equity,1710,ATI.ASSIAN CORP CL A,purchase,2026-01-23,2026-05-12,1001.0,15000.0,equity,,trump_278t_2026_05_08_equity.pdf
0102f1651b52,Donald Trump,trump_278t_2026_05_08_equity,1711,COSTCO WHSL CORP NEW,purchase,2026-03-23,2026-05-12,1001.0,15000.0,equity,COST,trump_278t_2026_05_08_equity.pdf
4dd3dd049cdf,Donald Trump,trump_278t_2026_05_08_equity,1712,ALNYLAM PHARMACEUTICALS INC,purchase,2026-01-23,2026-05-12,1001.0,15000.0,equity,ALNY,trump_278t_2026_05_08_equity.pdf
9e65804beb14,Donald Trump,trump_278t_2026_05_08_equity,1713,TRACTOR SUPPLY CO,purchase,2026-01-23,2026-05-12,1001.0,15000.0,other,,trump_278t_2026_05_08_equity.pdf
6a94f1d6d5ac,Donald Trump,trump_278t_2026_05_08_equity,1715,BOOKING HLDGS INC FORWARD SPLIT WITH STOCK SPLIT SHARES l,purchase,2026-03-21,2026-05-12,1001.0,15000.0,equity,BKNG,trump_278t_2026_05_08_equity.pdf
fdd5363e6fce,Donald Trump,trump_278t_2026_05_08_equity,1716,CONSOLIDATED EDISON INC I,purchase,2026-01-23,2026-05-12,1001.0,15000.0,equity,ED,trump_278t_2026_05_08_equity.pdf
12d10b290a41,Donald Trump,trump_278t_2026_05_08_equity,1717,ACCENTURE PLC IRELAND F CLASS A I,purchase,2026-03-21,2026-05-12,1001.0,15000.0,equity,ACN,trump_278t_2026_05_08_equity.pdf
4491b9b8a584,Donald Trump,trump_278t_2026_05_08_equity,1719,NETFLIXINC I,purchase,2026-01-21,2026-05-12,1001.0,15000.0,other,,trump_278t_2026_05_08_equity.pdf
68e836313287,Donald Trump,trump_278t_2026_05_08_equity,1691,MASTERCARD INC CLASS A,purchase,2026-03-17,2026-05-12,1001.0,15000.0,equity,MA,trump_278t_2026_05_08_equity.pdf
fe3282c68237,Donald Trump,trump_278t_2026_05_08_equity,1751,MICRON TECHNOLOGY INC IDUrchaso,purchase,2026-03-17,2026-05-12,1001.0,15000.0,equity,MU,trump_278t_2026_05_08_equity.pdf
d9891c56049d,Donald Trump,trump_278t_2026_05_08_equity,1758,STELLANTIS N V,purchase,2026-03-04,2026-05-12,1001.0,15000.0,other,,trump_278t_2026_05_08_equity.pdf
34fd75181303,Donald Trump,trump_278t_2026_05_08_equity,1796,CAPITAL ONE FINL CORP,purchase,2026-03-23,2026-05-12,1001.0,15000.0,equity,,trump_278t_2026_05_08_equity.pdf
7f221130647c,Donald Trump,trump_278t_2026_05_08_equity,1797,PHILIP MORRIS INTI. INC,purchase,2026-03-17,2026-05-12,1001.0,15000.0,equity,PM,trump_278t_2026_05_08_equity.pdf
2f861f999984,Donald Trump,trump_278t_2026_05_08_equity,1798,ORACLE CORP,purchase,2026-03-11,2026-05-12,1001.0,15000.0,equity,ORCL,trump_278t_2026_05_08_equity.pdf
64911cb0cb83,Donald Trump,trump_278t_2026_05_08_equity,1799,DARDEN RESTAURANTS INC -,purchase,2026-01-23,2026-05-12,1001.0,15000.0,equity,DRI,trump_278t_2026_05_08_equity.pdf
3645ef8402db,Donald Trump,trump_278t_2026_05_08_equity,1800,UBER TECHNOLOGIES INC,purchase,2026-03-26,2026-05-12,1001.0,15000.0,equity,UBER,trump_278t_2026_05_08_equity.pdf
a0071a303c6d,Donald Trump,trump_278t_2026_05_08_equity,1801,MASTERCARD INC CLASS A,purchase,2026-03-23,2026-05-12,1001.0,15000.0,equity,MA,trump_278t_2026_05_08_equity.pdf
b125062a294c,Donald Trump,trump_278t_2026_05_08_equity,1802,COLGATE PALMOLIVE CO,purchase,2026-03-26,2026-05-12,1001.0,15000.0,other,,trump_278t_2026_05_08_equity.pdf
4347fdb4a0e1,Donald Trump,trump_278t_2026_05_08_equity,1803,TEXAS INSTRS INC,purchase,2026-03-17,2026-05-12,1001.0,15000.0,equity,,trump_278t_2026_05_08_equity.pdf
a7c2aa1c0d24,Donald Trump,trump_278t_2026_05_08_equity,1804,CISCO SYS INC,purchase,2026-03-23,2026-05-12,1001.0,15000.0,equity,CSCO,trump_278t_2026_05_08_equity.pdf
92f5c8736ed1,Donald Trump,trump_278t_2026_05_08_equity,1805,BANK OF AMERICA CORP,purchase,2026-03-17,2026-05-12,1001.0,15000.0,equity,BAC,trump_278t_2026_05_08_equity.pdf
ac58515dda41,Donald Trump,trump_278t_2026_05_08_equity,1806,GE VERNOVA INC,purchase,2026-03-23,2026-05-12,1001.0,15000.0,equity,GEV,trump_278t_2026_05_08_equity.pdf
41085a29f763,Donald Trump,trump_278t_2026_05_08_equity,1807,STANLEY BLACK & DECKER I,purchase,2026-03-23,2026-05-12,1001.0,15000.0,other,,trump_278t_2026_05_08_equity.pdf
7bb4c2338932,Donald Trump,trump_278t_2026_05_08_equity,1808,PAYCHEX INC,purchase,2026-01-21,2026-05-12,1001.0,15000.0,equity,PAYX,trump_278t_2026_05_08_equity.pdf
1df4c188af37,Donald Trump,trump_278t_2026_05_08_equity,1810,NETFLIXINC,purchase,2026-03-17,2026-05-12,1001.0,15000.0,other,,trump_278t_2026_05_08_equity.pdf
328c5028d528,Donald Trump,trump_278t_2026_05_08_equity,1811,CADENCE DESIGN SYS INC,purchase,2026-03-23,2026-05-12,1001.0,15000.0,equity,CDNS,trump_278t_2026_05_08_equity.pdf
715a30e59589,Donald Trump,trump_278t_2026_05_08_equity,1812,ATI.ASSIAN CORP CLASS A,purchase,2026-02-23,2026-05-12,1001.0,15000.0,equity,,trump_278t_2026_05_08_equity.pdf
f841aa341796,Donald Trump,trump_278t_2026_05_08_equity,1814,EVERSOURCEENERGY IDUrchuo,purchase,2026-03-17,2026-05-12,1001.0,,other,,trump_278t_2026_05_08_equity.pdf
6887e557c970,Donald Trump,trump_278t_2026_05_08_equity,1815,ADVANCED MICRO DEVIC,purchase,2026-03-23,2026-05-12,1001.0,15000.0,other,,trump_278t_2026_05_08_equity.pdf
ae64d4608cec,Donald Trump,trump_278t_2026_05_08_equity,1819,ALLIANT ENERGY CORP,purchase,2026-01-23,2026-05-12,,,equity,LNT,trump_278t_2026_05_08_equity.pdf
643859461577,Donald Trump,trump_278t_2026_05_08_equity,1820,FIDELITY NATL INFORMATIO,purchase,2026-02-23,2026-05-12,1001.0,15000.0,other,,trump_278t_2026_05_08_equity.pdf
670124aa7a84,Donald Trump,trump_278t_2026_05_08_equity,1821,PHILIP MORRIS INTL INC,purchase,2026-01-12,2026-05-12,1001.0,15000.0,equity,PM,trump_278t_2026_05_08_equity.pdf
7d1860588387,Donald Trump,trump_278t_2026_05_08_equity,1822,OKTA INC CLASS A,purchase,2026-02-23,2026-05-12,1001.0,15000.0,equity,OKTA,trump_278t_2026_05_08_equity.pdf
08df1d836ea6,Donald Trump,trump_278t_2026_05_08_equity,1823,ORACLE CORP,purchase,2026-02-23,2026-05-12,1001.0,15000.0,equity,ORCL,trump_278t_2026_05_08_equity.pdf
719ff5e0867b,Donald Trump,trump_278t_2026_05_08_equity,1824,FASTENAL CO,purchase,2026-03-11,2026-05-12,1001.0,15000.0,other,,trump_278t_2026_05_08_equity.pdf
2f6319023230,Donald Trump,trump_278t_2026_05_08_equity,1825,TRADE DESK INC (THE) CLA,purchase,2026-01-23,2026-05-12,1001.0,15000.0,equity,TTD,trump_278t_2026_05_08_equity.pdf
484910015cf4,Donald Trump,trump_278t_2026_05_08_equity,1795,PEPSICO INC,purchase,2026-03-04,2026-05-12,1001.0,15000.0,equity,PEP,trump_278t_2026_05_08_equity.pdf
e96e8c719146,Donald Trump,trump_278t_2026_05_08_equity,1754,HONEYWELL INTL INC,purchase,2026-03-17,2026-05-12,1001.0,15000.0,equity,HON,trump_278t_2026_05_08_equity.pdf
cbc5ec729f47,Donald Trump,trump_278t_2026_05_08_equity,1794,SALESFORCE INC,purchase,2026-02-12,2026-05-12,1001.0,15000.0,equity,CRM,trump_278t_2026_05_08_equity.pdf
dfcc8e654569,Donald Trump,trump_278t_2026_05_08_equity,1792,CBRE GROUP INC CLASS A,purchase,2026-03-23,2026-05-12,1001.0,15000.0,equity,CBRE,trump_278t_2026_05_08_equity.pdf
4dd8bf6c2e8d,Donald Trump,trump_278t_2026_05_08_equity,1757,DANAHER CORP,purchase,2026-03-17,2026-05-12,1001.0,15000.0,equity,DHR,trump_278t_2026_05_08_equity.pdf
5d5a5700cacc,Donald Trump,trump_278t_2026_05_08_equity,1758,DELTA AIR LINES INC DEL,purchase,2026-03-17,2026-05-12,1001.0,15000.0,equity,DAL,trump_278t_2026_05_08_equity.pdf
0f5665184ed9,Donald Trump,trump_278t_2026_05_08_equity,1759,CYBER ARK SOFTWARE CHG LTD,purchase,2026-01-23,2026-05-12,1001.0,15000.0,other,,trump_278t_2026_05_08_equity.pdf
f8f3a45f1d16,Donald Trump,trump_278t_2026_05_08_equity,1760,BLACKSTONE INC,purchase,2026-03-17,2026-05-12,1001.0,15000.0,equity,BX,trump_278t_2026_05_08_equity.pdf
41ab236e5a24,Donald Trump,trump_278t_2026_05_08_equity,1761,CHEVRON CORP NEW,purchase,2026-03-17,2026-05-12,1001.0,15000.0,equity,CVX,trump_278t_2026_05_08_equity.pdf
02d3957b285b,Donald Trump,trump_278t_2026_05_08_equity,1762,TJX COS INC NEW,purchase,2026-03-17,2026-05-12,1001.0,15000.0,equity,,trump_278t_2026_05_08_equity.pdf
b576d24df44c,Donald Trump,trump_278t_2026_05_08_equity,1763,MERCK & CO. INC.,purchase,2026-03-17,2026-05-12,1001.0,15000.0,equity,MRK,trump_278t_2026_05_08_equity.pdf
bba378ff702b,Donald Trump,trump_278t_2026_05_08_equity,1764,THE COCA-COLA CO,purchase,2026-03-23,2026-05-12,1001.0,15000.0,other,,trump_278t_2026_05_08_equity.pdf
1b0251313151,Donald Trump,trump_278t_2026_05_08_equity,1765,ABBVIEINC,purchase,2026-03-23,2026-05-12,1001.0,15000.0,other,,trump_278t_2026_05_08_equity.pdf
3cbe6a18f6a3,Donald Trump,trump_278t_2026_05_08_equity,1766,PROCTER & GAMBLE CO,purchase,2026-03-23,2026-05-12,1001.0,15000.0,other,,trump_278t_2026_05_08_equity.pdf
0d8a1e2747b8,Donald Trump,trump_278t_2026_05_08_equity,1767,WALMARTINC,purchase,2026-03-17,2026-05-12,1001.0,15000.0,other,,trump_278t_2026_05_08_equity.pdf
c9ea2121928b,Donald Trump,trump_278t_2026_05_08_equity,1766,ARES MANAGEMENT CORP CL A,purchase,2026-03-17,2026-05-12,1001.0,15000.0,equity,ARES,trump_278t_2026_05_08_equity.pdf
f01d453eea87,Donald Trump,trump_278t_2026_05_08_equity,1769,SYSCO CORP,purchase,2026-01-23,2026-05-12,1001.0,15000.0,equity,SYY,trump_278t_2026_05_08_equity.pdf
46bd41d04482,Donald Trump,trump_278t_2026_05_08_equity,1780,NETFLIX INC,purchase,2026-02-12,2026-05-12,1001.0,15000.0,etf,NFLX,trump_278t_2026_05_08_equity.pdf
f2e8975dc630,Donald Trump,trump_278t_2026_05_08_equity,1781,TARGET CORP l,purchase,2026-03-17,2026-05-12,1001.0,15000.0,equity,CLSM,trump_278t_2026_05_08_equity.pdf
42de4754950b,Donald Trump,trump_278t_2026_05_08_equity,1782,MORNINGSTAR INC l,purchase,2026-01-23,2026-05-12,1001.0,15000.0,equity,MORN,trump_278t_2026_05_08_equity.pdf
4bf46d819a1b,Donald Trump,trump_278t_2026_05_08_equity,1783,AMEREN CORP l,purchase,2026-01-13,2026-05-12,1001.0,15000.0,equity,AEE,trump_278t_2026_05_08_equity.pdf
94460b8f7e78,Donald Trump,trump_278t_2026_05_08_equity,1784,PAI.ANTIR TECHNOLOGIES IN CLASS A l,purchase,2026-03-23,2026-05-12,1001.0,15000.0,equity,,trump_278t_2026_05_08_equity.pdf
c0cab78cd722,Donald Trump,trump_278t_2026_05_08_equity,1785,BLUE OWL CAP INC CLASS A l,purchase,2026-02-23,2026-05-12,1001.0,15000.0,equity,,trump_278t_2026_05_08_equity.pdf
15ffcae12f2b,Donald Trump,trump_278t_2026_05_08_equity,1786,NVIDIA CORP,purchase,2026-02-19,2026-05-12,1001.0,15000.0,equity,NVDA,trump_278t_2026_05_08_equity.pdf
50bf37153246,Donald Trump,trump_278t_2026_05_08_equity,1787,MORGAN STANLEY,purchase,2026-03-23,2026-05-12,1001.0,15000.0,other,,trump_278t_2026_05_08_equity.pdf
4bb7fb5c1ef1,Donald Trump,trump_278t_2026_05_08_equity,1788,SOMNIGROUP INTERNTNL,purchase,2026-03-23,2026-05-12,1001.0,15000.0,other,,trump_278t_2026_05_08_equity.pdf
8036908796a2,Donald Trump,trump_278t_2026_05_08_equity,1789,GE AEROSPACE,purchase,2026-03-17,2026-05-12,1001.0,15000.0,other,,trump_278t_2026_05_08_equity.pdf
325d5b7b5729,Donald Trump,trump_278t_2026_05_08_equity,1790,FORTINET INC,purchase,2026-02-23,2026-05-12,1001.0,15000.0,equity,FTNT,trump_278t_2026_05_08_equity.pdf
719da4519911,Donald Trump,trump_278t_2026_05_08_equity,1791,GOLDMAN SACHS GROUP INC,purchase,2026-03-17,2026-05-12,1001.0,15000.0,equity,GS,trump_278t_2026_05_08_equity.pdf
b2acddd3b539,Donald Trump,trump_278t_2026_05_08_equity,1793,M&T BK CORP,purchase,2026-03-17,2026-05-12,1001.0,15000.0,equity,,trump_278t_2026_05_08_equity.pdf
42ca60612677,Donald Trump,trump_278t_2026_05_08_equity,1690,EXXON MOBIL CORP,purchase,2026-03-17,2026-05-12,1001.0,15000.0,equity,XOM,trump_278t_2026_05_08_equity.pdf
e280f170f5b3,Donald Trump,trump_278t_2026_05_08_equity,1688,PROCTER & GAMBLE CO,purchase,2026-01-12,2026-05-12,1001.0,15000.0,other,,trump_278t_2026_05_08_equity.pdf
75552f2dcb0c,Donald Trump,trump_278t_2026_05_08_equity,1687,VISAINCCLASSA,purchase,2026-01-12,2026-05-12,1001.0,15000.0,other,,trump_278t_2026_05_08_equity.pdf
547523ad0d3a,Donald Trump,trump_278t_2026_05_08_equity,1582,DIODES INC,purchase,2026-02-12,2026-05-12,15001.0,50000.0,equity,DIOD,trump_278t_2026_05_08_equity.pdf
cb489671b418,Donald Trump,trump_278t_2026_05_08_equity,1584,SM ENERGY CO lpun:lullo,purchase,2026-01-30,2026-05-12,15001.0,50000.0,other,,trump_278t_2026_05_08_equity.pdf
7a4d7095040f,Donald Trump,trump_278t_2026_05_08_equity,1588,CERTARAINC,purchase,2026-01-26,2026-05-12,15001.0,500001500150000.0,other,,trump_278t_2026_05_08_equity.pdf
448bfb64403c,Donald Trump,trump_278t_2026_05_08_equity,1589,FORTINET INC,purchase,2026-01-23,2026-05-12,,,equity,FTNT,trump_278t_2026_05_08_equity.pdf
e5c2e73a87fd,Donald Trump,trump_278t_2026_05_08_equity,1590,INNOVATIVE INDL PPTYS IN REIT,purchase,2026-02-26,2026-05-12,15001.0,50000.0,other,,trump_278t_2026_05_08_equity.pdf
2b1d41d92c9c,Donald Trump,trump_278t_2026_05_08_equity,1591,UNIVERSAL CORP VA,purchase,2026-01-26,2026-05-12,15001.0,50000.0,equity,,trump_278t_2026_05_08_equity.pdf
d2da2b4b3755,Donald Trump,trump_278t_2026_05_08_equity,1593,CAVCO INDS INC DEL,purchase,2026-02-02,2026-05-12,15001.0,50000.0,equity,CVCO,trump_278t_2026_05_08_equity.pdf
d82acae75151,Donald Trump,trump_278t_2026_05_08_equity,1594,MILLERKNOU INC,purchase,2026-01-26,2026-05-12,15001.0,50000.0,equity,,trump_278t_2026_05_08_equity.pdf
b67ba2b471c6,Donald Trump,trump_278t_2026_05_08_equity,1595,STRIDE INC,purchase,2026-01-21,2026-05-12,15001.0,50000.0,equity,LRN,trump_278t_2026_05_08_equity.pdf
7c29db8b7fb7,Donald Trump,trump_278t_2026_05_08_equity,1596,GLAUKOS CORP,purchase,2026-01-26,2026-05-12,15001.0,50000.0,equity,GKOS,trump_278t_2026_05_08_equity.pdf
df9cf7d1e1e1,Donald Trump,trump_278t_2026_05_08_equity,1597,CSG SYS INTL INC,purchase,2026-01-21,2026-05-12,15001.0,50000.0,equity,,trump_278t_2026_05_08_equity.pdf
5c18443211bb,Donald Trump,trump_278t_2026_05_08_equity,1598,CELANESE CORP DEL CLASS A,purchase,2026-01-30,2026-05-12,15001.0,50000.0,equity,CE,trump_278t_2026_05_08_equity.pdf
953489547774,Donald Trump,trump_278t_2026_05_08_equity,1599,PRA GROUP INC,purchase,2026-01-30,2026-05-12,15001.0,50000.0,equity,PRAA,trump_278t_2026_05_08_equity.pdf
0709fa514c2f,Donald Trump,trump_278t_2026_05_08_equity,1600,ICU MED INC,purchase,2026-01-26,2026-05-12,15001.0,50000.0,equity,ICUI,trump_278t_2026_05_08_equity.pdf
400fa0793666,Donald Trump,trump_278t_2026_05_08_equity,1601,TERRENO RLTY CORP REIT,purchase,2026-01-21,2026-05-12,15001.0,50000.0,reit,TRNO,trump_278t_2026_05_08_equity.pdf
58ce106f8a3f,Donald Trump,trump_278t_2026_05_08_equity,1602,UNIFIRST CORP MASS,purchase,2026-02-12,2026-05-12,15001.0,50000.0,equity,UNF,trump_278t_2026_05_08_equity.pdf
29eddf0ce8d4,Donald Trump,trump_278t_2026_05_08_equity,1603,BUNGE GLOBAL SA COM SHS,purchase,2026-03-17,2026-05-12,15001.0,50000.0,other,,trump_278t_2026_05_08_equity.pdf
457f5216ee8b,Donald Trump,trump_278t_2026_05_08_equity,1604,APOGEE ENTERPRISES INC,purchase,2026-02-12,2026-05-12,15001.0,50000.0,equity,APOG,trump_278t_2026_05_08_equity.pdf
d9833d393d89,Donald Trump,trump_278t_2026_05_08_equity,1605,DNOWINC,purchase,2026-02-12,2026-05-12,15001.0,50000.0,other,,trump_278t_2026_05_08_equity.pdf
3f260eb80be4,Donald Trump,trump_278t_2026_05_08_equity,1606,JBT MAREL CORP,purchase,2026-01-30,2026-05-12,15001.0,50000.0,equity,JBTM,trump_278t_2026_05_08_equity.pdf
2a84c8721d7b,Donald Trump,trump_278t_2026_05_08_equity,1607,EVERTEC INC F,purchase,2026-02-12,2026-05-12,15001.0,50000.0,equity,EVTC,trump_278t_2026_05_08_equity.pdf
b6008497dda9,Donald Trump,trump_278t_2026_05_08_equity,1608,SOLSTICE ADVANCED MATLS,purchase,2026-02-12,2026-05-12,15001.0,50000.0,other,,trump_278t_2026_05_08_equity.pdf
0d7dec3d3d63,Donald Trump,trump_278t_2026_05_08_equity,1609,BGC GROUP INC CLASS A,purchase,2026-01-26,2026-05-12,15001.0,50000.0,equity,BGC,trump_278t_2026_05_08_equity.pdf
da45e5057ccf,Donald Trump,trump_278t_2026_05_08_equity,1610,CABLE ONE INC,purchase,2026-01-30,2026-05-12,15001.0,50000.0,equity,CABO,trump_278t_2026_05_08_equity.pdf
f4a0c9d3ba47,Donald Trump,trump_278t_2026_05_08_equity,1612,NCR VOYIX CORP,purchase,2026-01-30,2026-05-12,15001.0,50000.0,equity,VYX,trump_278t_2026_05_08_equity.pdf
7053d1a37496,Donald Trump,trump_278t_2026_05_08_equity,1581,PAPA JOHNS INTL INC,purchase,2026-02-26,2026-05-12,15001.0,50000.0,equity,PZZA,trump_278t_2026_05_08_equity.pdf
9880cb89c8fe,Donald Trump,trump_278t_2026_05_08_equity,1613,LINDSAY CORP,purchase,2026-01-26,2026-05-12,15001.0,50000.0,equity,LNN,trump_278t_2026_05_08_equity.pdf
f9c7f422c5f4,Donald Trump,trump_278t_2026_05_08_equity,1580,MARRIOTT VACATIONS WORLD,purchase,2026-03-01,2026-05-12,15001.0,50000.0,other,,trump_278t_2026_05_08_equity.pdf
4c1487389c72,Donald Trump,trump_278t_2026_05_08_equity,1578,TESLA INC,purchase,2026-03-23,2026-05-12,15001.0,50000.0,equity,TSLA,trump_278t_2026_05_08_equity.pdf
e078bd28bd8d,Donald Trump,trump_278t_2026_05_08_equity,1549,DXP ENTERPRISES INC,purchase,2026-03-04,2026-05-12,15001.0,50000.0,equity,DXPE,trump_278t_2026_05_08_equity.pdf
13250ffef8d1,Donald Trump,trump_278t_2026_05_08_equity,1550,J & J SNACK FOODS CORP,purchase,2026-01-21,2026-05-12,15001.0,50000.0,equity,JJSF,trump_278t_2026_05_08_equity.pdf
e890580c203d,Donald Trump,trump_278t_2026_05_08_equity,1552,ICHOR HLDGS LTD F IDUrchoao,purchase,2026-03-04,2026-05-12,15001.0,50000.0,other,,trump_278t_2026_05_08_equity.pdf
9c5eb690e7d8,Donald Trump,trump_278t_2026_05_08_equity,1554,STRIDE INC I,purchase,2026-03-04,2026-05-12,15001.0,50000.0,equity,LRN,trump_278t_2026_05_08_equity.pdf
ced502400269,Donald Trump,trump_278t_2026_05_08_equity,1555,ARCHROCK INC,purchase,2026-03-30,2026-05-12,15001.0,50000.0,equity,AROC,trump_278t_2026_05_08_equity.pdf
e87a416e94dc,Donald Trump,trump_278t_2026_05_08_equity,1556,ULTRA CLEAN HLDGS INC,purchase,2026-03-04,2026-05-12,15001.0,50000.0,equity,UCTT,trump_278t_2026_05_08_equity.pdf
be2d43962613,Donald Trump,trump_278t_2026_05_08_equity,1558,LUMEN TECHNOLOGIES INC,purchase,2026-03-04,2026-05-12,15001.0,,equity,LUMN,trump_278t_2026_05_08_equity.pdf
00cd8ee4f254,Donald Trump,trump_278t_2026_05_08_equity,1559,SUNRUNINC,purchase,2026-03-04,2026-05-12,15001.0,,other,,trump_278t_2026_05_08_equity.pdf
f812f4768fe4,Donald Trump,trump_278t_2026_05_08_equity,1560,WILLSCOT HOLDINGS CO A CLASS A,purchase,2026-02-26,2026-05-12,15001.0,50000.0,equity,WSC,trump_278t_2026_05_08_equity.pdf
888447f6df3e,Donald Trump,trump_278t_2026_05_08_equity,1561,AGILYSYS INC,purchase,2026-03-30,2026-05-12,15001.0,,equity,AGYS,trump_278t_2026_05_08_equity.pdf
497bd6fa222c,Donald Trump,trump_278t_2026_05_08_equity,1562,CRH PLC ORD SHS .32 EACH ORD EUR UNSOLICITED,purchase,2026-01-08,2026-05-12,15001.0,50000.0,equity,CRH,trump_278t_2026_05_08_equity.pdf
7a5562e9f654,Donald Trump,trump_278t_2026_05_08_equity,1563,CONOCOPHILLIPS,purchase,2026-01-23,2026-05-12,15001.0,50000.0,other,,trump_278t_2026_05_08_equity.pdf
e5c81bea6765,Donald Trump,trump_278t_2026_05_08_equity,1564,ACUSHNET HLDGS CORP,purchase,2026-03-30,2026-05-12,15001.0,50000.0,equity,GOLF,trump_278t_2026_05_08_equity.pdf
bb0975de467c,Donald Trump,trump_278t_2026_05_08_equity,1565,EMBECTA CORP,purchase,2026-02-26,2026-05-12,15001.0,50000.0,equity,EMBC,trump_278t_2026_05_08_equity.pdf
1c6092350a23,Donald Trump,trump_278t_2026_05_08_equity,15156,BECTON DICKINSON & CO,purchase,2026-03-11,2026-05-12,15001.0,50000.0,other,,trump_278t_2026_05_08_equity.pdf
36a741c82cfb,Donald Trump,trump_278t_2026_05_08_equity,1567,ARLO TECHNOLOGIES INC,purchase,2026-03-30,2026-05-12,15001.0,50000.0,equity,ARLO,trump_278t_2026_05_08_equity.pdf
72772493d294,Donald Trump,trump_278t_2026_05_08_equity,1566,PAYCHEX INC,purchase,2026-01-23,2026-05-12,15001.0,50000.0,equity,PAYX,trump_278t_2026_05_08_equity.pdf
88221ed7f901,Donald Trump,trump_278t_2026_05_08_equity,1569,WESTAMERlCA BANCORP,purchase,2026-03-01,2026-05-12,15001.0,50000.0,other,,trump_278t_2026_05_08_equity.pdf
a37f142d461f,Donald Trump,trump_278t_2026_05_08_equity,1570,WERNER ENTERPRISES INC,purchase,2026-03-30,2026-05-12,15001.0,50000.0,equity,WERN,trump_278t_2026_05_08_equity.pdf
5735172ddad2,Donald Trump,trump_278t_2026_05_08_equity,1571,CARGURUS INC CLASS A,purchase,2026-03-01,2026-05-12,15001.0,50000.0,equity,CARG,trump_278t_2026_05_08_equity.pdf
69165dba896a,Donald Trump,trump_278t_2026_05_08_equity,1573,PALOMAR HLDGS INC,purchase,2026-01-21,2026-05-12,,,equity,PLMR,trump_278t_2026_05_08_equity.pdf
066a532818eb,Donald Trump,trump_278t_2026_05_08_equity,1574,TWO HARBORS INVESTME,purchase,2026-02-12,2026-05-12,15001.0,50000.0,other,,trump_278t_2026_05_08_equity.pdf
217850051573,Donald Trump,trump_278t_2026_05_08_equity,1575,AARCORP,purchase,2026-03-30,2026-05-12,15001.0,50000.0,other,,trump_278t_2026_05_08_equity.pdf
6c6833180aa3,Donald Trump,trump_278t_2026_05_08_equity,1576,SABRE CORP,purchase,2026-03-30,2026-05-12,15001.0,50000.0,equity,SABR,trump_278t_2026_05_08_equity.pdf
94503cca0ee1,Donald Trump,trump_278t_2026_05_08_equity,1577,PROTO LABS INC EQUITY CLASS EQUITY,purchase,2026-03-30,2026-05-12,15001.0,50000.0,equity,PRLB,trump_278t_2026_05_08_equity.pdf
aea7722c785a,Donald Trump,trump_278t_2026_05_08_equity,1579,MASTERCARD INC CLASS A,purchase,2026-01-21,2026-05-12,15001.0,50000.0,equity,MA,trump_278t_2026_05_08_equity.pdf
6d62db283722,Donald Trump,trump_278t_2026_05_08_equity,1614,LCI INDS,purchase,2026-01-26,2026-05-12,15001.0,50000.0,other,,trump_278t_2026_05_08_equity.pdf
e2cc0aae0f92,Donald Trump,trump_278t_2026_05_08_equity,1615,PERRIGO CO PLC F,purchase,2026-01-30,2026-05-12,15001.0,50000.0,equity,PRGO,trump_278t_2026_05_08_equity.pdf
895c1c5fb230,Donald Trump,trump_278t_2026_05_08_equity,1616,CURBLINE PPTYS CORP,purchase,2026-01-28,2026-05-12,15001.0,50000.0,equity,CURB,trump_278t_2026_05_08_equity.pdf
04d9d60e4736,Donald Trump,trump_278t_2026_05_08_equity,1661,ABBOTT LABS,purchase,2026-02-23,2026-05-12,1001.0,,other,,trump_278t_2026_05_08_equity.pdf
9a796bce87d5,Donald Trump,trump_278t_2026_05_08_equity,1662,SANDISK CORP COM,purchase,2026-01-06,2026-05-12,1001.0,15000.0,equity,SNDK,trump_278t_2026_05_08_equity.pdf
4accdccdc16e,Donald Trump,trump_278t_2026_05_08_equity,1663,NEXTERA ENERGY INC,purchase,2026-01-23,2026-05-12,1001.0,15000.0,equity,NEE,trump_278t_2026_05_08_equity.pdf
a9be2000f080,Donald Trump,trump_278t_2026_05_08_equity,1664,STARBUCKS CORP,purchase,2026-01-23,2026-05-12,1001.0,,equity,SBUX,trump_278t_2026_05_08_equity.pdf
3c4a4c79708c,Donald Trump,trump_278t_2026_05_08_equity,1665,INTIJIT,purchase,2026-02-21,2026-05-12,1001.0,15000.0,other,,trump_278t_2026_05_08_equity.pdf
c9b0b3534e79,Donald Trump,trump_278t_2026_05_08_equity,1668,ELI LILLY AND CO,purchase,2026-03-17,2026-05-12,1001.0,15000.0,other,,trump_278t_2026_05_08_equity.pdf
297f9bd38ac1,Donald Trump,trump_278t_2026_05_08_equity,1667,T-MOBILE US INC,purchase,2026-01-21,2026-05-12,1001.0,15000.0,equity,TMUS,trump_278t_2026_05_08_equity.pdf
a87717bb462e,Donald Trump,trump_278t_2026_05_08_equity,1668,COREWEAVE INC CL A,purchase,2026-01-23,2026-05-12,1001.0,15000.0,equity,CRWV,trump_278t_2026_05_08_equity.pdf
19d4f2cf5b9e,Donald Trump,trump_278t_2026_05_08_equity,1669,AT&T INC,purchase,2026-01-21,2026-05-12,1001.0,15000.0,equity,T,trump_278t_2026_05_08_equity.pdf
789a93c59dfb,Donald Trump,trump_278t_2026_05_08_equity,1670,HORMEL FOODS CORP,purchase,2026-01-23,2026-05-12,1001.0,,equity,HRL,trump_278t_2026_05_08_equity.pdf
43f7338e1f26,Donald Trump,trump_278t_2026_05_08_equity,1671,SALESFORCE INC,purchase,2026-01-26,2026-05-12,1001.0,15000.0,equity,CRM,trump_278t_2026_05_08_equity.pdf
eed74ab2422e,Donald Trump,trump_278t_2026_05_08_equity,1672,WORKDAY INC CL A,purchase,2026-01-23,2026-05-12,1001.0,,equity,WDAY,trump_278t_2026_05_08_equity.pdf
59b0b1bc057f,Donald Trump,trump_278t_2026_05_08_equity,1673,ELI LILLY AND CO,purchase,2026-03-23,2026-05-12,1001.0,15000.0,other,,trump_278t_2026_05_08_equity.pdf
732bdb773497,Donald Trump,trump_278t_2026_05_08_equity,1674,JPMORGAN CHASE & CO,purchase,2026-03-23,2026-05-12,1001.0,15000.0,equity,JPM,trump_278t_2026_05_08_equity.pdf
1ca8a83fe636,Donald Trump,trump_278t_2026_05_08_equity,1675,HPINC,purchase,2026-01-23,2026-05-12,1001.0,15000.0,other,,trump_278t_2026_05_08_equity.pdf
7fba53ddd4f2,Donald Trump,trump_278t_2026_05_08_equity,1676,JPMORGAN CHASE & CO,purchase,2026-01-17,2026-05-12,1001.0,15000.0,equity,JPM,trump_278t_2026_05_08_equity.pdf
b8b78aa26e3e,Donald Trump,trump_278t_2026_05_08_equity,1677,INSMED INC PAR $.01,purchase,2026-01-23,2026-05-12,1001.0,15000.0,equity,INSM,trump_278t_2026_05_08_equity.pdf
b707fd022bb3,Donald Trump,trump_278t_2026_05_08_equity,1678,META PLATFORMS INC CLASS A,purchase,2026-02-23,2026-05-12,1001.0,15000.0,equity,META,trump_278t_2026_05_08_equity.pdf
4da27b9a78dc,Donald Trump,trump_278t_2026_05_08_equity,1679,CITIGROUP INC,purchase,2026-01-17,2026-05-12,1001.0,,equity,C,trump_278t_2026_05_08_equity.pdf
b533169d518f,Donald Trump,trump_278t_2026_05_08_equity,1660,EXXON MOBIL CORP,purchase,2026-03-23,2026-05-12,1001.0,15000.0,equity,XOM,trump_278t_2026_05_08_equity.pdf
33de58cab655,Donald Trump,trump_278t_2026_05_08_equity,1661,MICROSOFT CORP,purchase,2026-02-19,2026-05-12,1001.0,15000.0,equity,MSFT,trump_278t_2026_05_08_equity.pdf
f451cbae2240,Donald Trump,trump_278t_2026_05_08_equity,1682,HOME DEPOT INC,purchase,2026-03-17,2026-05-12,1001.0,15000.0,equity,HD,trump_278t_2026_05_08_equity.pdf
cab8fce28c1f,Donald Trump,trump_278t_2026_05_08_equity,1683,BOOKING HOLDINGS INC,purchase,2026-01-23,2026-05-12,1001.0,15000.0,equity,BKNG,trump_278t_2026_05_08_equity.pdf
26b62ef17867,Donald Trump,trump_278t_2026_05_08_equity,1685,AMCOR PLC,purchase,2026-01-23,2026-05-12,1001.0,15000.0,equity,AMCR,trump_278t_2026_05_08_equity.pdf
0ebf92af1dcc,Donald Trump,trump_278t_2026_05_08_equity,1686,- PPL CORP,purchase,2026-01-23,2026-05-12,1001.0,15000.0,equity,PPL,trump_278t_2026_05_08_equity.pdf
3fab3d980118,Donald Trump,trump_278t_2026_05_08_equity,1660,ACCENTIJRE PLC IRELAND F CLASS A,purchase,2026-03-17,2026-05-12,1001.0,15000.0,equity,,trump_278t_2026_05_08_equity.pdf
4589f60f904b,Donald Trump,trump_278t_2026_05_08_equity,1659,MICROSOFT CORP,purchase,2026-02-12,2026-05-12,1001.0,15000.0,equity,MSFT,trump_278t_2026_05_08_equity.pdf
b1b10df8f8ff,Donald Trump,trump_278t_2026_05_08_equity,1658,CLOROX COMPANY,purchase,2026-01-23,2026-05-12,1001.0,15000.0,other,,trump_278t_2026_05_08_equity.pdf
19ef962e00a1,Donald Trump,trump_278t_2026_05_08_equity,1656,UNITEDHEALIB GROUP INC,purchase,2026-03-14,2026-05-12,1001.0,15000.0,equity,,trump_278t_2026_05_08_equity.pdf
d4c8680e4212,Donald Trump,trump_278t_2026_05_08_equity,1617,HOME DEPOT INC,purchase,2026-01-21,2026-05-12,15001.0,50000.0,equity,HD,trump_278t_2026_05_08_equity.pdf
ba70e9c19409,Donald Trump,trump_278t_2026_05_08_equity,1623,AMN HEALTHCARE SVCS INC,purchase,2026-01-28,2026-05-12,15001.0,50000.0,equity,AMN,trump_278t_2026_05_08_equity.pdf
24f0a05c8de5,Donald Trump,trump_278t_2026_05_08_equity,1629,ADTALEM GLOBAL ED INC I C>UrchDIO,purchase,2026-01-30,2026-05-12,15001.0,50000.0,equity,,trump_278t_2026_05_08_equity.pdf
bbf7b75629d3,Donald Trump,trump_278t_2026_05_08_equity,1632,BLACKLINE INC,purchase,2026-01-26,2026-05-12,15001.0,50000.0,equity,BL,trump_278t_2026_05_08_equity.pdf
f72095823bae,Donald Trump,trump_278t_2026_05_08_equity,1633,CATALYST PHARMACEUTICALS,purchase,2026-01-30,2026-05-12,15001.0,50000.0,other,,trump_278t_2026_05_08_equity.pdf
ad73366e6458,Donald Trump,trump_278t_2026_05_08_equity,1634,INDIVIOR PHARMACEUTICALS,purchase,2026-01-30,2026-05-12,15001.0,50000.0,other,,trump_278t_2026_05_08_equity.pdf
b6877d266fa7,Donald Trump,trump_278t_2026_05_08_equity,1636,EXELON CORP.,purchase,2026-01-31,2026-05-12,15001.0,50000.0,equity,EXC,trump_278t_2026_05_08_equity.pdf
607e2a27d27e,Donald Trump,trump_278t_2026_05_08_equity,1637,INSPERITY INC,purchase,2026-02-12,2026-05-12,15001.0,50000.0,equity,NSP,trump_278t_2026_05_08_equity.pdf
c798f01070ca,Donald Trump,trump_278t_2026_05_08_equity,1638,PEPSICO INC,purchase,2026-03-17,2026-05-12,15001.0,50000.0,equity,PEP,trump_278t_2026_05_08_equity.pdf
6d2ea4205612,Donald Trump,trump_278t_2026_05_08_equity,1639,KORN FERRY,purchase,2026-01-26,2026-05-12,15001.0,50000.0,other,,trump_278t_2026_05_08_equity.pdf
99a4d5da2e37,Donald Trump,trump_278t_2026_05_08_equity,1640,MICROSOFT CORP,purchase,2026-01-21,2026-05-12,15001.0,50000.0,equity,MSFT,trump_278t_2026_05_08_equity.pdf
0f66a94cb5ba,Donald Trump,trump_278t_2026_05_08_equity,1641,KEURIG DR PEPPER INC,purchase,2026-01-23,2026-05-12,15001.0,50000.0,equity,KDP,trump_278t_2026_05_08_equity.pdf
427459fd4cbd,Donald Trump,trump_278t_2026_05_08_equity,1828,MARVELL TECHNOLOGY INC,purchase,2026-02-19,2026-05-12,1001.0,15000.0,equity,MRVL,trump_278t_2026_05_08_equity.pdf
5675f728853d,Donald Trump,trump_278t_2026_05_08_equity,1642,CARVANA CO CL A UNSOLICITED,purchase,2026-01-06,2026-05-12,15001.0,50000.0,equity,CVNA,trump_278t_2026_05_08_equity.pdf
4bf3226c4e17,Donald Trump,trump_278t_2026_05_08_equity,1644,PUBLIC SERVICE ENTERPRISE GROUP INC,purchase,2026-01-23,2026-05-12,1001.0,15000.0,equity,PEG,trump_278t_2026_05_08_equity.pdf
3f488c28cdc3,Donald Trump,trump_278t_2026_05_08_equity,1645,SMURFIT WESTROCK PLC,purchase,2026-01-23,2026-05-12,1001.0,15000.0,equity,SW,trump_278t_2026_05_08_equity.pdf
bb93cd5fb41b,Donald Trump,trump_278t_2026_05_08_equity,1646,BERKSHIRE HATHAWAY CLASS B,purchase,2026-01-23,2026-05-12,1001.0,15000.0,equity,BRK-B,trump_278t_2026_05_08_equity.pdf
17c45a166815,Donald Trump,trump_278t_2026_05_08_equity,1647,WEC ENERGY GROUP INC,purchase,2026-01-23,2026-05-12,1001.0,15000.0,equity,WEC,trump_278t_2026_05_08_equity.pdf
3b85746f8fa3,Donald Trump,trump_278t_2026_05_08_equity,1848,COPARTINC,purchase,2026-01-23,2026-05-12,1001.0,15000.0,equity,CPRT,trump_278t_2026_05_08_equity.pdf
d780ae51d856,Donald Trump,trump_278t_2026_05_08_equity,1649,GENERAL MILLS INC l,purchase,2026-01-23,2026-05-12,1001.0,15000.0,equity,GIS,trump_278t_2026_05_08_equity.pdf
f663360dcc16,Donald Trump,trump_278t_2026_05_08_equity,1650,BERKSHIRE HATHAWAY CLASS B l,purchase,2026-01-17,2026-05-12,1001.0,15000.0,equity,BRK-B,trump_278t_2026_05_08_equity.pdf
781d0ba03240,Donald Trump,trump_278t_2026_05_08_equity,1651,NETFLIXINC I,purchase,2026-01-26,2026-05-12,1001.0,15000.0,other,,trump_278t_2026_05_08_equity.pdf
6c00b9e1c34d,Donald Trump,trump_278t_2026_05_08_equity,1652,CASEYS GENL STORES INC I,purchase,2026-01-17,2026-05-12,1001.0,15000.0,equity,CASY,trump_278t_2026_05_08_equity.pdf
aae76915b5dd,Donald Trump,trump_278t_2026_05_08_equity,1653,COMFORT SYSTEMS USA INC UNSOLICITED l,purchase,2026-01-06,2026-05-12,1001.0,15000.0,equity,FIX,trump_278t_2026_05_08_equity.pdf
63d29ff9c63d,Donald Trump,trump_278t_2026_05_08_equity,1654,PALANTIR TECHNOLOGIES IN Cl.ASS A l,purchase,2026-01-17,2026-05-12,1001.0,15000.0,equity,PLTR,trump_278t_2026_05_08_equity.pdf
5dabd62339c3,Donald Trump,trump_278t_2026_05_08_equity,1655,PROGRESSIVE CORP OH I,purchase,2026-02-23,2026-05-12,1001.0,15000.0,equity,PGR,trump_278t_2026_05_08_equity.pdf
f671e531b34a,Donald Trump,trump_278t_2026_05_08_equity,1643,WILLIAMS COS INC DEL,purchase,2026-01-23,2026-05-12,1001.0,15000.0,equity,WMB,trump_278t_2026_05_08_equity.pdf
3c52d241d87e,Donald Trump,trump_278t_2026_05_08_equity,1548,VIRTU FINL INC CLASS A,purchase,2026-03-04,2026-05-12,15001.0,50000.0,equity,,trump_278t_2026_05_08_equity.pdf
7287aa28d0c9,Donald Trump,trump_278t_2026_05_08_equity,1827,lRANE TECHNOLOGIES PLC F,purchase,2026-03-11,2026-05-12,1001.0,15000.0,equity,,trump_278t_2026_05_08_equity.pdf
16fe129b1e88,Donald Trump,trump_278t_2026_05_08_equity,1829,IBM CORP,purchase,2026-03-11,2026-05-12,1001.0,,equity,,trump_278t_2026_05_08_equity.pdf
dfc908b0e453,Donald Trump,trump_278t_2026_05_08_equity,1992,COPARTINC,purchase,2026-03-26,2026-05-12,1001.0,15000.0,equity,CPRT,trump_278t_2026_05_08_equity.pdf
d0968311816b,Donald Trump,trump_278t_2026_05_08_equity,1993,TOAST INC CLASS A,purchase,2026-03-23,2026-05-12,1001.0,15000.0,equity,TOST,trump_278t_2026_05_08_equity.pdf
af7330a4a3c0,Donald Trump,trump_278t_2026_05_08_equity,1994,PROLOGIS INC REIT,purchase,2026-03-23,2026-05-12,1001.0,15000.0,reit,PLD,trump_278t_2026_05_08_equity.pdf
8d7abe9444ff,Donald Trump,trump_278t_2026_05_08_equity,1995,REGENERON PHARMACEUTICAL,purchase,2026-03-31,2026-05-12,1001.0,15000.0,other,,trump_278t_2026_05_08_equity.pdf
cd08555d5f3b,Donald Trump,trump_278t_2026_05_08_equity,1996,AGILENT TECHNOLOGIES INC,purchase,2026-01-21,2026-05-12,1001.0,15000.0,equity,A,trump_278t_2026_05_08_equity.pdf
dc1cd9c2bfbb,Donald Trump,trump_278t_2026_05_08_equity,1997,WOODWARD INC,purchase,2026-03-11,2026-05-12,1001.0,15000.0,equity,WWD,trump_278t_2026_05_08_equity.pdf
ae608f92986e,Donald Trump,trump_278t_2026_05_08_equity,1998,WEC ENERGY GROUP INC,purchase,2026-01-12,2026-05-12,1001.0,15000.0,equity,WEC,trump_278t_2026_05_08_equity.pdf
4b5b2209ea70,Donald Trump,trump_278t_2026_05_08_equity,2000,BEST BUY INC,purchase,2026-03-31,2026-05-12,1001.0,15000.0,equity,BBY,trump_278t_2026_05_08_equity.pdf
a0b37cc718dd,Donald Trump,trump_278t_2026_05_08_equity,2001,SMUCKER J M CO,purchase,2026-01-23,2026-05-12,1001.0,15000.0,other,,trump_278t_2026_05_08_equity.pdf
e35e53617ddc,Donald Trump,trump_278t_2026_05_08_equity,2002,EMCOR GROUP INC,purchase,2026-03-11,2026-05-12,1001.0,15000.0,equity,EME,trump_278t_2026_05_08_equity.pdf
ed775a6a422e,Donald Trump,trump_278t_2026_05_08_equity,2005,EXLSERVICE HLDGS INC,purchase,2026-01-23,2026-05-12,1001.0,15000.0,equity,EXLS,trump_278t_2026_05_08_equity.pdf
e2280083c6cd,Donald Trump,trump_278t_2026_05_08_equity,2007,ROYAL GOLD INC,purchase,2026-03-31,2026-05-12,1001.0,15000.0,equity,RGLD,trump_278t_2026_05_08_equity.pdf
cb7ba6795875,Donald Trump,trump_278t_2026_05_08_equity,2008,UNION PAC CORP,purchase,2026-03-31,2026-05-12,1001.0,15000.0,equity,UNP,trump_278t_2026_05_08_equity.pdf
eeca04183793,Donald Trump,trump_278t_2026_05_08_equity,2009,COSTAR GROUP INC,purchase,2026-02-12,2026-05-12,1001.0,15000.0,equity,CSGP,trump_278t_2026_05_08_equity.pdf
1ed3d92e4e3d,Donald Trump,trump_278t_2026_05_08_equity,2010,DATAOOG INC CLASS A,purchase,2026-01-23,2026-05-12,1001.0,15000.0,equity,DDOG,trump_278t_2026_05_08_equity.pdf
2dafe9768630,Donald Trump,trump_278t_2026_05_08_equity,2011,T-MOBILE US INC,purchase,2026-01-12,2026-05-12,1001.0,15000.0,equity,TMUS,trump_278t_2026_05_08_equity.pdf
6eef59e6d77a,Donald Trump,trump_278t_2026_05_08_equity,2012,GAUAGHER ARTHUR J & CO,purchase,2026-03-21,2026-05-12,1001.0,15000.0,other,,trump_278t_2026_05_08_equity.pdf
2fa29d34590f,Donald Trump,trump_278t_2026_05_08_equity,2013,BROADRIDGE FINL SOLUTION,purchase,2026-02-12,2026-05-12,1001.0,15000.0,other,,trump_278t_2026_05_08_equity.pdf
6d1d93b05109,Donald Trump,trump_278t_2026_05_08_equity,2014,FACTSET RESH SYS INC,purchase,2026-02-12,2026-05-12,1001.0,15000.0,equity,FDS,trump_278t_2026_05_08_equity.pdf
077fdaa6887f,Donald Trump,trump_278t_2026_05_08_equity,2015,EOG RES INC,purchase,2026-01-21,2026-05-12,1001.0,15000.0,equity,EOG,trump_278t_2026_05_08_equity.pdf
6b5c484fa0bc,Donald Trump,trump_278t_2026_05_08_equity,2016,L3HARRIS TECHNOLOGIES IN,purchase,2026-01-23,2026-05-12,1001.0,15000.0,other,,trump_278t_2026_05_08_equity.pdf
f94cdaa3f073,Donald Trump,trump_278t_2026_05_08_equity,2019,MCKESSON CORP,purchase,2026-03-23,2026-05-12,1001.0,15000.0,equity,MCK,trump_278t_2026_05_08_equity.pdf
0a910d378b82,Donald Trump,trump_278t_2026_05_08_equity,2021,COINBASE GLOBAL INC CLASS A,purchase,2026-01-23,2026-05-12,1001.0,15000.0,equity,COIN,trump_278t_2026_05_08_equity.pdf
c7363419b3ee,Donald Trump,trump_278t_2026_05_08_equity,2022,PAYLOCITY HLDG CORP,purchase,2026-01-21,2026-05-12,1001.0,15000.0,equity,PCTY,trump_278t_2026_05_08_equity.pdf
3fa9af948e0e,Donald Trump,trump_278t_2026_05_08_equity,1991,APPLOVIN CORP CLASS A,purchase,2026-03-17,2026-05-12,1001.0,15000.0,equity,APP,trump_278t_2026_05_08_equity.pdf
1c857423d7e2,Donald Trump,trump_278t_2026_05_08_equity,2023,ZIMMER BIOMET HLDGS INC,purchase,2026-03-23,2026-05-12,1001.0,15000.0,equity,ZBH,trump_278t_2026_05_08_equity.pdf
6d966c827906,Donald Trump,trump_278t_2026_05_08_equity,1990,CROWDSTRIKE HLDGS INC CLASS A,purchase,2026-01-21,2026-05-12,1001.0,15000.0,equity,CRWD,trump_278t_2026_05_08_equity.pdf
f5a28c833124,Donald Trump,trump_278t_2026_05_08_equity,1988,GENUINE PARTS CO,purchase,2026-03-23,2026-05-12,1001.0,15000.0,other,,trump_278t_2026_05_08_equity.pdf
deb0c270dbd3,Donald Trump,trump_278t_2026_05_08_equity,1963,GE HEALTHCARE TECHNOLOGI,purchase,2026-03-23,2026-05-12,1001.0,15000.0,other,,trump_278t_2026_05_08_equity.pdf
4b2eb561d36a,Donald Trump,trump_278t_2026_05_08_equity,1964,PNC FINL SERVICES,purchase,2026-03-17,2026-05-12,1001.0,15000.0,other,,trump_278t_2026_05_08_equity.pdf
7f8bced76291,Donald Trump,trump_278t_2026_05_08_equity,1965,SUPER MICRO COMPUTER INC,purchase,2026-01-23,2026-05-12,1001.0,15000.0,equity,SMCI,trump_278t_2026_05_08_equity.pdf
57b7ae8fed59,Donald Trump,trump_278t_2026_05_08_equity,1966,ROYAL CARIBBEAN GROU F,purchase,2026-03-23,2026-05-12,1001.0,15000.0,other,,trump_278t_2026_05_08_equity.pdf
6b06224c98b5,Donald Trump,trump_278t_2026_05_08_equity,1967,BLACKROCK INC NEW,purchase,2026-03-17,2026-05-12,1001.0,15000.0,equity,BLK,trump_278t_2026_05_08_equity.pdf
652cb23ccb80,Donald Trump,trump_278t_2026_05_08_equity,1968,PPL CORP,purchase,2026-03-17,2026-05-12,1001.0,15000.0,equity,PPL,trump_278t_2026_05_08_equity.pdf
4227e511c839,Donald Trump,trump_278t_2026_05_08_equity,1969,EMERSON ELEC CO,purchase,2026-03-17,2026-05-12,1001.0,15000.0,other,,trump_278t_2026_05_08_equity.pdf
14c98cd399b3,Donald Trump,trump_278t_2026_05_08_equity,1970,PTCINC,purchase,2026-02-19,2026-05-12,1001.0,15000.0,equity,PTC,trump_278t_2026_05_08_equity.pdf
f32f757720a1,Donald Trump,trump_278t_2026_05_08_equity,1971,ENTERGY CORP NEW,purchase,2026-03-17,2026-05-12,1001.0,15000.0,equity,ETR,trump_278t_2026_05_08_equity.pdf
a7aaa3794e3c,Donald Trump,trump_278t_2026_05_08_equity,1972,VERALTO CORP,purchase,2026-03-17,2026-05-12,1001.0,15000.0,equity,VLTO,trump_278t_2026_05_08_equity.pdf
fc07663ea34e,Donald Trump,trump_278t_2026_05_08_equity,1973,XCEL ENERGY INC,purchase,2026-01-23,2026-05-12,1001.0,15000.0,equity,XEL,trump_278t_2026_05_08_equity.pdf
7070f78c9f4b,Donald Trump,trump_278t_2026_05_08_equity,1974,PFIZER INC,purchase,2026-03-17,2026-05-12,1001.0,15000.0,equity,PFE,trump_278t_2026_05_08_equity.pdf
4c45beafa5f1,Donald Trump,trump_278t_2026_05_08_equity,1975,PAYLOCITY HLDG CORP,purchase,2026-02-12,2026-05-12,1001.0,15000.0,equity,PCTY,trump_278t_2026_05_08_equity.pdf
ed3f8854be1c,Donald Trump,trump_278t_2026_05_08_equity,1976,INTERNATIONAL FLAVORS & FRAGRANCES INC,purchase,2026-03-17,2026-05-12,1001.0,15000.0,equity,IFF,trump_278t_2026_05_08_equity.pdf
de230e546eec,Donald Trump,trump_278t_2026_05_08_equity,1977,FERGUSON ENTERPRISES INC,purchase,2026-03-31,2026-05-12,1001.0,15000.0,equity,FERG,trump_278t_2026_05_08_equity.pdf
707f41aa3b69,Donald Trump,trump_278t_2026_05_08_equity,1978,BANK OF AMERICA CORP,purchase,2026-03-23,2026-05-12,1001.0,15000.0,equity,BAC,trump_278t_2026_05_08_equity.pdf
aba36f980dca,Donald Trump,trump_278t_2026_05_08_equity,1979,LULULEMON ATHLETICA INC I,purchase,2026-03-31,2026-05-12,1001.0,15000.0,equity,LULU,trump_278t_2026_05_08_equity.pdf
f72ceb0b8a3e,Donald Trump,trump_278t_2026_05_08_equity,1980,ROBINHOOO MKTS INC CLASS A I,purchase,2026-03-31,2026-05-12,1001.0,15000.0,equity,,trump_278t_2026_05_08_equity.pdf
ce434e0e5d6f,Donald Trump,trump_278t_2026_05_08_equity,1981,VERTEX PHARMACEUTICALS INC I,purchase,2026-02-11,2026-05-12,1001.0,15000.0,equity,VRTX,trump_278t_2026_05_08_equity.pdf
4e55008e21d6,Donald Trump,trump_278t_2026_05_08_equity,1982,PACCAR INC l,purchase,2026-03-23,2026-05-12,1001.0,15000.0,equity,PCAR,trump_278t_2026_05_08_equity.pdf
5f538e9296dc,Donald Trump,trump_278t_2026_05_08_equity,1983,CNH INDLNVF,purchase,2026-03-23,2026-05-12,1001.0,15000.0,other,,trump_278t_2026_05_08_equity.pdf
38777c7ac6ce,Donald Trump,trump_278t_2026_05_08_equity,1984,WELLTOWER INC REIT,purchase,2026-01-12,2026-05-12,1001.0,15000.0,reit,WELL,trump_278t_2026_05_08_equity.pdf
c15d6d663906,Donald Trump,trump_278t_2026_05_08_equity,1985,PROCORE TECHNOLOGIES INC,purchase,2026-01-23,2026-05-12,1001.0,15000.0,equity,PCOR,trump_278t_2026_05_08_equity.pdf
cfd54d8e948c,Donald Trump,trump_278t_2026_05_08_equity,1986,GALLAGHER ARTHUR J & CO,purchase,2026-01-21,2026-05-12,1001.0,15000.0,other,,trump_278t_2026_05_08_equity.pdf
dbce37a53313,Donald Trump,trump_278t_2026_05_08_equity,1987,UNITEDHEALTH GROUP INC,purchase,2026-01-12,2026-05-12,1001.0,15000.0,equity,UNH,trump_278t_2026_05_08_equity.pdf
752269ef6124,Donald Trump,trump_278t_2026_05_08_equity,3834,STATE STREET SPDR S&P 500 ETF TRUST 3,sale,2026-01-05,2026-05-12,1000001.0,5000000.0,etf,SPY,trump_278t_2026_05_08_equity.pdf
2fbfe1cbbb9d,Donald Trump,trump_278t_2026_05_08_equity,1962,MOODYSCORP,purchase,2026-03-26,2026-05-12,1001.0,15000.0,other,,trump_278t_2026_05_08_equity.pdf
4e8e2d9dd012,Donald Trump,trump_278t_2026_05_08_equity,2024,GLOBAL PMTS INC,purchase,2026-03-11,2026-05-12,1001.0,15000.0,equity,,trump_278t_2026_05_08_equity.pdf
decc397a3196,Donald Trump,trump_278t_2026_05_08_equity,2026,METLIFEINC,purchase,2026-03-17,2026-05-12,1001.0,15000.0,other,,trump_278t_2026_05_08_equity.pdf
66073e463cf7,Donald Trump,trump_278t_2026_05_08_equity,2060,EOG RES INC,purchase,2026-03-17,2026-05-12,1001.0,15000.0,equity,EOG,trump_278t_2026_05_08_equity.pdf
91947d5b962c,Donald Trump,trump_278t_2026_05_08_equity,2061,EATON CORP PLC F,purchase,2026-03-17,2026-05-12,1001.0,15000.0,equity,,trump_278t_2026_05_08_equity.pdf
61b91b097ece,Donald Trump,trump_278t_2026_05_08_equity,2062,CDW CORP,purchase,2026-03-23,2026-05-12,1001.0,15000.0,equity,CDW,trump_278t_2026_05_08_equity.pdf
94072a335e9e,Donald Trump,trump_278t_2026_05_08_equity,2063,FEDEXCORP,purchase,2026-03-23,2026-05-12,1001.0,15000.0,other,,trump_278t_2026_05_08_equity.pdf
7cba001e850c,Donald Trump,trump_278t_2026_05_08_equity,2064,VERTEX PHARMACEUTICALS I,purchase,2026-03-17,2026-05-12,1001.0,15000.0,other,,trump_278t_2026_05_08_equity.pdf
b8b8295f52a3,Donald Trump,trump_278t_2026_05_08_equity,2065,CONSTELLATION ENERGY COR,purchase,2026-03-26,2026-05-12,1001.0,15000.0,other,,trump_278t_2026_05_08_equity.pdf
21394e3dd6da,Donald Trump,trump_278t_2026_05_08_equity,2066,ADVANCED MICRO DEVIC,purchase,2026-01-21,2026-05-12,1001.0,15000.0,other,,trump_278t_2026_05_08_equity.pdf
e6eb090a7643,Donald Trump,trump_278t_2026_05_08_equity,2068,EVEREST REINSURANCE GR F,purchase,2026-03-23,2026-05-12,1001.0,15000.0,other,,trump_278t_2026_05_08_equity.pdf
c9a6e1373ddf,Donald Trump,trump_278t_2026_05_08_equity,2069,MONOLITHIC PWR SYS INC,purchase,2026-03-23,2026-05-12,1001.0,15000.0,equity,MPWR,trump_278t_2026_05_08_equity.pdf
5bebd3448ca5,Donald Trump,trump_278t_2026_05_08_equity,2070,BANK NEW YORK MELLON COR,purchase,2026-03-23,2026-05-12,1001.0,15000.0,other,,trump_278t_2026_05_08_equity.pdf
6851b0289882,Donald Trump,trump_278t_2026_05_08_equity,2071,META PLATFORMS INC CLASS A,purchase,2026-01-12,2026-05-12,1001.0,15000.0,equity,META,trump_278t_2026_05_08_equity.pdf
3dd7e48cc99a,Donald Trump,trump_278t_2026_05_08_equity,2073,GAR'lNERINC,purchase,2026-03-23,2026-05-12,1001.0,15000.0,other,,trump_278t_2026_05_08_equity.pdf
83f212675f92,Donald Trump,trump_278t_2026_05_08_equity,2074,MARVEU TECHNOLOGY INC,purchase,2026-03-23,2026-05-12,1001.0,15000.0,equity,,trump_278t_2026_05_08_equity.pdf
99698d8548f7,Donald Trump,trump_278t_2026_05_08_equity,2075,UBER TECHNOLOGIES INC,purchase,2026-03-23,2026-05-12,1001.0,15000.0,equity,UBER,trump_278t_2026_05_08_equity.pdf
7a68d0c1c77e,Donald Trump,trump_278t_2026_05_08_equity,2076,IBM CORP,purchase,2026-03-23,2026-05-12,1001.0,15000.0,equity,,trump_278t_2026_05_08_equity.pdf
b5a08c5c59a0,Donald Trump,trump_278t_2026_05_08_equity,2078,GE VERNOVA INC I,purchase,2026-01-21,2026-05-12,1001.0,15000.0,equity,GEV,trump_278t_2026_05_08_equity.pdf
de7198eb5330,Donald Trump,trump_278t_2026_05_08_equity,2079,PRUOENTIAl FINL INC,purchase,2026-03-31,2026-05-12,1001.0,15000.0,equity,,trump_278t_2026_05_08_equity.pdf
621da327a5e9,Donald Trump,trump_278t_2026_05_08_equity,2080,ELASTIC NVF,purchase,2026-01-23,2026-05-12,1001.0,15000.0,other,,trump_278t_2026_05_08_equity.pdf
a3240af6c48d,Donald Trump,trump_278t_2026_05_08_equity,2081,FABRINETF,purchase,2026-03-31,2026-05-12,1001.0,15000.0,other,,trump_278t_2026_05_08_equity.pdf
f6c5e2704352,Donald Trump,trump_278t_2026_05_08_equity,2082,WILLIS TOWERS WATSON PF,purchase,2026-01-23,2026-05-12,1001.0,15000.0,other,,trump_278t_2026_05_08_equity.pdf
0d8279cc3983,Donald Trump,trump_278t_2026_05_08_equity,2083,REINSURANCE GROUP AMER I,purchase,2026-01-23,2026-05-12,1001.0,15000.0,other,,trump_278t_2026_05_08_equity.pdf
4956b639f250,Donald Trump,trump_278t_2026_05_08_equity,2084,AFLAC INC,purchase,2026-03-23,2026-05-12,1001.0,15000.0,equity,AFL,trump_278t_2026_05_08_equity.pdf
e3681898fe70,Donald Trump,trump_278t_2026_05_08_equity,2085,DELL TECHNOLOGIES INC CLASS C,purchase,2026-03-23,2026-05-12,1001.0,15000.0,equity,DELL,trump_278t_2026_05_08_equity.pdf
4cc1809fa34a,Donald Trump,trump_278t_2026_05_08_equity,2086,MONGODB INC CL A,purchase,2026-02-19,2026-05-12,1001.0,15000.0,equity,MDB,trump_278t_2026_05_08_equity.pdf
2c575a61fc5e,Donald Trump,trump_278t_2026_05_08_equity,2058,CHUBBLTDF,purchase,2026-03-23,2026-05-12,1001.0,15000.0,other,,trump_278t_2026_05_08_equity.pdf
3f49906705d4,Donald Trump,trump_278t_2026_05_08_equity,2025,KEYSIGHT TECHNOLOGIES IN,purchase,2026-03-23,2026-05-12,1001.0,15000.0,other,,trump_278t_2026_05_08_equity.pdf
b852cbd1d56d,Donald Trump,trump_278t_2026_05_08_equity,2057,PROGRESSIVE CORP OH,purchase,2026-03-23,2026-05-12,1001.0,15000.0,equity,PGR,trump_278t_2026_05_08_equity.pdf
7c1afbf10f94,Donald Trump,trump_278t_2026_05_08_equity,2055,DIAMONDBACK ENERGY INC,purchase,2026-03-23,2026-05-12,1001.0,15000.0,equity,FANG,trump_278t_2026_05_08_equity.pdf
7c9bf16ac4c1,Donald Trump,trump_278t_2026_05_08_equity,2027,ARES MGMT CORP CLASS A,purchase,2026-02-12,2026-05-12,1001.0,15000.0,equity,,trump_278t_2026_05_08_equity.pdf
f20ee8e35768,Donald Trump,trump_278t_2026_05_08_equity,2029,ADVANCED MICRO DEVIC,purchase,2026-03-21,2026-05-12,1001.0,15000.0,other,,trump_278t_2026_05_08_equity.pdf
886cbd24c324,Donald Trump,trump_278t_2026_05_08_equity,2030,KRAFT HEINZ CO,purchase,2026-03-26,2026-05-12,1001.0,15000.0,other,,trump_278t_2026_05_08_equity.pdf
d7ab34135522,Donald Trump,trump_278t_2026_05_08_equity,2031,TALEN ENERGY CORP NEW CLASS EQUITY,purchase,2026-03-23,2026-05-12,1001.0,15000.0,equity,TLN,trump_278t_2026_05_08_equity.pdf
f60b6636b713,Donald Trump,trump_278t_2026_05_08_equity,2032,GEN DIGITAL INC,purchase,2026-02-23,2026-05-12,1001.0,15000.0,equity,GEN,trump_278t_2026_05_08_equity.pdf
cd903bedb346,Donald Trump,trump_278t_2026_05_08_equity,2033,ANALOG DEVICES INC,purchase,2026-03-11,2026-05-12,1001.0,15000.0,equity,ADI,trump_278t_2026_05_08_equity.pdf
dd4befe1b011,Donald Trump,trump_278t_2026_05_08_equity,2034,DISNEY WALT CO,purchase,2026-03-23,2026-05-12,1001.0,15000.0,equity,DIS,trump_278t_2026_05_08_equity.pdf
3480956857e5,Donald Trump,trump_278t_2026_05_08_equity,2037,BOSTON SCIENTIFIC CORP,purchase,2026-03-11,2026-05-12,1001.0,15000.0,equity,BSX,trump_278t_2026_05_08_equity.pdf
a79ca13312ac,Donald Trump,trump_278t_2026_05_08_equity,2038,QUANTA SVCS INC,purchase,2026-03-11,2026-05-12,1001.0,15000.0,equity,PWR,trump_278t_2026_05_08_equity.pdf
37d07d7e488c,Donald Trump,trump_278t_2026_05_08_equity,2039,EQT CORP,purchase,2026-03-11,2026-05-12,1001.0,15000.0,equity,EQT,trump_278t_2026_05_08_equity.pdf
6ec012b03bb3,Donald Trump,trump_278t_2026_05_08_equity,2040,ENTEGRIS INC,purchase,2026-03-23,2026-05-12,1001.0,15000.0,equity,ENTG,trump_278t_2026_05_08_equity.pdf
cd675c3bbb26,Donald Trump,trump_278t_2026_05_08_equity,2041,TE CONNECTIVITY PLC F,purchase,2026-03-23,2026-05-12,1001.0,15000.0,equity,TEL,trump_278t_2026_05_08_equity.pdf
5184fe3cad69,Donald Trump,trump_278t_2026_05_08_equity,2042,ITTINC,purchase,2026-03-23,2026-05-12,1001.0,15000.0,other,,trump_278t_2026_05_08_equity.pdf
fd2a7dc5afac,Donald Trump,trump_278t_2026_05_08_equity,2043,BOEING CO,purchase,2026-03-11,2026-05-12,1001.0,15000.0,equity,BA,trump_278t_2026_05_08_equity.pdf
b1cad9eabb05,Donald Trump,trump_278t_2026_05_08_equity,2044,ONEOK INC NEW,purchase,2026-03-11,2026-05-12,1001.0,15000.0,equity,OKE,trump_278t_2026_05_08_equity.pdf
81cc98b3fc92,Donald Trump,trump_278t_2026_05_08_equity,2045,AUTOZONE INC,purchase,2026-03-23,2026-05-12,1001.0,15000.0,equity,AZO,trump_278t_2026_05_08_equity.pdf
6c35c3047be9,Donald Trump,trump_278t_2026_05_08_equity,2046,TRANSUNION,purchase,2026-02-23,2026-05-12,1001.0,15000.0,other,,trump_278t_2026_05_08_equity.pdf
11326fd43f54,Donald Trump,trump_278t_2026_05_08_equity,2047,STRATEGY INC CLASS A,purchase,2026-03-26,2026-05-12,1001.0,15000.0,equity,MSTR,trump_278t_2026_05_08_equity.pdf
f958e391bec8,Donald Trump,trump_278t_2026_05_08_equity,2048,RAYMOND JAMES FINL INC,purchase,2026-03-23,2026-05-12,1001.0,15000.0,equity,RJF,trump_278t_2026_05_08_equity.pdf
534a5f06b4de,Donald Trump,trump_278t_2026_05_08_equity,2049,PEPSICO INC,purchase,2026-03-23,2026-05-12,1001.0,15000.0,equity,PEP,trump_278t_2026_05_08_equity.pdf
22d1f52db907,Donald Trump,trump_278t_2026_05_08_equity,2050,GILEAD SCIENCES INC,purchase,2026-03-23,2026-05-12,1001.0,15000.0,equity,GILD,trump_278t_2026_05_08_equity.pdf
cddc13fb6a4b,Donald Trump,trump_278t_2026_05_08_equity,2051,YUM BRANDS INC,purchase,2026-03-17,2026-05-12,1001.0,15000.0,equity,YUM,trump_278t_2026_05_08_equity.pdf
87de9893737c,Donald Trump,trump_278t_2026_05_08_equity,2052,OOCUSIGN INC,purchase,2026-02-12,2026-05-12,1001.0,15000.0,equity,,trump_278t_2026_05_08_equity.pdf
dc16105d1ca3,Donald Trump,trump_278t_2026_05_08_equity,2053,GUIDEWIRE SOFTWARE INC,purchase,2026-03-23,2026-05-12,1001.0,15000.0,equity,GWRE,trump_278t_2026_05_08_equity.pdf
e0b287829e66,Donald Trump,trump_278t_2026_05_08_equity,2054,COUPANG INC CLASS A,purchase,2026-02-12,2026-05-12,1001.0,15000.0,equity,CPNG,trump_278t_2026_05_08_equity.pdf
2d56ff1af5c0,Donald Trump,trump_278t_2026_05_08_equity,2056,TRAVELERS COS INC,purchase,2026-03-23,2026-05-12,1001.0,15000.0,equity,,trump_278t_2026_05_08_equity.pdf
1d81ee1f2a86,Donald Trump,trump_278t_2026_05_08_equity,1961,CDW CORP,purchase,2026-02-19,2026-05-12,1001.0,15000.0,equity,CDW,trump_278t_2026_05_08_equity.pdf
9c8840c75284,Donald Trump,trump_278t_2026_05_08_equity,1960,INTELCORP,purchase,2026-03-23,2026-05-12,1001.0,15000.0,other,,trump_278t_2026_05_08_equity.pdf
68e72826b5b7,Donald Trump,trump_278t_2026_05_08_equity,1959,lRANSDIGM GROUP INC,purchase,2026-02-23,2026-05-12,1001.0,15000.0,equity,,trump_278t_2026_05_08_equity.pdf
1fef907635af,Donald Trump,trump_278t_2026_05_08_equity,1862,MERCK & CO. INC.,purchase,2026-03-23,2026-05-12,1001.0,15000.0,equity,MRK,trump_278t_2026_05_08_equity.pdf
507ae8d5fc07,Donald Trump,trump_278t_2026_05_08_equity,1863,TYSON FOODS INC CLASS A,purchase,2026-03-17,2026-05-12,1001.0,15000.0,equity,TSN,trump_278t_2026_05_08_equity.pdf
858358f6bd20,Donald Trump,trump_278t_2026_05_08_equity,1865,COSTCO WHSL CORP NEW,purchase,2026-01-12,2026-05-12,1001.0,15000.0,equity,COST,trump_278t_2026_05_08_equity.pdf
184cf3fadec0,Donald Trump,trump_278t_2026_05_08_equity,1866,API GROUP CORP,purchase,2026-03-17,2026-05-12,1001.0,15000.0,equity,APG,trump_278t_2026_05_08_equity.pdf
3a9e19944c2a,Donald Trump,trump_278t_2026_05_08_equity,1867,DATADOG INC CL A,purchase,2026-02-19,2026-05-12,1001.0,15000.0,equity,DDOG,trump_278t_2026_05_08_equity.pdf
cc734d7c4648,Donald Trump,trump_278t_2026_05_08_equity,1868,SOFI TECHNOLOGIES INC,purchase,2026-03-17,2026-05-12,1001.0,15000.0,equity,SOFI,trump_278t_2026_05_08_equity.pdf
5e4e8b38f485,Donald Trump,trump_278t_2026_05_08_equity,1869,ABBVIEINC,purchase,2026-03-17,2026-05-12,1001.0,15000.0,other,,trump_278t_2026_05_08_equity.pdf
bbd89979f41b,Donald Trump,trump_278t_2026_05_08_equity,1870,FIRSTENERGY CORP,purchase,2026-01-23,2026-05-12,1001.0,15000.0,equity,FE,trump_278t_2026_05_08_equity.pdf
af75a042e03f,Donald Trump,trump_278t_2026_05_08_equity,1871,BENTLEY SYS INC CLASS B,purchase,2026-02-23,2026-05-12,1001.0,15000.0,equity,BSY,trump_278t_2026_05_08_equity.pdf
b1fbe9e7931b,Donald Trump,trump_278t_2026_05_08_equity,1873,MCDONALOS CORP,purchase,2026-03-26,2026-05-12,1001.0,15000.0,equity,,trump_278t_2026_05_08_equity.pdf
ff893dd0f8a2,Donald Trump,trump_278t_2026_05_08_equity,1874,UNION PAC CORP,purchase,2026-03-17,2026-05-12,1001.0,15000.0,equity,UNP,trump_278t_2026_05_08_equity.pdf
72d8ffe08723,Donald Trump,trump_278t_2026_05_08_equity,1875,FORTINET INC,purchase,2026-02-19,2026-05-12,1001.0,15000.0,equity,FTNT,trump_278t_2026_05_08_equity.pdf
67623b1034a2,Donald Trump,trump_278t_2026_05_08_equity,1876,CARLYLE GROUP INC,purchase,2026-03-23,2026-05-12,1001.0,15000.0,equity,,trump_278t_2026_05_08_equity.pdf
5cf501f738d7,Donald Trump,trump_278t_2026_05_08_equity,1877,PARKER-HANNIFIN CORP,purchase,2026-03-23,2026-05-12,1001.0,15000.0,equity,PH,trump_278t_2026_05_08_equity.pdf
782c50cf07aa,Donald Trump,trump_278t_2026_05_08_equity,1878,CLOROX CO,purchase,2026-03-26,2026-05-12,1001.0,15000.0,other,,trump_278t_2026_05_08_equity.pdf
b904db919bb2,Donald Trump,trump_278t_2026_05_08_equity,1819,AMCORPLCF,purchase,2026-03-23,2026-05-12,1001.0,15000.0,other,,trump_278t_2026_05_08_equity.pdf
71f01befb808,Donald Trump,trump_278t_2026_05_08_equity,1880,UNITEDHEALTH GROUP INC,purchase,2026-03-31,2026-05-12,1001.0,15000.0,equity,UNH,trump_278t_2026_05_08_equity.pdf
8a323ed01c9f,Donald Trump,trump_278t_2026_05_08_equity,1881,GALLAGHER ARTHUR J & CO,purchase,2026-03-17,2026-05-12,1001.0,15000.0,other,,trump_278t_2026_05_08_equity.pdf
1308dd7a9865,Donald Trump,trump_278t_2026_05_08_equity,1882,VITAL FARMS INC,purchase,2026-03-23,2026-05-12,1001.0,15000.0,equity,VITL,trump_278t_2026_05_08_equity.pdf
c54a5c95e0dc,Donald Trump,trump_278t_2026_05_08_equity,1883,AMERICAN EXPRESS CO I,purchase,2026-03-17,2026-05-12,1001.0,15000.0,other,,trump_278t_2026_05_08_equity.pdf
66ee738c928d,Donald Trump,trump_278t_2026_05_08_equity,1884,CSX CORP,purchase,2026-03-17,2026-05-12,1001.0,15000.0,equity,CSX,trump_278t_2026_05_08_equity.pdf
0f3a5c09417f,Donald Trump,trump_278t_2026_05_08_equity,1885,WELLS FARGO & CO,purchase,2026-03-17,2026-05-12,1001.0,15000.0,other,,trump_278t_2026_05_08_equity.pdf
d5880aad7767,Donald Trump,trump_278t_2026_05_08_equity,1886,KKR&COINC,purchase,2026-03-26,2026-05-12,1001.0,15000.0,other,,trump_278t_2026_05_08_equity.pdf
b2fc255fae25,Donald Trump,trump_278t_2026_05_08_equity,1888,VULCAN MATLS CO 10urchoso,purchase,2026-03-31,2026-05-12,1001.0,15000.0,other,,trump_278t_2026_05_08_equity.pdf
c150b8c69295,Donald Trump,trump_278t_2026_05_08_equity,1890,DYNAlRACE INC,purchase,2026-03-23,2026-05-12,1001.0,15000.0,equity,,trump_278t_2026_05_08_equity.pdf
5004ff6419a0,Donald Trump,trump_278t_2026_05_08_equity,1861,PALO ALTO NETWORKS INC I,purchase,2026-03-17,2026-05-12,1001.0,15000.0,equity,PANW,trump_278t_2026_05_08_equity.pdf
b1816373b254,Donald Trump,trump_278t_2026_05_08_equity,1891,QUALCOMM INC,purchase,2026-03-11,2026-05-12,1001.0,15000.0,equity,QCOM,trump_278t_2026_05_08_equity.pdf
7d2d3004c055,Donald Trump,trump_278t_2026_05_08_equity,1859,CROWDSTRIKE HLOGS INC CLASS A l,purchase,2026-03-17,2026-05-12,1001.0,15000.0,equity,CRWD,trump_278t_2026_05_08_equity.pdf
619dbc580c7c,Donald Trump,trump_278t_2026_05_08_equity,1857,UBER TECHNOLOGIES INC I,purchase,2026-01-21,2026-05-12,1001.0,15000.0,equity,UBER,trump_278t_2026_05_08_equity.pdf
56a19db62ed6,Donald Trump,trump_278t_2026_05_08_equity,1830,TYLER TECHNOLOGIES INC,purchase,2026-02-23,2026-05-12,1001.0,15000.0,equity,TYL,trump_278t_2026_05_08_equity.pdf
8293e6877ec1,Donald Trump,trump_278t_2026_05_08_equity,1831,RTXCORP,purchase,2026-03-17,2026-05-12,1001.0,15000.0,other,,trump_278t_2026_05_08_equity.pdf
80a926224428,Donald Trump,trump_278t_2026_05_08_equity,1832,GE AEROSPACE,purchase,2026-03-23,2026-05-12,1001.0,15000.0,other,,trump_278t_2026_05_08_equity.pdf
f6be06cb8972,Donald Trump,trump_278t_2026_05_08_equity,1833,PALO ALTO NElWORKS INC,purchase,2026-02-19,2026-05-12,1001.0,15000.0,equity,PANW,trump_278t_2026_05_08_equity.pdf
1fd24a0c7c1d,Donald Trump,trump_278t_2026_05_08_equity,1835,MARSH & MCLENNAN COS INC,purchase,2026-03-17,2026-05-12,1001.0,15000.0,equity,MRSH,trump_278t_2026_05_08_equity.pdf
3a9b70981e34,Donald Trump,trump_278t_2026_05_08_equity,1838,BLUE OWL CAP INC CLASS A,purchase,2026-02-12,2026-05-12,1001.0,15000.0,equity,,trump_278t_2026_05_08_equity.pdf
98aed34a3386,Donald Trump,trump_278t_2026_05_08_equity,1837,INVITATION HOMES INC,purchase,2026-01-23,2026-05-12,1001.0,15000.0,equity,INVH,trump_278t_2026_05_08_equity.pdf
5a0844b9af60,Donald Trump,trump_278t_2026_05_08_equity,1838,AMERICAN TOWER CORP NEW REIT,purchase,2026-02-12,2026-05-12,,,reit,AMT,trump_278t_2026_05_08_equity.pdf
ee39f1ae6166,Donald Trump,trump_278t_2026_05_08_equity,1839,INSMED INC PAR S.01,purchase,2026-02-19,2026-05-12,1001.0,15000.0,equity,INSM,trump_278t_2026_05_08_equity.pdf
d62d4598dc09,Donald Trump,trump_278t_2026_05_08_equity,1840,DISNEY WALT CO,purchase,2026-03-17,2026-05-12,1001.0,15000.0,equity,DIS,trump_278t_2026_05_08_equity.pdf
1a48729c7b07,Donald Trump,trump_278t_2026_05_08_equity,1841,DYNATRACE INC,purchase,2026-01-21,2026-05-12,1001.0,15000.0,equity,DT,trump_278t_2026_05_08_equity.pdf
de65b82247ac,Donald Trump,trump_278t_2026_05_08_equity,1842,NEXTERA ENERGY INC,purchase,2026-03-17,2026-05-12,1001.0,15000.0,equity,NEE,trump_278t_2026_05_08_equity.pdf
9a12a49f3429,Donald Trump,trump_278t_2026_05_08_equity,1843,APPLIED MATLS INC,purchase,2026-03-17,2026-05-12,1001.0,15000.0,equity,,trump_278t_2026_05_08_equity.pdf
aaa230557e6d,Donald Trump,trump_278t_2026_05_08_equity,1844,STARBUCKS CORP,purchase,2026-03-11,2026-05-12,1001.0,15000.0,equity,SBUX,trump_278t_2026_05_08_equity.pdf
58b75ae9c58f,Donald Trump,trump_278t_2026_05_08_equity,1845,UNITED PARCEL SERVICE INC CL B,purchase,2026-03-17,2026-05-12,1001.0,15000.0,equity,UPS,trump_278t_2026_05_08_equity.pdf
91af3dfb7f6a,Donald Trump,trump_278t_2026_05_08_equity,1848,IOVIA HLDGS INC,purchase,2026-03-17,2026-05-12,1001.0,15000.0,equity,,trump_278t_2026_05_08_equity.pdf
dc1b01ed3777,Donald Trump,trump_278t_2026_05_08_equity,1847,DUKE ENERGY CORP NEW,purchase,2026-01-21,2026-05-12,1001.0,15000.0,equity,,trump_278t_2026_05_08_equity.pdf
f8f01ef2cc05,Donald Trump,trump_278t_2026_05_08_equity,1849,FLUTTER ENTMT PLC F,purchase,2026-02-12,2026-05-12,1001.0,15000.0,equity,FLUT,trump_278t_2026_05_08_equity.pdf
d0dc26e5b129,Donald Trump,trump_278t_2026_05_08_equity,1850,CURTISS WRIGHT CORP,purchase,2026-03-23,2026-05-12,1001.0,15000.0,equity,CW,trump_278t_2026_05_08_equity.pdf
24ca90c8e8d9,Donald Trump,trump_278t_2026_05_08_equity,1851,ROPER TECHNOLOGIES INC,purchase,2026-01-21,2026-05-12,1001.0,15000.0,equity,ROP,trump_278t_2026_05_08_equity.pdf
af1d49df3c6f,Donald Trump,trump_278t_2026_05_08_equity,1852,CIENACORP,purchase,2026-03-17,2026-05-12,1001.0,15000.0,other,,trump_278t_2026_05_08_equity.pdf
fac21ffced4d,Donald Trump,trump_278t_2026_05_08_equity,1853,BAXTER INTL INC,purchase,2026-01-23,2026-05-12,1001.0,15000.0,equity,BAX,trump_278t_2026_05_08_equity.pdf
e27b99c64b5e,Donald Trump,trump_278t_2026_05_08_equity,1854,AIRBNB INC CL A I,purchase,2026-02-19,2026-05-12,1001.0,15000.0,equity,ABNB,trump_278t_2026_05_08_equity.pdf
50583a0fdf88,Donald Trump,trump_278t_2026_05_08_equity,1655,AMERICAN TOWER CORP NEW REIT I,purchase,2026-03-17,2026-05-12,1001.0,15000.0,reit,AMT,trump_278t_2026_05_08_equity.pdf
247c9e1a0348,Donald Trump,trump_278t_2026_05_08_equity,1856,CROWOSTRIKE HLOGS INC CLASS A I,purchase,2026-02-23,2026-05-12,1001.0,15000.0,equity,,trump_278t_2026_05_08_equity.pdf
85ab90b5a40a,Donald Trump,trump_278t_2026_05_08_equity,1856,LINDEPLCF l,purchase,2026-03-23,2026-05-12,1001.0,15000.0,other,,trump_278t_2026_05_08_equity.pdf
51e1dd7bfe51,Donald Trump,trump_278t_2026_05_08_equity,1892,BOOKJNG HLDGS INC FORWARD SPLIT WITH STOCK SPLIT SHARES,purchase,2026-03-17,2026-05-12,1001.0,15000.0,equity,,trump_278t_2026_05_08_equity.pdf
d11730b82263,Donald Trump,trump_278t_2026_05_08_equity,18114,ESSEX PPTY TR INC REIT,purchase,2026-03-23,2026-05-12,1001.0,15000.0,reit,ESS,trump_278t_2026_05_08_equity.pdf
9a848d937d28,Donald Trump,trump_278t_2026_05_08_equity,1895,PHILIP MORRIS INTL INC,purchase,2026-03-23,2026-05-12,1001.0,15000.0,equity,PM,trump_278t_2026_05_08_equity.pdf
8b574d5ca4b0,Donald Trump,trump_278t_2026_05_08_equity,1928,TAKE-TWO INTERACTIVE SOF,purchase,2026-03-17,2026-05-12,1001.0,15000100115.0,other,,trump_278t_2026_05_08_equity.pdf
7e1590372ba6,Donald Trump,trump_278t_2026_05_08_equity,1929,ROPER TECHNOLOGIES INC,purchase,2026-02-12,2026-05-12,,,equity,ROP,trump_278t_2026_05_08_equity.pdf
a086e6f86078,Donald Trump,trump_278t_2026_05_08_equity,1930,MONSTER BEVERAGE CORP NE,purchase,2026-03-23,2026-05-12,1001.0,15000.0,equity,MNST,trump_278t_2026_05_08_equity.pdf
a53e86bf944b,Donald Trump,trump_278t_2026_05_08_equity,1931,PROGRESSIVE CORP OH,purchase,2026-02-12,2026-05-12,1001.0,15000.0,equity,PGR,trump_278t_2026_05_08_equity.pdf
3361b5766323,Donald Trump,trump_278t_2026_05_08_equity,1932,SS&C TECHNOLOGIES HLDGS,purchase,2026-02-12,2026-05-12,1001.0,15000.0,other,,trump_278t_2026_05_08_equity.pdf
b6c9a11b19a5,Donald Trump,trump_278t_2026_05_08_equity,1933,STRATEGY INC ClASS A,purchase,2026-03-17,2026-05-12,1001.0,15000.0,equity,MSTR,trump_278t_2026_05_08_equity.pdf
1aa10491bd92,Donald Trump,trump_278t_2026_05_08_equity,1934,SOUTHERN CO,purchase,2026-02-23,2026-05-12,1001.0,15000.0,other,,trump_278t_2026_05_08_equity.pdf
11c30fe31216,Donald Trump,trump_278t_2026_05_08_equity,1935,STIFEL FINL CORP,purchase,2026-03-23,2026-05-12,1001.0,15000.0,equity,,trump_278t_2026_05_08_equity.pdf
8353fab86e7c,Donald Trump,trump_278t_2026_05_08_equity,1936,JOHNSON & JOHNSON,purchase,2026-03-17,2026-05-12,1001.0,15000.0,other,,trump_278t_2026_05_08_equity.pdf
80b4fcb8b259,Donald Trump,trump_278t_2026_05_08_equity,1937,PPGINDSINC,purchase,2026-03-17,2026-05-12,1001.0,15000.0,other,,trump_278t_2026_05_08_equity.pdf
0fadb4e38f5c,Donald Trump,trump_278t_2026_05_08_equity,1938,THE COCA-COLA CO,purchase,2026-03-17,2026-05-12,1001.0,15000.0,other,,trump_278t_2026_05_08_equity.pdf
75a856dbd7af,Donald Trump,trump_278t_2026_05_08_equity,1939,ANNALY CAP MGMT INC REIT,purchase,2026-03-23,2026-05-12,1001.0,15000.0,reit,,trump_278t_2026_05_08_equity.pdf
a213ead8d2b6,Donald Trump,trump_278t_2026_05_08_equity,1940,PAYCOM SOFTWARE INC,purchase,2026-02-23,2026-05-12,1001.0,15000.0,equity,PAYC,trump_278t_2026_05_08_equity.pdf
361ab12836e5,Donald Trump,trump_278t_2026_05_08_equity,1941,GUIOEWIRE SOFTWARE INC,purchase,2026-02-23,2026-05-12,1001.0,15000.0,equity,,trump_278t_2026_05_08_equity.pdf
84ff8f698493,Donald Trump,trump_278t_2026_05_08_equity,1942,DEERE&CO,purchase,2026-03-17,2026-05-12,1001.0,15000.0,other,,trump_278t_2026_05_08_equity.pdf
7b80b7acc49b,Donald Trump,trump_278t_2026_05_08_equity,1943,ADVANCED MICRO DEVICES INC,purchase,2026-02-19,2026-05-12,1001.0,15000.0,equity,AMD,trump_278t_2026_05_08_equity.pdf
3de836c51209,Donald Trump,trump_278t_2026_05_08_equity,1944,MCDONALDS CORP,purchase,2026-03-23,2026-05-12,1001.0,15000.0,equity,,trump_278t_2026_05_08_equity.pdf
8f05647c528e,Donald Trump,trump_278t_2026_05_08_equity,1945,STARBUCKS CORP,purchase,2026-02-19,2026-05-12,1001.0,15000.0,equity,SBUX,trump_278t_2026_05_08_equity.pdf
e5082817798c,Donald Trump,trump_278t_2026_05_08_equity,1947,APPLIED MATLS INC,purchase,2026-03-23,2026-05-12,1001.0,15000.0,equity,,trump_278t_2026_05_08_equity.pdf
0e2610c0a0ab,Donald Trump,trump_278t_2026_05_08_equity,1953,ACCENTURE PLC IRELAND F CLASS A l,purchase,2026-01-21,2026-05-12,1001.0,15000.0,equity,ACN,trump_278t_2026_05_08_equity.pdf
b0fa4efaf541,Donald Trump,trump_278t_2026_05_08_equity,1954,EQUINIX INC REIT l,purchase,2026-03-17,2026-05-12,1001.0,15000.0,reit,EQIX,trump_278t_2026_05_08_equity.pdf
fc761d3f3d2f,Donald Trump,trump_278t_2026_05_08_equity,1955,DOOROASH INC CLASS A l,purchase,2026-02-23,2026-05-12,1001.0,15000.0,equity,,trump_278t_2026_05_08_equity.pdf
fcb127eaab98,Donald Trump,trump_278t_2026_05_08_equity,1956,MCDONALDS CORP,purchase,2026-03-17,2026-05-12,1001.0,15000.0,equity,,trump_278t_2026_05_08_equity.pdf
1938765cf6ec,Donald Trump,trump_278t_2026_05_08_equity,1957,TEXAS INSlRUMENTS INC,purchase,2026-02-19,2026-05-12,1001.0,15000.0,equity,,trump_278t_2026_05_08_equity.pdf
6f572451d791,Donald Trump,trump_278t_2026_05_08_equity,1958,UBER TECHNOLOGIES INC·,purchase,2026-01-12,2026-05-12,1001.0,15000.0,equity,UBER,trump_278t_2026_05_08_equity.pdf
2adaad810632,Donald Trump,trump_278t_2026_05_08_equity,1927,CINTAS CORP,purchase,2026-03-23,2026-05-12,1001.0,15000.0,equity,CTAS,trump_278t_2026_05_08_equity.pdf
48295c66b5ec,Donald Trump,trump_278t_2026_05_08_equity,1926,WORKDAY INC ClASS A,purchase,2026-02-12,2026-05-12,1001.0,15000.0,equity,WDAY,trump_278t_2026_05_08_equity.pdf
da24d843407d,Donald Trump,trump_278t_2026_05_08_equity,1925,CATERPILLAR INC,purchase,2026-03-23,2026-05-12,1001.0,15000.0,equity,CAT,trump_278t_2026_05_08_equity.pdf
0454289551cf,Donald Trump,trump_278t_2026_05_08_equity,1924,STATE STR CORP,purchase,2026-03-23,2026-05-12,1001.0,15000.0,equity,,trump_278t_2026_05_08_equity.pdf
497241890c59,Donald Trump,trump_278t_2026_05_08_equity,1896,AMPHENOL CORP NEW CLASS A,purchase,2026-03-17,2026-05-12,1001.0,15000.0,equity,APH,trump_278t_2026_05_08_equity.pdf
bc318f7dee68,Donald Trump,trump_278t_2026_05_08_equity,1897,KLACORP,purchase,2026-03-17,2026-05-12,1001.0,15000.0,other,,trump_278t_2026_05_08_equity.pdf
2d0030967015,Donald Trump,trump_278t_2026_05_08_equity,1898,FIDELITY NATL INFORMATIO,purchase,2026-03-17,2026-05-12,1001.0,15000.0,other,,trump_278t_2026_05_08_equity.pdf
592669111873,Donald Trump,trump_278t_2026_05_08_equity,1899,FLUTTER ENTMT PLC F,purchase,2026-02-23,2026-05-12,1001.0,15000.0,equity,FLUT,trump_278t_2026_05_08_equity.pdf
042585fc7299,Donald Trump,trump_278t_2026_05_08_equity,1900,SNOWFLAKE INC CLASS A,purchase,2026-02-23,2026-05-12,1001.0,15000.0,equity,SNOW,trump_278t_2026_05_08_equity.pdf
dfa6abf1a2dc,Donald Trump,trump_278t_2026_05_08_equity,1901,VICI PPTYS INC REIT,purchase,2026-03-26,2026-05-12,1001.0,15000.0,reit,VICI,trump_278t_2026_05_08_equity.pdf
65bfefc34318,Donald Trump,trump_278t_2026_05_08_equity,1902,ZILLOW GROUP INC CLASS C,purchase,2026-02-23,2026-05-12,1001.0,15000.0,equity,ZG,trump_278t_2026_05_08_equity.pdf
6811859a9189,Donald Trump,trump_278t_2026_05_08_equity,1903,REGIONS FINL CORP NEW,purchase,2026-03-23,2026-05-12,1001.0,15000.0,equity,,trump_278t_2026_05_08_equity.pdf
c347527baea4,Donald Trump,trump_278t_2026_05_08_equity,1904,EBAY INC,purchase,2026-01-23,2026-05-12,1001.0,15000.0,equity,EBAY,trump_278t_2026_05_08_equity.pdf
aa3ee55f8bf8,Donald Trump,trump_278t_2026_05_08_equity,1905,HEICO CORP NEW,purchase,2026-03-26,2026-05-12,1001.0,15000.0,equity,,trump_278t_2026_05_08_equity.pdf
799bb926b00b,Donald Trump,trump_278t_2026_05_08_equity,1906,KKR&COINC,purchase,2026-03-17,2026-05-12,1001.0,15000.0,other,,trump_278t_2026_05_08_equity.pdf
30d7f06fa940,Donald Trump,trump_278t_2026_05_08_equity,1908,TRANE TECHNOLOGIES PLC F,purchase,2026-01-21,2026-05-12,1001.0,15000.0,equity,TT,trump_278t_2026_05_08_equity.pdf
27128cfac7bc,Donald Trump,trump_278t_2026_05_08_equity,1828,CONAGRA BRANDS INC,purchase,2026-02-11,2026-05-12,1001.0,15000.0,equity,CAG,trump_278t_2026_05_08_equity.pdf
d033d328a7be,Donald Trump,trump_278t_2026_05_08_equity,1909,FISERV INC,purchase,2026-03-26,2026-05-12,1001.0,15000.0,equity,FISV,trump_278t_2026_05_08_equity.pdf
6ba55cb2905e,Donald Trump,trump_278t_2026_05_08_equity,1911,TOAST INC CLASS A,purchase,2026-02-21,2026-05-12,1001.0,15000.0,equity,TOST,trump_278t_2026_05_08_equity.pdf
1be7f674bc64,Donald Trump,trump_278t_2026_05_08_equity,1913,ALTRIA GROUP INC,purchase,2026-03-17,2026-05-12,1001.0,15000.0,equity,MO,trump_278t_2026_05_08_equity.pdf
474761b7644f,Donald Trump,trump_278t_2026_05_08_equity,1914,PINNACLE FINL PARTNERS I IDUrcholo,purchase,2026-03-23,2026-05-12,1001.0,15000.0,other,,trump_278t_2026_05_08_equity.pdf
8611c4a5a127,Donald Trump,trump_278t_2026_05_08_equity,1915,0 REILLY AUTOMOTIVE INC IDUrcholo,purchase,2026-03-17,2026-05-12,1001.0,15000.0,equity,,trump_278t_2026_05_08_equity.pdf
617ab75ded1c,Donald Trump,trump_278t_2026_05_08_equity,1916,ORACLE CORP l,purchase,2026-03-23,2026-05-12,1001.0,15000.0,equity,ORCL,trump_278t_2026_05_08_equity.pdf
261a093a6469,Donald Trump,trump_278t_2026_05_08_equity,1917,CISCO SYS INC I,purchase,2026-03-17,2026-05-12,1001.0,15000.0,equity,CSCO,trump_278t_2026_05_08_equity.pdf
2c932530ea92,Donald Trump,trump_278t_2026_05_08_equity,1918,RB GLOBAL INC F l,purchase,2026-03-17,2026-05-12,1001.0,15000.0,equity,RBA,trump_278t_2026_05_08_equity.pdf
b9cacf2e2ccd,Donald Trump,trump_278t_2026_05_08_equity,1919,WORKDAY INC CL A. I,purchase,2026-02-19,2026-05-12,1001.0,15000.0,equity,WDAY,trump_278t_2026_05_08_equity.pdf
c27c35fbaf5b,Donald Trump,trump_278t_2026_05_08_equity,1920,FACTSET RESH SYS INC,purchase,2026-02-23,2026-05-12,1001.0,15000.0,equity,FDS,trump_278t_2026_05_08_equity.pdf
24befa669e01,Donald Trump,trump_278t_2026_05_08_equity,1921,PTC INC,purchase,2026-02-23,2026-05-12,1001.0,15000.0,equity,PTC,trump_278t_2026_05_08_equity.pdf
1ef4fac32fcc,Donald Trump,trump_278t_2026_05_08_equity,1922,CONOCOPHILLIPS,purchase,2026-03-17,2026-05-12,1001.0,15000.0,other,,trump_278t_2026_05_08_equity.pdf
696f8ad9899b,Donald Trump,trump_278t_2026_05_08_equity,1923,INTUIT INC,purchase,2026-02-19,2026-05-12,1001.0,15000.0,equity,INTU,trump_278t_2026_05_08_equity.pdf
fd280bea0da9,Donald Trump,trump_278t_2026_05_08_equity,1910,AUTODESK INC,purchase,2026-02-19,2026-05-12,1001.0,15000.0,equity,ADSK,trump_278t_2026_05_08_equity.pdf
4a8b17d73133,Donald Trump,trump_278t_2026_05_08_equity,1547,BIOLIFE SOLUTIONS INC,purchase,2026-03-04,2026-05-12,15001.0,50000.0,equity,BLFS,trump_278t_2026_05_08_equity.pdf
264dbe03c3df,Donald Trump,trump_278t_2026_05_08_equity,1546,ENOVA INTL INC,purchase,2026-03-04,2026-05-12,15001.0,50000.0,equity,ENVA,trump_278t_2026_05_08_equity.pdf
4ad0d4f2f92d,Donald Trump,trump_278t_2026_05_08_equity,1545,SANMINA CORP,purchase,2026-03-04,2026-05-12,15001.0,50000.0,equity,SANM,trump_278t_2026_05_08_equity.pdf
3abef632da6c,Donald Trump,trump_278t_2026_05_08_equity,1188,PRICE T ROWE GROUP INC UNSOLICITED I,purchase,2026-03-11,2026-05-12,15001.0,50000.0,equity,PSMT,trump_278t_2026_05_08_equity.pdf
70b092ba78f6,Donald Trump,trump_278t_2026_05_08_equity,1189,NEXTERA ENERGY INC COM UNSOLICITEO IDUrcholO,purchase,2026-03-11,2026-05-12,15001.0,50000.0,equity,,trump_278t_2026_05_08_equity.pdf
f93419175faf,Donald Trump,trump_278t_2026_05_08_equity,1190,ELECTRONIC ARTS UNSOLICITED IDUrchDSO,purchase,2026-03-11,2026-05-12,15001.0,50000.0,other,,trump_278t_2026_05_08_equity.pdf
99c20e7d2276,Donald Trump,trump_278t_2026_05_08_equity,1192,CDW CORP UNSOLICITED,purchase,2026-03-11,2026-05-12,15001.0,50000.0,equity,CDW,trump_278t_2026_05_08_equity.pdf
c9f00fec67d9,Donald Trump,trump_278t_2026_05_08_equity,1193,PALANTIR TECHNOLOGIES INC CL A UNSOLICITED,purchase,2026-03-11,2026-05-12,15001.0,50000.0,equity,PLTR,trump_278t_2026_05_08_equity.pdf
0d1e7b690b64,Donald Trump,trump_278t_2026_05_08_equity,1196,ROBINHOOD MKTS INC CL A UNSOLICITED I,purchase,2026-03-11,2026-05-12,15001.0,50000.0,equity,,trump_278t_2026_05_08_equity.pdf
13cc2a968509,Donald Trump,trump_278t_2026_05_08_equity,1197,MOTOROLA SOLUTIONS INC UNSOLICITED,purchase,2026-03-11,2026-05-12,15001.0,50000.0,equity,MSI,trump_278t_2026_05_08_equity.pdf
70a74ad099ae,Donald Trump,trump_278t_2026_05_08_equity,1198,SYNOPSYS INC UNSOLICITED,purchase,2026-03-11,2026-05-12,15001.0,50000.0,equity,SNPS,trump_278t_2026_05_08_equity.pdf
684f251d8cb7,Donald Trump,trump_278t_2026_05_08_equity,1199,APPLOVIN CORP CL A UNSOLICITED,purchase,2026-03-02,2026-05-12,15001.0,50000.0,equity,APP,trump_278t_2026_05_08_equity.pdf
c0e870470020,Donald Trump,trump_278t_2026_05_08_equity,1200,MORGAN STANLEY UNSOLICITED,purchase,2026-03-11,2026-05-12,15001.0,50000.0,other,,trump_278t_2026_05_08_equity.pdf
21e7af034219,Donald Trump,trump_278t_2026_05_08_equity,1202,PATTERSON-UTI ENERGY INC,purchase,2026-03-04,2026-05-12,15001.0,50000.0,equity,PTEN,trump_278t_2026_05_08_equity.pdf
32ec36d13b3a,Donald Trump,trump_278t_2026_05_08_equity,1203,WALT DISNEY CO !HOLDING COi DISNEY COM UNSOLICITED,purchase,2026-03-11,2026-05-12,15001.0,50000.0,other,,trump_278t_2026_05_08_equity.pdf
ca160018d14a,Donald Trump,trump_278t_2026_05_08_equity,1204,MERCK & CO INC COM UNSOLICITED,purchase,2026-03-11,2026-05-12,15001.0,50000.0,equity,MRK,trump_278t_2026_05_08_equity.pdf
739f41bab099,Donald Trump,trump_278t_2026_05_08_equity,1205,DUPONT DE NEMOURS INC UNSOLICITED,purchase,2026-03-11,2026-05-12,15001.0,50000.0,equity,DD,trump_278t_2026_05_08_equity.pdf
07781915da70,Donald Trump,trump_278t_2026_05_08_equity,1206,COCA COLA CO COM UNSOLICITED,purchase,2026-03-11,2026-05-12,15001.0,50000.0,other,,trump_278t_2026_05_08_equity.pdf
bb17012d1b23,Donald Trump,trump_278t_2026_05_08_equity,1207,MCDONALDS CORP UNSOLICITED,purchase,2026-03-11,2026-05-12,15001.0,50000.0,equity,,trump_278t_2026_05_08_equity.pdf
40e469120d84,Donald Trump,trump_278t_2026_05_08_equity,1208,INTL BUSINESS MACH UNSOLICITEO,purchase,2026-03-11,2026-05-12,15001.0,50000.0,other,,trump_278t_2026_05_08_equity.pdf
ab0e027f749e,Donald Trump,trump_278t_2026_05_08_equity,1209,AUTODESK INC UNSOLICITED,purchase,2026-03-11,2026-05-12,15001.0,50000.0,equity,ADSK,trump_278t_2026_05_08_equity.pdf
69521e184684,Donald Trump,trump_278t_2026_05_08_equity,1210,PALO ALTO NETWORKS INC UNSOLICITED,purchase,2026-03-11,2026-05-12,15001.0,50000.0,equity,PANW,trump_278t_2026_05_08_equity.pdf
451618b094f0,Donald Trump,trump_278t_2026_05_08_equity,1211,S&P GLOBAL INC UNSOLICITED,purchase,2026-03-11,2026-05-12,15001.0,50000.0,equity,SPGI,trump_278t_2026_05_08_equity.pdf
76e92a6fd01f,Donald Trump,trump_278t_2026_05_08_equity,1212,ENTERGY CORP NEW UNSOLICITED,purchase,2026-03-11,2026-05-12,15001.0,50000.0,equity,ETR,trump_278t_2026_05_08_equity.pdf
b11c29888371,Donald Trump,trump_278t_2026_05_08_equity,1213,ARISTA NETWORKS INC UNSOLICITED,purchase,2026-03-11,2026-05-12,15001.0,50000.0,equity,ANET,trump_278t_2026_05_08_equity.pdf
537b9c42b356,Donald Trump,trump_278t_2026_05_08_equity,1214,PUBLIC SERVICE ENTERPRSE GROUP INC UNSOLICITED,purchase,2026-03-11,2026-05-12,,,equity,,trump_278t_2026_05_08_equity.pdf
3dedfe6d24a3,Donald Trump,trump_278t_2026_05_08_equity,1215,THERMO FISHER SCIENTIFIC INC UNSOLICITED,purchase,2026-03-11,2026-05-12,15001.0,50000.0,equity,TMO,trump_278t_2026_05_08_equity.pdf
f7a50f4ee301,Donald Trump,trump_278t_2026_05_08_equity,1216,SALESFORCE INC. UNSOLICITED,purchase,2026-03-11,2026-05-12,15001.0,50000.0,equity,CRM,trump_278t_2026_05_08_equity.pdf
ef33d2b64fe2,Donald Trump,trump_278t_2026_05_08_equity,1187,ROCKWELL AUTOMATION INC NEW UNSOLICITEO lpurchose,purchase,2026-03-11,2026-05-12,15001.0,50000.0,equity,ROK,trump_278t_2026_05_08_equity.pdf
ed2f72f8e346,Donald Trump,trump_278t_2026_05_08_equity,1217,GILEAD SCIENCES INC UNSOLICITED,purchase,2026-03-11,2026-05-12,15001.0,50000.0,equity,GILD,trump_278t_2026_05_08_equity.pdf
7634a230e7f1,Donald Trump,trump_278t_2026_05_08_equity,1186,DIGITAL REALTY TRUST INC REIT UNSOLICITED,purchase,2026-03-11,2026-05-12,15001.0,50000.0,reit,DLR,trump_278t_2026_05_08_equity.pdf
e422b9c7ae05,Donald Trump,trump_278t_2026_05_08_equity,1164,NAVIENT CORP,purchase,2026-03-30,2026-05-12,15001.0,50000.0,equity,NAVI,trump_278t_2026_05_08_equity.pdf
5393b03ff4a1,Donald Trump,trump_278t_2026_05_08_equity,1154,HARMONY BIOSCIENCES HLDG,purchase,2026-01-30,2026-05-12,15001.0,50000.0,other,,trump_278t_2026_05_08_equity.pdf
8da6a06237e1,Donald Trump,trump_278t_2026_05_08_equity,1155,LAMB WESTON HLDGS INC COM,purchase,2026-03-17,2026-05-12,15001.0,50000.0,equity,LW,trump_278t_2026_05_08_equity.pdf
dbb90388c242,Donald Trump,trump_278t_2026_05_08_equity,1156,NAPCO SEC TECHNOLOGIES I,purchase,2026-03-30,2026-05-12,15001.0,50000.0,other,,trump_278t_2026_05_08_equity.pdf
8a3e8e0538a1,Donald Trump,trump_278t_2026_05_08_equity,1156,F5 INC UNSOLICITED,purchase,2026-03-02,2026-05-12,15001.0,50000.0,equity,FFIV,trump_278t_2026_05_08_equity.pdf
5f7dd79c55ba,Donald Trump,trump_278t_2026_05_08_equity,1159,"PRICE T ROWE GROUP INC UNSOLICITED ,aao",purchase,2026-03-02,2026-05-12,15001.0,50000.0,equity,PSMT,trump_278t_2026_05_08_equity.pdf
374560573f69,Donald Trump,trump_278t_2026_05_08_equity,1160,DELL TECHNOLOGIES INC CL C UNSOLICITED lcurchaso,purchase,2026-03-11,2026-05-12,15001.0,50000.0,equity,DELL,trump_278t_2026_05_08_equity.pdf
a35b10f7ce86,Donald Trump,trump_278t_2026_05_08_equity,1161,CDW CORP UNSOLICITED lpun:haso,purchase,2026-03-02,2026-05-12,15001.0,50000.0,equity,,trump_278t_2026_05_08_equity.pdf
300344bc7cdb,Donald Trump,trump_278t_2026_05_08_equity,1163,INTEL CORP UNSOLICITED I,purchase,2026-03-11,2026-05-12,15001.0,50000.0,equity,INTC,trump_278t_2026_05_08_equity.pdf
438fb3574bf2,Donald Trump,trump_278t_2026_05_08_equity,1165,AOVANCEO MICRO DEVICES INC,purchase,2026-01-23,2026-05-12,15001.0,50000.0,equity,,trump_278t_2026_05_08_equity.pdf
17e5277f1612,Donald Trump,trump_278t_2026_05_08_equity,1166,AMNEAL PHARMACEUTICALS I CLASS A ll>Urchaso,purchase,2026-03-04,2026-05-12,15001.0,50000.0,equity,AMRX,trump_278t_2026_05_08_equity.pdf
2e7cc59d8e96,Donald Trump,trump_278t_2026_05_08_equity,1167,INTUITIVE SURGICAL INC UNSOLICITED lpun:haso,purchase,2026-03-11,2026-05-12,15001.0,50000.0,equity,ISRG,trump_278t_2026_05_08_equity.pdf
7c6d20540760,Donald Trump,trump_278t_2026_05_08_equity,11611,TERAOYNE INC UNSOLICITED,purchase,2026-03-11,2026-05-12,15001.0,50000.0,equity,,trump_278t_2026_05_08_equity.pdf
90d6743dbcc7,Donald Trump,trump_278t_2026_05_08_equity,1170,NETAPP INC UNSOLICITED,purchase,2026-03-11,2026-05-12,15001.0,50000.0,equity,NTAP,trump_278t_2026_05_08_equity.pdf
500fe1f63d27,Donald Trump,trump_278t_2026_05_08_equity,1171,WSTN DIGITAL CORP UNSOLICITED,purchase,2026-03-11,2026-05-12,15001.0,50000.0,equity,,trump_278t_2026_05_08_equity.pdf
4288443229ea,Donald Trump,trump_278t_2026_05_08_equity,1172,SCHRODINGER INC,purchase,2026-03-30,2026-05-12,15001.0,50000.0,equity,SDGR,trump_278t_2026_05_08_equity.pdf
94df1ee0539f,Donald Trump,trump_278t_2026_05_08_equity,1173,UNITEDHEALTH GROUP INC UNSOLICITED,purchase,2026-03-11,2026-05-12,15001.0,50000.0,equity,UNH,trump_278t_2026_05_08_equity.pdf
aed574ef4b94,Donald Trump,trump_278t_2026_05_08_equity,1174,COCA-COLA COMPANY,purchase,2026-01-23,2026-05-12,15001.0,50000.0,other,,trump_278t_2026_05_08_equity.pdf
cb922eaa716d,Donald Trump,trump_278t_2026_05_08_equity,1175,ROSON CORP UNSOLICITED,purchase,2026-03-11,2026-05-12,15001.0,50000.0,equity,,trump_278t_2026_05_08_equity.pdf
9d2c048be154,Donald Trump,trump_278t_2026_05_08_equity,1176,SKYWORKS SOLUTIONS INC UNSOLICITED,purchase,2026-03-11,2026-05-12,15001.0,50000.0,equity,SWKS,trump_278t_2026_05_08_equity.pdf
cf5ee83bea69,Donald Trump,trump_278t_2026_05_08_equity,1178,RTX CORP UNSOLICITED,purchase,2026-03-11,2026-05-12,15001.0,50000.0,equity,RTX,trump_278t_2026_05_08_equity.pdf
f040fb133ba6,Donald Trump,trump_278t_2026_05_08_equity,1179,TAKE-TWO INTERACTIVE SOFTWRE UNSOLICITED,purchase,2026-03-11,2026-05-12,15001.0,50000.0,other,,trump_278t_2026_05_08_equity.pdf
e0c396169f55,Donald Trump,trump_278t_2026_05_08_equity,1180,DUKE ENERGY CORP NEW UNSOLICITED,purchase,2026-03-11,2026-05-12,15001.0,50000.0,equity,,trump_278t_2026_05_08_equity.pdf
da43a26ff0c6,Donald Trump,trump_278t_2026_05_08_equity,1161,TELEDYNE TECHNOLOGIES INC UNSOLICITED,purchase,2026-03-11,2026-05-12,15001.0,50000.0,equity,TDY,trump_278t_2026_05_08_equity.pdf
e825a429a48b,Donald Trump,trump_278t_2026_05_08_equity,1162,CROWOSlRIKE HLDGS INC CL A UNSOLICITED,purchase,2026-03-11,2026-05-12,15001.0,50000.0,equity,,trump_278t_2026_05_08_equity.pdf
afd47dc3db6f,Donald Trump,trump_278t_2026_05_08_equity,1183,MICROCHIP TECHNOLOGY INC UNSOLICITED,purchase,2026-03-11,2026-05-12,15001.0,50000.0,equity,MCHP,trump_278t_2026_05_08_equity.pdf
d6473cf70714,Donald Trump,trump_278t_2026_05_08_equity,1185,GE VERNOVA LLC COM UNSOLICITED,purchase,2026-03-11,2026-05-12,15001.0,50000.0,other,,trump_278t_2026_05_08_equity.pdf
da2400f5c00f,Donald Trump,trump_278t_2026_05_08_equity,1153,INTEGRA LIFESCIENCES HLD,purchase,2026-03-30,2026-05-12,15001.0,50000.0,other,,trump_278t_2026_05_08_equity.pdf
0e3f2b30cfd2,Donald Trump,trump_278t_2026_05_08_equity,1218,EDWARDS LIFESCIENCES CORP UNSOLICITED,purchase,2026-03-11,2026-05-12,15001.0,50000.0,equity,EW,trump_278t_2026_05_08_equity.pdf
64b23a9c16d4,Donald Trump,trump_278t_2026_05_08_equity,1220,FORTINET INC UNSOLICITED l,purchase,2026-03-11,2026-05-12,15001.0,50000.0,equity,FTNT,trump_278t_2026_05_08_equity.pdf
e4cda4201874,Donald Trump,trump_278t_2026_05_08_equity,1252,GODADDY INC CL A UNSOLICITED,purchase,2026-03-11,2026-05-12,15001.0,50000.0,equity,GDDY,trump_278t_2026_05_08_equity.pdf
9c234387875c,Donald Trump,trump_278t_2026_05_08_equity,1253,- CONS EDISON CO (HOLDING COi UNSOLICITED,purchase,2026-01-21,2026-05-12,15001.0,50000.0,other,,trump_278t_2026_05_08_equity.pdf
fc02629c75e8,Donald Trump,trump_278t_2026_05_08_equity,1254,CME GROUP INC UNSOLICITED,purchase,2026-03-02,2026-05-12,15001.0,50000.0,equity,CME,trump_278t_2026_05_08_equity.pdf
04a44820840f,Donald Trump,trump_278t_2026_05_08_equity,1255,CONSTELLATION ENERGY UNSOLICITED,purchase,2026-01-21,2026-05-12,15001.0,50000.0,other,,trump_278t_2026_05_08_equity.pdf
26187415ef3a,Donald Trump,trump_278t_2026_05_08_equity,1256,QORVOINC,purchase,2026-03-04,2026-05-12,15001.0,50000.0,other,,trump_278t_2026_05_08_equity.pdf
b0d9428edd86,Donald Trump,trump_278t_2026_05_08_equity,1257,FRANKLIN BSP REALTY,purchase,2026-03-30,2026-05-12,15001.0,50000.0,other,,trump_278t_2026_05_08_equity.pdf
83484df48718,Donald Trump,trump_278t_2026_05_08_equity,1258,NRG ENERGY INC NEW UNSOLICITED l,purchase,2026-03-11,2026-05-12,15001.0,50000.0,equity,NRG,trump_278t_2026_05_08_equity.pdf
34b67ddc78fa,Donald Trump,trump_278t_2026_05_08_equity,1259,RYMAN HOSPITALITY PPTYS REIT I,purchase,2026-01-26,2026-05-12,15001.0,50000.0,other,,trump_278t_2026_05_08_equity.pdf
700aebd904cc,Donald Trump,trump_278t_2026_05_08_equity,1260,ARCHROCK INC l,purchase,2026-03-04,2026-05-12,15001.0,50000.0,equity,AROC,trump_278t_2026_05_08_equity.pdf
42ed57609a4f,Donald Trump,trump_278t_2026_05_08_equity,1261,LGI HOMES INC l,purchase,2026-03-13,2026-05-12,15001.0,50000.0,equity,LGIH,trump_278t_2026_05_08_equity.pdf
a282d667128e,Donald Trump,trump_278t_2026_05_08_equity,1262,ALKERMES PLC F l,purchase,2026-01-26,2026-05-12,15001.0,50000.0,equity,ALKS,trump_278t_2026_05_08_equity.pdf
1f72d15b712e,Donald Trump,trump_278t_2026_05_08_equity,1263,KEMPER CORP DEL I,purchase,2026-03-13,2026-05-12,15001.0,50000.0,equity,,trump_278t_2026_05_08_equity.pdf
db883a83a4eb,Donald Trump,trump_278t_2026_05_08_equity,1264,VISHAY INTERTECHNOLOGY I,purchase,2026-03-04,2026-05-12,15001.0,50000.0,other,,trump_278t_2026_05_08_equity.pdf
65fc8a97fe00,Donald Trump,trump_278t_2026_05_08_equity,1265,AMERISAFE INC,purchase,2026-01-26,2026-05-12,15001.0,50000.0,equity,AMSF,trump_278t_2026_05_08_equity.pdf
9fc210daa72b,Donald Trump,trump_278t_2026_05_08_equity,1266,URBAN OUTFITTERS INC,purchase,2026-03-04,2026-05-12,15001.0,50000.0,equity,URBN,trump_278t_2026_05_08_equity.pdf
d7bc7ca53df8,Donald Trump,trump_278t_2026_05_08_equity,1267,AMENTUM HLDGS INC EQUITY,purchase,2026-03-04,2026-05-12,15001.0,50000.0,equity,AMTM,trump_278t_2026_05_08_equity.pdf
937e745ff72c,Donald Trump,trump_278t_2026_05_08_equity,1266,ENPHASE ENERGY INC,purchase,2026-03-04,2026-05-12,15001.0,50000.0,equity,ENPH,trump_278t_2026_05_08_equity.pdf
480c53f13a76,Donald Trump,trump_278t_2026_05_08_equity,1269,DAUCHCORP,purchase,2026-03-04,2026-05-12,15001.0,50000.0,other,,trump_278t_2026_05_08_equity.pdf
698d95a1aaee,Donald Trump,trump_278t_2026_05_08_equity,1270,RTHERN OIL & GAS INC,purchase,2026-03-04,2026-05-12,15001.0,50000.0,equity,NOG,trump_278t_2026_05_08_equity.pdf
51f3516f5365,Donald Trump,trump_278t_2026_05_08_equity,1271,COMSTOCK RES INC,purchase,2026-03-30,2026-05-12,15001.0,50000.0,equity,CRK,trump_278t_2026_05_08_equity.pdf
e01d56d9caf6,Donald Trump,trump_278t_2026_05_08_equity,1273,MARATHON PETROLEUM CO UNSOLICITED,purchase,2026-03-02,2026-05-12,15001.0,50000.0,other,,trump_278t_2026_05_08_equity.pdf
4e27bd9b328b,Donald Trump,trump_278t_2026_05_08_equity,1275,BROADRIDGE FINL SOLUTIONS INC,purchase,2026-03-17,2026-05-12,15001.0,50000.0,equity,BR,trump_278t_2026_05_08_equity.pdf
d38c30a9622a,Donald Trump,trump_278t_2026_05_08_equity,1276,TRUPANION INC,purchase,2026-02-26,2026-05-12,15001.0,50000.0,equity,TRUP,trump_278t_2026_05_08_equity.pdf
5758ff56b44b,Donald Trump,trump_278t_2026_05_08_equity,1278,COINBASE GLOBAL INC'CL A UNSOLICITED,purchase,2026-03-02,2026-05-12,15001.0,50000.0,equity,COIN,trump_278t_2026_05_08_equity.pdf
ec4512ec9e34,Donald Trump,trump_278t_2026_05_08_equity,1279,ONESPAWORLO HLDGS LTD F,purchase,2026-03-13,2026-05-12,15001.0,50000.0,other,,trump_278t_2026_05_08_equity.pdf
027dde5ca8eb,Donald Trump,trump_278t_2026_05_08_equity,1251,PHILIP MORRIS INTL INC UNSOLICITED,purchase,2026-03-11,2026-05-12,15001.0,50000.0,equity,PM,trump_278t_2026_05_08_equity.pdf
ef1106bc40f9,Donald Trump,trump_278t_2026_05_08_equity,1219,PROGYNYINC,purchase,2026-02-26,2026-05-12,15001.0,50000.0,other,,trump_278t_2026_05_08_equity.pdf
6a95a2351024,Donald Trump,trump_278t_2026_05_08_equity,1250,PAYONEER GLOBAL INC,purchase,2026-03-30,2026-05-12,15001.0,50000.0,equity,PAYO,trump_278t_2026_05_08_equity.pdf
f7d46b4ca158,Donald Trump,trump_278t_2026_05_08_equity,1248,ONEOK INC,purchase,2026-01-23,2026-05-12,15001.0,50000.0,equity,OKE,trump_278t_2026_05_08_equity.pdf
1d01c58b2e5a,Donald Trump,trump_278t_2026_05_08_equity,1221,BOEING COMPANY UNSOLICITED I,purchase,2026-03-11,2026-05-12,15001.0,50000.0,equity,BA,trump_278t_2026_05_08_equity.pdf
9d15e466b0f3,Donald Trump,trump_278t_2026_05_08_equity,1223,MSCI INC UNSOLICITED,purchase,2026-03-11,2026-05-12,15001.0,50000.0,equity,MSCI,trump_278t_2026_05_08_equity.pdf
2682b412c71f,Donald Trump,trump_278t_2026_05_08_equity,1225,INTERCONTINENTALEXCHANGE GROUP UNSOLICITED,purchase,2026-03-11,2026-05-12,15001.0,50000.0,equity,ICE,trump_278t_2026_05_08_equity.pdf
07ae9e888a6b,Donald Trump,trump_278t_2026_05_08_equity,1226,WELLS FARGO & CO NEW UNSOLICITED,purchase,2026-03-11,2026-05-12,15001.0,50000.0,other,,trump_278t_2026_05_08_equity.pdf
aa19eeece6b4,Donald Trump,trump_278t_2026_05_08_equity,1227,TRACTOR SUPPLY COMPANY UNSOLICITED,purchase,2026-03-11,2026-05-12,15001.0,50000.0,other,,trump_278t_2026_05_08_equity.pdf
9f57bcd24e92,Donald Trump,trump_278t_2026_05_08_equity,1228,TYLER TECHNOLOGIES INC UNSOLICITED,purchase,2026-03-11,2026-05-12,15001.0,50000.0,equity,TYL,trump_278t_2026_05_08_equity.pdf
4eb8ee3692fc,Donald Trump,trump_278t_2026_05_08_equity,1229,FREEPORT-MCMORAN INC UNSOLICITED,purchase,2026-03-11,2026-05-12,15001.0,50000.0,equity,FCX,trump_278t_2026_05_08_equity.pdf
6f7df2d15b26,Donald Trump,trump_278t_2026_05_08_equity,1230,BRISTOL MYERS SQUIBB CO UNSOLICITED,purchase,2026-03-02,2026-05-12,15001.0,50000.0,other,,trump_278t_2026_05_08_equity.pdf
01c720eff68c,Donald Trump,trump_278t_2026_05_08_equity,1231,NASDAQ INC UNSOLICITED,purchase,2026-03-11,2026-05-12,15001.0,50000.0,equity,NDAQ,trump_278t_2026_05_08_equity.pdf
1a6f1861cc31,Donald Trump,trump_278t_2026_05_08_equity,1232,HUMANA INC UNSOLICITED,purchase,2026-03-11,2026-05-12,15001.0,50000.0,equity,HUM,trump_278t_2026_05_08_equity.pdf
7ee057a57129,Donald Trump,trump_278t_2026_05_08_equity,1233,MASTERCARD INC CL A UNSOLICITED,purchase,2026-03-11,2026-05-12,15001.0,50000.0,equity,MA,trump_278t_2026_05_08_equity.pdf
0b3074f1b872,Donald Trump,trump_278t_2026_05_08_equity,1234,PROCTER & GAMBLE CO UNSOLICITED,purchase,2026-03-11,2026-05-12,15001.0,50000.0,other,,trump_278t_2026_05_08_equity.pdf
54f3f3e63370,Donald Trump,trump_278t_2026_05_08_equity,1235,APOLLO GLOBAL MGMT INC UNSOLICITED,purchase,2026-03-11,2026-05-12,15001.0,50000.0,equity,,trump_278t_2026_05_08_equity.pdf
29cebe38046e,Donald Trump,trump_278t_2026_05_08_equity,1236,PROGRESSIVE CORP OHIO UNSOLICITED,purchase,2026-03-11,2026-05-12,15001.0,50000.0,equity,PGR,trump_278t_2026_05_08_equity.pdf
5779d0508447,Donald Trump,trump_278t_2026_05_08_equity,1237,T-MOBILE US INC COM UNSOLICITED,purchase,2026-03-11,2026-05-12,15001.0,50000.0,equity,TMUS,trump_278t_2026_05_08_equity.pdf
e1635d44c597,Donald Trump,trump_278t_2026_05_08_equity,1238,RESMED INC UNSOLICITED,purchase,2026-03-11,2026-05-12,15001.0,50000.0,equity,RMD,trump_278t_2026_05_08_equity.pdf
e07fddb126a4,Donald Trump,trump_278t_2026_05_08_equity,1239,MIRION TECHNOLOGIES INC CLASS A,purchase,2026-01-26,2026-05-12,15001.0,50000.0,equity,MIR,trump_278t_2026_05_08_equity.pdf
650b2cea05dc,Donald Trump,trump_278t_2026_05_08_equity,1240,GOLDMAN SACHS GROUP INC UNSOLICITED,purchase,2026-03-11,2026-05-12,15001.0,50000.0,equity,GS,trump_278t_2026_05_08_equity.pdf
90c29b2475de,Donald Trump,trump_278t_2026_05_08_equity,1241,ALPHABET INC CL C,purchase,2026-03-17,2026-05-12,15001.0,50000.0,equity,GOOGL,trump_278t_2026_05_08_equity.pdf
4720927626c2,Donald Trump,trump_278t_2026_05_08_equity,1242,INTUIT UNSOLICITED ',purchase,2026-03-11,2026-05-12,15001.0,50000.0,other,,trump_278t_2026_05_08_equity.pdf
2a8d18af4457,Donald Trump,trump_278t_2026_05_08_equity,1243,CORNING INC UNSOLICITED,purchase,2026-03-11,2026-05-12,15001.0,50000.0,equity,GLW,trump_278t_2026_05_08_equity.pdf
633ec89ab543,Donald Trump,trump_278t_2026_05_08_equity,1244,BLACKROCK INC UNSOLICITED,purchase,2026-03-11,2026-05-12,15001.0,50000.0,equity,BLK,trump_278t_2026_05_08_equity.pdf
b2a372fa2107,Donald Trump,trump_278t_2026_05_08_equity,1245,AT&T INC UNSOLICITED,purchase,2026-03-11,2026-05-12,15001.0,50000.0,equity,T,trump_278t_2026_05_08_equity.pdf
833167677ecc,Donald Trump,trump_278t_2026_05_08_equity,1246,RINGCENTRAL INC CLASS A,purchase,2026-03-04,2026-05-12,15001.0,50000.0,equity,RNG,trump_278t_2026_05_08_equity.pdf
1ebca6409f26,Donald Trump,trump_278t_2026_05_08_equity,1247,BLACKSTONE INC CL A UNSOLICITED,purchase,2026-03-11,2026-05-12,15001.0,50000.0,equity,BX,trump_278t_2026_05_08_equity.pdf
e32f768fe1fa,Donald Trump,trump_278t_2026_05_08_equity,1249,WORKDAY INC CL A UNSOLICITED,purchase,2026-03-11,2026-05-12,15001.0,50000.0,equity,WDAY,trump_278t_2026_05_08_equity.pdf
e19357b32e20,Donald Trump,trump_278t_2026_05_08_equity,1151,CHEVRON CORP UNSOLICITED,purchase,2026-03-02,2026-05-12,15001.0,50000.0,equity,CVX,trump_278t_2026_05_08_equity.pdf
8f4eea4c93d8,Donald Trump,trump_278t_2026_05_08_equity,1150,CHEVRON CORP UNSOLICITED,purchase,2026-03-11,2026-05-12,15001.0,50000.0,equity,CVX,trump_278t_2026_05_08_equity.pdf
20d30b9c65e9,Donald Trump,trump_278t_2026_05_08_equity,1149,NRG ENERGY INC,purchase,2026-01-06,2026-05-12,15001.0,50000.0,equity,NRG,trump_278t_2026_05_08_equity.pdf
6ae2d896b591,Donald Trump,trump_278t_2026_05_08_equity,1062,VERTEX PHARMACEUTICAL INC UNSOLICITED l,purchase,2026-03-12,2026-05-12,15001.0,50000.0,equity,VRTX,trump_278t_2026_05_08_equity.pdf
4f6136b32df4,Donald Trump,trump_278t_2026_05_08_equity,1063,ILLINOIS TOOL WORKS INC UNSOLICITED I,purchase,2026-03-12,2026-05-12,15001.0,50000.0,equity,ITW,trump_278t_2026_05_08_equity.pdf
04e0ea706051,Donald Trump,trump_278t_2026_05_08_equity,1064,APPLOVIN CORP CL A UNSOLICITED I,purchase,2026-01-21,2026-05-12,15001.0,50000.0,equity,APP,trump_278t_2026_05_08_equity.pdf
8038345e0222,Donald Trump,trump_278t_2026_05_08_equity,1065,LOWES COMPANIES INC UNSOLICITED I,purchase,2026-03-12,2026-05-12,15001.0,50000.0,equity,,trump_278t_2026_05_08_equity.pdf
e08111479f8f,Donald Trump,trump_278t_2026_05_08_equity,1065,WEUS FARGO & CO NEW UNSOLICITED l,purchase,2026-03-12,2026-05-12,15001.0,50000.0,other,,trump_278t_2026_05_08_equity.pdf
74a72be84d34,Donald Trump,trump_278t_2026_05_08_equity,1065,TE CONNECTIVITY PLC UNSOLICITED I,purchase,2025-03-11,2026-05-12,15001.0,50000.0,equity,TEL,trump_278t_2026_05_08_equity.pdf
9d1fab0368ca,Donald Trump,trump_278t_2026_05_08_equity,1069,BLACKROCK INC UNSOLICITED I,purchase,2026-03-12,2026-05-12,15001.0,50000.0,equity,BLK,trump_278t_2026_05_08_equity.pdf
f1d690c45b6f,Donald Trump,trump_278t_2026_05_08_equity,1070,ACCENTURE PLC IRELAND CL A UNSOLICITED,purchase,2026-03-12,2026-05-12,15001.0,50000.0,equity,ACN,trump_278t_2026_05_08_equity.pdf
a532d0b9f08d,Donald Trump,trump_278t_2026_05_08_equity,1071,CONOCOPHIUIPS UNSOLICITED,purchase,2026-03-02,2026-05-12,15001.0,50000.0,other,,trump_278t_2026_05_08_equity.pdf
1315c349a228,Donald Trump,trump_278t_2026_05_08_equity,1072,JOHNSON & JOHNSON COM UNSOLICITED,purchase,2026-03-11,2026-05-12,15001.0,50000.0,other,,trump_278t_2026_05_08_equity.pdf
14b1fe82ff65,Donald Trump,trump_278t_2026_05_08_equity,1073,AMPHENOL CORP NEW CL A UNSOLICITED,purchase,2026-03-12,2026-05-12,15001.0,,equity,APH,trump_278t_2026_05_08_equity.pdf
b3832f2010f7,Donald Trump,trump_278t_2026_05_08_equity,1074,MONOLITHIC POWER SYSTEMS INC UNSOLICITED,purchase,2026-01-21,2026-05-12,15001.0,50000.0,equity,MPWR,trump_278t_2026_05_08_equity.pdf
e0ded31a0fa7,Donald Trump,trump_278t_2026_05_08_equity,1075,HUBBEU INC UNSOLICITED,purchase,2026-01-21,2026-05-12,15001.0,50000.0,equity,,trump_278t_2026_05_08_equity.pdf
507aa08c5c20,Donald Trump,trump_278t_2026_05_08_equity,1076,VICTORY CAP HLDGS INC DE CLASS A,purchase,2026-03-04,2026-05-12,15001.0,50000.0,equity,VCTR,trump_278t_2026_05_08_equity.pdf
44f4e6ebe1c5,Donald Trump,trump_278t_2026_05_08_equity,1078,Solosfon:o Inc.,purchase,2026-01-06,2026-05-12,15001.0,50000.0,equity,,trump_278t_2026_05_08_equity.pdf
9f3ea0e036bf,Donald Trump,trump_278t_2026_05_08_equity,1079,CITIGROUP INC UNSOLICITED,purchase,2026-01-21,2026-05-12,15001.0,50000.0,equity,C,trump_278t_2026_05_08_equity.pdf
8f6ca35d9120,Donald Trump,trump_278t_2026_05_08_equity,1080,GE AEROSPACE UNSOLICITED,purchase,2026-03-11,2026-05-12,15001.0,50000.0,other,,trump_278t_2026_05_08_equity.pdf
7b38fd2ff820,Donald Trump,trump_278t_2026_05_08_equity,1081,BANK OF AMER CORP UNSOLICITED,purchase,2026-03-12,2026-05-12,15001.0,50000.0,equity,,trump_278t_2026_05_08_equity.pdf
8ee41f952091,Donald Trump,trump_278t_2026_05_08_equity,1082,WIUIAMS SONOMA INC UNSOLICITED,purchase,2026-03-12,2026-05-12,15001.0,,equity,,trump_278t_2026_05_08_equity.pdf
aecfe5818350,Donald Trump,trump_278t_2026_05_08_equity,1083,UNITED PARCEL SERVICE INC CL B UNSOLICITED,purchase,2026-03-12,2026-05-12,15001.0,50000.0,equity,UPS,trump_278t_2026_05_08_equity.pdf
55cecd084027,Donald Trump,trump_278t_2026_05_08_equity,1084,COMFORT SYSTEMS USA INC UNSOLICITED,purchase,2026-03-12,2026-05-12,15001.0,50000.0,equity,FIX,trump_278t_2026_05_08_equity.pdf
77640e1bb729,Donald Trump,trump_278t_2026_05_08_equity,1085,HUNT J B TRANS SVCS INC UNSOLICITED,purchase,2026-01-21,2026-05-12,15001.0,50000.0,equity,,trump_278t_2026_05_08_equity.pdf
c34a96822e06,Donald Trump,trump_278t_2026_05_08_equity,1086,WILLIAMS COS INC IDELl UNSOLICITED,purchase,2026-03-02,2026-05-12,15001.0,50000.0,equity,WMB,trump_278t_2026_05_08_equity.pdf
d2b791417125,Donald Trump,trump_278t_2026_05_08_equity,1067,NCR VOYIX CORP,purchase,2026-03-30,2026-05-12,15001.0,50000.0,equity,VYX,trump_278t_2026_05_08_equity.pdf
f372fe55f685,Donald Trump,trump_278t_2026_05_08_equity,1088,CVB FINL CORP,purchase,2026-03-04,2026-05-12,15001.0,50000.0,equity,,trump_278t_2026_05_08_equity.pdf
343f20434017,Donald Trump,trump_278t_2026_05_08_equity,1051,EMCOR GROUP INC UNSOLICITED l,purchase,2026-03-12,2026-05-12,15001.0,50000.0,equity,EME,trump_278t_2026_05_08_equity.pdf
fc9230104091,Donald Trump,trump_278t_2026_05_08_equity,1089,DANAHER CORP UNSOLICITED,purchase,2026-03-12,2026-05-12,15001.0,50000.0,equity,DHR,trump_278t_2026_05_08_equity.pdf
1985e08f5409,Donald Trump,trump_278t_2026_05_08_equity,1060,SERVICENOW INC UNSOLICITED,purchase,2026-03-12,2026-05-12,15001.0,50000.0,equity,NOW,trump_278t_2026_05_08_equity.pdf
321dcf0e9d03,Donald Trump,trump_278t_2026_05_08_equity,1058,ORACLE CORP UNSOLICITED,purchase,2026-03-12,2026-05-12,15001.0,50000.0,equity,ORCL,trump_278t_2026_05_08_equity.pdf
c074ff9e51b6,Donald Trump,trump_278t_2026_05_08_equity,1032,INTUIT UNSOLICITED,purchase,2026-03-12,2026-05-12,15001.0,50000.0,other,,trump_278t_2026_05_08_equity.pdf
52aa81c3dab0,Donald Trump,trump_278t_2026_05_08_equity,1033,INTEL CORP UNSOLICITED,purchase,2026-03-13,2026-05-12,15001.0,50000.0,equity,INTC,trump_278t_2026_05_08_equity.pdf
4645289e45c7,Donald Trump,trump_278t_2026_05_08_equity,1034,PTC INC COM UNSOLICITED,purchase,2026-01-21,2026-05-12,15001.0,50000.0,equity,PTC,trump_278t_2026_05_08_equity.pdf
ef4b443a8aa4,Donald Trump,trump_278t_2026_05_08_equity,1035,AUTODESK INC UNSOLICITED,purchase,2026-01-21,2026-05-12,15001.0,50000.0,equity,ADSK,trump_278t_2026_05_08_equity.pdf
364325e0ff8c,Donald Trump,trump_278t_2026_05_08_equity,1036,SKYWORKS SOLUTIONS INC UNSOLICITED,purchase,2026-01-21,2026-05-12,15001.0,50000.0,equity,SWKS,trump_278t_2026_05_08_equity.pdf
9417738d9e3f,Donald Trump,trump_278t_2026_05_08_equity,1037,ROPER TECHNOLOGIES INC UNSOLICITED,purchase,2026-01-21,2026-05-12,15001.0,50000.0,equity,ROP,trump_278t_2026_05_08_equity.pdf
46da0ac4f058,Donald Trump,trump_278t_2026_05_08_equity,1038,WARNER BROS DISCOVERY INC UNSOLICITED,purchase,2026-03-12,2026-05-12,15001.0,50000.0,equity,WBD,trump_278t_2026_05_08_equity.pdf
67e50114eb1c,Donald Trump,trump_278t_2026_05_08_equity,1039,EQUINIX INC REIT UNSOLICITED,purchase,2026-03-02,2026-05-12,15001.0,50000.0,reit,EQIX,trump_278t_2026_05_08_equity.pdf
2794bb24a2d9,Donald Trump,trump_278t_2026_05_08_equity,1040,TJX COS INC NEW UNSOLICITED,purchase,2026-03-12,2026-05-12,15001.0,50000.0,equity,,trump_278t_2026_05_08_equity.pdf
71041b16644f,Donald Trump,trump_278t_2026_05_08_equity,1041,ALAMO GROUP INC,purchase,2026-03-04,2026-05-12,15001.0,50000.0,equity,ALG,trump_278t_2026_05_08_equity.pdf
2bd86757bdf5,Donald Trump,trump_278t_2026_05_08_equity,1042,BOSTON SCIENTIFIC CORP UNSOLICITED,purchase,2026-01-21,2026-05-12,15001.0,50000.0,equity,BSX,trump_278t_2026_05_08_equity.pdf
d0ac5e5072e8,Donald Trump,trump_278t_2026_05_08_equity,1043,F5 INC UNSOLICITED,purchase,2026-03-12,2026-05-12,15001.0,50000.0,equity,FFIV,trump_278t_2026_05_08_equity.pdf
296a4d30f6df,Donald Trump,trump_278t_2026_05_08_equity,1044,PEROOCEO ED CORP,purchase,2026-03-04,2026-05-12,15001.0,50000.0,equity,,trump_278t_2026_05_08_equity.pdf
2bcad203db31,Donald Trump,trump_278t_2026_05_08_equity,1045,BRISTOL MYERS SQUIBB CO UNSOLICITED,purchase,2026-01-21,2026-05-12,15001.0,50000.0,other,,trump_278t_2026_05_08_equity.pdf
6dac57b9b1f4,Donald Trump,trump_278t_2026_05_08_equity,1046,QUINSTREET INC,purchase,2026-01-26,2026-05-12,15001.0,50000.0,equity,QNST,trump_278t_2026_05_08_equity.pdf
9b5af063a4f8,Donald Trump,trump_278t_2026_05_08_equity,1047,STARBUCKS CORP UNSOLICITED,purchase,2026-03-12,2026-05-12,15001.0,50000.0,equity,SBUX,trump_278t_2026_05_08_equity.pdf
b801fa35f2b4,Donald Trump,trump_278t_2026_05_08_equity,1048,NEWMONT CORP UNSOLICITED,purchase,2026-03-12,2026-05-12,15001.0,50000.0,equity,NEM,trump_278t_2026_05_08_equity.pdf
a480f4eccdad,Donald Trump,trump_278t_2026_05_08_equity,1050,PEPSICO INC UNSOLICITED,purchase,2026-03-02,2026-05-12,15001.0,50000.0,equity,PEP,trump_278t_2026_05_08_equity.pdf
2c284be3e7fc,Donald Trump,trump_278t_2026_05_08_equity,1051,CADENCE DESIGN SYSTEM UNSOLICITED,purchase,2026-01-21,2026-05-12,15001.0,50000.0,equity,CDNS,trump_278t_2026_05_08_equity.pdf
afd1c94809df,Donald Trump,trump_278t_2026_05_08_equity,1052,MASTERCARD INC CL A UNSOLICITED,purchase,2026-03-12,2026-05-12,15001.0,50000.0,equity,MA,trump_278t_2026_05_08_equity.pdf
eab8a5855c02,Donald Trump,trump_278t_2026_05_08_equity,1053,DEERE AND CO UNSOLICITED,purchase,2026-03-12,2026-05-12,15001.0,50000.0,other,,trump_278t_2026_05_08_equity.pdf
b2c95b0abadd,Donald Trump,trump_278t_2026_05_08_equity,1054,HONEYWELL INTL INC UNSOLICITED,purchase,2026-03-12,2026-05-12,15001.0,50000.0,equity,HON,trump_278t_2026_05_08_equity.pdf
ff504eba98c3,Donald Trump,trump_278t_2026_05_08_equity,1055,TRANE TECHNOLOGIES PLC UNSOLICITED,purchase,2026-03-12,2026-05-12,15001.0,50000.0,equity,TT,trump_278t_2026_05_08_equity.pdf
4cc9686829b0,Donald Trump,trump_278t_2026_05_08_equity,1056,ARISTA NElWORKS INC UNSOLICITED,purchase,2026-03-12,2026-05-12,15001.0,50000.0,equity,ANET,trump_278t_2026_05_08_equity.pdf
b40f3f06a214,Donald Trump,trump_278t_2026_05_08_equity,1057,SCHWAB CHARLES CORP NEW UNSOLICITED,purchase,2026-01-21,2026-05-12,15001.0,50000.0,equity,,trump_278t_2026_05_08_equity.pdf
adaca25c7a52,Donald Trump,trump_278t_2026_05_08_equity,1059,TRIMBLE INC COM UNSOLICITED,purchase,2026-03-12,2026-05-12,15001.0,50000.0,equity,TRMB,trump_278t_2026_05_08_equity.pdf
002960dbf495,Donald Trump,trump_278t_2026_05_08_equity,1090,SYNOPSYS INC UNSOLICITED,purchase,2026-03-12,2026-05-12,15001.0,50000.0,equity,SNPS,trump_278t_2026_05_08_equity.pdf
e5347f1e4ede,Donald Trump,trump_278t_2026_05_08_equity,1091,GE HEALTHCARE TECHNOLOGIES INC UNSOLICITED,purchase,2026-03-12,2026-05-12,15001.0,50000.0,equity,GEHC,trump_278t_2026_05_08_equity.pdf
6d070af7e035,Donald Trump,trump_278t_2026_05_08_equity,1092,CHIPOTLE MEXICAN GRIU INC CL A UNSOLICITED,purchase,2026-03-12,2026-05-12,15001.0,50000.0,equity,CMG,trump_278t_2026_05_08_equity.pdf
5b686446b3ef,Donald Trump,trump_278t_2026_05_08_equity,1123,KEYSIGHT TECHNOLOGIES INC COM UNSOLICITED,purchase,2026-03-11,2026-05-12,15001.0,50000.0,equity,KEYS,trump_278t_2026_05_08_equity.pdf
7b94fb1398d8,Donald Trump,trump_278t_2026_05_08_equity,1124,SOUTHERN CO UNSOLICITED,purchase,2026-03-02,2026-05-12,15001.0,50000.0,other,,trump_278t_2026_05_08_equity.pdf
3e2e92474bdc,Donald Trump,trump_278t_2026_05_08_equity,1125,LOCKHEED MARTIN CORP UNSOLICITED,purchase,2026-03-02,2026-05-12,15001.0,50000.0,equity,LMT,trump_278t_2026_05_08_equity.pdf
095cf0156424,Donald Trump,trump_278t_2026_05_08_equity,1127,GODADDY INC CL A UNSOLICITED,purchase,2026-03-02,2026-05-12,15001.0,50000.0,equity,GDDY,trump_278t_2026_05_08_equity.pdf
4de757362872,Donald Trump,trump_278t_2026_05_08_equity,1128,BANK HAWAII CORP ',purchase,2026-03-01,2026-05-12,15001.0,50000.0,equity,,trump_278t_2026_05_08_equity.pdf
e76067c7d9e1,Donald Trump,trump_278t_2026_05_08_equity,1129,LENNOX INTL INC,purchase,2026-01-11,2026-05-12,15001.0,50000.0,equity,LII,trump_278t_2026_05_08_equity.pdf
c2fe721e3056,Donald Trump,trump_278t_2026_05_08_equity,1130,LYONDELLBASELL INDUSTRIES N V ORD SHS CL A,purchase,2026-01-23,2026-05-12,15001.0,50000.0,other,,trump_278t_2026_05_08_equity.pdf
467ff90c49a9,Donald Trump,trump_278t_2026_05_08_equity,1131,STONEX GROUP INC l,purchase,2026-03-04,2026-05-12,15001.0,50000.0,equity,SNEX,trump_278t_2026_05_08_equity.pdf
5f0959a9811e,Donald Trump,trump_278t_2026_05_08_equity,1132,QNITY ELECTRONICS INC UNSOLICITED l,purchase,2026-03-12,2026-05-12,15001.0,50000.0,equity,Q,trump_278t_2026_05_08_equity.pdf
3d1dbd89d552,Donald Trump,trump_278t_2026_05_08_equity,1133,PRESTIGE CONSUMER HEALT H,purchase,2026-01-21,2026-05-12,15001.0,50000.0,other,,trump_278t_2026_05_08_equity.pdf
97e56df69347,Donald Trump,trump_278t_2026_05_08_equity,1134,KADANTINC l,purchase,2026-03-04,2026-05-12,15001.0,50000.0,other,,trump_278t_2026_05_08_equity.pdf
f8c257cf60b2,Donald Trump,trump_278t_2026_05_08_equity,1135,Riftclt.lnc. l,purchase,2026-01-01,2026-05-12,15001.0,50000.0,other,,trump_278t_2026_05_08_equity.pdf
4b1b1a38b636,Donald Trump,trump_278t_2026_05_08_equity,1136,SHAKE SHACK INC CLASS A,purchase,2026-03-04,2026-05-12,15001.0,50000.0,equity,SHAK,trump_278t_2026_05_08_equity.pdf
4056455ae3a6,Donald Trump,trump_278t_2026_05_08_equity,1137,AIR PRODUCTS & CHEMICALS INC,purchase,2026-03-11,2026-05-12,15001.0,50000.0,equity,APD,trump_278t_2026_05_08_equity.pdf
0317cbaeba4c,Donald Trump,trump_278t_2026_05_08_equity,1138,SANDISK CORP UNSOLICITED,purchase,2026-01-11,2026-05-12,15001.0,50000.0,equity,SNDK,trump_278t_2026_05_08_equity.pdf
63ce2890f968,Donald Trump,trump_278t_2026_05_08_equity,1139,KENVUE INC COM,purchase,2026-01-06,2026-05-12,15001.0,50000.0,equity,KVUE,trump_278t_2026_05_08_equity.pdf
370d545cc404,Donald Trump,trump_278t_2026_05_08_equity,1140,EXPAND ENERGY CORP UNSOLICITED,purchase,2026-01-11,2026-05-12,15001.0,50000.0,equity,EXE,trump_278t_2026_05_08_equity.pdf
1d3777515e6a,Donald Trump,trump_278t_2026_05_08_equity,1141,GENERAL MOTORS CO UNSOLICITED,purchase,2026-03-02,2026-05-12,15001.0,50000.0,other,,trump_278t_2026_05_08_equity.pdf
c390d16d1990,Donald Trump,trump_278t_2026_05_08_equity,1142,EQUINIX INC REIT UNSOLICITED,purchase,2026-03-11,2026-05-12,15001.0,50000.0,reit,EQIX,trump_278t_2026_05_08_equity.pdf
d0d9ba9a0909,Donald Trump,trump_278t_2026_05_08_equity,1143,VERISIGN INC UNSOLICITED,purchase,2026-03-02,2026-05-12,15001.0,50000.0,equity,VRSN,trump_278t_2026_05_08_equity.pdf
ebfa4ce4a1de,Donald Trump,trump_278t_2026_05_08_equity,1144,EOG RESOURCES INC UNSOLICITED,purchase,2026-01-11,2026-05-12,15001.0,50000.0,equity,EOG,trump_278t_2026_05_08_equity.pdf
14758c97b2af,Donald Trump,trump_278t_2026_05_08_equity,1145,DATADOG INC UNSOLICITED,purchase,2026-01-11,2026-05-12,15001.0,50000.0,equity,DDOG,trump_278t_2026_05_08_equity.pdf
601c7ba60f9d,Donald Trump,trump_278t_2026_05_08_equity,1146,GRID DYNAMICS HLDGS INC CLASS A,purchase,2026-03-30,2026-05-12,15001.0,50000.0,equity,GDYN,trump_278t_2026_05_08_equity.pdf
a6cde715eb42,Donald Trump,trump_278t_2026_05_08_equity,1147,UBER TECHNOLOGIES INC UNSOLICITED,purchase,2026-01-11,2026-05-12,15001.0,50000.0,equity,UBER,trump_278t_2026_05_08_equity.pdf
6a1a17b211cc,Donald Trump,trump_278t_2026_05_08_equity,1148,HERITAGE FINL CORP WASH,purchase,2026-03-30,2026-05-12,15001.0,50000.0,equity,,trump_278t_2026_05_08_equity.pdf
5da1a9264a3a,Donald Trump,trump_278t_2026_05_08_equity,1122,JACKSON FINL INC CLASS A,purchase,2026-03-04,2026-05-12,15001.0,50000.0,equity,,trump_278t_2026_05_08_equity.pdf
3a04d75df6c6,Donald Trump,trump_278t_2026_05_08_equity,1121,CHESAPEAKE UTILS CORP,purchase,2026-03-30,2026-05-12,15001.0,50000.0,equity,,trump_278t_2026_05_08_equity.pdf
5a3c5f40c23a,Donald Trump,trump_278t_2026_05_08_equity,1120,ORACLE CORP UNSOLICITED,purchase,2026-03-11,2026-05-12,15001.0,50000.0,equity,ORCL,trump_278t_2026_05_08_equity.pdf
b6282d1b9be4,Donald Trump,trump_278t_2026_05_08_equity,1119,CHIPOTLE MEXICAN GRIU INC CL A UNSOLICITED,purchase,2026-03-02,2026-05-12,15001.0,50000.0,equity,CMG,trump_278t_2026_05_08_equity.pdf
d78fa938fceb,Donald Trump,trump_278t_2026_05_08_equity,1093,AMETEK INC (NAN\ UNSOLICITED,purchase,2026-03-12,2026-05-12,15001.0,50000.0,equity,AME,trump_278t_2026_05_08_equity.pdf
7500356099a2,Donald Trump,trump_278t_2026_05_08_equity,1094,MONDELEZ INTERNATIONAL INC CL A,purchase,2026-01-23,2026-05-12,15001.0,50000.0,equity,MDLZ,trump_278t_2026_05_08_equity.pdf
b6d5d1dae6d7,Donald Trump,trump_278t_2026_05_08_equity,1095,AMAZON.COM INC,purchase,2026-03-23,2026-05-12,15001.0,50000.0,equity,AMZN,trump_278t_2026_05_08_equity.pdf
33f955f8e125,Donald Trump,trump_278t_2026_05_08_equity,1096,DOORDASH INC CL A UNSOLICITED,purchase,2026-03-12,2026-05-12,15001.0,50000.0,equity,DASH,trump_278t_2026_05_08_equity.pdf
5b421b8b4c8a,Donald Trump,trump_278t_2026_05_08_equity,1097,PTC THERAPEUTICS INC,purchase,2026-03-04,2026-05-12,15001.0,50000.0,equity,PTCT,trump_278t_2026_05_08_equity.pdf
77a23df77705,Donald Trump,trump_278t_2026_05_08_equity,1098,TEXAS INSTRUMENTS UNSOLICITED,purchase,2026-03-12,2026-05-12,15001.0,50000.0,other,,trump_278t_2026_05_08_equity.pdf
3ef56e3724a6,Donald Trump,trump_278t_2026_05_08_equity,1099,ZEBRA TECHNOLOGIES CORP CL A UNSOLICITED,purchase,2026-03-12,2026-05-12,15001.0,50000.0,equity,ZBRA,trump_278t_2026_05_08_equity.pdf
4595a601e4bd,Donald Trump,trump_278t_2026_05_08_equity,1100,KKR & CO INC CL A UNSOLICITED,purchase,2026-03-12,2026-05-12,15001.0,50000.0,equity,KKR,trump_278t_2026_05_08_equity.pdf
57a2acafc768,Donald Trump,trump_278t_2026_05_08_equity,1101,ANALOG DEVICES INC UNSOLICITED,purchase,2026-03-12,2026-05-12,15001.0,50000.0,equity,ADI,trump_278t_2026_05_08_equity.pdf
234b7a83c00f,Donald Trump,trump_278t_2026_05_08_equity,1102,"NEXPOINT RESIDENTIAL ""TR REIT",purchase,2026-03-04,2026-05-12,15001.0,50000.0,other,,trump_278t_2026_05_08_equity.pdf
cb46ad23736b,Donald Trump,trump_278t_2026_05_08_equity,1103,AON PLC CL A UNSOLICITED,purchase,2026-03-02,2026-05-12,15001.0,50000.0,equity,,trump_278t_2026_05_08_equity.pdf
408b1a71bf69,Donald Trump,trump_278t_2026_05_08_equity,1104,TEXAS INSTRUMENTS UNSOLICITED,purchase,2026-03-11,2026-05-12,15001.0,500001500150000.0,other,,trump_278t_2026_05_08_equity.pdf
729342bfad68,Donald Trump,trump_278t_2026_05_08_equity,1280,POWER INTEGRATIONS INC,purchase,2026-03-04,2026-05-12,15001.0,50000.0,equity,POWI,trump_278t_2026_05_08_equity.pdf
77c4ec721755,Donald Trump,trump_278t_2026_05_08_equity,1105,PARKER HANNIFIN CORP UNSOLICITED,purchase,2026-03-12,2026-05-12,,,equity,PH,trump_278t_2026_05_08_equity.pdf
b68f897e1edb,Donald Trump,trump_278t_2026_05_08_equity,1107,NXP SEMICONDUCTORS NV COM EUR UNSOLICITED,purchase,2026-03-12,2026-05-12,15001.0,50000.0,other,,trump_278t_2026_05_08_equity.pdf
37287b0094c6,Donald Trump,trump_278t_2026_05_08_equity,1108,TERADYNE INC UNSOLICITED,purchase,2026-03-12,2026-05-12,15001.0,50000.0,equity,TER,trump_278t_2026_05_08_equity.pdf
448f6a5f651f,Donald Trump,trump_278t_2026_05_08_equity,1109,EDWARDS LIFESCIENCES CORP UNSOLICITED,purchase,2026-03-02,2026-05-12,15001.0,50000.0,equity,EW,trump_278t_2026_05_08_equity.pdf
4e5604718b07,Donald Trump,trump_278t_2026_05_08_equity,1110,BANK OF AMER CORP UNSOLICITED,purchase,2026-03-11,2026-05-12,15001.0,50000.0,equity,,trump_278t_2026_05_08_equity.pdf
9d93041d6589,Donald Trump,trump_278t_2026_05_08_equity,1111,ON SEMICONDUCTOR CORP UNSOLICITED,purchase,2026-03-11,2026-05-12,15001.0,50000.0,equity,ON,trump_278t_2026_05_08_equity.pdf
8e887d32d9f1,Donald Trump,trump_278t_2026_05_08_equity,1112,0 REIUY AUTOMOTIVE INC UNSOLICITED,purchase,2026-03-11,2026-05-12,15001.0,50000.0,equity,,trump_278t_2026_05_08_equity.pdf
80abff779d27,Donald Trump,trump_278t_2026_05_08_equity,1113,ACM RESH INC CLASS A,purchase,2026-03-30,2026-05-12,15001.0,50000.0,equity,,trump_278t_2026_05_08_equity.pdf
dbe54ddb3ee3,Donald Trump,trump_278t_2026_05_08_equity,1114,GE AEROSPACE UNSOLICITED,purchase,2026-03-12,2026-05-12,15001.0,50000.0,other,,trump_278t_2026_05_08_equity.pdf
56157b0bffce,Donald Trump,trump_278t_2026_05_08_equity,1115,STARBUCKS CORP UNSOLICITED,purchase,2026-03-02,2026-05-12,15001.0,50000.0,equity,SBUX,trump_278t_2026_05_08_equity.pdf
2653dbeafa08,Donald Trump,trump_278t_2026_05_08_equity,1116,ARMADA HOFFLER PPTYS INC REIT,purchase,2026-02-26,2026-05-12,15001.0,50000.0,reit,,trump_278t_2026_05_08_equity.pdf
4c9cbfa552dc,Donald Trump,trump_278t_2026_05_08_equity,1117,ALBEMARLE CORP UNSOLICITED,purchase,2026-03-13,2026-05-12,15001.0,50000.0,equity,ALB,trump_278t_2026_05_08_equity.pdf
dba2afe29458,Donald Trump,trump_278t_2026_05_08_equity,1118,"BLACKSTONE MTG ""TR INC REIT",purchase,2026-01-26,2026-05-12,15001.0,50000.0,reit,,trump_278t_2026_05_08_equity.pdf
be5c9861eb3d,Donald Trump,trump_278t_2026_05_08_equity,1106,MARA HLDGS INC,purchase,2026-03-30,2026-05-12,15001.0,50000.0,equity,,trump_278t_2026_05_08_equity.pdf
d8983d139242,Donald Trump,trump_278t_2026_05_08_equity,1281,LINDEPLCSHS,purchase,2026-03-17,2026-05-12,15001.0,50000.0,other,,trump_278t_2026_05_08_equity.pdf
dc9153db7963,Donald Trump,trump_278t_2026_05_08_equity,1282,KKR & CO INC CL A UNSOLICITED,purchase,2026-03-02,2026-05-12,15001.0,50000.0,equity,KKR,trump_278t_2026_05_08_equity.pdf
2e5a0aa88b8d,Donald Trump,trump_278t_2026_05_08_equity,1283,LAZBOYINC,purchase,2026-01-30,2026-05-12,15001.0,50000.0,other,,trump_278t_2026_05_08_equity.pdf
c0d32454fe2c,Donald Trump,trump_278t_2026_05_08_equity,1452,BUNGE GLOBAL SA COM SHS,purchase,2026-02-10,2026-05-12,15001.0,50000.0,other,,trump_278t_2026_05_08_equity.pdf
23fcffc92b89,Donald Trump,trump_278t_2026_05_08_equity,1453,ICHOR HLDGS LTD F,purchase,2026-02-12,2026-05-12,15001.0,50000.0,other,,trump_278t_2026_05_08_equity.pdf
994a2f342199,Donald Trump,trump_278t_2026_05_08_equity,1454,PEDIATRIX MEDICAL GR,purchase,2026-03-04,2026-05-12,15001.0,50000.0,other,,trump_278t_2026_05_08_equity.pdf
db76298087ae,Donald Trump,trump_278t_2026_05_08_equity,1455,CORE NAT RES INC,purchase,2026-03-04,2026-05-12,15001.0,50000.0,equity,CNR,trump_278t_2026_05_08_equity.pdf
508a64cdd8d0,Donald Trump,trump_278t_2026_05_08_equity,1456,NEWEU BRANDS INC,purchase,2026-03-30,2026-05-12,15001.0,50000.0,equity,,trump_278t_2026_05_08_equity.pdf
a722891ff33a,Donald Trump,trump_278t_2026_05_08_equity,1457,LEGAL2OOM COM INC,purchase,2026-02-02,2026-05-12,15001.0,50000.0,equity,,trump_278t_2026_05_08_equity.pdf
d8303b229ce5,Donald Trump,trump_278t_2026_05_08_equity,1456,STEWART INFORMATION SVCS,purchase,2026-03-04,2026-05-12,15001.0,50000.0,other,,trump_278t_2026_05_08_equity.pdf
7b5443470241,Donald Trump,trump_278t_2026_05_08_equity,1459,CINEMARK HLDGS INC,purchase,2026-03-04,2026-05-12,15001.0,50000.0,equity,CNK,trump_278t_2026_05_08_equity.pdf
b713769f4ed0,Donald Trump,trump_278t_2026_05_08_equity,1460,HARMONY BIOSCIENCES HLDG,purchase,2026-01-26,2026-05-12,15001.0,50000.0,other,,trump_278t_2026_05_08_equity.pdf
bacdc8fb338e,Donald Trump,trump_278t_2026_05_08_equity,1461,LAMB WESTON HLDGS INC,purchase,2026-03-30,2026-05-12,15001.0,50000.0,equity,LW,trump_278t_2026_05_08_equity.pdf
559c48cecbcc,Donald Trump,trump_278t_2026_05_08_equity,1462,MARCUS & MILLICHAP INC,purchase,2026-01-26,2026-05-12,15001.0,50000.0,equity,MMI,trump_278t_2026_05_08_equity.pdf
d0b099f7fb8d,Donald Trump,trump_278t_2026_05_08_equity,1463,KINETIK HLDGS INC CLASS A,purchase,2026-03-04,2026-05-12,15001.0,50000.0,equity,KNTK,trump_278t_2026_05_08_equity.pdf
47062fbf1e23,Donald Trump,trump_278t_2026_05_08_equity,1464,LIQUIDITY SVCS INC,purchase,2026-03-04,2026-05-12,15001.0,50000.0,equity,LQDT,trump_278t_2026_05_08_equity.pdf
2a13e28f3d02,Donald Trump,trump_278t_2026_05_08_equity,1465,SM ENERGY CO,purchase,2026-01-26,2026-05-12,15001.0,50000.0,other,,trump_278t_2026_05_08_equity.pdf
03804825dbec,Donald Trump,trump_278t_2026_05_08_equity,1466,ENERGIZER HLDGS INC NEW,purchase,2026-03-04,2026-05-12,15001.0,50000.0,equity,ENR,trump_278t_2026_05_08_equity.pdf
2a05ce77c697,Donald Trump,trump_278t_2026_05_08_equity,1467,SOUTHSIDE BANCSHARES INC,purchase,2026-03-30,2026-05-12,15001.0,50000.0,equity,SBSI,trump_278t_2026_05_08_equity.pdf
cabc4c8e1c68,Donald Trump,trump_278t_2026_05_08_equity,1468,MARKETAXESS HLDGS INC,purchase,2026-03-04,2026-05-12,15001.0,50000.0,equity,MKTX,trump_278t_2026_05_08_equity.pdf
74a740d801b3,Donald Trump,trump_278t_2026_05_08_equity,1469,SYLVAMO CORP,purchase,2026-03-04,2026-05-12,15001.0,50000.0,equity,SLVM,trump_278t_2026_05_08_equity.pdf
7a98e245ef0c,Donald Trump,trump_278t_2026_05_08_equity,1470,UNIFIRST CORP MASS,purchase,2026-03-30,2026-05-12,15001.0,50000.0,equity,UNF,trump_278t_2026_05_08_equity.pdf
e0a6aaa58996,Donald Trump,trump_278t_2026_05_08_equity,1471,MILLERKNOU INC,purchase,2026-03-04,2026-05-12,15001.0,50000.0,equity,,trump_278t_2026_05_08_equity.pdf
2c50080d9f9b,Donald Trump,trump_278t_2026_05_08_equity,1472,MATSON INC,purchase,2026-01-26,2026-05-12,15001.0,50000.0,equity,MATX,trump_278t_2026_05_08_equity.pdf
6a7bd71104e8,Donald Trump,trump_278t_2026_05_08_equity,1473,lWO HARBORS INVESTME,purchase,2026-03-30,2026-05-12,15001.0,50000.0,other,,trump_278t_2026_05_08_equity.pdf
e5f30ba4ff5a,Donald Trump,trump_278t_2026_05_08_equity,1474,0 REIUY AUTOMOTIVE INC,purchase,2026-01-23,2026-05-12,15001.0,50000.0,equity,,trump_278t_2026_05_08_equity.pdf
331b7e652ca1,Donald Trump,trump_278t_2026_05_08_equity,1475,BOX INC CLASS A,purchase,2026-03-04,2026-05-12,15001.0,50000.0,equity,BOX,trump_278t_2026_05_08_equity.pdf
ad4c0d755301,Donald Trump,trump_278t_2026_05_08_equity,1476,REDWOOD TR INC REIT,purchase,2026-03-04,2026-05-12,15001.0,50000.0,reit,,trump_278t_2026_05_08_equity.pdf
aac3cc3eb772,Donald Trump,trump_278t_2026_05_08_equity,1451,BRIGHTSPRING HEALTH SVCS,purchase,2026-03-30,2026-05-12,15001.0,50000.0,other,,trump_278t_2026_05_08_equity.pdf
d31b334e4b34,Donald Trump,trump_278t_2026_05_08_equity,1477,WILLSCOT HOLDINGS CO A CLASS A,purchase,2026-03-04,2026-05-12,15001.0,50000.0,equity,WSC,trump_278t_2026_05_08_equity.pdf
4308694890f2,Donald Trump,trump_278t_2026_05_08_equity,1450,CHEESECAKE FACTORY INC.,purchase,2026-03-04,2026-05-12,15001.0,50000.0,equity,CAKE,trump_278t_2026_05_08_equity.pdf
fcbf37c568d9,Donald Trump,trump_278t_2026_05_08_equity,1448,CARMAXINC,purchase,2026-03-04,2026-05-12,15001.0,50000.0,other,,trump_278t_2026_05_08_equity.pdf
33ed07564790,Donald Trump,trump_278t_2026_05_08_equity,1414,ITRON INC EQUITY CLASS EQUITY,purchase,2026-02-02,2026-05-12,15001.0,50000.0,equity,ITRI,trump_278t_2026_05_08_equity.pdf
26470082d9b9,Donald Trump,trump_278t_2026_05_08_equity,1415,META PLATFORMS INC CLASS A,purchase,2026-03-23,2026-05-12,15001.0,50000.0,equity,META,trump_278t_2026_05_08_equity.pdf
7ed1b4103c48,Donald Trump,trump_278t_2026_05_08_equity,1416,APPLOVIN CORP COM CL A,purchase,2026-01-06,2026-05-12,15001.0,50000.0,equity,APP,trump_278t_2026_05_08_equity.pdf
d36e29e636ee,Donald Trump,trump_278t_2026_05_08_equity,1417,ARMSTRONG WORLD INDS INC,purchase,2026-03-04,2026-05-12,15001.0,50000.0,equity,AWI,trump_278t_2026_05_08_equity.pdf
3c0cf54b240d,Donald Trump,trump_278t_2026_05_08_equity,1420,OOOROASH INC CL A,purchase,2026-01-31,2026-05-12,15001.0,50000.0,equity,,trump_278t_2026_05_08_equity.pdf
093d44034c6d,Donald Trump,trump_278t_2026_05_08_equity,1426,ON SEMICONDUCTOR CORP,purchase,2026-01-06,2026-05-12,15001.0,50000.0,equity,ON,trump_278t_2026_05_08_equity.pdf
d8fdb2adac80,Donald Trump,trump_278t_2026_05_08_equity,1427,ASTRANA HEALTH INC,purchase,2026-03-30,2026-05-12,15001.0,50000.0,equity,ASTH,trump_278t_2026_05_08_equity.pdf
6bb5aaebbbc7,Donald Trump,trump_278t_2026_05_08_equity,1428,N-ABLE INC,purchase,2026-01-21,2026-05-12,15001.0,50000.0,equity,NABL,trump_278t_2026_05_08_equity.pdf
893faf07d6c0,Donald Trump,trump_278t_2026_05_08_equity,1429,LAUREATE EO INC,purchase,2026-03-30,2026-05-12,15001.0,50000.0,equity,LAUR,trump_278t_2026_05_08_equity.pdf
2f942049b10e,Donald Trump,trump_278t_2026_05_08_equity,1430,META PLATFORMS INC CLASS A,purchase,2026-03-17,2026-05-12,15001.0,50000.0,equity,META,trump_278t_2026_05_08_equity.pdf
211b39b5dcaf,Donald Trump,trump_278t_2026_05_08_equity,1431,MONRO INC,purchase,2026-03-30,2026-05-12,15001.0,50000.0,equity,MNRO,trump_278t_2026_05_08_equity.pdf
800f9b9cec54,Donald Trump,trump_278t_2026_05_08_equity,1432,MEDICAL PPTYS TR INC REIT,purchase,2026-03-30,2026-05-12,15001.0,50000.0,reit,MPT,trump_278t_2026_05_08_equity.pdf
a451e23fbd54,Donald Trump,trump_278t_2026_05_08_equity,1433,LKQ CORP,purchase,2026-02-21,2026-05-12,15001.0,50000.0,equity,LKQ,trump_278t_2026_05_08_equity.pdf
cc042e4254be,Donald Trump,trump_278t_2026_05_08_equity,1434,GENERAC HLDGS INC,purchase,2026-03-17,2026-05-12,15001.0,50000.0,equity,GNRC,trump_278t_2026_05_08_equity.pdf
155648121b7a,Donald Trump,trump_278t_2026_05_08_equity,1435,INSPIRE MEO SYS INC,purchase,2026-01-21,2026-05-12,15001.0,50000.0,equity,,trump_278t_2026_05_08_equity.pdf
4165fe5e3702,Donald Trump,trump_278t_2026_05_08_equity,1436,SIX FLAGS ENTMT CORP CLASS EQUITY,purchase,2026-03-04,2026-05-12,15001.0,50000.0,equity,FUN,trump_278t_2026_05_08_equity.pdf
f8cb41feb002,Donald Trump,trump_278t_2026_05_08_equity,1437,UNITEOHEALTH GROUP INC,purchase,2026-03-17,2026-05-12,15001.0,50000.0,equity,,trump_278t_2026_05_08_equity.pdf
612ccf8adda2,Donald Trump,trump_278t_2026_05_08_equity,1438,RALLIANT CORP ZIFF DAVIS INC,purchase,2026-01-30,2026-05-12,15001.0,50000.0,equity,RAL,trump_278t_2026_05_08_equity.pdf
abb21e6a4557,Donald Trump,trump_278t_2026_05_08_equity,1441,MOELIS & CO CLASS A,purchase,2026-02-21,2026-05-12,15001.0,50000.0,equity,MC,trump_278t_2026_05_08_equity.pdf
30704399b9d8,Donald Trump,trump_278t_2026_05_08_equity,1442,BANCFIRST CORP,purchase,2026-03-04,2026-05-12,15001.0,50000.0,equity,BANF,trump_278t_2026_05_08_equity.pdf
6cfeb3c31de3,Donald Trump,trump_278t_2026_05_08_equity,1443,DOMINION ENERGY INC,purchase,2026-01-23,2026-05-12,15001.0,50000.0,equity,D,trump_278t_2026_05_08_equity.pdf
d3e0f77999bb,Donald Trump,trump_278t_2026_05_08_equity,1444,RXOINC,purchase,2026-03-04,2026-05-12,15001.0,50000.0,other,,trump_278t_2026_05_08_equity.pdf
3a8faa73fdad,Donald Trump,trump_278t_2026_05_08_equity,1445,RALLIANT CORP,purchase,2026-02-02,2026-05-12,15001.0,50000.0,equity,RAL,trump_278t_2026_05_08_equity.pdf
c3a462f4598c,Donald Trump,trump_278t_2026_05_08_equity,1448,LXP INOUSTRIAL TRUST REI,purchase,2026-03-04,2026-05-12,15001.0,50000.0,other,,trump_278t_2026_05_08_equity.pdf
ef9401138628,Donald Trump,trump_278t_2026_05_08_equity,1447,UPBOUNO GROUP INC,purchase,2026-03-04,2026-05-12,15001.0,50000.0,equity,,trump_278t_2026_05_08_equity.pdf
71bfbb91703a,Donald Trump,trump_278t_2026_05_08_equity,1449,QUIOELORTHO CORP,purchase,2026-03-04,2026-05-12,15001.0,50000.0,equity,,trump_278t_2026_05_08_equity.pdf
7e3a2db92e28,Donald Trump,trump_278t_2026_05_08_equity,1478,MERCHANTS BANCORP IND,purchase,2026-02-12,2026-05-12,,,other,,trump_278t_2026_05_08_equity.pdf
64c393800a34,Donald Trump,trump_278t_2026_05_08_equity,1479,OTTER TAIL CORP,purchase,2026-02-26,2026-05-12,15001.0,50000.0,equity,OTTR,trump_278t_2026_05_08_equity.pdf
38e360203333,Donald Trump,trump_278t_2026_05_08_equity,1480,BERKSHIRE HATHAWAY CLASS B,purchase,2026-02-23,2026-05-12,15001.0,50000.0,equity,BRK-B,trump_278t_2026_05_08_equity.pdf
af43c2ffee0d,Donald Trump,trump_278t_2026_05_08_equity,1516,NTNL BK HLDGS CORP A CLASS A,purchase,2026-03-04,2026-05-12,15001.0,50000.0,equity,,trump_278t_2026_05_08_equity.pdf
9d58bf27d22e,Donald Trump,trump_278t_2026_05_08_equity,1517,HCI GROUP INC,purchase,2026-03-04,2026-05-12,15001.0,50000.0,equity,HCI,trump_278t_2026_05_08_equity.pdf
0d2c1368e025,Donald Trump,trump_278t_2026_05_08_equity,1518,"CORCEPT THERAPEUTICS INC ,",purchase,2026-03-04,2026-05-12,15001.0,50000.0,equity,CORT,trump_278t_2026_05_08_equity.pdf
21e94253fcc2,Donald Trump,trump_278t_2026_05_08_equity,1521,CHAMPION HOMES INC I,purchase,2026-03-04,2026-05-12,15001.0,50000.0,equity,SKY,trump_278t_2026_05_08_equity.pdf
547aa565ce9a,Donald Trump,trump_278t_2026_05_08_equity,1522,CSG SYS INTL INC ll>Urchaso,purchase,2026-03-04,2026-05-12,15001.0,50000.0,equity,,trump_278t_2026_05_08_equity.pdf
038b0d8c7dd1,Donald Trump,trump_278t_2026_05_08_equity,1525,CLEANSPARK INC l,purchase,2026-03-04,2026-05-12,15001.0,50000.0,equity,,trump_278t_2026_05_08_equity.pdf
c23db8df701e,Donald Trump,trump_278t_2026_05_08_equity,1526,PATRICK INDS INC I,purchase,2026-03-04,2026-05-12,15001.0,50000.0,equity,PATK,trump_278t_2026_05_08_equity.pdf
a580fb54a72c,Donald Trump,trump_278t_2026_05_08_equity,1527,UNDER ARMOUR INC CLASS A,purchase,2026-03-04,2026-05-12,15001.0,50000.0,equity,,trump_278t_2026_05_08_equity.pdf
d1f602aee14e,Donald Trump,trump_278t_2026_05_08_equity,1528,ADVANCE AUTO PTS INC,purchase,2026-03-04,2026-05-12,15001.0,50000.0,equity,AAP,trump_278t_2026_05_08_equity.pdf
cb8abd673f97,Donald Trump,trump_278t_2026_05_08_equity,1529,PARK NATL CORP,purchase,2026-03-04,2026-05-12,15001.0,50000.0,equity,,trump_278t_2026_05_08_equity.pdf
cbdcd16a135b,Donald Trump,trump_278t_2026_05_08_equity,1530,CSW INDUSTRIALS INC,purchase,2026-03-04,2026-05-12,15001.0,50000.0,equity,CSW,trump_278t_2026_05_08_equity.pdf
c0a24f570297,Donald Trump,trump_278t_2026_05_08_equity,1531,NEOGENOMICS INC,purchase,2026-03-04,2026-05-12,15001.0,50000.0,equity,NEO,trump_278t_2026_05_08_equity.pdf
3a08a8af3a92,Donald Trump,trump_278t_2026_05_08_equity,1532,AXCELIS TECHNOLOGIES INC,purchase,2026-03-04,2026-05-12,15001.0,50000.0,equity,ACLS,trump_278t_2026_05_08_equity.pdf
79c85d2f25d2,Donald Trump,trump_278t_2026_05_08_equity,1533,SAREPTA THERAPEUTICS INC,purchase,2026-03-04,2026-05-12,15001.0,50000.0,equity,SRPT,trump_278t_2026_05_08_equity.pdf
3e599949db6a,Donald Trump,trump_278t_2026_05_08_equity,1534,CAVCO INDS INC DEL,purchase,2026-03-04,2026-05-12,15001.0,50000.0,equity,CVCO,trump_278t_2026_05_08_equity.pdf
bb0079b339ad,Donald Trump,trump_278t_2026_05_08_equity,1535,FRESHPET INC,purchase,2026-03-04,2026-05-12,15001.0,50000.0,equity,FRPT,trump_278t_2026_05_08_equity.pdf
0ddf85405003,Donald Trump,trump_278t_2026_05_08_equity,1538,HAYWARD HLDGS INC,purchase,2026-03-04,2026-05-12,15001.0,50000.0,equity,HAYW,trump_278t_2026_05_08_equity.pdf
c65ad9bef64f,Donald Trump,trump_278t_2026_05_08_equity,1537,W040CO,purchase,2026-03-04,2026-05-12,15001.0,50000.0,other,,trump_278t_2026_05_08_equity.pdf
5f1468957950,Donald Trump,trump_278t_2026_05_08_equity,1538,STEPAN CO,purchase,2026-03-04,2026-05-12,15001.0,50000.0,other,,trump_278t_2026_05_08_equity.pdf
749cecb6928b,Donald Trump,trump_278t_2026_05_08_equity,1539,PIPER SANDLER COMPANIES,purchase,2026-03-04,2026-05-12,15001.0,50000.0,other,,trump_278t_2026_05_08_equity.pdf
1f17cf894c44,Donald Trump,trump_278t_2026_05_08_equity,1540,GATES INDL CORP PLC F,purchase,2026-03-04,2026-05-12,15001.0,50000.0,equity,GTES,trump_278t_2026_05_08_equity.pdf
8f7d3b6a0e7f,Donald Trump,trump_278t_2026_05_08_equity,1541,UNITI GROUP INC NEW,purchase,2026-03-04,2026-05-12,15001.0,50000.0,equity,UNIT,trump_278t_2026_05_08_equity.pdf
dbd4742b654e,Donald Trump,trump_278t_2026_05_08_equity,1542,SEZZLEINC,purchase,2026-03-04,2026-05-12,15001.0,50000.0,other,,trump_278t_2026_05_08_equity.pdf
20a1850d99e2,Donald Trump,trump_278t_2026_05_08_equity,1543,AVANOS MED INC,purchase,2026-03-04,2026-05-12,15001.0,50000.0,equity,AVNS,trump_278t_2026_05_08_equity.pdf
f7883d02c0a9,Donald Trump,trump_278t_2026_05_08_equity,1544,WOLVERINE WORLD WIDE INC,purchase,2026-03-04,2026-05-12,15001.0,50000.0,equity,WWW,trump_278t_2026_05_08_equity.pdf
12166d8e53bc,Donald Trump,trump_278t_2026_05_08_equity,1515,ARMOUR RESIDENTIAL REIT,purchase,2026-03-04,2026-05-12,15001.0,50000.0,other,,trump_278t_2026_05_08_equity.pdf
2c00b007248a,Donald Trump,trump_278t_2026_05_08_equity,1514,OOUBLEVERIFY HLDGS INC,purchase,2026-03-04,2026-05-12,15001.0,50000.0,equity,,trump_278t_2026_05_08_equity.pdf
49d5195711a5,Donald Trump,trump_278t_2026_05_08_equity,1513,PROGRESS SOFTWARE CORP,purchase,2026-03-04,2026-05-12,15001.0,50000.0,equity,PRGS,trump_278t_2026_05_08_equity.pdf
b40749fa00f2,Donald Trump,trump_278t_2026_05_08_equity,1512,BADGER METER INC,purchase,2026-03-04,2026-05-12,15001.0,50000.0,equity,BMI,trump_278t_2026_05_08_equity.pdf
f61f5be4b256,Donald Trump,trump_278t_2026_05_08_equity,1481,MARTIN MARIETTA MATLS INC,purchase,2026-01-06,2026-05-12,15001.0,50000.0,equity,MLM,trump_278t_2026_05_08_equity.pdf
73e7889800ca,Donald Trump,trump_278t_2026_05_08_equity,1462,DAVE & BUSTERS ENTMT INC,purchase,2026-02-26,2026-05-12,15001.0,50000.0,equity,PLAY,trump_278t_2026_05_08_equity.pdf
94580b28e338,Donald Trump,trump_278t_2026_05_08_equity,1483,KIMBERLY CLARK CORP,purchase,2026-01-23,2026-05-12,15001.0,50000.0,equity,KMB,trump_278t_2026_05_08_equity.pdf
b5467e14c1bc,Donald Trump,trump_278t_2026_05_08_equity,1484,TG THERAPEUTICS INC,purchase,2026-03-04,2026-05-12,15001.0,50000.0,equity,TGTX,trump_278t_2026_05_08_equity.pdf
1f7ca39d7620,Donald Trump,trump_278t_2026_05_08_equity,1485,INTUIT INC,purchase,2026-01-23,2026-05-12,15001.0,50000.0,equity,INTU,trump_278t_2026_05_08_equity.pdf
d669ef1c22ee,Donald Trump,trump_278t_2026_05_08_equity,1487,EMPLOYERS HLDGS INC,purchase,2026-03-04,2026-05-12,15001.0,50000.0,equity,EIG,trump_278t_2026_05_08_equity.pdf
06d31b987589,Donald Trump,trump_278t_2026_05_08_equity,1486,MARTEN TRANS LTD,purchase,2026-03-04,2026-05-12,15001.0,50000.0,other,,trump_278t_2026_05_08_equity.pdf
496c0df5b567,Donald Trump,trump_278t_2026_05_08_equity,1489,GEO GROUP INC NEW REIT,purchase,2026-03-04,2026-05-12,15001.0,50000.0,reit,GEO,trump_278t_2026_05_08_equity.pdf
1d910c5e31c0,Donald Trump,trump_278t_2026_05_08_equity,1494,VERSANT MEDIA GROUP INC,purchase,2026-03-04,2026-05-12,15001.0,50000.0,equity,VSNT,trump_278t_2026_05_08_equity.pdf
81fa4fe37155,Donald Trump,trump_278t_2026_05_08_equity,1495,PROG HLDGS INC,purchase,2026-03-30,2026-05-12,15001.0,50000.0,equity,,trump_278t_2026_05_08_equity.pdf
5f6a7279ab26,Donald Trump,trump_278t_2026_05_08_equity,1496,MOELIS & CO ClASS A I,purchase,2026-03-04,2026-05-12,15001.0,50000.0,equity,MC,trump_278t_2026_05_08_equity.pdf
65cccd50719e,Donald Trump,trump_278t_2026_05_08_equity,1497,ALARM COM HLDGS INC I 0urchase,purchase,2026-03-04,2026-05-12,15001.0,50000.0,equity,ALRM,trump_278t_2026_05_08_equity.pdf
035bf94e2e5f,Donald Trump,trump_278t_2026_05_08_equity,1413,SITIMECORP,purchase,2026-03-04,2026-05-12,15001.0,50000.0,other,,trump_278t_2026_05_08_equity.pdf
9be01c86fcd9,Donald Trump,trump_278t_2026_05_08_equity,1498,UNITED CMNTY BK BLAIRSVI I,purchase,2026-03-04,2026-05-12,15001.0,50000.0,other,,trump_278t_2026_05_08_equity.pdf
ccb90e04c299,Donald Trump,trump_278t_2026_05_08_equity,1500,INSIGHT ENTERPRISES INC,purchase,2026-03-04,2026-05-12,15001.0,50000.0,equity,NSIT,trump_278t_2026_05_08_equity.pdf
b5135468c70a,Donald Trump,trump_278t_2026_05_08_equity,1501,MASTERCARD INC CLASS A,purchase,2026-03-26,2026-05-12,15001.0,50000.0,equity,MA,trump_278t_2026_05_08_equity.pdf
0bb80f8b50ab,Donald Trump,trump_278t_2026_05_08_equity,1502,BANC CALIF INC,purchase,2026-03-04,2026-05-12,15001.0,50000.0,equity,,trump_278t_2026_05_08_equity.pdf
03d3e965e509,Donald Trump,trump_278t_2026_05_08_equity,1503,PENGUIN SOLUTIONS INC DE,purchase,2026-03-04,2026-05-12,15001.0,50000.0,equity,PENG,trump_278t_2026_05_08_equity.pdf
94ae75901f76,Donald Trump,trump_278t_2026_05_08_equity,1504,RADNETINC,purchase,2026-03-04,2026-05-12,15001.0,50000.0,other,,trump_278t_2026_05_08_equity.pdf
ac41078acb8b,Donald Trump,trump_278t_2026_05_08_equity,1505,FIRST BANCORP PR F,purchase,2026-03-04,2026-05-12,15001.0,50000.0,other,,trump_278t_2026_05_08_equity.pdf
5f985e127995,Donald Trump,trump_278t_2026_05_08_equity,1506,ORGANON&CO,purchase,2026-03-04,2026-05-12,15001.0,50000.0,other,,trump_278t_2026_05_08_equity.pdf
4b0a98ea00dd,Donald Trump,trump_278t_2026_05_08_equity,1507,TELEFLEX INC,purchase,2026-03-04,2026-05-12,15001.0,50000.0,equity,TFX,trump_278t_2026_05_08_equity.pdf
1622569b1b49,Donald Trump,trump_278t_2026_05_08_equity,1506,OPENLANE INC,purchase,2026-03-04,2026-05-12,15001.0,50000.0,equity,OPLN,trump_278t_2026_05_08_equity.pdf
c690a856f3a3,Donald Trump,trump_278t_2026_05_08_equity,1509,ADDUS HOMECARE CORP,purchase,2026-03-04,2026-05-12,15001.0,50000.0,equity,ADUS,trump_278t_2026_05_08_equity.pdf
24690cfa4262,Donald Trump,trump_278t_2026_05_08_equity,1510,BEACON FINL CORP,purchase,2026-03-04,2026-05-12,15001.0,50000.0,equity,,trump_278t_2026_05_08_equity.pdf
61c50e0b2345,Donald Trump,trump_278t_2026_05_08_equity,1511,GENTHERM INC,purchase,2026-03-04,2026-05-12,15001.0,50000.0,equity,THRM,trump_278t_2026_05_08_equity.pdf
56ce3554e286,Donald Trump,trump_278t_2026_05_08_equity,1499,BANNER CORP,purchase,2026-03-04,2026-05-12,15001.0,50000.0,equity,BANR,trump_278t_2026_05_08_equity.pdf
354535ca10ed,Donald Trump,trump_278t_2026_05_08_equity,1030,CISCO SYSTEMS INC UNSOLICITED,purchase,2026-01-21,2026-05-12,15001.0,50000.0,equity,CSCO,trump_278t_2026_05_08_equity.pdf
1a7dce0f7ec8,Donald Trump,trump_278t_2026_05_08_equity,1412,STEPAN CO,purchase,2026-02-26,2026-05-12,15001.0,50000.0,other,,trump_278t_2026_05_08_equity.pdf
bebd9f79aa94,Donald Trump,trump_278t_2026_05_08_equity,1410,INSPERITY INC,purchase,2026-03-30,2026-05-12,15001.0,50000.0,equity,NSP,trump_278t_2026_05_08_equity.pdf
86ed3007aae4,Donald Trump,trump_278t_2026_05_08_equity,1314,TAKE-TWO INTERACTIVE SOFTWRE UNSOLICITED,purchase,2026-03-02,2026-05-12,15001.0,50000.0,other,,trump_278t_2026_05_08_equity.pdf
296d2dc64e40,Donald Trump,trump_278t_2026_05_08_equity,1315,JOHNSON CTLS INTL PLC UNSOLICITED,purchase,2026-03-02,2026-05-12,15001.0,50000.0,equity,,trump_278t_2026_05_08_equity.pdf
c9a1f04fb814,Donald Trump,trump_278t_2026_05_08_equity,1316,COPART INC UNSOLICITED,purchase,2026-03-02,2026-05-12,15001.0,50000.0,equity,CPRT,trump_278t_2026_05_08_equity.pdf
003b90be372e,Donald Trump,trump_278t_2026_05_08_equity,1317,UNION PACIFIC CORP UNSOLICITED,purchase,2026-03-02,2026-05-12,15001.0,50000.0,equity,UNP,trump_278t_2026_05_08_equity.pdf
997cb1f3e9bf,Donald Trump,trump_278t_2026_05_08_equity,1318,KRAFT HEINZ CO,purchase,2026-01-23,2026-05-12,15001.0,50000.0,other,,trump_278t_2026_05_08_equity.pdf
4e29efcb90aa,Donald Trump,trump_278t_2026_05_08_equity,1319,AMETEK INC /Nl'WI UNSOLICITED,purchase,2026-03-02,2026-05-12,15001.0,50000.0,equity,AME,trump_278t_2026_05_08_equity.pdf
240f17354ba1,Donald Trump,trump_278t_2026_05_08_equity,1320,GARMIN LTD SHS UNSOLICITED,purchase,2026-03-02,2026-05-12,15001.0,50000.0,other,,trump_278t_2026_05_08_equity.pdf
0cca8236bf94,Donald Trump,trump_278t_2026_05_08_equity,1321,SCHWAB CHARLES CORP NEW UNSOLICITED,purchase,2026-03-02,2026-05-12,15001.0,50000.0,equity,,trump_278t_2026_05_08_equity.pdf
a53f79793206,Donald Trump,trump_278t_2026_05_08_equity,1322,MORGAN STANLEY UNSOLICITED,purchase,2026-03-02,2026-05-12,15001.0,50000.0,other,,trump_278t_2026_05_08_equity.pdf
8df585010e63,Donald Trump,trump_278t_2026_05_08_equity,1323,PRA GROUP INC,purchase,2026-02-21,2026-05-12,15001.0,50000.0,equity,PRAA,trump_278t_2026_05_08_equity.pdf
0f586dd655cf,Donald Trump,trump_278t_2026_05_08_equity,1324,PG & E CORP (HOLDING COMPANY) UNSOLICITED,purchase,2026-03-02,2026-05-12,15001.0,50000.0,equity,,trump_278t_2026_05_08_equity.pdf
711548b3ddf2,Donald Trump,trump_278t_2026_05_08_equity,1325,BOISE CASCADE CO,purchase,2026-03-04,2026-05-12,15001.0,50000.0,other,,trump_278t_2026_05_08_equity.pdf
a285e90dd201,Donald Trump,trump_278t_2026_05_08_equity,1326,COVISTAINC,purchase,2026-02-21,2026-05-12,15001.0,50000.0,other,,trump_278t_2026_05_08_equity.pdf
4c7fa3bd2714,Donald Trump,trump_278t_2026_05_08_equity,1327,REGENERON PHARMACEUTICALS INC UNSOLICITED,purchase,2026-01-21,2026-05-12,15001.0,50000.0,equity,REGN,trump_278t_2026_05_08_equity.pdf
279e8a3680a8,Donald Trump,trump_278t_2026_05_08_equity,1329,DOORDASH INC CL A UNSOLICITED,purchase,2026-03-02,2026-05-12,15001.0,50000.0,equity,DASH,trump_278t_2026_05_08_equity.pdf
9e28d7b10051,Donald Trump,trump_278t_2026_05_08_equity,1330,wee ENERGY GROUP INC COM UNSOLICITED,purchase,2026-03-02,2026-05-12,15001.0,50000.0,equity,,trump_278t_2026_05_08_equity.pdf
d849d6add25e,Donald Trump,trump_278t_2026_05_08_equity,1331,STRYKER CORP UNSOLICITED,purchase,2026-03-02,2026-05-12,15001.0,50000.0,equity,SYK,trump_278t_2026_05_08_equity.pdf
f7095831cebf,Donald Trump,trump_278t_2026_05_08_equity,1332,AMER ELECTRIC POWER CO UNSOLICITED,purchase,2026-03-02,2026-05-12,15001.0,50000.0,other,,trump_278t_2026_05_08_equity.pdf
a3a5171501bf,Donald Trump,trump_278t_2026_05_08_equity,1333,EXPEDITORS INTL WASH INC UNSOLICITED,purchase,2026-03-02,2026-05-12,15001.0,50000.0,equity,EXPD,trump_278t_2026_05_08_equity.pdf
f6f0b3ddc74a,Donald Trump,trump_278t_2026_05_08_equity,1334,LIVERAMP HLDGS INC,purchase,2026-01-26,2026-05-12,15001.0,50000.0,equity,RAMP,trump_278t_2026_05_08_equity.pdf
29688a20a75f,Donald Trump,trump_278t_2026_05_08_equity,1335,MSCI INC UNSOLICITED,purchase,2026-01-21,2026-05-12,15001.0,50000.0,equity,MSCI,trump_278t_2026_05_08_equity.pdf
f20cf984ca55,Donald Trump,trump_278t_2026_05_08_equity,1338,CBOE GLOBAL MARKETS INC UNSOLICITED,purchase,2026-03-02,2026-05-12,15001.0,50000.0,equity,CBOE,trump_278t_2026_05_08_equity.pdf
8139cf54eedb,Donald Trump,trump_278t_2026_05_08_equity,1337,ZEBRA TECHNOLOGIES CORP CL A UNSOLICITED,purchase,2026-03-02,2026-05-12,15001.0,50000.0,equity,ZBRA,trump_278t_2026_05_08_equity.pdf
e6ed4432ed86,Donald Trump,trump_278t_2026_05_08_equity,1338,MODERNA INC UNSOLICITED,purchase,2026-03-02,2026-05-12,15001.0,50000.0,equity,MRNA,trump_278t_2026_05_08_equity.pdf
a94232b2e355,Donald Trump,trump_278t_2026_05_08_equity,1339,FEDEX CORP UNSOLICITED,purchase,2026-03-02,2026-05-12,15001.0,50000.0,equity,FDX,trump_278t_2026_05_08_equity.pdf
5aac261c8144,Donald Trump,trump_278t_2026_05_08_equity,1313,CITIGROUP INC UNSOLICITED,purchase,2026-03-02,2026-05-12,15001.0,50000.0,equity,C,trump_278t_2026_05_08_equity.pdf
3ac4d84177f3,Donald Trump,trump_278t_2026_05_08_equity,1340,EDISON INTL UNSOLICITED,purchase,2026-01-21,2026-05-12,15001.0,50000.0,other,,trump_278t_2026_05_08_equity.pdf
5540f2735baa,Donald Trump,trump_278t_2026_05_08_equity,1312,CSX CORPORATION UNSOLICITED,purchase,2026-03-02,2026-05-12,15001.0,50000.0,other,,trump_278t_2026_05_08_equity.pdf
52015863bb0e,Donald Trump,trump_278t_2026_05_08_equity,1310,BLOCK INC CL A UNSOLICITED,purchase,2026-03-02,2026-05-12,15001.0,50000.0,equity,XYZ,trump_278t_2026_05_08_equity.pdf
bed5322ba459,Donald Trump,trump_278t_2026_05_08_equity,1284,RINGCENTRAL INC CLASS A,purchase,2026-02-12,2026-05-12,15001.0,50000.0,equity,RNG,trump_278t_2026_05_08_equity.pdf
bb363cb813ba,Donald Trump,trump_278t_2026_05_08_equity,1285,ADTINCOEL,purchase,2026-01-26,2026-05-12,15001.0,50000.0,other,,trump_278t_2026_05_08_equity.pdf
cb8faee4af41,Donald Trump,trump_278t_2026_05_08_equity,1286,DEVON ENERGY CORP NEW UNSOLICITED,purchase,2026-03-02,2026-05-12,15001.0,50000.0,equity,DVN,trump_278t_2026_05_08_equity.pdf
5428109caffe,Donald Trump,trump_278t_2026_05_08_equity,1267,FIRSTENERGY CORP UNSOLICITED,purchase,2026-03-02,2026-05-12,15001.0,50000.0,equity,FE,trump_278t_2026_05_08_equity.pdf
b97e470730fa,Donald Trump,trump_278t_2026_05_08_equity,1286,BJS RESTAURANTS INC,purchase,2026-03-04,2026-05-12,15001.0,50000.0,equity,,trump_278t_2026_05_08_equity.pdf
e9e629c15714,Donald Trump,trump_278t_2026_05_08_equity,1289,SNAP ON INC COM,purchase,2026-01-06,2026-05-12,15001.0,50000.0,equity,SNA,trump_278t_2026_05_08_equity.pdf
24cd0c550511,Donald Trump,trump_278t_2026_05_08_equity,1290,OLD DOMINION FREIGHT LINES INC UNSOLICITED,purchase,2026-03-02,2026-05-12,15001.0,50000.0,equity,ODFL,trump_278t_2026_05_08_equity.pdf
80c5793804b8,Donald Trump,trump_278t_2026_05_08_equity,1291,CSN INDUSTRIALS INC,purchase,2026-02-26,2026-05-12,15001.0,50000.0,equity,,trump_278t_2026_05_08_equity.pdf
1574fefbd54f,Donald Trump,trump_278t_2026_05_08_equity,1292,CELANESE CORP DEL CLASS A,purchase,2026-03-04,2026-05-12,15001.0,50000.0,equity,CE,trump_278t_2026_05_08_equity.pdf
8cb5ab003403,Donald Trump,trump_278t_2026_05_08_equity,1293,HEWLETT PACKARD ENTERPRISE CO UNSOLICITED,purchase,2026-03-02,2026-05-12,15001.0,50000.0,other,,trump_278t_2026_05_08_equity.pdf
e6fb5d68d455,Donald Trump,trump_278t_2026_05_08_equity,1294,SCANSOURCE INC,purchase,2026-03-04,2026-05-12,15001.0,50000.0,equity,SCSC,trump_278t_2026_05_08_equity.pdf
923261a68ae0,Donald Trump,trump_278t_2026_05_08_equity,1295,FAIR ISAAC CORP UNSOLICITED,purchase,2026-03-02,2026-05-12,15001.0,50000.0,equity,FICO,trump_278t_2026_05_08_equity.pdf
ab37b2f49bac,Donald Trump,trump_278t_2026_05_08_equity,1296,TEXAS PAC LAND CORP UNSOLICITED IDurchaso,purchase,2026-03-02,2026-05-12,15001.0,50000.0,equity,TPL,trump_278t_2026_05_08_equity.pdf
33a5f87dfbfa,Donald Trump,trump_278t_2026_05_08_equity,1297,KINDER MORGAN INC UNSOLICITED loorchuo,purchase,2026-03-02,2026-05-12,15001.0,50000.0,equity,KMI,trump_278t_2026_05_08_equity.pdf
46a45341cec3,Donald Trump,trump_278t_2026_05_08_equity,1298,AVISTA CORP 10urchaso,purchase,2026-03-04,2026-05-12,15001.0,50000.0,equity,AVA,trump_278t_2026_05_08_equity.pdf
3d1384b164df,Donald Trump,trump_278t_2026_05_08_equity,1299,TRIMBLE INC COM UNSOLICITED,purchase,2026-03-02,2026-05-12,15001.0,50000.0,equity,TRMB,trump_278t_2026_05_08_equity.pdf
74e29a455416,Donald Trump,trump_278t_2026_05_08_equity,1300,PATHWARD FINL INC,purchase,2026-03-04,2026-05-12,15001.0,50000.0,equity,CASH,trump_278t_2026_05_08_equity.pdf
b994076cc03a,Donald Trump,trump_278t_2026_05_08_equity,1301,HUBBELL INC UNSOLICITED,purchase,2026-03-02,2026-05-12,15001.0,50000.0,equity,HUBB,trump_278t_2026_05_08_equity.pdf
e4d39eb1c8cf,Donald Trump,trump_278t_2026_05_08_equity,1302,GENERAC HLDGS INC UNSOLICITED,purchase,2026-03-02,2026-05-12,15001.0,50000.0,equity,GNRC,trump_278t_2026_05_08_equity.pdf
ac45d3820c58,Donald Trump,trump_278t_2026_05_08_equity,1303,TRANE TECHNOLOGIES PLC UNSOLICITED,purchase,2026-03-02,2026-05-12,15001.0,50000.0,equity,TT,trump_278t_2026_05_08_equity.pdf
a55b5012a5c7,Donald Trump,trump_278t_2026_05_08_equity,1304,ARES MANAGEMENT CORPORATION CL A COM .UNSOLICITED,purchase,2026-03-02,2026-05-12,15001.0,50000.0,other,,trump_278t_2026_05_08_equity.pdf
445358bc1829,Donald Trump,trump_278t_2026_05_08_equity,1305,NTHN TRUST CORP UNSOLICITED,purchase,2026-03-02,2026-05-12,15001.0,50000.0,equity,,trump_278t_2026_05_08_equity.pdf
1f59593c8366,Donald Trump,trump_278t_2026_05_08_equity,1306,THE TRADE DESK INC CL A UNSOLICITED,purchase,2026-03-02,2026-05-12,15001.0,50000.0,equity,TTD,trump_278t_2026_05_08_equity.pdf
bfeee6f9d461,Donald Trump,trump_278t_2026_05_08_equity,1307,FIRST SOLAR INC UNSOLICITED,purchase,2026-03-02,2026-05-12,15001.0,50000.0,equity,FSLR,trump_278t_2026_05_08_equity.pdf
40021dd16c19,Donald Trump,trump_278t_2026_05_08_equity,1308,PTC INC COM UNSOLICITED,purchase,2026-03-02,2026-05-12,15001.0,50000.0,equity,PTC,trump_278t_2026_05_08_equity.pdf
6b6dd16b632b,Donald Trump,trump_278t_2026_05_08_equity,1311,GLAUKOS CORP,purchase,2026-03-30,2026-05-12,,,equity,GKOS,trump_278t_2026_05_08_equity.pdf
918226815a62,Donald Trump,trump_278t_2026_05_08_equity,1341,EPAM SYSTEMS INC UNSOLICITED,purchase,2026-03-02,2026-05-12,15001.0,50000.0,equity,EPAM,trump_278t_2026_05_08_equity.pdf
83bfc68ccb65,Donald Trump,trump_278t_2026_05_08_equity,1342,FORTIVE CORP UNSOLICITED,purchase,2026-03-02,2026-05-12,15001.0,50000.0,equity,FTV,trump_278t_2026_05_08_equity.pdf
88110c29b53d,Donald Trump,trump_278t_2026_05_08_equity,1343,BEACON FINL CORP,purchase,2026-01-21,2026-05-12,15001.0,50000.0,equity,,trump_278t_2026_05_08_equity.pdf
246b13dcde62,Donald Trump,trump_278t_2026_05_08_equity,1385,WORLD KINECT CORP I,purchase,2026-03-04,2026-05-12,15001.0,50000.0,equity,WKC,trump_278t_2026_05_08_equity.pdf
4ba23cdb4b4f,Donald Trump,trump_278t_2026_05_08_equity,1386,ADEIAINC l,purchase,2026-03-04,2026-05-12,15001.0,50000.0,other,,trump_278t_2026_05_08_equity.pdf
6ea0d21d23c0,Donald Trump,trump_278t_2026_05_08_equity,1387,BLOOMIN BRANDS INC I,purchase,2026-02-26,2026-05-12,15001.0,50000.0,equity,BLMN,trump_278t_2026_05_08_equity.pdf
5aa59f0b719e,Donald Trump,trump_278t_2026_05_08_equity,1388,BROADCOM INC l,purchase,2026-03-17,2026-05-12,15001.0,50000.0,equity,AVGO,trump_278t_2026_05_08_equity.pdf
e3ef58b7e00c,Donald Trump,trump_278t_2026_05_08_equity,1389,BROADCOM INC l,purchase,2026-03-31,2026-05-12,15001.0,50000.0,equity,AVGO,trump_278t_2026_05_08_equity.pdf
7be171dac5b2,Donald Trump,trump_278t_2026_05_08_equity,1390,CHEVRON CORP l,purchase,2026-01-22,2026-05-12,15001.0,50000.0,equity,CVX,trump_278t_2026_05_08_equity.pdf
9c1e6273ce9e,Donald Trump,trump_278t_2026_05_08_equity,1391,VITAL FARMS INC I,purchase,2026-02-21,2026-05-12,15001.0,50000.0,equity,VITL,trump_278t_2026_05_08_equity.pdf
55bc6cdb23ce,Donald Trump,trump_278t_2026_05_08_equity,1392,TEXAS INSTRUMENTS INC l,purchase,2026-01-31,2026-05-12,15001.0,50000.0,equity,TXN,trump_278t_2026_05_08_equity.pdf
d30b4dd505f1,Donald Trump,trump_278t_2026_05_08_equity,1393,BGC GROUP INC CLASS A I,purchase,2026-03-04,2026-05-12,15001.0,50000.0,equity,BGC,trump_278t_2026_05_08_equity.pdf
13dafda3391c,Donald Trump,trump_278t_2026_05_08_equity,1394,PAYCHEX INC,purchase,2026-01-22,2026-05-12,15001.0,50000.0,equity,PAYX,trump_278t_2026_05_08_equity.pdf
c2c617342b83,Donald Trump,trump_278t_2026_05_08_equity,1395,UNITED PARCEL SERVICE INC CL B,purchase,2026-01-22,2026-05-12,15001.0,50000.0,equity,UPS,trump_278t_2026_05_08_equity.pdf
0ac64dfa9c4b,Donald Trump,trump_278t_2026_05_08_equity,1396,VISAINCctASSA,purchase,2026-01-23,2026-05-12,15001.0,50000.0,other,,trump_278t_2026_05_08_equity.pdf
4cbb9bf9c557,Donald Trump,trump_278t_2026_05_08_equity,1397,AMGEN INC,purchase,2026-01-22,2026-05-12,15001.0,50000.0,equity,AMGN,trump_278t_2026_05_08_equity.pdf
b26168f2d15c,Donald Trump,trump_278t_2026_05_08_equity,1398,MICROSOFT CORP,purchase,2026-01-26,2026-05-12,15001.0,50000.0,equity,MSFT,trump_278t_2026_05_08_equity.pdf
3bda658ed42b,Donald Trump,trump_278t_2026_05_08_equity,1399,HOME DEPOT INC,purchase,2026-01-22,2026-05-12,15001.0,50000.0,equity,HD,trump_278t_2026_05_08_equity.pdf
756c9e198b76,Donald Trump,trump_278t_2026_05_08_equity,1400,MILLROSE PPTYS INC CLASS A,purchase,2026-03-04,2026-05-12,15001.0,50000.0,equity,MRP,trump_278t_2026_05_08_equity.pdf
c866fb887fd2,Donald Trump,trump_278t_2026_05_08_equity,1401,SCHRDDINGER INC,purchase,2026-01-26,2026-05-12,15001.0,50000.0,equity,,trump_278t_2026_05_08_equity.pdf
9aa67af0801c,Donald Trump,trump_278t_2026_05_08_equity,1402,AMPHASTAR PHARMACEUTICAL,purchase,2026-03-04,2026-05-12,15001.0,50000.0,other,,trump_278t_2026_05_08_equity.pdf
b7fe6c392faf,Donald Trump,trump_278t_2026_05_08_equity,1403,ADMA BIOLOGICS INC,purchase,2026-03-04,2026-05-12,15001.0,50000.0,equity,ADMA,trump_278t_2026_05_08_equity.pdf
f201ae84150b,Donald Trump,trump_278t_2026_05_08_equity,1404,ANGI INC ctASS A,purchase,2026-02-26,2026-05-12,15001.0,50000.0,equity,,trump_278t_2026_05_08_equity.pdf
c852ae4e6ef8,Donald Trump,trump_278t_2026_05_08_equity,1405,ARGAN INC,purchase,2026-03-30,2026-05-12,15001.0,50000.0,equity,AGX,trump_278t_2026_05_08_equity.pdf
a93b01c52fab,Donald Trump,trump_278t_2026_05_08_equity,1406,WISDOMTREE INC,purchase,2026-03-30,2026-05-12,15001.0,50000.0,equity,WT,trump_278t_2026_05_08_equity.pdf
3d75abf80b8b,Donald Trump,trump_278t_2026_05_08_equity,1407,YELP INC,purchase,2026-03-30,2026-05-12,15001.0,50000.0,equity,YELP,trump_278t_2026_05_08_equity.pdf
401ac883b6d4,Donald Trump,trump_278t_2026_05_08_equity,1408,ONESPAWORLD HLDGS LTD F,purchase,2026-01-12,2026-05-12,15001.0,50000.0,other,,trump_278t_2026_05_08_equity.pdf
61b0dec904ac,Donald Trump,trump_278t_2026_05_08_equity,1409,PITNEY BOWES INC,purchase,2026-03-04,2026-05-12,15001.0,50000.0,equity,PBI,trump_278t_2026_05_08_equity.pdf
5c743c1625c8,Donald Trump,trump_278t_2026_05_08_equity,1364,MERCHANTS BANCORP IND,purchase,2026-03-30,2026-05-12,15001.0,50000.0,other,,trump_278t_2026_05_08_equity.pdf
16668ad3d335,Donald Trump,trump_278t_2026_05_08_equity,1363,ROPER TECHNOLOGIES INC,purchase,2026-01-23,2026-05-12,15001.0,50000.0,equity,ROP,trump_278t_2026_05_08_equity.pdf
e6b1a43f8fb5,Donald Trump,trump_278t_2026_05_08_equity,1382,APPLE HOSPITALITY REIT I REIT,purchase,2026-03-30,2026-05-12,15001.0,50000.0,other,,trump_278t_2026_05_08_equity.pdf
ba4bf44538a6,Donald Trump,trump_278t_2026_05_08_equity,1361,PHILLIPS EDISON & CO INC,purchase,2026-01-26,2026-05-12,15001.0,50000.0,equity,PECO,trump_278t_2026_05_08_equity.pdf
b77a7e9ee1bd,Donald Trump,trump_278t_2026_05_08_equity,1344,NRG ENERGY INC NEW UNSOLICITED,purchase,2026-01-21,2026-05-12,15001.0,50000.0,equity,NRG,trump_278t_2026_05_08_equity.pdf
f97d9180aec4,Donald Trump,trump_278t_2026_05_08_equity,1345,PAYPAL HOLDINGS INC UNSOLICITED,purchase,2026-03-02,2026-05-12,15001.0,50000.0,equity,PYPL,trump_278t_2026_05_08_equity.pdf
cea8645e523d,Donald Trump,trump_278t_2026_05_08_equity,1346,AIRBNB INC CL A UNSOLICITED,purchase,2026-03-02,2026-05-12,15001.0,50000.0,equity,ABNB,trump_278t_2026_05_08_equity.pdf
778e9f53c726,Donald Trump,trump_278t_2026_05_08_equity,1347,CUMMINS INC UNSOLICITED,purchase,2026-03-02,2026-05-12,15001.0,50000.0,equity,CMI,trump_278t_2026_05_08_equity.pdf
9be37ff35917,Donald Trump,trump_278t_2026_05_08_equity,1348,VERTEX PHARMACEUTICAL INC UNSOLICITED,purchase,2026-03-02,2026-05-12,15001.0,50000.0,equity,VRTX,trump_278t_2026_05_08_equity.pdf
300ac395d0e2,Donald Trump,trump_278t_2026_05_08_equity,1349,ACCENTURE PLC IRELAND CL A UNSOLICITED,purchase,2026-03-02,2026-05-12,15001.0,50000.0,equity,ACN,trump_278t_2026_05_08_equity.pdf
278ba05fa911,Donald Trump,trump_278t_2026_05_08_equity,1350,APTIV PLC UNSOLICITED,purchase,2026-03-02,2026-05-12,15001.0,50000.0,equity,APTV,trump_278t_2026_05_08_equity.pdf
2c3e100520c3,Donald Trump,trump_278t_2026_05_08_equity,1351,UNITED PARCEL SERVICE INC CL B UNSOLICITED,purchase,2026-03-02,2026-05-12,15001.0,50000.0,equity,UPS,trump_278t_2026_05_08_equity.pdf
50846fe5413c,Donald Trump,trump_278t_2026_05_08_equity,1356,TRIPADVISOR INC,purchase,2026-03-30,2026-05-12,15001.0,50000.0,equity,TRIP,trump_278t_2026_05_08_equity.pdf
d69a5aecc471,Donald Trump,trump_278t_2026_05_08_equity,1359,DECKERS OUTDOOR CORP UNSOLICITED,purchase,2026-03-02,2026-05-12,15001.0,50000.0,equity,DECK,trump_278t_2026_05_08_equity.pdf
0e577428862e,Donald Trump,trump_278t_2026_05_08_equity,1361,HP INC UNSOLICITED,purchase,2026-03-02,2026-05-12,15001.0,50000.0,equity,HPQ,trump_278t_2026_05_08_equity.pdf
4b68919ee426,Donald Trump,trump_278t_2026_05_08_equity,1382,PALO ALTO NETWORKS INC,purchase,2026-01-23,2026-05-12,15001.0,50000.0,equity,PANW,trump_278t_2026_05_08_equity.pdf
69b900a0f01d,Donald Trump,trump_278t_2026_05_08_equity,1411,KINDER MORGAN INC DE,purchase,2026-01-31,2026-05-12,15001.0,50000.0,equity,KMI,trump_278t_2026_05_08_equity.pdf
9abc87c4aed9,Donald Trump,trump_278t_2026_05_08_equity,1363,DANAHER CORP UNSOLICITED,purchase,2026-03-02,2026-05-12,15001.0,50000.0,equity,DHR,trump_278t_2026_05_08_equity.pdf
b401e5357339,Donald Trump,trump_278t_2026_05_08_equity,1366,BANK HAWAII CORP,purchase,2026-03-04,2026-05-12,15001.0,50000.0,equity,,trump_278t_2026_05_08_equity.pdf
74f7042a3be8,Donald Trump,trump_278t_2026_05_08_equity,1367,COMCAST CORP CL A,purchase,2026-01-23,2026-05-12,15001.0,50000.0,equity,CMCSA,trump_278t_2026_05_08_equity.pdf
4b98b4e41c27,Donald Trump,trump_278t_2026_05_08_equity,1369,CITY HLDG CO,purchase,2026-03-30,2026-05-12,15001.0,50000.0,other,,trump_278t_2026_05_08_equity.pdf
2a40eb0d13cc,Donald Trump,trump_278t_2026_05_08_equity,1370,LYFT INC CLASS A,purchase,2026-03-30,2026-05-12,15001.0,50000.0,equity,LYFT,trump_278t_2026_05_08_equity.pdf
7a35439bb5fe,Donald Trump,trump_278t_2026_05_08_equity,1371,WATERS CORP UNSOLICITED,purchase,2026-03-02,2026-05-12,15001.0,50000.0,equity,WAT,trump_278t_2026_05_08_equity.pdf
5117cd514892,Donald Trump,trump_278t_2026_05_08_equity,1373,VISTRA CORP UNSOLICITED,purchase,2026-03-02,2026-05-12,15001.0,50000.0,equity,VST,trump_278t_2026_05_08_equity.pdf
c3439c424eae,Donald Trump,trump_278t_2026_05_08_equity,1374,GE HEALTHCARE TECHNOLOGIES INC UNSOLICITED,purchase,2026-03-02,2026-05-12,15001.0,50000.0,equity,GEHC,trump_278t_2026_05_08_equity.pdf
b8d43375f0bb,Donald Trump,trump_278t_2026_05_08_equity,1375,LULULEMON ATHLETICA INC UNSOLICITED,purchase,2026-03-02,2026-05-12,15001.0,50000.0,equity,LULU,trump_278t_2026_05_08_equity.pdf
66e94be56f60,Donald Trump,trump_278t_2026_05_08_equity,1376,MACERICH CO REIT,purchase,2026-03-04,2026-05-12,15001.0,50000.0,other,,trump_278t_2026_05_08_equity.pdf
2d7091919534,Donald Trump,trump_278t_2026_05_08_equity,1378,FORD MOTOR CO COM UNSOLICITED,purchase,2026-03-02,2026-05-12,15001.0,50000.0,other,,trump_278t_2026_05_08_equity.pdf
6a59ec086d40,Donald Trump,trump_278t_2026_05_08_equity,1379,KEMPER CORP DEL,purchase,2026-03-23,2026-05-12,15001.0,50000.0,equity,,trump_278t_2026_05_08_equity.pdf
ca12b8475e2a,Donald Trump,trump_278t_2026_05_08_equity,1364,JETBLUE AWYS CORP EQUITY CLASS EQUITY,purchase,2026-03-04,2026-05-12,15001.0,50000.0,equity,JBLU,trump_278t_2026_05_08_equity.pdf
39f9bb79224f,Donald Trump,trump_278t_2026_05_08_equity,3836,VANGUARD S&P 500 ETF UNSOLICITED 1,sale,2026-01-06,2026-05-12,1000001.0,5000000.0,etf,VOO,trump_278t_2026_05_08_equity.pdf
