trade_id,person,doc_id,txn_num,asset_name,action,transaction_date,disclosure_date,amount_min,amount_max,asset_class,ticker,source_doc,entry_price,disclosure_price,reveal_lag_days,return_to_disclosure,return_post_disclosure_1d,return_post_disclosure_5d,return_post_disclosure_20d,fifo_holding_days
5c68bdd243af,Donald Trump,trump_278t_2025_08_19_a,465,"KENTUCKY INC KY PUB ENERGY AUTH GAS SPLY REV SER A 8/E 4.00 % Duo Doc 1, 2050",purchase,2025-06-03,2025-08-19,50001.0,100000.0,equity,KFFB,trump_278t_2025_08_19_a.pdf,2.559999942779541,3.2200000286102295,77,0.257812539290172,0.0,0.059006228426173056,0.05590064135337639,
3b948200d359,Donald Trump,trump_278t_2025_08_19_a,188,"I META PLATFORMS, 4.75%34 DUE 08/15/34",purchase,2025-02-26,2025-08-19,250001.0,500000.0,equity,META,trump_278t_2025_08_19_a.pdf,671.0078125,749.7192993164062,174,0.11730338358229808,-0.005003581662765874,0.0034864122729527432,0.03225629449042655,
c1aed8243404,Donald Trump,trump_278t_2025_08_19_a,228,"KENTUCKY INC KY PUB ENERGY AUTH GAS SPLY REV SER A 8/E 4.00 % Due Dec 1, 2050",purchase,2025-03-04,2025-08-19,100001.0,250000.0,equity,KFFB,trump_278t_2025_08_19_a.pdf,3.0899999141693115,3.2200000286102295,168,0.04207123561550844,0.0,0.059006228426173056,0.05590064135337639,
70685d8de2e0,Donald Trump,trump_278t_2026_01_14,45,"MAIN STREET NAT GAS INC GA GAS SPLY REV C 8/E 4.00% Due Mor 1, 2050",purchase,2025-12-03,2026-01-14,50001.0,100000.0,equity,MAIN,trump_278t_2026_01_14.pdf,57.18576431274414,60.81442642211914,42,0.06345394090616945,0.0309940254559348,0.03051215781171621,-0.017898666910214106,
c111f32b085f,Donald Trump,trump_278t_2026_05_08_equity,2800,BOSTON SCIENTIFIC CORP,sale,2026-02-23,2026-05-12,1001.0,15000.0,equity,BSX,trump_278t_2026_05_08_equity.pdf,74.37000274658203,54.099998474121094,78,0.2725561856106362,0.019223606842199155,-0.05009247644371488,,42.0
0af57916e41f,Donald Trump,trump_278t_2026_05_08_equity,2808,PROGRESSIVE CORP OH,purchase,2026-01-21,2026-05-12,1001.0,15000.0,equity,PGR,trump_278t_2026_05_08_equity.pdf,202.89500427246094,198.4199981689453,111,-0.022055772736061498,-0.012397900805258337,0.022427159506640173,,
04c09bcf93fa,Donald Trump,trump_278t_2026_05_08_equity,2825,AXCELIS TECHNOLOGIES INC,sale,2026-03-01,2026-05-12,1001.0,15000.0,equity,ACLS,trump_278t_2026_05_08_equity.pdf,86.58000183105469,161.63999938964844,72,-0.8669438204108594,-0.003155125641930669,0.11389509856239437,,
b998eb48d94e,Donald Trump,trump_278t_2026_05_08_equity,2806,PERRIGO CO PLC F,purchase,2026-01-26,2026-05-12,1001.0,15000.0,equity,PRGO,trump_278t_2026_05_08_equity.pdf,13.727087020874023,10.838111877441406,106,-0.21045799003382962,-0.01888489715065681,-0.04586335936273602,,
2851f119ce97,Donald Trump,trump_278t_2026_05_08_equity,2804,APOGEE ENTERPRISES INC,sale,2026-02-26,2026-05-12,1001.0,15000.0,equity,APOG,trump_278t_2026_05_08_equity.pdf,39.6273307800293,35.349998474121094,75,0.1079389457153097,0.003960378944596781,0.057425710521118965,,14.0
e370e30b2ada,Donald Trump,trump_278t_2026_05_08_equity,2809,ROPER TECHNOLOGIES INC,sale,2026-02-19,2026-05-12,1001.0,15000.0,equity,ROP,trump_278t_2026_05_08_equity.pdf,331.15582275390625,323.94000244140625,82,0.02178980352056903,0.023738971363369072,-0.015342351000945277,,29.0
346b240088b8,Donald Trump,trump_278t_2026_05_08_equity,2805,AMCOR PLC COM NEW,sale,2026-03-17,2026-05-12,1001.0,15000.0,equity,AMCR,trump_278t_2026_05_08_equity.pdf,40.0429573059082,38.57737350463867,56,0.036600288786694815,0.003059678564658527,0.06450797586075585,,53.0
f6b58825fcf9,Donald Trump,trump_278t_2026_05_08_equity,2810,AVERY DENNISON CORP,purchase,2026-03-16,2026-05-12,1001.0,15000.0,equity,AVY,trump_278t_2026_05_08_equity.pdf,171.9499969482422,160.11000061035156,57,-0.06885720586232126,-0.00855658679635859,-0.03653741853235248,,
67eb1d16c4a3,Donald Trump,trump_278t_2026_05_08_equity,2812,PRUDENTIAL FINANCIAL INC,sale,2026-03-04,2026-05-12,1001.0,15000.0,equity,PRU,trump_278t_2026_05_08_equity.pdf,97.461669921875,101.2007064819336,69,-0.0383641749936749,0.0019497037938407242,0.013842806469771865,,
f9ab8acafdb0,Donald Trump,trump_278t_2026_05_08_equity,2813,WSFS FINL CORP,sale,2026-03-30,2026-05-12,1001.0,15000.0,equity,WSFS,trump_278t_2026_05_08_equity.pdf,64.25117492675781,70.41999816894531,43,-0.09601105737318516,0.00979827932338688,-0.005254228290298361,,26.0
fb54c9f1508a,Donald Trump,trump_278t_2026_05_08_equity,2814,PRUDENTIAL FINANCIAL INC,sale,2026-03-17,2026-05-12,1001.0,15000.0,equity,PRU,trump_278t_2026_05_08_equity.pdf,93.219482421875,101.2007064819336,56,-0.08561755389220772,0.0019497037938407242,0.013842806469771865,,
e9e2c3f781cc,Donald Trump,trump_278t_2026_05_08_equity,2816,COPARTINC,purchase,2026-03-17,2026-05-12,1001.0,15000.0,equity,CPRT,trump_278t_2026_05_08_equity.pdf,34.04999923706055,33.439998626708984,56,-0.017914849457254273,-0.014952153724092655,-0.00956936925734891,,
366ffb043a22,Donald Trump,trump_278t_2026_05_08_equity,2817,INTUITIVE SURGICAL INC,sale,2026-03-17,2026-05-12,1001.0,15000.0,equity,ISRG,trump_278t_2026_05_08_equity.pdf,482.760009765625,431.8699951171875,56,0.10541472702584474,-0.0009261905226266925,-0.022483598223681477,,15.0
17bd0d70785f,Donald Trump,trump_278t_2026_05_08_equity,2819,DIODES INC,purchase,2026-02-21,2026-05-12,1001.0,15000.0,equity,DIOD,trump_278t_2026_05_08_equity.pdf,67.91999816894531,103.44999694824219,80,0.5231154260475535,-0.014403073056783199,-0.0937650771811551,,
46327ad77e6c,Donald Trump,trump_278t_2026_05_08_equity,2820,UNION PAC CORP,sale,2026-01-12,2026-05-12,1001.0,15000.0,equity,UNP,trump_278t_2026_05_08_equity.pdf,227.1268768310547,264.22723388671875,120,-0.16334639727935268,0.0035768412780580903,-0.022439773264598478,,0.0
67e71380474e,Donald Trump,trump_278t_2026_05_08_equity,2823,ULTA BEAUTY INC,purchase,2026-03-16,2026-05-12,1001.0,15000.0,equity,ULTA,trump_278t_2026_05_08_equity.pdf,516.739990234375,505.20001220703125,57,-0.022332272023517327,-0.02583138953923653,-0.04679337703331212,,
51a9b47dbd18,Donald Trump,trump_278t_2026_05_08_equity,2811,TOAST INC CLASS A,purchase,2026-01-12,2026-05-12,1001.0,15000.0,equity,TOST,trump_278t_2026_05_08_equity.pdf,36.20000076293945,23.260000228881836,120,-0.3574585707552036,-0.03998281582220296,-0.0017197297993864504,,
98dbbc896053,Donald Trump,trump_278t_2026_05_08_equity,2761,APPI.OVIN CORP CL A,purchase,2026-01-31,2026-05-12,,,equity,APPN,trump_278t_2026_05_08_equity.pdf,26.81999969482422,20.520000457763672,101,-0.23489930308523957,-0.08771935205918358,0.05799213451083294,,
61e5d821bec7,Donald Trump,trump_278t_2026_05_08_equity,2795,SALESFORCE INC,purchase,2026-01-23,2026-05-12,,,equity,CRM,trump_278t_2026_05_08_equity.pdf,227.4810791015625,171.30999755859375,109,-0.24692638950376303,-0.031930426120239726,0.047341081816183385,,
3d0f68baef4b,Donald Trump,trump_278t_2026_05_08_equity,2750,BROADCOM INC,purchase,2026-01-31,2026-05-12,1001.0,15000.0,equity,AVGO,trump_278t_2026_05_08_equity.pdf,330.4168701171875,419.29998779296875,101,0.2690029647828135,-0.00598611810426808,-0.019627905338298245,,
b0f1d5e887ce,Donald Trump,trump_278t_2026_05_08_equity,2753,INSULET CORP,sale,2026-02-11,2026-05-12,1001.0,15000.0,equity,PODD,trump_278t_2026_05_08_equity.pdf,250.85000610351562,158.35000610351562,90,0.36874625373470793,0.060056895478792546,0.023618600246337648,,
9b87a1770c23,Donald Trump,trump_278t_2026_05_08_equity,2754,SERVICENOW INC,sale,2026-01-12,2026-05-12,1001.0,15000.0,equity,NOW,trump_278t_2026_05_08_equity.pdf,142.63999938964844,89.0,120,0.37605159575975966,0.021910078070136937,-0.1441573239444347,,
10f493d98fc1,Donald Trump,trump_278t_2026_05_08_equity,2759,VERSANT MEDIA GROUP INC,purchase,2026-02-12,2026-05-12,1001.0,15000.0,equity,VSNT,trump_278t_2026_05_08_equity.pdf,27.14224624633789,40.369998931884766,89,0.48734922546550846,0.001733953348434004,0.04978950184323493,,
de24a16786d4,Donald Trump,trump_278t_2026_05_08_equity,2826,UFP TECHNOLOGIES INC,sale,2026-03-30,2026-05-12,1001.0,15000.0,equity,UFPT,trump_278t_2026_05_08_equity.pdf,186.75999450683594,220.58999633789062,43,-0.18114158720333662,0.00616528688031877,0.01532249730330522,,
4611a6329980,Donald Trump,trump_278t_2026_05_08_equity,2763,DOORDASH INC CL A,sale,2026-01-17,2026-05-12,1001.0,15000.0,equity,DASH,trump_278t_2026_05_08_equity.pdf,205.6699981689453,155.19000244140625,115,0.2454417084502176,0.039435498556024406,0.0034796606509865952,,5.0
58836a917db6,Donald Trump,trump_278t_2026_05_08_equity,2764,MATSON INC,sale,2026-02-21,2026-05-12,1001.0,15000.0,equity,MATX,trump_278t_2026_05_08_equity.pdf,164.05792236328125,179.00999450683594,80,-0.0911389826725076,-0.015138857030486636,-0.005865611328856365,,26.0
4cc43cd16608,Donald Trump,trump_278t_2026_05_08_equity,2766,PAYCHEX INC,sale,2026-03-11,2026-05-12,1001.0,15000.0,equity,PAYX,trump_278t_2026_05_08_equity.pdf,92.80631256103516,92.5199966430664,62,0.003085090982151144,0.02810201652029504,-0.02118468206855554,,48.0
85bf0e96aa84,Donald Trump,trump_278t_2026_05_08_equity,2797,RANGE RES CORP,sale,2026-01-21,2026-05-12,1001.0,15000.0,equity,RRC,trump_278t_2026_05_08_equity.pdf,36.155487060546875,40.900001525878906,111,-0.131225295275009,-0.008801877315982835,-0.054278663158513256,,
a04eb03c317b,Donald Trump,trump_278t_2026_05_08_equity,2768,GENERAL MILLS INC,sale,2026-03-11,2026-05-12,1001.0,15000.0,equity,GIS,trump_278t_2026_05_08_equity.pdf,39.98509979248047,34.130001068115234,62,0.14643201479432932,0.015235875812774708,0.010547922621891756,,47.0
dbea4a299055,Donald Trump,trump_278t_2026_05_08_equity,2780,ARMSTRONG WORLD INDS INC,sale,2026-03-30,2026-05-12,1001.0,15000.0,equity,AWI,trump_278t_2026_05_08_equity.pdf,159.39524841308594,159.10000610351562,43,0.0018522654377072,0.0066625567361269225,0.039409201960567304,,26.0
4bea1cbc6d2e,Donald Trump,trump_278t_2026_05_08_equity,2781,SALESFORCE INC,sale,2026-01-21,2026-05-12,1001.0,15000.0,equity,CRM,trump_278t_2026_05_08_equity.pdf,221.0272216796875,171.30999755859375,111,0.22493710839447603,0.031930426120239726,-0.047341081816183385,,0.0
b14990403c13,Donald Trump,trump_278t_2026_05_08_equity,2782,META PLATFORMS INC CLASS A,sale,2026-01-21,2026-05-12,1001.0,15000.0,equity,META,trump_278t_2026_05_08_equity.pdf,612.4356689453125,603.0,111,0.01540679196814557,-0.022603656522077114,0.0006467904617537313,,9.0
04b8b2521120,Donald Trump,trump_278t_2026_05_08_equity,2783,NATERA INC,sale,2026-03-17,2026-05-12,1001.0,15000.0,equity,NTRA,trump_278t_2026_05_08_equity.pdf,198.3800048828125,204.2100067138672,56,-0.029388051656206983,0.04353361293457491,0.040007899510928216,,
ea5b1ed08ad6,Donald Trump,trump_278t_2026_05_08_equity,2785,DISNEY WALT CO,purchase,2026-01-23,2026-05-12,1001.0,15000.0,equity,DIS,trump_278t_2026_05_08_equity.pdf,110.9800033569336,106.16000366210938,109,-0.043431244810131685,-0.011868896879853713,-0.036454433054652506,,
984a84304554,Donald Trump,trump_278t_2026_05_08_equity,2787,DOMINION ENERGY INC,sale,2026-01-12,2026-05-12,1001.0,15000.0,equity,D,trump_278t_2026_05_08_equity.pdf,57.20153045654297,62.29621505737305,120,-0.08906552954383977,0.0031785768281700237,-0.08280349398511835,,
19fa6854ef2c,Donald Trump,trump_278t_2026_05_08_equity,2788,ROPER TECHNOLOGIES INC,purchase,2026-01-23,2026-05-12,1001.0,15000.0,equity,ROP,trump_278t_2026_05_08_equity.pdf,406.57354736328125,323.94000244140625,109,-0.20324378075694222,-0.023738971363369072,0.015342351000945277,,
2751ca23833c,Donald Trump,trump_278t_2026_05_08_equity,2789,BOOKING HLDGS INC,sale,2026-01-23,2026-05-12,1001.0,15000.0,equity,BKNG,trump_278t_2026_05_08_equity.pdf,203.47581481933594,160.55999755859375,109,0.21091360316628635,0.034441946084850884,0.03749379897856585,,0.0
b0c65ed8be61,Donald Trump,trump_278t_2026_05_08_equity,2793,REDDIT INC CLASS A,sale,2026-02-12,2026-05-12,1001.0,15000.0,equity,RDDT,trump_278t_2026_05_08_equity.pdf,131.07000732421875,152.35000610351562,89,-0.16235597459499657,-0.011617912325315167,-0.01660648951715725,,
0f8ad38917d1,Donald Trump,trump_278t_2026_05_08_equity,2777,PALO ALTO NElWORKS INC,purchase,2026-03-21,2026-05-12,1001.0,15000.0,equity,PANW,trump_278t_2026_05_08_equity.pdf,164.0500030517578,215.60000610351562,52,0.3142334781639338,0.05653982763230736,0.11377550132127238,,
f68eaf55bd03,Donald Trump,trump_278t_2026_05_08_equity,2829,S&P GLOBAL INC,purchase,2026-02-23,2026-05-12,1001.0,15000.0,equity,SPGI,trump_278t_2026_05_08_equity.pdf,402.9034118652344,423.1849365234375,78,0.05033842866782924,-0.041539998344261496,-0.03246343601508164,,
f5fe6868b372,Donald Trump,trump_278t_2026_05_08_equity,2866,SABRE CORP,sale,2026-02-26,2026-05-12,1001.0,15000.0,equity,SABR,trump_278t_2026_05_08_equity.pdf,1.0800000429153442,1.8300000429153442,75,-0.6944444168497026,0.060109296024865366,0.15300551040042398,,
b0b255ef4497,Donald Trump,trump_278t_2026_05_08_equity,2871,MICROSOFT CORP,sale,2026-01-12,2026-05-12,1001.0,15000.0,equity,MSFT,trump_278t_2026_05_08_equity.pdf,475.06439208984375,406.8887023925781,120,0.14350831346747683,0.0062779903800582754,-0.0236653926530322,,323.0
5211e4b77c1f,Donald Trump,trump_278t_2026_05_08_equity,2872,SUNCOKE ENERGY INC,purchase,2026-02-26,2026-05-12,1001.0,15000.0,equity,SXC,trump_278t_2026_05_08_equity.pdf,5.583982467651367,7.415764808654785,75,0.3280422801495415,0.03320051857042567,0.04507089962658145,,
98c9ad8eaf72,Donald Trump,trump_278t_2026_05_08_equity,2875,CITIGROUP INC,sale,2026-03-17,2026-05-12,1001.0,15000.0,equity,C,trump_278t_2026_05_08_equity.pdf,107.20288848876953,126.44000244140625,56,-0.17944585471362537,0.018506832664524353,0.051170524325965576,,59.0
8924fedd37c5,Donald Trump,trump_278t_2026_05_08_equity,2878,T ROWE PRICE GROUP INC,sale,2026-03-17,2026-05-12,1001.0,15000.0,equity,TROW,trump_278t_2026_05_08_equity.pdf,88.38999938964844,102.83999633789062,56,-0.16347999828060256,-0.00165310972767126,0.010890656914335635,,
1570413192cc,Donald Trump,trump_278t_2026_05_08_equity,2879,NCR VOYIX CORP,purchase,2026-02-26,2026-05-12,1001.0,15000.0,equity,VYX,trump_278t_2026_05_08_equity.pdf,8.239999771118164,7.599999904632568,75,-0.07766988886684739,-0.08815790588175505,-0.14736840784384586,,
5da5ce37875d,Donald Trump,trump_278t_2026_05_08_equity,2880,NAVIENT CORP,purchase,2026-01-26,2026-05-12,1001.0,15000.0,equity,NAVI,trump_278t_2026_05_08_equity.pdf,11.864018440246582,8.319999694824219,106,-0.2987199289407632,-0.05168267357102444,-0.008413425167282735,,
80a9c690ce03,Donald Trump,trump_278t_2026_05_08_equity,2881,BERKSHIRE HATHAWAY CLASS B,sale,2026-01-21,2026-05-12,1001.0,15000.0,equity,BRK-B,trump_278t_2026_05_08_equity.pdf,483.8299865722656,484.9599914550781,111,-0.002335541231782914,-0.001154729397189093,0.009279115966861847,,14.0
b81fef23fc6d,Donald Trump,trump_278t_2026_05_08_equity,2884,CHURCHILL DOWNS INC,purchase,2026-02-12,2026-05-12,1001.0,15000.0,equity,CHDN,trump_278t_2026_05_08_equity.pdf,90.83999633789062,86.58000183105469,89,-0.04689558210670067,-0.011781060878830801,0.0017325193197801874,,
67f3f3aea53b,Donald Trump,trump_278t_2026_05_08_equity,2885,OMNICOM GROUP INC,purchase,2026-02-12,2026-05-12,1001.0,15000.0,equity,OMC,trump_278t_2026_05_08_equity.pdf,66.60543823242188,76.04000091552734,89,0.14164853401584493,-0.023671791558201472,-0.055365584347500656,,
7ae2b4954ead,Donald Trump,trump_278t_2026_05_08_equity,2886,PLANET FITNESS INC CLASS A,sale,2026-03-18,2026-05-12,1001.0,15000.0,equity,PLNT,trump_278t_2026_05_08_equity.pdf,74.6500015258789,49.4900016784668,55,0.33703950881621747,-0.02222668088127597,-0.04364517628117054,,
4a4fe314e487,Donald Trump,trump_278t_2026_05_08_equity,2887,GROUP 1 AUTOMOTIVE INC,sale,2026-01-26,2026-05-12,1001.0,15000.0,equity,GPI,trump_278t_2026_05_08_equity.pdf,389.89056396484375,336.1400146484375,106,0.13786060572949108,0.024870635761363336,0.09124178048189699,,
3d2037a223b3,Donald Trump,trump_278t_2026_05_08_equity,2888,AVISTA CORP,sale,2026-03-30,2026-05-12,1001.0,15000.0,equity,AVA,trump_278t_2026_05_08_equity.pdf,39.975738525390625,40.32154846191406,43,-0.008650495257362063,0.0004900638142555969,-0.014841932660312362,,26.0
655114556fb2,Donald Trump,trump_278t_2026_05_08_equity,2892,TRUPANION INC,sale,2026-01-26,2026-05-12,1001.0,15000.0,equity,TRUP,trump_278t_2026_05_08_equity.pdf,32.40999984741211,23.780000686645508,106,0.2662758161492461,0.05004207315796688,0.07148867593995269,,
3db36d35fcb6,Donald Trump,trump_278t_2026_05_08_equity,2893,SKYWORKS SOLUTIONS INC,sale,2026-03-18,2026-05-12,1001.0,15000.0,equity,SWKS,trump_278t_2026_05_08_equity.pdf,53.11844253540039,65.73877716064453,55,-0.23758856666088077,-0.027597590811967672,-0.06092592212186067,,56.0
6029bf0d733a,Donald Trump,trump_278t_2026_05_08_equity,2749,NATERA INC,sale,2026-02-11,2026-05-12,1001.0,15000.0,equity,NTRA,trump_278t_2026_05_08_equity.pdf,212.4600067138672,204.2100067138672,90,0.03883083751903847,0.04353361293457491,0.040007899510928216,,
c5a9266d18f4,Donald Trump,trump_278t_2026_05_08_equity,2666,ERIE INDTY CO CLASS A,sale,2026-03-18,2026-05-12,1001.0,15000.0,equity,ERIE,trump_278t_2026_05_08_equity.pdf,242.4671630859375,218.5,55,0.09884704708423891,0.026727672026959384,-0.021281436597182495,,
48c26b2732c4,Donald Trump,trump_278t_2026_05_08_equity,2832,COMMERCE BANCSHARES INC,sale,2026-01-12,2026-05-12,1001.0,15000.0,equity,CBSH,trump_278t_2026_05_08_equity.pdf,52.93587112426758,51.13999938964844,120,0.03392542139154205,0.016034409554377117,-0.012514653838224013,,
df163f5f1e46,Donald Trump,trump_278t_2026_05_08_equity,2833,ACCENTURE PLC IRELAND F CLASS A,sale,2026-02-12,2026-05-12,1001.0,15000.0,equity,ACN,trump_278t_2026_05_08_equity.pdf,220.1827850341797,169.77000427246094,89,0.22895877510992974,0.05966899115202372,-0.04140895683794972,,32.0
7729b7b0b966,Donald Trump,trump_278t_2026_05_08_equity,2839,SAREPTA 'lliERAPEUTICS INC,purchase,2026-03-30,2026-05-12,1001.0,15000.0,equity,SRPT,trump_278t_2026_05_08_equity.pdf,20.479999542236328,19.1299991607666,43,-0.06591798884983335,-0.015159384260374935,-0.13016204288314154,,
52378f7ce451,Donald Trump,trump_278t_2026_05_08_equity,2848,BLACKSTONE INC,sale,2026-03-14,2026-05-12,1001.0,15000.0,equity,BX,trump_278t_2026_05_08_equity.pdf,106.13655090332031,122.76000213623047,59,-0.1566232470475929,0.025578358871026132,0.06924079384234039,,12.0
14313639c4f9,Donald Trump,trump_278t_2026_05_08_equity,2850,Snowflake Inc Com Sollcltod Ordor Dlscrotton Exorcised,sale,2026-01-27,2026-05-12,1001.0,15000.0,equity,SNOW,trump_278t_2026_05_08_equity.pdf,212.75,151.97999572753906,105,0.28564044311379994,-0.0025661231781293494,-0.11560736819414867,,
99988af67c45,Donald Trump,trump_278t_2026_05_08_equity,2851,SERVICENOW INC,purchase,2026-02-23,2026-05-12,1001.0,15000.0,equity,NOW,trump_278t_2026_05_08_equity.pdf,100.80000305175781,89.0,78,-0.11706351879472525,-0.021910078070136937,0.1441573239444347,,
1ccc510980d1,Donald Trump,trump_278t_2026_05_08_equity,2852,Snap On Inc Com Solldtod Order Dlsaetton Exordsod,purchase,2026-03-16,2026-05-12,1001.0,15000.0,equity,SNA,trump_278t_2026_05_08_equity.pdf,367.08465576171875,366.72711181640625,57,-0.0009740095089798256,-0.007122960187615556,-0.025133407795046216,,
48504149f42b,Donald Trump,trump_278t_2026_05_08_equity,2853,CREDIT ACCEP CORP MICH,sale,2026-01-12,2026-05-12,1001.0,15000.0,equity,CACC,trump_278t_2026_05_08_equity.pdf,466.010009765625,526.719970703125,120,-0.13027608777767125,0.003265436662348287,-0.04026811807485243,,
ddaebb2b3fb7,Donald Trump,trump_278t_2026_05_08_equity,2656,VISA INC CLASS A,sale,2026-01-26,2026-05-12,1001.0,15000.0,equity,V,trump_278t_2026_05_08_equity.pdf,327.13580322265625,326.4200134277344,106,0.0021880509191306457,0.01871826364131105,-0.010691716472058915,,14.0
c40a2a5a0696,Donald Trump,trump_278t_2026_05_08_equity,2661,ACCENTURE PLC IRELAND F CLASS A,sale,2026-02-21,2026-05-12,1001.0,15000.0,equity,ACN,trump_278t_2026_05_08_equity.pdf,199.48826599121094,169.77000427246094,80,0.1489724800157385,0.05966899115202372,-0.04140895683794972,,31.0
5000783aaf9f,Donald Trump,trump_278t_2026_05_08_equity,2862,AVALONBAY CMNTYS INC REIT,sale,2026-02-12,2026-05-12,1001.0,15000.0,reit,AVB,trump_278t_2026_05_08_equity.pdf,173.3290557861328,187.02000427246094,89,-0.07898819055023935,0.0029943190343312957,0.010212830812081351,,37.0
50328cec6c8e,Donald Trump,trump_278t_2026_05_08_equity,2864,META PLATFORMS INC CLASS A,purchase,2026-01-26,2026-05-12,1001.0,15000.0,equity,META,trump_278t_2026_05_08_equity.pdf,671.7847900390625,603.0,106,-0.10239110956213053,0.022603656522077114,-0.0006467904617537313,,
486e425c5edf,Donald Trump,trump_278t_2026_05_08_equity,2747,Roblox Corp Com Cl A Solldtad Ordor Dlaaotlon Exorcised,purchase,2026-01-27,2026-05-12,1001.0,15000.0,equity,RBLX,trump_278t_2026_05_08_equity.pdf,72.13999938964844,41.540000915527344,105,-0.4241751972971595,0.010110692337233924,0.07005295578422516,,
aaac825bc99e,Donald Trump,trump_278t_2026_05_08_equity,2648,UBER TECHNOLOGIES INC,sale,2026-02-12,2026-05-12,1001.0,15000.0,equity,UBER,trump_278t_2026_05_08_equity.pdf,71.22000122070312,76.36000061035156,89,-0.0721707287496406,0.02173917821949756,0.029727661790421852,,37.0
449744d2a2ff,Donald Trump,trump_278t_2026_05_08_equity,2650,INSIGHT ENTERPRISES INC,sale,2026-01-26,2026-05-12,1001.0,15000.0,equity,NSIT,trump_278t_2026_05_08_equity.pdf,83.26000213623047,87.0199966430664,106,-0.045159673436998164,-0.003447518539771355,-0.017582239343987775,,
673f9a7c6171,Donald Trump,trump_278t_2026_05_08_equity,2651,NIKE INC CLASS B,sale,2026-03-26,2026-05-12,1001.0,15000.0,equity,NKE,trump_278t_2026_05_08_equity.pdf,52.06999969482422,42.349998474121094,47,0.18667181251528406,0.00023608788414273077,-0.0016528854154975617,,
faa9b47780a9,Donald Trump,trump_278t_2026_05_08_equity,2654,BOEING CO,sale,2026-03-26,2026-05-12,1001.0,15000.0,equity,BA,trump_278t_2026_05_08_equity.pdf,194.36000061035156,236.8699951171875,47,-0.21871781422793363,-0.01574708094405441,0.09228691290991368,,44.0
d7f157026b92,Donald Trump,trump_278t_2026_05_08_equity,2655,PTCINC,sale,2026-03-26,2026-05-12,1001.0,15000.0,equity,PTC,trump_278t_2026_05_08_equity.pdf,144.00999450683594,144.22000122070312,47,-0.0014582787436827436,0.023644457309988296,-0.006725843936297783,,64.0
1c888e24fbec,Donald Trump,trump_278t_2026_05_08_equity,2657,FLUTTER ENTMT PLC F,sale,2026-03-26,2026-05-12,1001.0,15000.0,equity,FLUT,trump_278t_2026_05_08_equity.pdf,103.56999969482422,95.95999908447266,47,0.07347688165274623,0.00989992660802252,-0.016048363174448303,,42.0
92b351270aec,Donald Trump,trump_278t_2026_05_08_equity,2656,GEN DIGITAL INC,sale,2026-03-26,2026-05-12,1001.0,15000.0,equity,GEN,trump_278t_2026_05_08_equity.pdf,18.868879318237305,21.922515869140625,47,-0.16183454774401437,-0.0567150977856414,-0.10936171012463163,,42.0
1a28a59b1869,Donald Trump,trump_278t_2026_05_08_equity,2660,QUALCOMM INC,sale,2026-02-19,2026-05-12,1001.0,15000.0,equity,QCOM,trump_278t_2026_05_08_equity.pdf,140.3687744140625,210.30999755859375,82,-0.498267676956538,-0.013598976004717739,0.06989680528214866,,7.0
203e4b22e000,Donald Trump,trump_278t_2026_05_08_equity,2661,OPENLANE INC,sale,2026-03-30,2026-05-12,1001.0,15000.0,equity,OPLN,trump_278t_2026_05_08_equity.pdf,27.68000030517578,36.11000061035156,43,-0.30455203078879617,0.013846579660723304,0.04680150686349702,,26.0
e25a43a5d357,Donald Trump,trump_278t_2026_05_08_equity,2662,EXPEDIA GROUP INC,purchase,2026-02-19,2026-05-12,1001.0,15000.0,equity,EXPE,trump_278t_2026_05_08_equity.pdf,198.90525817871094,221.01075744628906,82,0.11113582149606592,-0.017744210382637973,-0.029257683617297543,,
525f0438e6f7,Donald Trump,trump_278t_2026_05_08_equity,2666,MORNINGSTAR INC,purchase,2026-03-28,2026-05-12,1001.0,15000.0,equity,MORN,trump_278t_2026_05_08_equity.pdf,164.184814453125,175.82000732421875,45,0.07086643737332733,-0.05460132922081416,-0.02280747126935554,,
f595dc10da10,Donald Trump,trump_278t_2026_05_08_equity,2667,QUALCOMM INC,sale,2026-02-23,2026-05-12,1001.0,15000.0,equity,QCOM,trump_278t_2026_05_08_equity.pdf,139.51426696777344,210.30999755859375,78,-0.5074443791986772,-0.013598976004717739,0.06989680528214866,,
b089d9fe173d,Donald Trump,trump_278t_2026_05_08_equity,2670,METLIFE INC,purchase,2026-01-12,2026-05-12,1001.0,15000.0,equity,MET,trump_278t_2026_05_08_equity.pdf,77.17139434814453,78.63999938964844,120,0.01903043289432565,-0.007121026995677517,0.030900309308695743,,
5770999595f4,Donald Trump,trump_278t_2026_05_08_equity,2671,PRA GROUP INC,purchase,2026-03-30,2026-05-12,1001.0,15000.0,equity,PRAA,trump_278t_2026_05_08_equity.pdf,17.239999771118164,16.780000686645508,43,-0.02668208182016822,-0.12395713899080801,-0.12336117781842292,,
667954e83bda,Donald Trump,trump_278t_2026_05_08_equity,2647,BLACKSTONE INC,sale,2026-02-23,2026-05-12,1001.0,15000.0,equity,BX,trump_278t_2026_05_08_equity.pdf,112.66604614257812,122.76000213623047,78,-0.08959181882426681,0.025578358871026132,0.06924079384234039,,
8f8be5f2af85,Donald Trump,trump_278t_2026_05_08_equity,2675,PROGRESSIVE CORP OH,sale,2026-03-21,2026-05-12,1001.0,15000.0,equity,PGR,trump_278t_2026_05_08_equity.pdf,204.99392700195312,198.4199981689453,52,0.03206889554803825,0.012397900805258337,-0.022427159506640173,,68.0
53fb5b92377c,Donald Trump,trump_278t_2026_05_08_equity,2646,POOL CORP,purchase,2026-03-17,2026-05-12,1001.0,15000.0,equity,POOL,trump_278t_2026_05_08_equity.pdf,209.1778106689453,180.97840881347656,56,-0.13481067501991623,-0.038172601877425945,-0.013473516224009222,,
aa838d727533,Donald Trump,trump_278t_2026_05_08_equity,2619,DATADOG INC CLASS A,purchase,2026-01-21,2026-05-12,1001.0,15000.0,equity,DDOG,trump_278t_2026_05_08_equity.pdf,123.45999908447266,199.94000244140625,111,0.619471925514961,0.026858032667881022,0.07607277818022191,,
097e17c82013,Donald Trump,trump_278t_2026_05_08_equity,2620,ADVANCE AUTO PTS INC,purchase,2026-01-26,2026-05-12,1001.0,15000.0,equity,AAP,trump_278t_2026_05_08_equity.pdf,47.32975769042969,52.619998931884766,106,0.11177410364230095,-0.063854060785919,-0.05872292313399353,,
f5c5f06b4845,Donald Trump,trump_278t_2026_05_08_equity,2621,BLACKSTONE INC,sale,2026-02-12,2026-05-12,1001.0,15000.0,equity,BX,trump_278t_2026_05_08_equity.pdf,128.57861328125,122.76000213623047,89,0.045253335656156364,0.025578358871026132,0.06924079384234039,,0.0
a1dcdafa2df3,Donald Trump,trump_278t_2026_05_08_equity,2622,NEXTERA ENERGY INC,purchase,2026-01-12,2026-05-12,1001.0,15000.0,equity,NEE,trump_278t_2026_05_08_equity.pdf,80.57061767578125,94.58999633789062,120,0.17400113175902168,0.0027487276276203614,-0.04789088650680346,,
15bf53d78608,Donald Trump,trump_278t_2026_05_08_equity,2623,CADENCE DESIGN SYS INC,sale,2026-02-23,2026-05-12,1001.0,15000.0,equity,CDNS,trump_278t_2026_05_08_equity.pdf,279.79998779296875,358.0400085449219,78,-0.27962839229944836,0.009747571971458173,0.055636277936338754,,33.0
4bf91997b91a,Donald Trump,trump_278t_2026_05_08_equity,2624,PAYPAL HLDGS INC,purchase,2026-02-12,2026-05-12,1001.0,15000.0,equity,PYPL,trump_278t_2026_05_08_equity.pdf,38.9620361328125,45.439998626708984,89,0.16626344865074866,-0.004621458864860568,-0.03543126858080413,,
336b738852c4,Donald Trump,trump_278t_2026_05_08_equity,2625,AUTOZONE INC,sale,2026-01-18,2026-05-12,1001.0,15000.0,equity,AZO,trump_278t_2026_05_08_equity.pdf,3573.97998046875,3409.81005859375,114,0.045934762581817286,0.012616544262583358,0.018338273458746026,,6.0
f463deee0b24,Donald Trump,trump_278t_2026_05_08_equity,2626,ERIE INDTY CO CLASS A,sale,2026-03-26,2026-05-12,1001.0,15000.0,equity,ERIE,trump_278t_2026_05_08_equity.pdf,241.8606719970703,218.5,47,0.09658731121591063,0.026727672026959384,-0.021281436597182495,,
5d6be29b975f,Donald Trump,trump_278t_2026_05_08_equity,2627,AGILENT TECHNOLOGIES INC,purchase,2026-01-17,2026-05-12,1001.0,15000.0,equity,A,trump_278t_2026_05_08_equity.pdf,135.52076721191406,112.9000015258789,115,-0.16691733784729115,-0.0014172157656942015,-0.020637748446093732,,
c621b3dd6ba4,Donald Trump,trump_278t_2026_05_08_equity,2630,TYLER TECHNOLOGIES INC,purchase,2026-01-21,2026-05-12,1001.0,15000.0,equity,TYL,trump_278t_2026_05_08_equity.pdf,434.3299865722656,309.6499938964844,111,-0.28706282442010594,-0.03571773866170685,0.04227352364252458,,
aac8e42e02e3,Donald Trump,trump_278t_2026_05_08_equity,2633,ATLASSIAN CORP CLASS A,purchase,2026-01-26,2026-05-12,1001.0,15000.0,equity,TEAM,trump_278t_2026_05_08_equity.pdf,138.44000244140625,85.0,106,-0.3860156132547336,-0.0515293794519761,0.019058855842141544,,
40fd2657f81c,Donald Trump,trump_278t_2026_05_08_equity,2634,FORTINET INC,sale,2026-01-21,2026-05-12,1001.0,15000.0,equity,FTNT,trump_278t_2026_05_08_equity.pdf,75.75,113.87000274658203,111,-0.503234359690852,-0.03354702382264482,-0.12092734092324181,,
1206f01dbede,Donald Trump,trump_278t_2026_05_08_equity,2635,TRADE DESK INC fTHE) CL A,sale,2026-02-19,2026-05-12,1001.0,15000.0,equity,TTD,trump_278t_2026_05_08_equity.pdf,25.239999771118164,21.139999389648438,82,0.1624405871097237,0.030747381139876327,-0.0009460954749821535,,48.0
536350a7fbf1,Donald Trump,trump_278t_2026_05_08_equity,2637,STRATEGY INC CLASS A,purchase,2026-02-23,2026-05-12,1001.0,15000.0,equity,MSTR,trump_278t_2026_05_08_equity.pdf,123.70999908447266,184.4199981689453,78,0.49074447929644044,-0.034649167406425325,-0.10730936711106243,,
6cbcd872fc86,Donald Trump,trump_278t_2026_05_08_equity,2638,MARSH & MCLENNAN COS INC,sale,2026-02-12,2026-05-12,1001.0,15000.0,equity,MRSH,trump_278t_2026_05_08_equity.pdf,172.4427032470703,163.38999938964844,89,0.052496879757512584,0.02601138390278529,-0.016402521234969197,,0.0
e4bb4c822e3c,Donald Trump,trump_278t_2026_05_08_equity,2640,STONEX GROUP INC,sale,2026-03-30,2026-05-12,1001.0,15000.0,equity,SNEX,trump_278t_2026_05_08_equity.pdf,77.94999694824219,116.80999755859375,43,-0.49852472266489134,0.006677500176349334,0.0636931338713512,,26.0
98a38b8dc98b,Donald Trump,trump_278t_2026_05_08_equity,2641,CISCO SYS INC,purchase,2026-02-11,2026-05-12,1001.0,15000.0,equity,CSCO,trump_278t_2026_05_08_equity.pdf,85.07898712158203,99.29000091552734,90,0.16703318028030917,0.025984508080019737,0.162050520591489,,
a7eef46be853,Donald Trump,trump_278t_2026_05_08_equity,2878,INTUITIVE SURGICAL INC,sale,2026-02-12,2026-05-12,1001.0,15000.0,equity,ISRG,trump_278t_2026_05_08_equity.pdf,478.6000061035156,431.8699951171875,89,0.0976389686385022,-0.0009261905226266925,-0.022483598223681477,,37.0
e863c8fa93dd,Donald Trump,trump_278t_2026_05_08_equity,2877,ALBERTSON$ CO SHS CL A CLASS A,sale,2026-01-12,2026-05-12,1001.0,15000.0,equity,ACI,trump_278t_2026_05_08_equity.pdf,16.897537231445312,15.920000076293945,120,0.057850865588402356,-0.03894477614711984,-0.08040205279593705,,
7ea677eb3eeb,Donald Trump,trump_278t_2026_05_08_equity,2878,DXP ENTERPRISES INC,sale,2026-03-30,2026-05-12,1001.0,15000.0,equity,DXPE,trump_278t_2026_05_08_equity.pdf,135.74000549316406,143.7899932861328,43,-0.05930446049211448,-0.017177838069635222,0.023784674376747042,,26.0
0aec2a6782a0,Donald Trump,trump_278t_2026_05_08_equity,2714,UNITEDHEALT H GROUP INC,sale,2026-02-12,2026-05-12,1001.0,15000.0,equity,UNH,trump_278t_2026_05_08_equity.pdf,282.17626953125,396.3900146484375,89,-0.4047602773504621,-0.012033575108854416,0.018037851988789204,,31.0
37b6f849325e,Donald Trump,trump_278t_2026_05_08_equity,2715,FISERV INC,purchase,2026-01-23,2026-05-12,1001.0,15000.0,equity,FISV,trump_278t_2026_05_08_equity.pdf,67.55999755859375,54.880001068115234,109,-0.18768497555793054,-0.04573618963882922,0.020954768381915696,,
c1dc93aa9dbe,Donald Trump,trump_278t_2026_05_08_equity,2716,COOPER COS INC PAR,sale,2026-03-17,2026-05-12,1001.0,15000.0,equity,CPS,trump_278t_2026_05_08_equity.pdf,30.34000015258789,28.770000457763672,56,0.051746858501261525,-0.010775094230446163,0.09593327024564025,,70.0
e9539aaeb913,Donald Trump,trump_278t_2026_05_08_equity,2720,INTUITIVE SURGICAL INC,purchase,2026-03-18,2026-05-12,1001.0,15000.0,equity,ISRG,trump_278t_2026_05_08_equity.pdf,477.7300109863281,431.8699951171875,55,-0.09599567708643086,0.0009261905226266925,0.022483598223681477,,
7dd411724210,Donald Trump,trump_278t_2026_05_08_equity,2721,SALESFORCE INC,purchase,2026-03-17,2026-05-12,1001.0,15000.0,equity,CRM,trump_278t_2026_05_08_equity.pdf,194.82275390625,171.30999755859375,56,-0.1206879375032895,-0.031930426120239726,0.047341081816183385,,
175f8cfe9e5d,Donald Trump,trump_278t_2026_05_08_equity,2723,CACTUS INC CLASS A,sale,2026-03-30,2026-05-12,1001.0,15000.0,equity,WHD,trump_278t_2026_05_08_equity.pdf,46.70000076293945,57.22999954223633,43,-0.22548176889224705,0.020269087134205156,-0.06237986586369833,,
618892f440a4,Donald Trump,trump_278t_2026_05_08_equity,2724,CROWN CASTLE INC REIT REIT,sale,2026-03-11,2026-05-12,1001.0,15000.0,reit,CCI,trump_278t_2026_05_08_equity.pdf,86.4791030883789,91.5,62,-0.05805907707541666,0.020546418070141736,-0.00918028784579918,,49.0
e356c9dd02ad,Donald Trump,trump_278t_2026_05_08_equity,2725,BROWN & BROWN INC,sale,2026-02-23,2026-05-12,1001.0,15000.0,equity,BRO,trump_278t_2026_05_08_equity.pdf,68.95785522460938,55.77000045776367,78,0.191245141309721,0.024923783005903442,-0.041599420401318185,,11.0
d5ba03dc586a,Donald Trump,trump_278t_2026_05_08_equity,2726,RED ROCK RESORTS INC CLASS A,sale,2026-02-26,2026-05-12,1001.0,15000.0,equity,RRR,trump_278t_2026_05_08_equity.pdf,62.23896408081055,53.029998779296875,75,0.14796141673497054,0.03752588929997174,0.02715441561109682,,
0d75b463bd2c,Donald Trump,trump_278t_2026_05_08_equity,2726,AMERICAN TOWER CORP NEW REIT,purchase,2026-01-12,2026-05-12,1001.0,15000.0,reit,AMT,trump_278t_2026_05_08_equity.pdf,169.83309936523438,178.82000732421875,120,0.05291611583709952,-0.027681534527936674,0.023375419441754638,,
9da526bbdb29,Donald Trump,trump_278t_2026_05_08_equity,2729,JACK IN THE BOX INC,sale,2026-03-01,2026-05-12,1001.0,15000.0,equity,JACK,trump_278t_2026_05_08_equity.pdf,15.420000076293945,13.569999694824219,72,0.11997408380781001,0.057479716323699984,0.1569639028992262,,
e4d3b639aa2f,Donald Trump,trump_278t_2026_05_08_equity,2731,PALANTIR TECHNOLOGIES IN CLASS A,sale,2026-01-23,2026-05-12,1001.0,15000.0,equity,PLTR,trump_278t_2026_05_08_equity.pdf,169.60000610351562,136.0,109,0.19811323640523815,0.04374997756060432,0.00544121686150046,,16.0
ea96d50b0351,Donald Trump,trump_278t_2026_05_08_equity,2732,PEPSICO INC,sale,2026-01-12,2026-05-12,1001.0,15000.0,equity,PEP,trump_278t_2026_05_08_equity.pdf,140.10826110839844,151.85000610351562,120,-0.08380480138878377,0.016990462478453306,0.00974653228080351,,
c9a105b5cde3,Donald Trump,trump_278t_2026_05_08_equity,2734,PALANTIR TECHNOLOGIES IN CLASS A,sale,2026-02-12,2026-05-12,1001.0,15000.0,equity,PLTR,trump_278t_2026_05_08_equity.pdf,129.1300048828125,136.0,89,-0.05320215950910966,0.04374997756060432,0.00544121686150046,,
966b998df474,Donald Trump,trump_278t_2026_05_08_equity,2735,AMERICAN TOWER CORP NEW REIT,sale,2026-03-21,2026-05-12,1001.0,15000.0,reit,AMT,trump_278t_2026_05_08_equity.pdf,174.75392150878906,178.82000732421875,52,-0.023267493972804427,0.027681534527936674,-0.023375419441754638,,37.0
b299558686b2,Donald Trump,trump_278t_2026_05_08_equity,2736,MANPOWERGROUP INC WIS,sale,2026-02-21,2026-05-12,1001.0,15000.0,equity,MAN,trump_278t_2026_05_08_equity.pdf,26.1299991607666,28.040000915527344,80,-0.07309612767338132,0.06990017574271637,0.02853071035265814,,
8f2f1cd8e095,Donald Trump,trump_278t_2026_05_08_equity,2710,AMAZON.COM INC,sale,2026-02-12,2026-05-12,1001.0,15000.0,equity,AMZN,trump_278t_2026_05_08_equity.pdf,199.60000610351562,265.82000732421875,89,-0.33176352302494627,-0.016213969753363512,0.02437743889768426,,34.0
d4d0a485963a,Donald Trump,trump_278t_2026_05_08_equity,2879,PAYCHEX INC,sale,2026-02-12,2026-05-12,,,equity,PAYX,trump_278t_2026_05_08_equity.pdf,91.29574584960938,92.5199966430664,89,-0.013409724429807804,0.02810201652029504,-0.02118468206855554,,22.0
bd7a75330d08,Donald Trump,trump_278t_2026_05_08_equity,2882,SYNOPSYS INC,sale,2026-02-19,2026-05-12,1001.0,15000.0,equity,SNPS,trump_278t_2026_05_08_equity.pdf,442.44000244140625,513.2100219726562,82,-0.15995393531492963,0.0076577288538780056,0.03768442942935979,,44.0
60889a36da0a,Donald Trump,trump_278t_2026_05_08_equity,2683,DOORDASH INC CLASS A,sale,2026-03-21,2026-05-12,1001.0,15000.0,equity,DASH,trump_278t_2026_05_08_equity.pdf,159.97999572753906,155.19000244140625,52,0.029941201488032417,0.039435498556024406,0.0034796606509865952,,37.0
014829963468,Donald Trump,trump_278t_2026_05_08_equity,21584,FLUTTER ENTMT PLC F,sale,2026-03-17,2026-05-12,1001.0,15000.0,equity,FLUT,trump_278t_2026_05_08_equity.pdf,109.25,95.95999908447266,56,0.12164760563411756,0.00989992660802252,-0.016048363174448303,,55.0
52dd12712473,Donald Trump,trump_278t_2026_05_08_equity,2885,CONAGRA BRANDS INC,sale,2026-03-21,2026-05-12,1001.0,15000.0,equity,CAG,trump_278t_2026_05_08_equity.pdf,15.079747200012207,14.0,52,0.07160247354884922,-0.0064285823277064735,0.004999978201729911,,38.0
df49720b1868,Donald Trump,trump_278t_2026_05_08_equity,2887,TESLA INC,sale,2026-01-23,2026-05-12,1001.0,15000.0,equity,TSLA,trump_278t_2026_05_08_equity.pdf,449.05999755859375,433.45001220703125,109,0.03476146937253233,-0.027269526989873474,0.06768952827126673,,311.0
56076576a49d,Donald Trump,trump_278t_2026_05_08_equity,2888,WORKDAY INC CLASS A,sale,2026-03-17,2026-05-12,1001.0,15000.0,equity,WDAY,trump_278t_2026_05_08_equity.pdf,135.1699981689453,118.62000274658203,56,0.12243837868280423,0.017872219672015795,-0.09037256232585515,,53.0
d91a343ae0c4,Donald Trump,trump_278t_2026_05_08_equity,2889,PAPA JOHNS INTL INC,purchase,2026-03-30,2026-05-12,1001.0,15000.0,equity,PZZA,trump_278t_2026_05_08_equity.pdf,31.96099281311035,33.61874008178711,43,0.05186782771018153,-0.04021127542862771,-0.007993803664629475,,
ed7693e6d8dd,Donald Trump,trump_278t_2026_05_08_equity,2890,AMAZON.COM INC,sale,2026-02-23,2026-05-12,1001.0,15000.0,equity,AMZN,trump_278t_2026_05_08_equity.pdf,205.27000427246094,265.82000732421875,78,-0.29497735563637445,-0.016213969753363512,0.02437743889768426,,31.0
fd623b9ceea9,Donald Trump,trump_278t_2026_05_08_equity,2891,ORACLE CORP,sale,2026-01-21,2026-05-12,1001.0,15000.0,equity,ORCL,trump_278t_2026_05_08_equity.pdf,173.2748260498047,186.8300018310547,111,-0.07822934288996955,-0.015682666847216344,0.028742680857239626,,15.0
80e3f4b4df45,Donald Trump,trump_278t_2026_05_08_equity,2692,DYNATRACE INC,sale,2026-02-23,2026-05-12,1001.0,15000.0,equity,DT,trump_278t_2026_05_08_equity.pdf,33.63999938964844,39.209999084472656,78,-0.16557668834376366,0.11425655819539228,-0.0191277739737822,,33.0
be01e42e33b2,Donald Trump,trump_278t_2026_05_08_equity,2744,COGNIZANT TECHNOLOGY SOLUTIONS CORP CL A,sale,2026-02-11,2026-05-12,1001.0,15000.0,equity,CTSH,trump_278t_2026_05_08_equity.pdf,70.05699920654297,47.39579772949219,90,0.32346805792010486,0.036874088697482495,-0.0735129168731132,,
106f8e425f8d,Donald Trump,trump_278t_2026_05_08_equity,2697,KINDER MORGAN INC DEL,sale,2026-01-12,2026-05-12,1001.0,15000.0,equity,KMI,trump_278t_2026_05_08_equity.pdf,26.417068481445312,32.45000076293945,120,-0.22837251172405906,-0.011094009303158863,-0.0573189696955519,,
acd686b12b67,Donald Trump,trump_278t_2026_05_08_equity,2698,S&P GLOBAL INC,purchase,2026-02-12,2026-05-12,1001.0,15000.0,equity,SPGI,trump_278t_2026_05_08_equity.pdf,395.3585510253906,423.1849365234375,89,0.07038265752916475,-0.041539998344261496,-0.03246343601508164,,
253ee8ffb510,Donald Trump,trump_278t_2026_05_08_equity,2700,CORECIVIC INC,purchase,2026-02-26,2026-05-12,1001.0,15000.0,equity,CXW,trump_278t_2026_05_08_equity.pdf,17.479999542236328,19.600000381469727,75,0.12128151571805895,0.05102040717026833,0.07193876632498203,,
ecedc6b6f5ed,Donald Trump,trump_278t_2026_05_08_equity,2701,MARSH & MCLENNAN COS INC,sale,2026-02-23,2026-05-12,1001.0,15000.0,equity,MRSH,trump_278t_2026_05_08_equity.pdf,176.08396911621094,163.38999938964844,78,0.0720904338440077,0.02601138390278529,-0.016402521234969197,,
560493e1a182,Donald Trump,trump_278t_2026_05_08_equity,2705,PAPA JOHNS INTL INC,sale,2026-01-02,2026-05-12,1001.0,15000.0,equity,PZZA,trump_278t_2026_05_08_equity.pdf,39.2387580871582,33.61874008178711,130,0.1432261946947392,0.04021127542862771,0.007993803664629475,,
fcd350b3e97b,Donald Trump,trump_278t_2026_05_08_equity,2706,PAYCHEX INC,purchase,2026-01-23,2026-05-12,1001.0,15000.0,equity,PAYX,trump_278t_2026_05_08_equity.pdf,104.19246673583984,92.5199966430664,109,-0.1120279657296795,-0.02810201652029504,0.02118468206855554,,
ff680b8ee6cf,Donald Trump,trump_278t_2026_05_08_equity,2707,PAYPAL HLDGS INC,purchase,2026-01-23,2026-05-12,1001.0,15000.0,equity,PYPL,trump_278t_2026_05_08_equity.pdf,56.44908905029297,45.439998626708984,109,-0.19502689252922226,-0.004621458864860568,-0.03543126858080413,,
2e7442c04fa2,Donald Trump,trump_278t_2026_05_08_equity,2694,TRANSDIGM GROUP INC,sale,2026-03-21,2026-05-12,1001.0,15000.0,equity,TDG,trump_278t_2026_05_08_equity.pdf,1152.969970703125,1191.18994140625,52,-0.033149146703115785,-0.0085713307784979,0.010166292486709676,,74.0
f155bb65c1c8,Donald Trump,trump_278t_2026_05_08_equity,2895,SHOE CARNIVAL INC,sale,2026-03-30,2026-05-12,1001.0,15000.0,equity,SCVL,trump_278t_2026_05_08_equity.pdf,15.21658706665039,16.299999237060547,43,-0.07119941979529885,0.014110402024644818,0.059509163113888375,,
b41fcdb37cc1,Donald Trump,trump_278t_2026_05_08_equity,2987,CLEANSPARK INC,sale,2026-03-30,2026-05-12,15001.0,50000.0,equity,CLSK,trump_278t_2026_05_08_equity.pdf,8.180000305175781,13.470000267028809,43,-0.6466992377134575,0.012620643869626564,-0.09057158791160126,,
a18260ca4c76,Donald Trump,trump_278t_2026_05_08_equity,3050,T-MOBILE US INC,sale,2026-01-18,2026-05-12,15001.0,50000.0,equity,TMUS,trump_278t_2026_05_08_equity.pdf,181.7848358154297,192.25685119628906,114,-0.057606649827996945,0.015623411426183625,-0.0006208062147289489,,6.0
cd83a7b169e7,Donald Trump,trump_278t_2026_05_08_equity,3051,ANGI INC ClASS A,sale,2026-03-23,2026-05-12,15001.0,50000.0,equity,ANGI,trump_278t_2026_05_08_equity.pdf,7.480000019073486,5.179999828338623,50,0.3074866557312862,0.05405400429540081,-0.0038610003068143437,,
8fe333be966c,Donald Trump,trump_278t_2026_05_08_equity,3052,INVITATION HOMES INC,sale,2026-01-21,2026-05-12,15001.0,50000.0,equity,INVH,trump_278t_2026_05_08_equity.pdf,27.168542861938477,28.459999084472656,111,-0.047534982980019645,-0.0,-0.007027433920353515,,
afaab4c41887,Donald Trump,trump_278t_2026_05_08_equity,3053,BLOOMIN BRANDS INC,sale,2026-03-23,2026-05-12,15001.0,50000.0,equity,BLMN,trump_278t_2026_05_08_equity.pdf,5.590000152587891,8.319999694824219,50,-0.48837199780262525,0.004807687899064574,0.08533648886447645,,25.0
058911c06b82,Donald Trump,trump_278t_2026_05_08_equity,3054,GRAND CANYON ED INC,sale,2026-01-21,2026-05-12,15001.0,50000.0,equity,LOPE,trump_278t_2026_05_08_equity.pdf,180.47999572753906,161.2100067138672,111,0.10677077498806428,0.0029154593457547183,0.010607323631604897,,
e1ae356abc3e,Donald Trump,trump_278t_2026_05_08_equity,3056,AGILYSYS INC,purchase,2026-02-28,2026-05-12,15001.0,50000.0,equity,AGYS,trump_278t_2026_05_08_equity.pdf,73.5,69.23999786376953,73,-0.05795921273782951,-0.05314847514028269,0.14009250255497677,,
086537eac538,Donald Trump,trump_278t_2026_05_08_equity,3057,COPARTINC,purchase,2026-02-12,2026-05-12,15001.0,50000.0,equity,CPRT,trump_278t_2026_05_08_equity.pdf,36.720001220703125,33.439998626708984,89,-0.08932468640945579,-0.014952153724092655,-0.00956936925734891,,
6df221be600d,Donald Trump,trump_278t_2026_05_08_equity,3058,MAPLEBEAR INC,purchase,2026-01-21,2026-05-12,15001.0,50000.0,equity,CART,trump_278t_2026_05_08_equity.pdf,39.0,39.060001373291016,111,0.0015384967510516827,0.02278544184222721,0.04915509732311979,,
c2da756fcb00,Donald Trump,trump_278t_2026_05_08_equity,3061,BUILDERS FIRSTSOURCE INC,sale,2026-01-18,2026-05-12,15001.0,50000.0,equity,BLDR,trump_278t_2026_05_08_equity.pdf,122.5199966430664,72.77999877929688,114,0.4059745284573871,0.006320405223797673,0.08779883892312111,,
9b8de7fe5595,Donald Trump,trump_278t_2026_05_08_equity,3063,PINTEREST INC CLASS A,sale,2026-03-18,2026-05-12,15001.0,50000.0,equity,PINS,trump_278t_2026_05_08_equity.pdf,18.770000457763672,20.559999465942383,55,-0.09536488889313421,0.05885209707699742,0.08365755632453538,,34.0
a90c5a6ed668,Donald Trump,trump_278t_2026_05_08_equity,3064,AMERISAFE INC,sale,2026-02-26,2026-05-12,15001.0,50000.0,equity,AMSF,trump_278t_2026_05_08_equity.pdf,33.211158752441406,30.309999465942383,75,0.08735495524635238,0.004288985914126267,-0.03464207069977042,,31.0
8a84bb9caece,Donald Trump,trump_278t_2026_05_08_equity,3067,BOOZ ALLEN HAMILTON HLDG CLASS A,purchase,2026-01-18,2026-05-12,15001.0,50000.0,equity,BAH,trump_278t_2026_05_08_equity.pdf,92.7524185180664,75.43000030517578,114,-0.18675974696569822,-0.0509081791296462,0.02081399560482953,,
d0d0932dda06,Donald Trump,trump_278t_2026_05_08_equity,3068,AMENTUM HLDGS INC EQUITY,sale,2026-03-30,2026-05-12,15001.0,50000.0,equity,AMTM,trump_278t_2026_05_08_equity.pdf,25.170000076293945,24.309999465942383,43,0.03416768405819528,0.04771698366498264,0.06910737729671339,,26.0
cfbc269eb543,Donald Trump,trump_278t_2026_05_08_equity,3069,WORLD KINECT CORP,sale,2026-03-30,2026-05-12,15001.0,50000.0,equity,WKC,trump_278t_2026_05_08_equity.pdf,23.059999465942383,27.389999389648438,43,-0.18777103313038185,0.0003651051151762839,-0.04308142867727632,,26.0
f2f36b304c4f,Donald Trump,trump_278t_2026_05_08_equity,3070,MOTOROLA SOLUTIONS INC,sale,2026-01-21,2026-05-12,15001.0,50000.0,equity,MSI,trump_278t_2026_05_08_equity.pdf,393.9092102050781,391.3900146484375,111,0.006395371043314967,-0.016607475297596864,-0.018753662748610768,,10.0
a31758ad34e8,Donald Trump,trump_278t_2026_05_08_equity,3073,INSULET CORP,sale,2025-03-16,2026-05-12,15001.0,50000.0,equity,PODD,trump_278t_2026_05_08_equity.pdf,261.6300048828125,158.35000610351562,422,0.39475594103037737,0.060056895478792546,0.023618600246337648,,
0d66ec867da5,Donald Trump,trump_278t_2026_05_08_equity,3048,ITRON INC EQUITY ClASS EQUITY,purchase,2026-02-26,2026-05-12,15001.0,50000.0,equity,ITRI,trump_278t_2026_05_08_equity.pdf,96.08000183105469,81.26000213623047,75,-0.15424645516642926,0.011813919015941454,-0.03987208230357009,,
328f4d0d7f83,Donald Trump,trump_278t_2026_05_08_equity,3074,VERICEL CORP,sale,2026-03-30,2026-05-12,15001.0,50000.0,equity,VCEL,trump_278t_2026_05_08_equity.pdf,30.549999237060547,32.939998626708984,43,-0.07823238786693985,0.0030357765115391123,-0.04705534658101084,,
5c47df407950,Donald Trump,trump_278t_2026_05_08_equity,3045,JETBLUE AWYS CORP EQUITY CLASS EQUITY,purchase,2026-03-30,2026-05-12,15001.0,50000.0,equity,JBLU,trump_278t_2026_05_08_equity.pdf,4.119999885559082,4.730000019073486,43,0.1480582889461968,-0.006342539045956718,-0.07399575120955844,,
849642a63965,Donald Trump,trump_278t_2026_05_08_equity,3020,BANCFIRST CORP,sale,2026-03-30,2026-05-12,15001.0,50000.0,equity,BANF,trump_278t_2026_05_08_equity.pdf,107.43000030517578,109.97000122070312,43,-0.023643311070575983,0.014276617963050893,0.015731593504864857,,26.0
f16b82f163dd,Donald Trump,trump_278t_2026_05_08_equity,3021,ST STR SPDR S&P GLOBAL NAT RES ETF,sale,2026-03-04,2026-05-12,15001.0,50000.0,etf,SCIO,trump_278t_2026_05_08_equity.pdf,20.583879470825195,20.574630737304688,69,0.0004493192613965999,-0.00048382168514935343,0.0062892183874118475,,
36757af569b7,Donald Trump,trump_278t_2026_05_08_equity,3022,GUIDEWIRE SOFlWARE INC,purchase,2026-02-12,2026-05-12,15001.0,50000.0,equity,GWRE,trump_278t_2026_05_08_equity.pdf,125.33999633789062,131.3800048828125,89,0.04818899570285023,-0.04399456685853391,0.06568723780853228,,
fed0cbb103fb,Donald Trump,trump_278t_2026_05_08_equity,3023,TESLA INC,sale,2026-02-19,2026-05-12,15001.0,50000.0,equity,TSLA,trump_278t_2026_05_08_equity.pdf,411.7099914550781,433.45001220703125,82,-0.05280420976697426,-0.027269526989873474,0.06768952827126673,,
dac0c7f33a82,Donald Trump,trump_278t_2026_05_08_equity,3025,SHUTTERSTOCK INC MERGER ELECTION EXP: 03/31/26,sale,2026-03-30,2026-05-12,15001.0,50000.0,equity,SSTK,trump_278t_2026_05_08_equity.pdf,16.34000015258789,16.059999465942383,43,0.017135904775445302,-0.007472032579320944,0.03673718670817862,,
31c67873844e,Donald Trump,trump_278t_2026_05_08_equity,3028,PAYCOM SOFlWARE INC,sale,2026-03-18,2026-05-12,15001.0,50000.0,equity,PAYC,trump_278t_2026_05_08_equity.pdf,124.1512222290039,137.22555541992188,55,-0.1053097420724673,0.01962223961311273,-0.025944673394850827,,34.0
48a53c026cca,Donald Trump,trump_278t_2026_05_08_equity,3030,JOHNSON CONTROLS INTl PLC,purchase,2026-01-22,2026-05-12,15001.0,50000.0,equity,JCI,trump_278t_2026_05_08_equity.pdf,114.15809631347656,141.0399932861328,110,0.2354795484574211,0.019568986791042103,-0.03984681923364827,,
f7308d599302,Donald Trump,trump_278t_2026_05_08_equity,3031,PROCORE TECHNOLOGIES INC,sale,2026-02-12,2026-05-12,15001.0,50000.0,equity,PCOR,trump_278t_2026_05_08_equity.pdf,47.880001068115234,48.09000015258789,89,-0.004385945693148723,0.04366809040253425,0.014971952971898237,,20.0
9a56bc5c9d07,Donald Trump,trump_278t_2026_05_08_equity,3040,VIASAT INC,purchase,2026-03-30,2026-05-12,15001.0,50000.0,equity,VSAT,trump_278t_2026_05_08_equity.pdf,43.720001220703125,70.98999786376953,43,0.623741900312505,-0.005775405621248644,-0.0005634725557268769,,
0b81603d8982,Donald Trump,trump_278t_2026_05_08_equity,3041,DOXIMITY INC ClASSA,purchase,2026-01-18,2026-05-12,15001.0,50000.0,equity,DOCS,trump_278t_2026_05_08_equity.pdf,41.099998474121094,26.450000762939453,114,-0.3564476461089437,-0.11569002967964187,-0.271833660743478,,
bcf9db79b034,Donald Trump,trump_278t_2026_05_08_equity,3043,EVERTEC INC F,sale,2026-03-30,2026-05-12,15001.0,50000.0,equity,EVTC,trump_278t_2026_05_08_equity.pdf,27.861858367919922,23.969999313354492,43,0.1396841159398939,0.01752190606279864,-0.013767206222746976,,46.0
d54fdd49d6a4,Donald Trump,trump_278t_2026_05_08_equity,3019,RINGCENTRAL INC CLASS A,sale,2026-03-30,2026-05-12,15001.0,50000.0,equity,RNG,trump_278t_2026_05_08_equity.pdf,36.220001220703125,41.869998931884766,43,-0.15599109665275598,0.07499401647362525,-0.01719611270767984,,46.0
5732fddd3029,Donald Trump,trump_278t_2026_05_08_equity,3109,EXELON CORP,sale,2026-01-12,2026-05-12,15001.0,50000.0,equity,EXC,trump_278t_2026_05_08_equity.pdf,42.53578186035156,44.97999954223633,120,-0.05746262499439487,0.0157847730479847,0.008003570787356746,,
92ae711de047,Donald Trump,trump_278t_2026_05_08_equity,3111,EXPAND ENERGY CORP,sale,2026-03-17,2026-05-12,15001.0,50000.0,equity,EXE,trump_278t_2026_05_08_equity.pdf,105.7603759765625,95.85031127929688,56,0.09370300176941304,0.008088723879059723,-0.052578734936671055,,65.0
d7eded52f3ba,Donald Trump,trump_278t_2026_05_08_equity,3115,ALKERMES PLC F,sale,2026-01-26,2026-05-12,15001.0,50000.0,equity,ALKS,trump_278t_2026_05_08_equity.pdf,33.11000061035156,38.290000915527344,106,-0.1564482092928835,-0.016192189006538883,0.033690281657951675,,0.0
113b2713eec7,Donald Trump,trump_278t_2026_05_08_equity,3119,JPMORGAN CHASE & CO.,sale,2026-03-18,2026-05-12,15001.0,50000.0,equity,JPM,trump_278t_2026_05_08_equity.pdf,286.27490234375,304.8800048828125,55,-0.06499033756274615,0.015186318579967705,0.030110182789159255,,60.0
a8628619bb28,Donald Trump,trump_278t_2026_05_08_equity,3126,NAVIENT CORP,purchase,2026-02-26,2026-05-12,15001.0,50000.0,equity,NAVI,trump_278t_2026_05_08_equity.pdf,8.821962356567383,8.319999694824219,75,-0.05689920693999393,-0.05168267357102444,-0.008413425167282735,,
58cd672e3791,Donald Trump,trump_278t_2026_05_08_equity,3128,AURORA INNOVATION INC CLASS A,sale,2026-03-18,2026-05-12,15001.0,50000.0,equity,AUR,trump_278t_2026_05_08_equity.pdf,4.059999942779541,7.21999979019165,55,-0.7783250965389725,-0.16343488402058537,0.03878112757725703,,34.0
358d57bda8d7,Donald Trump,trump_278t_2026_05_08_equity,3129,Walmart Inc Com Solldled Order Dlaaotton Exercised,sale,2026-03-06,2026-05-12,15001.0,50000.0,equity,WMT,trump_278t_2026_05_08_equity.pdf,123.31112670898438,130.35000610351562,67,-0.05708227296587017,-0.008592213768659677,-0.029535793359834188,,54.0
8378dfa25ff3,Donald Trump,trump_278t_2026_05_08_equity,3133,AMNEAL PHARMACEUTICALS I CLASS A,purchase,2026-03-30,2026-05-12,15001.0,50000.0,equity,AMRX,trump_278t_2026_05_08_equity.pdf,11.949999809265137,12.600000381469727,43,0.0543933541907363,-0.016666669189614517,-0.06269840777265737,,
30af7ad7b920,Donald Trump,trump_278t_2026_05_08_equity,3076,BOOT BARN HLDGS INC,sale,2026-03-30,2026-05-12,15001.0,50000.0,equity,BOOT,trump_278t_2026_05_08_equity.pdf,139.94000244140625,144.8000030517578,43,-0.034729173399768054,-0.00303869082964711,0.022513879122362523,,
518252991641,Donald Trump,trump_278t_2026_05_08_equity,3107,EXTREME NElWORKS INC,sale,2026-01-26,2026-05-12,15001.0,,equity,EXTR,trump_278t_2026_05_08_equity.pdf,15.199999809265137,22.790000915527344,106,-0.4993421843094849,0.0008775979359458959,-0.03290916936686071,,
ba08eef26218,Donald Trump,trump_278t_2026_05_08_equity,3105,HEALTHSTREAM INC,sale,2026-01-26,2026-05-12,15001.0,50000.0,equity,HSTM,trump_278t_2026_05_08_equity.pdf,21.742116928100586,23.32398223876953,106,-0.07275580919282355,0.020119910203096312,-0.047419778281592384,,0.0
605fa9714dc1,Donald Trump,trump_278t_2026_05_08_equity,3078,SPRINKLR INC CLASS A,purchase,2026-03-30,2026-05-12,15001.0,50000.0,equity,CXM,trump_278t_2026_05_08_equity.pdf,5.940000057220459,5.059999942779541,43,-0.14814816598717373,-0.03359685340244519,0.04347831413372682,,
f8f6377be80b,Donald Trump,trump_278t_2026_05_08_equity,3081,CATERPILLAR INC,sale,2026-01-22,2026-05-12,15001.0,50000.0,equity,CAT,trump_278t_2026_05_08_equity.pdf,647.1778564453125,912.1400146484375,110,-0.40941165641614424,0.010787846928589525,0.056997817658962474,,
2874ceaa1c5f,Donald Trump,trump_278t_2026_05_08_equity,3084,ROKU INC CLASS A,purchase,2026-02-12,2026-05-12,15001.0,50000.0,equity,ROKU,trump_278t_2026_05_08_equity.pdf,82.93000030517578,127.62999725341797,89,0.5390087638218952,-0.015278515946140287,-0.055237762078495074,,
51a6a3bab8f0,Donald Trump,trump_278t_2026_05_08_equity,3085,ALAMO GROUP INC,purchase,2026-03-30,2026-05-12,15001.0,50000.0,equity,ALG,trump_278t_2026_05_08_equity.pdf,164.00250244140625,151.6300048828125,43,-0.07544090714721939,0.0,-0.011013639221577375,,
f84c75117104,Donald Trump,trump_278t_2026_05_08_equity,3091,MILLERKNOLL INC,sale,2026-03-30,2026-05-12,15001.0,50000.0,equity,MLKN,trump_278t_2026_05_08_equity.pdf,13.929264068603516,14.907970428466797,43,-0.07026260361229564,0.023872675142366944,0.05769229292982279,,
68209b4e2646,Donald Trump,trump_278t_2026_05_08_equity,3094,MICROSOFT CORP,purchase,2025-02-23,2026-05-12,15001.0,50000.0,equity,MSFT,trump_278t_2026_05_08_equity.pdf,400.0641784667969,406.8887023925781,443,0.017058572831827903,-0.0062779903800582754,0.0236653926530322,,
9c4bf8e3a703,Donald Trump,trump_278t_2026_05_08_equity,3096,SCANSOURCE INC,sale,2026-03-30,2026-05-12,15001.0,50000.0,equity,SCSC,trump_278t_2026_05_08_equity.pdf,35.880001068115234,43.5,43,-0.21237454584850274,0.034252912148661996,0.023448286385371768,,26.0
9bc05c0b7d47,Donald Trump,trump_278t_2026_05_08_equity,3097,URBAN OUTFITTERS INC,sale,2026-03-30,2026-05-12,15001.0,50000.0,equity,URBN,trump_278t_2026_05_08_equity.pdf,60.93000030517578,67.01000213623047,43,-0.09978666995900562,0.008953864423124545,-0.027906208887828778,,26.0
720fd38ca442,Donald Trump,trump_278t_2026_05_08_equity,3099,PERRIGO CO PLC F,sale,2026-03-30,2026-05-12,15001.0,50000.0,equity,PRGO,trump_278t_2026_05_08_equity.pdf,9.473601341247559,10.838111877441406,43,-0.1440329276104158,0.01888489715065681,0.04586335936273602,,63.0
ec953a101721,Donald Trump,trump_278t_2026_05_08_equity,3101,- METLIFE INC,sale,2026-02-12,2026-05-12,15001.0,50000.0,equity,MET,trump_278t_2026_05_08_equity.pdf,76.77171325683594,78.63999938964844,89,-0.02433560557079457,0.007121026995677517,-0.030900309308695743,,
7d91236ecc3b,Donald Trump,trump_278t_2026_05_08_equity,3104,OTTER TAIL CORP,sale,2026-03-30,2026-05-12,15001.0,50000.0,equity,OTTR,trump_278t_2026_05_08_equity.pdf,85.18052673339844,89.12507629394531,43,-0.04630811421127613,0.004124877309168568,0.02777080111441711,,32.0
4182462af37d,Donald Trump,trump_278t_2026_05_08_equity,3106,GARTNER INC,sale,2026-01-21,2026-05-12,15001.0,50000.0,equity,IT,trump_278t_2026_05_08_equity.pdf,232.44000244140625,152.9600067138672,111,0.3419376823813899,0.05557008124287301,-0.007714386924606961,,15.0
370ee343beab,Donald Trump,trump_278t_2026_05_08_equity,2932,AT&T INC,purchase,2026-01-12,2026-05-12,15001.0,50000.0,equity,T,trump_278t_2026_05_08_equity.pdf,23.494108200073242,25.229999542236328,120,0.0738862410686299,-0.019421315101408505,-0.009908838863888485,,
4f8c965b9181,Donald Trump,trump_278t_2026_05_08_equity,2933,TANDEM DIABETES CARE INC,sale,2026-03-30,2026-05-12,15001.0,50000.0,equity,TNDM,trump_278t_2026_05_08_equity.pdf,19.584999084472656,14.6899995803833,43,0.24993616200728855,0.039482637186768456,0.05650101752313309,,
d43b564e5b9a,Donald Trump,trump_278t_2026_05_08_equity,2934,EXP WORLD HLDGS INC,sale,2026-03-30,2026-05-12,15001.0,50000.0,equity,AGNT,trump_278t_2026_05_08_equity.pdf,5.93080997467041,5.163468360900879,43,0.12938226263305197,0.038350926594424496,0.09491855717343496,,
611968a985eb,Donald Trump,trump_278t_2026_05_08_equity,2936,JBT MAREL CORP,purchase,2026-02-26,2026-05-12,15001.0,50000.0,equity,JBTM,trump_278t_2026_05_08_equity.pdf,157.39474487304688,129.22206115722656,75,-0.17899380146741325,-0.03247760546870434,-0.03263229278364783,,
2e38ba501786,Donald Trump,trump_278t_2026_05_08_equity,2937,PLEXUS CORP,sale,2026-03-01,2026-05-12,15001.0,,equity,PLXS,trump_278t_2026_05_08_equity.pdf,195.0500030517578,264.489990234375,72,-0.35601120787570983,0.00975457169467698,0.05467122382311919,,
f4a0b4974fb3,Donald Trump,trump_278t_2026_05_08_equity,2938,KONTOOR BRANDS INC,purchase,2026-03-01,2026-05-12,15001.0,,equity,KTB,trump_278t_2026_05_08_equity.pdf,64.34906768798828,67.70999908447266,72,0.052229682841415014,-0.0366267281209841,-0.05434943664058745,,
89f50f8eb1ec,Donald Trump,trump_278t_2026_05_08_equity,2940,PENGUIN SOLUTIONS INC DE,purchase,2026-03-01,2026-05-12,15001.0,,equity,PENG,trump_278t_2026_05_08_equity.pdf,20.049999237060547,44.130001068115234,72,1.200997643259011,0.0938137160535821,0.04849307359737699,,
d6c3061f0e2b,Donald Trump,trump_278t_2026_05_08_equity,2943,AUTODESK INC,sale,2026-01-21,2026-05-12,15001.0,,equity,ADSK,trump_278t_2026_05_08_equity.pdf,257.44000244140625,234.8699951171875,111,0.08767094122971708,0.016349454667356184,-0.0395538329205766,,
b1b402c6b0e1,Donald Trump,trump_278t_2026_05_08_equity,2944,SANMINA CORP,sale,2026-03-01,2026-05-12,15001.0,50000.0,equity,SANM,trump_278t_2026_05_08_equity.pdf,142.3000030517578,235.83999633789062,72,-0.6573435789183374,-0.011787647652919479,0.04723541198537009,,
737622fed614,Donald Trump,trump_278t_2026_05_08_equity,2945,UNIVERSAL DISPLAY CORP,sale,2026-03-18,2026-05-12,15001.0,50000.0,equity,OLED,trump_278t_2026_05_08_equity.pdf,95.41000366210938,92.19000244140625,55,0.03374909440425794,0.015186045002750852,0.04968002722383728,,
96484704705b,Donald Trump,trump_278t_2026_05_08_equity,2946,HUMANA INC,purchase,2026-01-21,2026-05-12,15001.0,50000.0,equity,HUM,trump_278t_2026_05_08_equity.pdf,269.3022766113281,295.3500061035156,111,0.09672302002029125,0.03216522703124779,0.05146430125390201,,
12332ba73e5a,Donald Trump,trump_278t_2026_05_08_equity,2947,PATRICK INDS INC,sale,2026-03-01,2026-05-12,15001.0,50000.0,equity,PATK,trump_278t_2026_05_08_equity.pdf,123.17957305908203,93.86199951171875,72,0.23800678001458372,-0.012188645075707081,0.058929517796122474,,
689d9f7c6b01,Donald Trump,trump_278t_2026_05_08_equity,2948,HCI GROUP INC,sale,2026-03-01,2026-05-12,15001.0,50000.0,equity,HCI,trump_278t_2026_05_08_equity.pdf,173.31570434570312,152.81826782226562,72,0.11826646985522103,-0.00358968030068203,-0.018922730461549152,,
ae7c26af29d5,Donald Trump,trump_278t_2026_05_08_equity,2949,GENTHERM INC,sale,2026-03-01,2026-05-12,15001.0,,equity,THRM,trump_278t_2026_05_08_equity.pdf,32.310001373291016,30.299999237060547,72,0.06220990562668413,-0.015181551267455231,0.011221127430657804,,
223b13fabd46,Donald Trump,trump_278t_2026_05_08_equity,2950,WINNEBAGO INDS INC,purchase,2026-03-01,2026-05-12,15001.0,50000.0,equity,WGO,trump_278t_2026_05_08_equity.pdf,38.551124572753906,29.549999237060547,72,-0.23348541541781442,-0.011167510396825345,-0.0456852287301576,,
4568d64822ff,Donald Trump,trump_278t_2026_05_08_equity,2927,CARGURUS INC CLASS A,sale,2026-02-26,2026-05-12,15001.0,50000.0,equity,CARG,trump_278t_2026_05_08_equity.pdf,31.010000228881836,31.56999969482422,75,-0.018058673389522106,0.011086486691575984,0.10072855039327511,,
1948b1156a50,Donald Trump,trump_278t_2026_05_08_equity,2923,LINDSAY CORP,sale,2026-03-30,2026-05-12,15001.0,50000.0,equity,LNN,trump_278t_2026_05_08_equity.pdf,117.2212142944336,107.69444274902344,43,0.08127173569010322,0.0237808526461905,-0.009151424446748258,,63.0
4ef02618c77d,Donald Trump,trump_278t_2026_05_08_equity,2896,CARS COM INC,sale,2026-02-26,2026-05-12,1001.0,15000.0,equity,CARS,trump_278t_2026_05_08_equity.pdf,9.079999923706055,10.550000190734863,75,-0.16189430389651582,0.014218063459024592,0.0720379350845204,,
bcaef427d83c,Donald Trump,trump_278t_2026_05_08_equity,2900,KONTOOR BRANDS INC,purchase,2026-01-26,2026-05-12,1001.0,15000.0,equity,KTB,trump_278t_2026_05_08_equity.pdf,58.06505584716797,67.70999908447266,106,0.16610581177586353,-0.0366267281209841,-0.05434943664058745,,
086d4b4915b5,Donald Trump,trump_278t_2026_05_08_equity,2901,MASTERBRAND INC,purchase,2026-02-26,2026-05-12,1001.0,15000.0,equity,MBC,trump_278t_2026_05_08_equity.pdf,10.630000114440918,7.179999828338623,75,-0.3245531748786577,-0.02646240414526904,-0.055710254609132655,,
00a1ba4e6cf6,Donald Trump,trump_278t_2026_05_08_equity,2902,SAMSARA INC CLASS A,sale,2026-02-12,2026-05-12,1001.0,15000.0,equity,IOT,trump_278t_2026_05_08_equity.pdf,26.670000076293945,28.100000381469727,89,-0.053618309002063325,0.020640566399726102,-0.09572955507258683,,
601797835de5,Donald Trump,trump_278t_2026_05_08_equity,2904,MGE ENERGY INC,sale,2026-01-26,2026-05-12,1001.0,15000.0,equity,MGEE,trump_278t_2026_05_08_equity.pdf,78.75316619873047,75.30000305175781,106,0.04384792781865731,0.005312105042067041,-0.0039840027915679895,,
75087cca3b32,Donald Trump,trump_278t_2026_05_08_equity,2905,MGE ENERGY INC,sale,2026-02-26,2026-05-12,1001.0,15000.0,equity,MGEE,trump_278t_2026_05_08_equity.pdf,81.88500213623047,75.30000305175781,75,0.08041764563329097,0.005312105042067041,-0.0039840027915679895,,
c265a7629c53,Donald Trump,trump_278t_2026_05_08_equity,2910,VARONIS SYS INC,sale,2026-02-12,2026-05-12,1001.0,15000.0,equity,VRNS,trump_278t_2026_05_08_equity.pdf,25.149999618530273,27.84000015258789,89,-0.10695827335423302,0.029813215486958297,-0.06932472322549095,,
5689f9c5e0b2,Donald Trump,trump_278t_2026_05_08_equity,2911,Jacob- SoluUons Inc Com Solldtod Ordor DlscroUon Exorcilod,sale,2026-03-27,2026-05-12,15001.0,50000.0,equity,J,trump_278t_2026_05_08_equity.pdf,125.49259185791016,113.78965759277344,46,0.0932559770411583,0.06027166063299692,0.011038149232988424,,
481afd2ca2d2,Donald Trump,trump_278t_2026_05_08_equity,2912,YELP INC,sale,2026-02-26,2026-05-12,15001.0,50000.0,equity,YELP,trump_278t_2026_05_08_equity.pdf,22.079999923706055,23.09000015258789,75,-0.045742764147270465,0.009961002196465995,0.02165439569925515,,
e6867bbb5e15,Donald Trump,trump_278t_2026_05_08_equity,2914,GIBRALTAR INDS INC,sale,2026-02-26,2026-05-12,,,equity,ROCK,trump_278t_2026_05_08_equity.pdf,49.029998779296875,37.90999984741211,75,0.2267999022790152,-0.008177298194111641,0.10788710548800201,,
2783bd8d0eb0,Donald Trump,trump_278t_2026_05_08_equity,2916,DAVE & BUSTERS ENTMT INC,sale,2026-03-23,2026-05-12,15001.0,50000.0,equity,PLAY,trump_278t_2026_05_08_equity.pdf,11.8100004196167,9.729999542236328,50,0.1761219986009009,-0.027749277540214085,-0.10174725296697601,,25.0
c2aa053f78ed,Donald Trump,trump_278t_2026_05_08_equity,2918,GATES INCL CORP PLC F,purchase,2026-03-30,2026-05-12,15001.0,50000.0,equity,GTES,trump_278t_2026_05_08_equity.pdf,21.040000915527344,25.68000030517578,43,0.22053228078636428,-0.011682287416044724,-0.08683798737287685,,
7a76ecff2abc,Donald Trump,trump_278t_2026_05_08_equity,2921,ICU MED INC,sale,2026-02-26,2026-05-12,15001.0,50000.0,equity,ICUI,trump_278t_2026_05_08_equity.pdf,150.82000732421875,123.2300033569336,75,0.18293331539213326,0.009656758979056653,-0.0034894124276722833,,31.0
af7467307787,Donald Trump,trump_278t_2026_05_08_equity,2922,CHAMPION HOMES INC,sale,2026-03-30,2026-05-12,15001.0,50000.0,equity,SKY,trump_278t_2026_05_08_equity.pdf,72.25,68.97000122070312,43,0.04539790697988754,0.022908537089896545,0.05422644334602207,,26.0
478c6d1c235e,Donald Trump,trump_278t_2026_05_08_equity,2956,HOME DEPOT INC,sale,2026-03-21,2026-05-12,15001.0,,equity,HD,trump_278t_2026_05_08_equity.pdf,330.8999938964844,310.4599914550781,52,0.06177093629019681,0.02547833498621322,0.02583260076792318,,68.0
6c292abe9503,Donald Trump,trump_278t_2026_05_08_equity,2958,LUMEN TECHNOLOGIES INC,purchase,2026-03-01,2026-05-12,15001.0,50000.0,equity,LUMN,trump_278t_2026_05_08_equity.pdf,6.800000190734863,8.670000076293945,72,0.2749999754569117,0.08419833169694409,0.05997687422300843,,
a42882f41416,Donald Trump,trump_278t_2026_05_08_equity,2991,BERKSHIRE HATHAWAY CLASS B,sale,2026-03-26,2026-05-12,15001.0,50000.0,equity,BRK-B,trump_278t_2026_05_08_equity.pdf,475.2699890136719,484.9599914550781,47,-0.02038841640625346,-0.001154729397189093,0.009279115966861847,,62.0
f1783bc365c9,Donald Trump,trump_278t_2026_05_08_equity,2992,COMSTOCK RES INC,sale,2026-02-26,2026-05-12,15001.0,50000.0,equity,CRK,trump_278t_2026_05_08_equity.pdf,18.75,14.720000267028809,75,0.2149333190917969,0.011548918016987195,-0.029211911936212146,,
bdca32ca9d1d,Donald Trump,trump_278t_2026_05_08_equity,2993,EMPLOYERS HLDGS INC,sale,2026-03-30,2026-05-12,15001.0,50000.0,equity,EIG,trump_278t_2026_05_08_equity.pdf,40.751976013183594,40.9900016784668,43,-0.005840837391693593,-0.011222226534191793,-0.05464742064029398,,26.0
fb9d65161759,Donald Trump,trump_278t_2026_05_08_equity,2994,BANNER CORP,sale,2026-03-30,2026-05-12,15001.0,50000.0,equity,BANR,trump_278t_2026_05_08_equity.pdf,59.597801208496094,64.5,43,-0.08225469215473444,0.019224832224291423,0.015658888705941135,,26.0
70e3ef503778,Donald Trump,trump_278t_2026_05_08_equity,2997,UPBOUND GROUP INC,sale,2026-03-30,2026-05-12,15001.0,50000.0,equity,UPBD,trump_278t_2026_05_08_equity.pdf,17.624494552612305,17.959999084472656,43,-0.019036264039164915,0.03786182808968192,0.04955453424370649,,
e0a8558c88e0,Donald Trump,trump_278t_2026_05_08_equity,3001,JPMORGAN CHASE & CO,sale,2026-01-22,2026-05-12,15001.0,50000.0,equity,JPM,trump_278t_2026_05_08_equity.pdf,302.0840148925781,304.8800048828125,110,-0.009255670119548155,0.015186318579967705,0.030110182789159255,,11.0
06b47f8aa7d5,Donald Trump,trump_278t_2026_05_08_equity,3003,EMBECTA CORP,sale,2026-01-26,2026-05-12,15001.0,50000.0,equity,EMBC,trump_278t_2026_05_08_equity.pdf,10.55410099029541,3.3996353149414062,106,0.6778848981957439,0.08504405325888639,0.1495600985868397,,
b870a0fc0a9c,Donald Trump,trump_278t_2026_05_08_equity,3005,ZILLOW GROUP INC CLASS C,sale,2026-01-12,2026-05-12,15001.0,50000.0,equity,ZG,trump_278t_2026_05_08_equity.pdf,67.13999938964844,39.84000015258789,120,0.4066130396967151,0.02409636246977518,0.08584342295541945,,
a71279db8acb,Donald Trump,trump_278t_2026_05_08_equity,3006,FLUTTER ENTMT PLC F,sale,2026-01-12,2026-05-12,15001.0,50000.0,equity,FLUT,trump_278t_2026_05_08_equity.pdf,206.39999389648438,95.95999908447266,120,0.5350775100671786,0.00989992660802252,-0.016048363174448303,,
9865b3bcf15a,Donald Trump,trump_278t_2026_05_08_equity,3007,SPRINKLR INC CLASS A,sale,2026-01-26,2026-05-12,15001.0,50000.0,equity,CXM,trump_278t_2026_05_08_equity.pdf,6.789999961853027,5.059999942779541,106,0.2547864549032133,0.03359685340244519,-0.04347831413372682,,
d2d0d8d611c4,Donald Trump,trump_278t_2026_05_08_equity,3006,SUPER MICRO COMPUTER INC COM NEW,purchase,2026-03-17,2026-05-12,15001.0,50000.0,equity,SMCI,trump_278t_2026_05_08_equity.pdf,31.510000228881836,32.790000915527344,56,0.04062204625032876,-0.024092738440676515,-0.06800858149805565,,
5f8088c8f7ac,Donald Trump,trump_278t_2026_05_08_equity,3009,CHENIERE ENERGY INC,sale,2026-01-12,2026-05-12,15001.0,50000.0,equity,LNG,trump_278t_2026_05_08_equity.pdf,192.484130859375,244.30999755859375,120,-0.2692474775340398,0.020179250644865126,-0.010069201991118661,,
3c897b3c44d8,Donald Trump,trump_278t_2026_05_08_equity,3010,LEIDOS HLDGS INC,sale,2026-01-12,2026-05-12,15001.0,50000.0,equity,LDOS,trump_278t_2026_05_08_equity.pdf,195.11624145507812,128.38999938964844,120,0.34198199784815025,0.032868613137818636,0.018926710154433587,,
24132e88a747,Donald Trump,trump_278t_2026_05_08_equity,3011,AMERICAN ASSETS TR INC REIT,purchase,2026-01-26,2026-05-12,15001.0,50000.0,reit,AAT,trump_278t_2026_05_08_equity.pdf,17.51553726196289,21.1200008392334,106,0.20578664093267848,-0.017518978434227585,0.007102254383040926,,
18d3ffd1ccfc,Donald Trump,trump_278t_2026_05_08_equity,3013,PAYCOM SOFlWARE INC,sale,2026-03-30,2026-05-12,15001.0,50000.0,equity,PAYC,trump_278t_2026_05_08_equity.pdf,120.64080810546875,137.22555541992188,43,-0.13747211722880795,0.01962223961311273,-0.025944673394850827,,46.0
0d5f8ee6f923,Donald Trump,trump_278t_2026_05_08_equity,3014,EMBECTA CORP,purchase,2026-03-30,2026-05-12,15001.0,50000.0,equity,EMBC,trump_278t_2026_05_08_equity.pdf,8.813130378723145,3.3996353149414062,43,-0.614253373222654,-0.08504405325888639,-0.1495600985868397,,
e4173c9c457c,Donald Trump,trump_278t_2026_05_08_equity,2988,STRIDE INC,sale,2026-03-30,2026-05-12,15001.0,50000.0,equity,LRN,trump_278t_2026_05_08_equity.pdf,84.16999816894531,87.41999816894531,43,-0.03861233302484607,-0.008121700976251828,-0.031686162554107,,26.0
a91975bf5f1b,Donald Trump,trump_278t_2026_05_08_equity,2986,LIQUIDITY SVCS INC,sale,2026-03-30,2026-05-12,15001.0,50000.0,equity,LQDT,trump_278t_2026_05_08_equity.pdf,29.780000686645508,33.58000183105469,43,-0.12760245321663963,0.012209756990846999,-0.01161403717636987,,26.0
480011ac4136,Donald Trump,trump_278t_2026_05_08_equity,2959,MARVELL TECHNOLOGY INC,sale,2026-01-21,2026-05-12,15001.0,50000.0,equity,MRVL,trump_278t_2026_05_08_equity.pdf,82.50870513916016,164.5,111,-0.9937290219565603,-0.08176289938141147,-0.0715501779480908,,
da208dc29bcf,Donald Trump,trump_278t_2026_05_08_equity,2961,ENOVA INTL INC,purchase,2026-03-01,2026-05-12,15001.0,50000.0,equity,ENVA,trump_278t_2026_05_08_equity.pdf,141.58999633789062,166.8800048828125,72,0.17861437388959142,-0.02181207624127612,-0.0369726629219483,,
014d58374fc5,Donald Trump,trump_278t_2026_05_08_equity,2964,WINGSTOP INC,purchase,2026-03-18,2026-05-12,15001.0,50000.0,equity,WING,trump_278t_2026_05_08_equity.pdf,190.68789672851562,123.41796875,55,-0.352775027322728,-0.025216175917866752,0.027403094833043203,,
eb48b99ed603,Donald Trump,trump_278t_2026_05_08_equity,2965,COGNIZANT TECHNOLOGY SOL CLASS A,sale,2026-03-18,2026-05-12,15001.0,50000.0,equity,CTSH,trump_278t_2026_05_08_equity.pdf,59.867855072021484,47.39579772949219,55,0.20832644375726034,0.036874088697482495,-0.0735129168731132,,34.0
20e977de6f22,Donald Trump,trump_278t_2026_05_08_equity,2973,ULTRA CLEAN HLDGS INC,sale,2026-03-30,2026-05-12,15001.0,50000.0,equity,UCTT,trump_278t_2026_05_08_equity.pdf,55.88999938964844,82.98999786376953,43,-0.4848809942757017,-0.024581286516913325,0.072418299331704,,26.0
8c0661c99630,Donald Trump,trump_278t_2026_05_08_equity,2981,VISA INC CLASS A,sale,2026-01-21,2026-05-12,15001.0,50000.0,equity,V,trump_278t_2026_05_08_equity.pdf,323.9390563964844,326.4200134277344,111,-0.007658715373343062,0.01871826364131105,-0.010691716472058915,,14.0
9f8779f4c257,Donald Trump,trump_278t_2026_05_08_equity,2982,RADIAN GROUP INC,sale,2026-03-30,2026-05-12,15001.0,50000.0,equity,RDN,trump_278t_2026_05_08_equity.pdf,33.09000015258789,37.20000076293945,43,-0.12420672684796373,0.01424738126678095,-0.00241935889091576,,
5fa2700c3c39,Donald Trump,trump_278t_2026_05_08_equity,2983,KINSALE CAP GROUP INC,sale,2026-03-18,2026-05-12,15001.0,50000.0,equity,KNSL,trump_278t_2026_05_08_equity.pdf,348.0155029296875,302.9423522949219,55,0.1295147780927223,0.009004297954580598,-0.034367820897236424,,56.0
4f8d67a1f42e,Donald Trump,trump_278t_2026_05_08_equity,2984,TELEFLEX INC,sale,2026-03-30,2026-05-12,15001.0,50000.0,equity,TFX,trump_278t_2026_05_08_equity.pdf,114.63374328613281,128.6973876953125,43,-0.12268328684055944,-0.007827668694257457,-0.028753145484776945,,61.0
a82d24b19aca,Donald Trump,trump_278t_2026_05_08_equity,2972,CHEESECAKE FACTORY INC,sale,2026-03-30,2026-05-12,15001.0,50000.0,equity,CAKE,trump_278t_2026_05_08_equity.pdf,54.101505279541016,60.45000076293945,43,-0.11734415614863085,0.06484701297217921,0.0327543344457693,,26.0
1427b0de375f,Donald Trump,trump_278t_2026_05_08_equity,2615,CAL MAINE FOODS INC,purchase,2026-02-26,2026-05-12,1001.0,15000.0,equity,CALM,trump_278t_2026_05_08_equity.pdf,83.4648208618164,78.87999725341797,75,-0.05493121007219352,0.007986877595703785,-0.0039299894699263245,,
abe8973727a7,Donald Trump,trump_278t_2026_05_08_equity,2613,CROWDSTRIKE HLDGS INC CLASS A,purchase,2026-02-12,2026-05-12,1001.0,15000.0,equity,CRWD,trump_278t_2026_05_08_equity.pdf,411.5400085449219,546.1799926757812,89,0.32716134843585365,0.030008449354106608,0.12944452956005584,,
d6bfa18e40c2,Donald Trump,trump_278t_2026_05_08_equity,2261,COSTAR GROUP INC,purchase,2026-03-26,2026-05-12,1001.0,15000.0,equity,CSGP,trump_278t_2026_05_08_equity.pdf,41.29999923706055,33.04999923706055,47,-0.1997578729395439,-0.03267775941413636,0.022692890085122576,,
a7bc2a2beb21,Donald Trump,trump_278t_2026_05_08_equity,2264,GUIDEWIRE SOFlWARE INC,purchase,2026-01-12,2026-05-12,1001.0,15000.0,equity,GWRE,trump_278t_2026_05_08_equity.pdf,180.92999267578125,131.3800048828125,120,-0.27386276349306105,-0.04399456685853391,0.06568723780853228,,
041df03102eb,Donald Trump,trump_278t_2026_05_08_equity,2265,ROCKET LAB CORP Cl.ASS A,purchase,2026-01-21,2026-05-12,1001.0,15000.0,equity,RKLB,trump_278t_2026_05_08_equity.pdf,87.81999969482422,117.55999755859375,111,0.3386472098282448,0.056056516707569636,0.08293637463832412,,
238ed26b6a94,Donald Trump,trump_278t_2026_05_08_equity,2269,ATLASSIAN CORP CLASS A,purchase,2026-01-12,2026-05-12,1001.0,15000.0,equity,TEAM,trump_278t_2026_05_08_equity.pdf,146.44000244140625,85.0,120,-0.4195575076283524,-0.0515293794519761,0.019058855842141544,,
29378b715a21,Donald Trump,trump_278t_2026_05_08_equity,2271,AMERIPRISE FINL INC,purchase,2026-02-12,2026-05-12,1001.0,15000.0,equity,AMP,trump_278t_2026_05_08_equity.pdf,465.5995788574219,470.1199951171875,89,0.00970880659054438,-0.001999494705967429,-0.013528429800092074,,
f20852362276,Donald Trump,trump_278t_2026_05_08_equity,2272,PAYCHEX INC,purchase,2026-03-26,2026-05-12,1001.0,15000.0,equity,PAYX,trump_278t_2026_05_08_equity.pdf,92.40151977539062,92.5199966430664,47,0.001282196093351868,-0.02810201652029504,0.02118468206855554,,
6af20c9dd0ff,Donald Trump,trump_278t_2026_05_08_equity,2273,KINSALE CAP GROUP INC,purchase,2026-03-21,2026-05-12,1001.0,15000.0,equity,KNSL,trump_278t_2026_05_08_equity.pdf,327.78204345703125,302.9423522949219,52,-0.07578112241943355,-0.009004297954580598,0.034367820897236424,,
df8c83f9c00b,Donald Trump,trump_278t_2026_05_08_equity,2277,GEN DIGITAL INC,purchase,2026-01-12,2026-05-12,1001.0,1000.0,equity,GEN,trump_278t_2026_05_08_equity.pdf,26.4859676361084,21.922515869140625,120,-0.17229696228830266,0.0567150977856414,0.10936171012463163,,
a5c08312b1d2,Donald Trump,trump_278t_2026_05_08_equity,2280,SNAP INC CLASS A,purchase,2026-01-21,2026-05-12,1001.0,1000.0,equity,SNAP,trump_278t_2026_05_08_equity.pdf,7.369999885559082,5.550000190734863,111,-0.24694704519471714,0.010810800129287304,0.0,,
62ddb5276a20,Donald Trump,trump_278t_2026_05_08_equity,2281,GITLAB INC CLASS A,purchase,2026-01-21,2026-05-12,1001.0,1000.0,equity,GTLB,trump_278t_2026_05_08_equity.pdf,33.150001525878906,23.079999923706055,111,-0.303770773413437,-0.04462741291379156,0.10311954803440203,,
ee2d02880546,Donald Trump,trump_278t_2026_05_08_equity,2262,RYAN SPECIALTY HOLDINGS CLASS A,purchase,2026-01-12,2026-05-12,1001.0,15000.0,equity,RYAN,trump_278t_2026_05_08_equity.pdf,50.37077331542969,31.510000228881836,120,-0.37443882325249866,-0.03935257893084968,0.07172326919916479,,
2c6fa7f31320,Donald Trump,trump_278t_2026_05_08_equity,2283,COMMVAULT SYS INC,purchase,2026-02-23,2026-05-12,1001.0,15000.0,equity,CVLT,trump_278t_2026_05_08_equity.pdf,85.02999877929688,102.2300033569336,78,0.2022816044285841,-0.023672167845778618,-0.0025433055628754854,,
b81572bcf3cf,Donald Trump,trump_278t_2026_05_08_equity,2284,GENERAL MILLS INC,purchase,2026-02-23,2026-05-12,1001.0,1000.0,equity,GIS,trump_278t_2026_05_08_equity.pdf,44.62675476074219,34.130001068115234,78,-0.23521212216535328,-0.015235875812774708,-0.010547922621891756,,
6bba0a8ec00d,Donald Trump,trump_278t_2026_05_08_equity,2289,CHIPOTLE MEXICAN GRILL I,purchase,2026-02-23,2026-05-12,1001.0,1000.0,equity,CMG,trump_278t_2026_05_08_equity.pdf,36.61000061035156,32.66999816894531,78,-0.10762093350777506,-0.017141034281601505,0.011325459666959511,,
2feee63cd56f,Donald Trump,trump_278t_2026_05_08_equity,2258,SAMSARA INC Cl.ASS A,purchase,2026-01-21,2026-05-12,1001.0,15000.0,equity,IOT,trump_278t_2026_05_08_equity.pdf,31.799999237060547,28.100000381469727,111,-0.1163521680616503,-0.020640566399726102,0.09572955507258683,,
77bf06e9c721,Donald Trump,trump_278t_2026_05_08_equity,2256,KINSALE CAP GROUP INC l,purchase,2026-01-21,2026-05-12,1001.0,15000.0,equity,KNSL,trump_278t_2026_05_08_equity.pdf,404.6376953125,302.9423522949219,111,-0.2513244420766069,-0.009004297954580598,0.034367820897236424,,
4e890fc825f3,Donald Trump,trump_278t_2026_05_08_equity,2224,EXLSERVICE HLDGS INC,purchase,2026-02-12,2026-05-12,1001.0,15000.0,equity,EXLS,trump_278t_2026_05_08_equity.pdf,29.690000534057617,29.729999542236328,89,0.0013472215378651738,-0.08644465975093991,-0.025563412061346696,,
d7fa4a7a2dcf,Donald Trump,trump_278t_2026_05_08_equity,2225,GARTNER INC,purchase,2026-02-23,2026-05-12,1001.0,15000.0,equity,IT,trump_278t_2026_05_08_equity.pdf,144.97000122070312,152.9600067138672,78,0.05511488877619608,-0.05557008124287301,0.007714386924606961,,
b2bc624794e7,Donald Trump,trump_278t_2026_05_08_equity,2226,PHILIP MORRIS INTL INC,purchase,2026-03-26,2026-05-12,1001.0,15000.0,equity,PM,trump_278t_2026_05_08_equity.pdf,162.49000549316406,186.92999267578125,47,0.15040917198839884,0.0052426631612183,0.024822205265290543,,
bb2599b1c770,Donald Trump,trump_278t_2026_05_08_equity,2227,BOSTON SCIENTIFIC CORP,purchase,2026-01-12,2026-05-12,1001.0,15000.0,equity,BSX,trump_278t_2026_05_08_equity.pdf,95.72000122070312,54.099998474121094,120,-0.4348098852466386,-0.019223606842199155,0.05009247644371488,,
4b8fb6372b22,Donald Trump,trump_278t_2026_05_08_equity,2228,ROBLOX CORP CLASS A,purchase,2026-01-28,2026-05-12,1001.0,15000.0,equity,RBLX,trump_278t_2026_05_08_equity.pdf,75.2699966430664,41.540000915527344,104,-0.44812006419354805,0.010110692337233924,0.07005295578422516,,
7071fea45405,Donald Trump,trump_278t_2026_05_08_equity,2232,CBRE GROUP INC CLASS A,purchase,2026-03-28,2026-05-12,1001.0,15000.0,equity,CBRE,trump_278t_2026_05_08_equity.pdf,133.13999938964844,144.05999755859375,45,0.08201891406794115,-0.023670718588777003,-0.11044012169747729,,
c56b094b1765,Donald Trump,trump_278t_2026_05_08_equity,2233,DUOLINGO INC CLASS A,purchase,2026-02-23,2026-05-12,1001.0,15000.0,equity,DUOL,trump_278t_2026_05_08_equity.pdf,106.13500213623047,106.01000213623047,78,-0.001177745300646013,-0.009716052811443703,0.0763135192422164,,
79c74f010a02,Donald Trump,trump_278t_2026_05_08_equity,2234,AURORA INNOVATION INC CLASS A,purchase,2026-02-21,2026-05-12,1001.0,15000.0,equity,AUR,trump_278t_2026_05_08_equity.pdf,4.739999771118164,7.21999979019165,80,0.5232067803430411,0.16343488402058537,-0.03878112757725703,,
9833e9528ba9,Donald Trump,trump_278t_2026_05_08_equity,2235,AXON ENTERPRISE INC,purchase,2026-01-17,2026-05-12,1001.0,15000.0,equity,AXON,trump_278t_2026_05_08_equity.pdf,620.52001953125,393.6600036621094,115,-0.36559661046957687,-0.0427780221034213,-0.0033531659603187763,,
111eeea99108,Donald Trump,trump_278t_2026_05_08_equity,2236,DOXIMITY INC CLASS A,purchase,2026-02-23,2026-05-12,1001.0,15000.0,equity,DOCS,trump_278t_2026_05_08_equity.pdf,23.760000228881836,26.450000762939453,78,0.11321550960204728,-0.11569002967964187,-0.271833660743478,,
b494b5c31b28,Donald Trump,trump_278t_2026_05_08_equity,2238,SANDISK CORP,purchase,2026-02-12,2026-05-12,1001.0,15000.0,equity,SNDK,trump_278t_2026_05_08_equity.pdf,630.2899780273438,1452.02001953125,89,1.3037333134753688,-0.0032988794906879796,-0.04733404467173795,,
12a5c2a2ee02,Donald Trump,trump_278t_2026_05_08_equity,2239,CROWN CASTLE INC REIT REIT,purchase,2026-01-21,2026-05-12,1001.0,15000.0,reit,CCI,trump_278t_2026_05_08_equity.pdf,86.09391784667969,91.5,111,0.06279284633030328,-0.020546418070141736,0.00918028784579918,,
f392bfa075dc,Donald Trump,trump_278t_2026_05_08_equity,2240,CROWN CASTLE INC REIT REIT,purchase,2026-02-12,2026-05-12,1001.0,15000.0,reit,CCI,trump_278t_2026_05_08_equity.pdf,86.72601318359375,91.5,89,0.05504676902765041,-0.020546418070141736,0.00918028784579918,,
1fc07853ec97,Donald Trump,trump_278t_2026_05_08_equity,2241,OMNICOM GROUP INC,purchase,2026-01-21,2026-05-12,1001.0,15000.0,equity,OMC,trump_278t_2026_05_08_equity.pdf,77.8037109375,76.04000091552734,111,-0.022668713364963414,-0.023671791558201472,-0.055365584347500656,,
bc32d4163761,Donald Trump,trump_278t_2026_05_08_equity,2242,PAYPAL HLDGS INC,purchase,2026-01-12,2026-05-12,1001.0,15000.0,equity,PYPL,trump_278t_2026_05_08_equity.pdf,57.117069244384766,45.439998626708984,120,-0.20444099762390672,-0.004621458864860568,-0.03543126858080413,,
bbf94e4da387,Donald Trump,trump_278t_2026_05_08_equity,2243,VEEVA SYS INC Cl.ASS A I,purchase,2026-03-26,2026-05-12,1001.0,15000.0,equity,VEEV,trump_278t_2026_05_08_equity.pdf,178.27999877929688,159.4199981689453,47,-0.10578865121992427,-0.023146421300894577,0.024400949907965822,,
893700d861d1,Donald Trump,trump_278t_2026_05_08_equity,2250,SMURFIT WESTROCK PLC F,purchase,2026-02-12,2026-05-12,1001.0,15000.0,equity,SW,trump_278t_2026_05_08_equity.pdf,50.393558502197266,40.12167739868164,89,-0.2038332161652714,-0.0034501030029787053,-0.11220065457544394,,
e8e58ea25fba,Donald Trump,trump_278t_2026_05_08_equity,2219,SAILPOINT INC,purchase,2026-02-21,2026-05-12,1001.0,15000.0,equity,SAIL,trump_278t_2026_05_08_equity.pdf,12.859999656677246,11.609999656677246,80,-0.09720062467894137,0.017226595077841102,0.24633942247420254,,
187502d98377,Donald Trump,trump_278t_2026_05_08_equity,2290,NUTANIX INC CLASS A,purchase,2026-01-12,2026-05-12,1001.0,1000.0,equity,NTNX,trump_278t_2026_05_08_equity.pdf,53.25,44.400001525878906,120,-0.16619715444358862,0.0022522178082090565,0.08716213511004284,,
db33e0cda816,Donald Trump,trump_278t_2026_05_08_equity,2292,DRAFTKINGS INC NEW CLASS A,purchase,2026-01-21,2026-05-12,1001.0,1000.0,equity,DKNG,trump_278t_2026_05_08_equity.pdf,31.579999923706055,24.610000610351562,111,-0.2207092884798377,0.017066235915381617,0.03778952791998715,,
256c3c3b8136,Donald Trump,trump_278t_2026_05_08_equity,2323,QUALCOMM INC,purchase,2026-03-26,2026-05-12,1001.0,15000.0,equity,QCOM,trump_278t_2026_05_08_equity.pdf,130.5399932861328,210.30999755859375,47,0.6110771286590442,0.013598976004717739,-0.06989680528214866,,
7746accfd45b,Donald Trump,trump_278t_2026_05_08_equity,2324,RYAN SPECIALTY HOLDINGS CLASS A,purchase,2026-01-26,2026-05-12,1001.0,15000.0,equity,RYAN,trump_278t_2026_05_08_equity.pdf,49.84473419189453,31.510000228881836,106,-0.3678369292215864,-0.03935257893084968,0.07172326919916479,,
a0475b9ad4ca,Donald Trump,trump_278t_2026_05_08_equity,2326,HORMEL FOODS CORP,purchase,2026-01-28,2026-05-12,1001.0,15000.0,equity,HRL,trump_278t_2026_05_08_equity.pdf,24.254634857177734,20.18000030517578,104,-0.16799405870239834,-0.013379606227975228,0.010901848861621008,,
c3697f13d2ae,Donald Trump,trump_278t_2026_05_08_equity,2327,SMURFIT WESTROCK PLC F,purchase,2026-03-26,2026-05-12,1001.0,15000.0,equity,SW,trump_278t_2026_05_08_equity.pdf,39.983253479003906,40.12167739868164,47,0.0034620474231899074,-0.0034501030029787053,-0.11220065457544394,,
0a3da23e5947,Donald Trump,trump_278t_2026_05_08_equity,2332,POOL CORP,purchase,2026-03-21,2026-05-12,1001.0,15000.0,equity,POOL,trump_278t_2026_05_08_equity.pdf,203.73841857910156,180.97840881347656,52,-0.11171191925585902,-0.038172601877425945,-0.013473516224009222,,
11e5ec5c6e7e,Donald Trump,trump_278t_2026_05_08_equity,2334,ALTRIA GROUP INC,purchase,2026-03-26,2026-05-12,1001.0,15000.0,equity,MO,trump_278t_2026_05_08_equity.pdf,64.62000274658203,69.88999938964844,47,0.08155364313018625,0.023608549725116917,0.05880670548353594,,
8420338f81b6,Donald Trump,trump_278t_2026_05_08_equity,2335,D R HORTON INC,purchase,2026-03-26,2026-05-12,1001.0,15000.0,equity,DHI,trump_278t_2026_05_08_equity.pdf,135.5498504638672,143.27000427246094,47,0.056954351348780505,-0.017728822985804225,-0.059677551453813114,,
89258127bbc1,Donald Trump,trump_278t_2026_05_08_equity,2337,COREWEAVE INC CLASS A,purchase,2026-03-26,2026-05-12,1001.0,15000.0,equity,CRWV,trump_278t_2026_05_08_equity.pdf,80.44999694824219,107.75,47,0.33934125652386754,0.03303942049738979,-0.07368911778567286,,
ea81c48fd3f5,Donald Trump,trump_278t_2026_05_08_equity,2339,BOEING CO,purchase,2026-02-12,2026-05-12,1001.0,15000.0,equity,BA,trump_278t_2026_05_08_equity.pdf,239.35000610351562,236.8699951171875,89,-0.010361441082460445,0.01574708094405441,-0.09228691290991368,,
2e796e802770,Donald Trump,trump_278t_2026_05_08_equity,2340,BLOOM ENERGY CORP CLASS A,purchase,2026-03-26,2026-05-12,1001.0,15000.0,equity,BE,trump_278t_2026_05_08_equity.pdf,133.52000427246094,280.69000244140625,47,1.1022318263908246,0.03231325392899273,-0.06893728289291286,,
0d9897cad357,Donald Trump,trump_278t_2026_05_08_equity,2341,LUMENTUM HLDGS INC,purchase,2026-03-26,2026-05-12,1001.0,15000.0,equity,LITE,trump_278t_2026_05_08_equity.pdf,688.7999877929688,992.3699951171875,47,0.44072301495955046,0.03829216943979915,-0.10306636513092142,,
f287f549c26e,Donald Trump,trump_278t_2026_05_08_equity,2347,VERSANT MEDIA GROUP INC CL A,sale,2026-02-19,2026-05-12,1001.0,15000.0,equity,VSNT,trump_278t_2026_05_08_equity.pdf,29.735706329345703,40.369998931884766,82,-0.3576270388453576,-0.001733953348434004,-0.04978950184323493,,24.0
56dfa60530dc,Donald Trump,trump_278t_2026_05_08_equity,2346,BROWN & BROWN INC,sale,2026-03-17,2026-05-12,1001.0,15000.0,equity,BRO,trump_278t_2026_05_08_equity.pdf,68.13027954101562,55.77000045776367,56,0.1814212295402494,0.024923783005903442,-0.041599420401318185,,
fb3619009a89,Donald Trump,trump_278t_2026_05_08_equity,2351,FISERV INC,purchase,2026-02-12,2026-05-12,1001.0,15000.0,equity,FISV,trump_278t_2026_05_08_equity.pdf,58.81999969482422,54.880001068115234,89,-0.0669839960413274,-0.04573618963882922,0.020954768381915696,,
c840836ab47c,Donald Trump,trump_278t_2026_05_08_equity,2352,AMERICAN TOWER CORP NEW REIT,sale,2026-01-21,2026-05-12,1001.0,,reit,AMT,trump_278t_2026_05_08_equity.pdf,176.40740966796875,178.82000732421875,111,-0.013676282990555517,0.027681534527936674,-0.023375419441754638,,9.0
9247d35528f1,Donald Trump,trump_278t_2026_05_08_equity,2321,REALTY INCOME CORP REJT,purchase,2026-03-26,2026-05-12,1001.0,15000.0,equity,O,trump_278t_2026_05_08_equity.pdf,59.48351287841797,62.25531005859375,47,0.04659773853372159,-0.016152225852973212,-0.0070365816953286845,,
a9e72d1e3cfb,Donald Trump,trump_278t_2026_05_08_equity,2319,KYNDRYL HLDGS INC,purchase,2026-02-23,2026-05-12,1001.0,15000.0,equity,KD,trump_278t_2026_05_08_equity.pdf,11.40999984741211,11.479999542236328,78,0.006134942660853349,-0.03745639099718118,0.04790942619042318,,
5db61d031bfb,Donald Trump,trump_278t_2026_05_08_equity,2293,RUBRIK INC CLASS A,purchase,2026-02-23,2026-05-12,1001.0,1000.0,equity,RBRK,trump_278t_2026_05_08_equity.pdf,47.2599983215332,60.470001220703125,78,0.279517633692996,-0.0163717820155732,0.06383331457631942,,
e65917029dba,Donald Trump,trump_278t_2026_05_08_equity,2294,DOCUSIGN INC,purchase,2026-01-21,2026-05-12,1001.0,1000.0,equity,DOCU,trump_278t_2026_05_08_equity.pdf,56.029998779296875,45.18000030517578,111,-0.19364623791728827,-0.0024347191148416376,0.09384678696613025,,
63faa2582816,Donald Trump,trump_278t_2026_05_08_equity,2295,CHEVRON CORP NEW,purchase,2026-01-21,2026-05-12,1001.0,1000.0,equity,CVX,trump_278t_2026_05_08_equity.pdf,163.61619567871094,184.26229858398438,111,0.12618618113952287,0.00026896737561542435,0.0704848550996231,,
11b2e65f3ed6,Donald Trump,trump_278t_2026_05_08_equity,2296,EQUIFAX INC,purchase,2026-03-26,2026-05-12,1001.0,1000.0,equity,EFX,trump_278t_2026_05_08_equity.pdf,173.91082763671875,166.1874237060547,47,-0.044410138434838764,-0.04089701658917486,-0.035559984387479905,,
c9ce203077d6,Donald Trump,trump_278t_2026_05_08_equity,2297,TOLL BROS INC,purchase,2026-03-26,2026-05-12,1001.0,1000.0,equity,TOL,trump_278t_2026_05_08_equity.pdf,132.98297119140625,134.4199981689453,47,0.01080609768803186,-0.011456578687028974,-0.07647670673508337,,
0731ac35ab96,Donald Trump,trump_278t_2026_05_08_equity,2298,UNITEDHEALTH GROUP INC,purchase,2026-02-23,2026-05-12,1001.0,1000.0,equity,UNH,trump_278t_2026_05_08_equity.pdf,280.16192626953125,396.3900146484375,78,0.4148603985078558,0.012033575108854416,-0.018037851988789204,,
1a88f111148b,Donald Trump,trump_278t_2026_05_08_equity,2301,KIMBERLY CLARK CORP,purchase,2026-01-26,2026-05-12,1001.0,15000.0,equity,KMB,trump_278t_2026_05_08_equity.pdf,99.90599822998047,97.33999633789062,106,-0.025684162488252088,-0.0030819337749091826,-0.008937694163944047,,
502846b21711,Donald Trump,trump_278t_2026_05_08_equity,2303,THE TRADE DESK INC CLASS A,purchase,2026-01-12,2026-05-12,1001.0,15000.0,equity,TTD,trump_278t_2026_05_08_equity.pdf,36.900001525878906,21.139999389648438,120,-0.4271003112337971,-0.030747381139876327,0.0009460954749821535,,
5f7a8b99ec38,Donald Trump,trump_278t_2026_05_08_equity,2306,CADENCE DESIGN SYS INC,purchase,2026-01-26,2026-05-12,1001.0,15000.0,equity,CDNS,trump_278t_2026_05_08_equity.pdf,322.0199890136719,358.0400085449219,106,0.11185647090286906,-0.009747571971458173,-0.055636277936338754,,
5e2a9e12c6c9,Donald Trump,trump_278t_2026_05_08_equity,2307,HUMANA INC,purchase,2026-03-26,2026-05-12,1001.0,15000.0,equity,HUM,trump_278t_2026_05_08_equity.pdf,174.2550048828125,295.3500061035156,47,0.6949298317264414,0.03216522703124779,0.05146430125390201,,
797f262236cc,Donald Trump,trump_278t_2026_05_08_equity,2308,ROBLOX CORP CLASS A,purchase,2026-01-21,2026-05-12,1001.0,15000.0,equity,RBLX,trump_278t_2026_05_08_equity.pdf,75.68000030517578,41.540000915527344,111,-0.45110992669107575,0.010110692337233924,0.07005295578422516,,
3565c9717603,Donald Trump,trump_278t_2026_05_08_equity,2310,VERALTO CORP,purchase,2026-01-26,2026-05-12,1001.0,15000.0,equity,VLTO,trump_278t_2026_05_08_equity.pdf,101.73600006103516,86.7300033569336,106,-0.14749937775319372,-0.01014648736021464,-0.0029978338079896198,,
d8e5ee858b4f,Donald Trump,trump_278t_2026_05_08_equity,2312,TALEN ENERGY CORP NEW CLASS EQUITY,purchase,2026-01-21,2026-05-12,1001.0,15000.0,equity,TLN,trump_278t_2026_05_08_equity.pdf,374.30999755859375,374.6099853515625,111,0.0008014421066105522,-0.06294542989860874,-0.16027329856409905,,
e2fde0b08df3,Donald Trump,trump_278t_2026_05_08_equity,2313,UNITED PARCEL SVC INC CLASS 8,purchase,2026-03-26,2026-05-12,1001.0,15000.0,equity,UPS,trump_278t_2026_05_08_equity.pdf,95.88370513916016,96.8081283569336,47,0.009641087778489392,0.00010150656068898366,0.0002259466688628231,,
fe19f90cade6,Donald Trump,trump_278t_2026_05_08_equity,2316,APTARGROUP INC,purchase,2026-03-26,2026-05-12,1001.0,15000.0,equity,ATR,trump_278t_2026_05_08_equity.pdf,124.19954681396484,118.05000305175781,47,-0.04951341546695229,-0.0014401168483266066,-0.037611201411486425,,
573b4044feec,Donald Trump,trump_278t_2026_05_08_equity,2317,CHEMED CORP NEW,purchase,2026-03-26,2026-05-12,1001.0,15000.0,equity,CHE,trump_278t_2026_05_08_equity.pdf,371.4421081542969,419.07696533203125,47,0.12824301858083056,0.010461164811698887,0.04861190910723422,,
24f7a86b334d,Donald Trump,trump_278t_2026_05_08_equity,2318,ACUITY INC.,purchase,2026-01-21,2026-05-12,1001.0,15000.0,equity,AYI,trump_278t_2026_05_08_equity.pdf,311.64813232421875,288.1400146484375,111,-0.0754316013398242,-0.014888624720020775,-0.055875634361854956,,
2450d8cd704a,Donald Trump,trump_278t_2026_05_08_equity,2217,PEPSICO INC,purchase,2026-01-17,2026-05-12,1001.0,15000.0,equity,PEP,trump_278t_2026_05_08_equity.pdf,146.35247802734375,151.85000610351562,115,0.037563614571286895,-0.016990462478453306,-0.00974653228080351,,
9688ec01c590,Donald Trump,trump_278t_2026_05_08_equity,2218,AUTODESK INC I,purchase,2026-01-23,2026-05-12,1001.0,15000.0,equity,ADSK,trump_278t_2026_05_08_equity.pdf,270.0,234.8699951171875,109,-0.13011112919560186,-0.016349454667356184,0.0395538329205766,,
c419ca719844,Donald Trump,trump_278t_2026_05_08_equity,2215,CINTAS CORP l,purchase,2026-03-26,2026-05-12,1001.0,15000.0,equity,CTAS,trump_278t_2026_05_08_equity.pdf,168.39215087890625,164.971435546875,47,-0.020313983247895837,-0.011304558228741659,0.04381704855391928,,
e5ef73cd593f,Donald Trump,trump_278t_2026_05_08_equity,2124,VEEVA SYS INC CLASS A,purchase,2026-03-23,2026-05-12,1001.0,15000.0,equity,VEEV,trump_278t_2026_05_08_equity.pdf,185.22999572753906,159.4199981689453,50,-0.1393402696859019,-0.023146421300894577,0.024400949907965822,,
48e5c0381c8b,Donald Trump,trump_278t_2026_05_08_equity,2126,LOCKHEED MARTIN CORP,purchase,2026-03-23,2026-05-12,1001.0,15000.0,equity,LMT,trump_278t_2026_05_08_equity.pdf,616.25,521.0,50,-0.15456389452332658,-0.002034544258337332,0.010806151406549905,,
002444472564,Donald Trump,trump_278t_2026_05_08_equity,2127,CARVANA CO CLASS A,purchase,2026-03-17,2026-05-12,1001.0,15000.0,equity,CVNA,trump_278t_2026_05_08_equity.pdf,62.948001861572266,73.72000122070312,56,0.17112535808236384,-0.051817683553583974,-0.14066742505248056,,
0158384faebb,Donald Trump,trump_278t_2026_05_08_equity,2128,SYSCO CORP,purchase,2026-03-23,2026-05-12,1001.0,15000.0,equity,SYY,trump_278t_2026_05_08_equity.pdf,80.98944091796875,72.9800033569336,50,-0.0988948370337267,0.0028774880078531115,0.03028225517699557,,
893bad2271a7,Donald Trump,trump_278t_2026_05_08_equity,2129,TARGA RES CORP,purchase,2026-03-23,2026-05-12,1001.0,15000.0,equity,TRGP,trump_278t_2026_05_08_equity.pdf,238.7210693359375,255.16000366210938,50,0.06886251964227913,0.031862379550591714,0.08245809783254154,,
7ac5310ad961,Donald Trump,trump_278t_2026_05_08_equity,2131,NEXTPOWER INC CLASS A,purchase,2026-03-23,2026-05-12,1001.0,15000.0,equity,NXT,trump_278t_2026_05_08_equity.pdf,116.91000366210938,125.37000274658203,50,0.07236334633025547,0.08774022596809238,0.013958681994586702,,
764a28510401,Donald Trump,trump_278t_2026_05_08_equity,2132,COREWEAVE INC CLASS A,purchase,2026-03-23,2026-05-12,1001.0,15000.0,equity,CRWV,trump_278t_2026_05_08_equity.pdf,81.95999908447266,107.75,50,0.3146657052661347,0.03303942049738979,-0.07368911778567286,,
caaca9935719,Donald Trump,trump_278t_2026_05_08_equity,2133,AVALONBAY CMNTYS INC REIT,purchase,2026-03-26,2026-05-12,1001.0,15000.0,reit,AVB,trump_278t_2026_05_08_equity.pdf,161.609619140625,187.02000427246094,47,0.15723312304650028,-0.0029943190343312957,-0.010212830812081351,,
c4a964203c8a,Donald Trump,trump_278t_2026_05_08_equity,2134,HOWMET AEROSPACE INC,purchase,2026-03-23,2026-05-12,1001.0,15000.0,equity,HWM,trump_278t_2026_05_08_equity.pdf,235.93606567382812,269.760009765625,50,0.14336063456511597,0.012381362014304889,-0.06168451232966223,,
74a187780fbc,Donald Trump,trump_278t_2026_05_08_equity,2135,HANOVER INS GROUP INC,purchase,2026-03-23,2026-05-12,1001.0,15000.0,equity,THG,trump_278t_2026_05_08_equity.pdf,171.22000122070312,189.58999633789062,50,0.10728883884020371,-0.0015295811579424336,0.022153051476180626,,
de390063eea5,Donald Trump,trump_278t_2026_05_08_equity,2139,ARISTA NE1WORKS INC,purchase,2026-03-17,2026-05-12,1001.0,15000.0,equity,ANET,trump_278t_2026_05_08_equity.pdf,133.07000732421875,142.5399932861328,56,0.07116544255416543,-0.012978749346598583,-0.006734891962223202,,
176d23a74627,Donald Trump,trump_278t_2026_05_08_equity,2140,CVS HEALTH CORP,purchase,2026-03-17,2026-05-12,1001.0,15000.0,equity,CVS,trump_278t_2026_05_08_equity.pdf,74.15908813476562,95.1500015258789,56,0.283052474336895,0.03110876549663108,-0.010194442513375094,,
138505e901f9,Donald Trump,trump_278t_2026_05_08_equity,2142,SYNOPSYS INC,purchase,2026-03-23,2026-05-12,1001.0,15000.0,equity,SNPS,trump_278t_2026_05_08_equity.pdf,432.4800109863281,513.2100219726562,50,0.18666761222608325,-0.0076577288538780056,-0.03768442942935979,,
9b4d4e3835ff,Donald Trump,trump_278t_2026_05_08_equity,2151,HOME DEPOT INC IDUrchaso,purchase,2026-01-12,2026-05-12,1001.0,15000.0,equity,HD,trump_278t_2026_05_08_equity.pdf,372.449951171875,310.4599914550781,120,-0.1664383617765338,-0.02547833498621322,-0.02583260076792318,,
6f84759fc5e2,Donald Trump,trump_278t_2026_05_08_equity,2119,AMGEN INC,purchase,2026-03-23,2026-05-12,1001.0,15000.0,equity,AMGN,trump_278t_2026_05_08_equity.pdf,347.14849853515625,333.7695617675781,50,-0.03853952076426227,0.00047581773401221783,-0.009046845828562432,,
1c653dcb615d,Donald Trump,trump_278t_2026_05_08_equity,2094,OTIS WORLDWIDE CORP,purchase,2026-03-31,2026-05-12,1001.0,15000.0,equity,OTIS,trump_278t_2026_05_08_equity.pdf,76.61579132080078,73.65373229980469,42,-0.03866120769533722,-0.011605932581737076,-0.03684443101066901,,
3cdf15bae2d7,Donald Trump,trump_278t_2026_05_08_equity,2095,PROCORE TECHNOLOGIES INC,purchase,2026-02-12,2026-05-12,1001.0,15000.0,equity,PCOR,trump_278t_2026_05_08_equity.pdf,47.880001068115234,48.09000015258789,89,0.004385945693148723,-0.04366809040253425,-0.014971952971898237,,
1f320529919a,Donald Trump,trump_278t_2026_05_08_equity,2096,EXTRA SPACE STORAGE INC REIT,purchase,2026-01-23,2026-05-12,1001.0,15000.0,reit,EXR,trump_278t_2026_05_08_equity.pdf,139.89828491210938,144.7899932861328,109,0.03496617829944546,-0.016437528381675667,-0.03094133528057931,,
c54e4c7846a2,Donald Trump,trump_278t_2026_05_08_equity,2101,COUPANG INC CLASS A,purchase,2026-02-23,2026-05-12,1001.0,15000.0,equity,CPNG,trump_278t_2026_05_08_equity.pdf,18.579999923706055,15.899999618530273,78,-0.14424113650056547,0.0037736113871835045,-0.040251534905860344,,
c58deebd85fd,Donald Trump,trump_278t_2026_05_08_equity,2102,GODADDY INC CLASS A,purchase,2026-03-31,2026-05-12,1001.0,15000.0,equity,GDDY,trump_278t_2026_05_08_equity.pdf,82.66999816894531,87.02999877929688,42,0.052739817429793785,-0.018958997460900996,0.03929677372072857,,
3ec152ad2228,Donald Trump,trump_278t_2026_05_08_equity,2103,VICI PPTYS INC REIT,purchase,2026-03-31,2026-05-12,1001.0,15000.0,reit,VICI,trump_278t_2026_05_08_equity.pdf,27.31999969482422,28.549999237060547,42,0.04502194567993908,-0.011908937361600308,-0.006304672596750679,,
092ba643e2c0,Donald Trump,trump_278t_2026_05_08_equity,2104,PFIZER INC,purchase,2026-03-23,2026-05-12,1001.0,15000.0,equity,PFE,trump_278t_2026_05_08_equity.pdf,26.335290908813477,25.8700008392334,50,-0.017667929744583238,0.0034788651843710074,-0.008117548705402825,,
34b6866b4988,Donald Trump,trump_278t_2026_05_08_equity,2105,GILEAD SCIENCES INC,purchase,2026-03-17,2026-05-12,1001.0,15000.0,equity,GILD,trump_278t_2026_05_08_equity.pdf,144.39999389648438,134.94000244140625,56,-0.06551240896768792,-0.014006220212342997,-0.0329035301695225,,
0ee083162654,Donald Trump,trump_278t_2026_05_08_equity,2106,NEXTERA ENERGY INC,purchase,2026-03-31,2026-05-12,1001.0,15000.0,equity,NEE,trump_278t_2026_05_08_equity.pdf,92.87999725341797,94.58999633789062,42,0.01841084340051193,0.0027487276276203614,-0.04789088650680346,,
30f9a609a791,Donald Trump,trump_278t_2026_05_08_equity,2107,TYLER TECHNOLOGIES INC,purchase,2026-03-23,2026-05-12,1001.0,15000.0,equity,TYL,trump_278t_2026_05_08_equity.pdf,349.0899963378906,309.6499938964844,50,-0.11297946906284746,-0.03571773866170685,0.04227352364252458,,
eaf2e043ab93,Donald Trump,trump_278t_2026_05_08_equity,2108,BAKER HUGHES CO. A CLASS A,purchase,2026-03-23,2026-05-12,1001.0,15000.0,equity,BKR,trump_278t_2026_05_08_equity.pdf,62.32159423828125,65.23999786376953,50,0.04682812853487053,0.0026058522977704603,0.003525496083152451,,
0de19e3230cb,Donald Trump,trump_278t_2026_05_08_equity,2109,PG&E CORP,purchase,2026-01-23,2026-05-12,1001.0,15000.0,equity,PCG$X,trump_278t_2026_05_08_equity.pdf,,,109,,,,,
4672cc73e99a,Donald Trump,trump_278t_2026_05_08_equity,2110,COGNIZANT TECHNOLOGY SOL CLASS A,purchase,2026-03-31,2026-05-12,1001.0,15000.0,equity,CTSH,trump_278t_2026_05_08_equity.pdf,60.92042922973633,47.39579772949219,42,-0.22200486226453786,-0.036874088697482495,0.0735129168731132,,
5118632fa448,Donald Trump,trump_278t_2026_05_08_equity,2112,CORNING INC,purchase,2026-03-23,2026-05-12,1001.0,15000.0,equity,GLW,trump_278t_2026_05_08_equity.pdf,130.7695770263672,197.9366455078125,50,0.5136291636693323,0.0417170059519074,-0.1130448437462419,,
763459557733,Donald Trump,trump_278t_2026_05_08_equity,2113,FISERV INC,purchase,2026-01-21,2026-05-12,1001.0,15000.0,equity,FISV,trump_278t_2026_05_08_equity.pdf,65.7300033569336,54.880001068115234,111,-0.16506924896838357,-0.04573618963882922,0.020954768381915696,,
367cd9df50e8,Donald Trump,trump_278t_2026_05_08_equity,2114,DOMINION ENERGY INC,purchase,2026-03-23,2026-05-12,1001.0,15000.0,equity,D,trump_278t_2026_05_08_equity.pdf,59.22694778442383,62.29621505737305,50,0.05182214157178651,-0.0031785768281700237,0.08280349398511835,,
e9bd16155017,Donald Trump,trump_278t_2026_05_08_equity,2118,GENERAL DYNAMICS CORP,purchase,2026-03-23,2026-05-12,1001.0,15000.0,equity,GD,trump_278t_2026_05_08_equity.pdf,345.7639465332031,346.4599914550781,50,0.0020130639092186555,-0.014720332013218589,-0.018241577563105352,,
de51ca097089,Donald Trump,trump_278t_2026_05_08_equity,2117,SNOWFLAKE INC CLASS A,purchase,2026-03-17,2026-05-12,1001.0,15000.0,equity,SNOW,trump_278t_2026_05_08_equity.pdf,174.60000610351562,151.97999572753906,56,-0.1295533195031263,0.0025661231781293494,0.11560736819414867,,
0186efcd2cb5,Donald Trump,trump_278t_2026_05_08_equity,2118,VENTAS INC REIT,purchase,2026-03-23,2026-05-12,1001.0,15000.0,reit,VTR,trump_278t_2026_05_08_equity.pdf,81.32853698730469,88.52999877929688,50,0.08854778480911724,0.02055799977317783,-0.002033212556847737,,
089ad8387ebc,Donald Trump,trump_278t_2026_05_08_equity,2154,HCA HEALTHCARE INC I,purchase,2026-03-23,2026-05-12,1001.0,15000.0,equity,HCA,trump_278t_2026_05_08_equity.pdf,494.5799865722656,429.69000244140625,50,-0.1312022036730311,-0.005003593018847475,-0.05818147934081634,,
b3185fe8b27b,Donald Trump,trump_278t_2026_05_08_equity,2155,TRIMBLE INC,purchase,2026-01-12,2026-05-12,1001.0,15000.0,equity,TRMB,trump_278t_2026_05_08_equity.pdf,80.80000305175781,56.5099983215332,120,-0.3006188590694141,-0.02849047679126909,-0.03450711389419983,,
daff2295235e,Donald Trump,trump_278t_2026_05_08_equity,2191,NEWMONT CORP,purchase,2026-03-17,2026-05-12,1001.0,15000.0,equity,NEM,trump_278t_2026_05_08_equity.pdf,110.78132629394531,119.41117858886719,56,0.07789988244068834,-0.006099110741220213,-0.12198183147363485,,
f5b7ce755a3b,Donald Trump,trump_278t_2026_05_08_equity,2193,COINBASE GLOBAL INC CLASS A,purchase,2026-03-17,2026-05-12,,,equity,COIN,trump_278t_2026_05_08_equity.pdf,210.22999572753906,207.63999938964844,56,-0.01231982300588207,-0.028125584449321516,-0.06833944559389972,,
00e84778fa28,Donald Trump,trump_278t_2026_05_08_equity,2195,SAMSARA INC CLASS A,purchase,2026-01-12,2026-05-12,1001.0,15000.0,equity,IOT,trump_278t_2026_05_08_equity.pdf,33.459999084472656,28.100000381469727,120,-0.1601912387824982,-0.020640566399726102,0.09572955507258683,,
5d21a9c089f1,Donald Trump,trump_278t_2026_05_08_equity,2196,WILLIAMS COS INC,purchase,2026-03-17,2026-05-12,1001.0,15000.0,equity,WMB,trump_278t_2026_05_08_equity.pdf,73.69000244140625,74.7300033569336,56,0.014113188778278144,0.013113818861459165,0.06249160924883086,,
1fec75af4c7d,Donald Trump,trump_278t_2026_05_08_equity,2198,HUMANA INC,purchase,2026-03-17,2026-05-12,1001.0,15000.0,equity,HUM,trump_278t_2026_05_08_equity.pdf,169.90708923339844,295.3500061035156,56,0.7383030186444923,0.03216522703124779,0.05146430125390201,,
8bb0cd30ef0d,Donald Trump,trump_278t_2026_05_08_equity,2200,COMCAST CORP NEW CLASS A,purchase,2026-03-11,2026-05-12,1001.0,15000.0,equity,CMCSA,trump_278t_2026_05_08_equity.pdf,30.21862030029297,24.899999618530273,62,-0.17600474902261276,0.0016064624955887774,-0.004016079638624071,,
14ad39c64143,Donald Trump,trump_278t_2026_05_08_equity,2205,SOLVENTUM CORP,purchase,2026-02-12,2026-05-12,1001.0,15000.0,equity,SOLV,trump_278t_2026_05_08_equity.pdf,75.94999694824219,75.0999984741211,89,-0.011191553762672881,-0.009187680772716473,-0.004926699396871461,,
24c237897559,Donald Trump,trump_278t_2026_05_08_equity,2206,AXON ENTERPRISE INC,purchase,2026-03-26,2026-05-12,1001.0,15000.0,equity,AXON,trump_278t_2026_05_08_equity.pdf,450.4599914550781,393.6600036621094,47,-0.12609330211434128,-0.0427780221034213,-0.0033531659603187763,,
0293d33b481d,Donald Trump,trump_278t_2026_05_08_equity,2207,OMNICOM GROUP INC,purchase,2026-03-17,2026-05-12,1001.0,15000.0,equity,OMC,trump_278t_2026_05_08_equity.pdf,78.38999938964844,76.04000091552734,56,-0.029978294328592836,-0.023671791558201472,-0.055365584347500656,,
cf3409a91b4b,Donald Trump,trump_278t_2026_05_08_equity,2209,NUTANIX INC CLASS A,purchase,2026-02-23,2026-05-12,1001.0,15000.0,equity,NTNX,trump_278t_2026_05_08_equity.pdf,37.380001068115234,44.400001525878906,78,0.18780096996176016,0.0022522178082090565,0.08716213511004284,,
60f27ee6a7f4,Donald Trump,trump_278t_2026_05_08_equity,2210,ASTERA LABS INC l,purchase,2026-01-17,2026-05-12,1001.0,15000.0,equity,ALAB,trump_278t_2026_05_08_equity.pdf,183.75,204.4199981689453,115,0.11248978595344387,0.09622345340541884,0.1948928514565605,,
cebe5bbf9456,Donald Trump,trump_278t_2026_05_08_equity,2212,LOAR HOLDINGS INC EQUITY CLASS EQUITY l,purchase,2026-02-23,2026-05-12,1001.0,15000.0,equity,LOAR,trump_278t_2026_05_08_equity.pdf,65.19000244140625,60.95000076293945,78,-0.06504067371799493,0.006398677354661757,-0.028876162661192865,,
cbeaaee9e0c3,Donald Trump,trump_278t_2026_05_08_equity,2214,VERTIV HLDGS CO CLASS A l,purchase,2026-01-17,2026-05-12,1001.0,15000.0,equity,VRT,trump_278t_2026_05_08_equity.pdf,175.1383056640625,367.1300048828125,115,1.0962290544651863,0.007790116072031225,-0.12121046879348461,,
04fb186c86d6,Donald Trump,trump_278t_2026_05_08_equity,2188,AST SPACEMOBILE INC CLASS A,purchase,2026-03-17,2026-05-12,1001.0,15000.0,equity,ASTS,trump_278t_2026_05_08_equity.pdf,95.69999694824219,72.95999908447266,56,-0.23761754011411407,0.025356339053392483,0.2075109591506359,,
ba4408152037,Donald Trump,trump_278t_2026_05_08_equity,2187,BROWN & BROWN INC,purchase,2026-03-26,2026-05-12,1001.0,15000.0,equity,BRO,trump_278t_2026_05_08_equity.pdf,64.94960021972656,55.77000045776367,47,-0.14133419960874297,-0.024923783005903442,0.041599420401318185,,
c91cad587c8d,Donald Trump,trump_278t_2026_05_08_equity,2188,ALBEMARLE CORP,purchase,2026-03-17,2026-05-12,1001.0,15000.0,equity,ALB,trump_278t_2026_05_08_equity.pdf,166.32000732421875,205.52000427246094,56,0.23569020696245524,-0.022284944218777414,-0.1776956184958318,,
7aec7e28890d,Donald Trump,trump_278t_2026_05_08_equity,2185,MOTOROLA SOLUTIONS INC,purchase,2026-03-17,2026-05-12,1001.0,15000.0,equity,MSI,trump_278t_2026_05_08_equity.pdf,467.85382080078125,391.3900146484375,56,-0.16343524997074485,0.016607475297596864,0.018753662748610768,,
f289cd1795f0,Donald Trump,trump_278t_2026_05_08_equity,2158,OMNICOM GROUP INC,purchase,2026-01-12,2026-05-12,1001.0,15000.0,equity,OMC,trump_278t_2026_05_08_equity.pdf,77.38786315917969,76.04000091552734,120,-0.01741697197246441,-0.023671791558201472,-0.055365584347500656,,
d3bcbcea2725,Donald Trump,trump_278t_2026_05_08_equity,2160,CHURCH & DWIGHT INC,purchase,2026-01-21,2026-05-12,1001.0,15000.0,equity,CHD,trump_278t_2026_05_08_equity.pdf,91.17970275878906,93.2057113647461,111,0.022219951860522363,0.01689651810695543,0.027297561469138167,,
8ab51a69ac8f,Donald Trump,trump_278t_2026_05_08_equity,2161,ATLASSIAN CORP CL A,purchase,2026-02-19,2026-05-12,1001.0,15000.0,equity,TEAM,trump_278t_2026_05_08_equity.pdf,80.26000213623047,85.0,82,0.05905803311248395,-0.0515293794519761,0.019058855842141544,,
e25e94a5b14d,Donald Trump,trump_278t_2026_05_08_equity,2162,VISA INC CLASS A,purchase,2026-02-12,2026-05-12,1001.0,15000.0,equity,V,trump_278t_2026_05_08_equity.pdf,323.50933837890625,326.4200134277344,89,0.008997190199866915,-0.01871826364131105,0.010691716472058915,,
2c412729e83d,Donald Trump,trump_278t_2026_05_08_equity,2163,BLACKROCK INC NEW,purchase,2026-03-26,2026-05-12,1001.0,15000.0,equity,BLK,trump_278t_2026_05_08_equity.pdf,968.4600219726562,1092.5,47,0.12807960598588955,0.0014645085454805492,-0.051441602903318076,,
c106a1b50aab,Donald Trump,trump_278t_2026_05_08_equity,2166,PTCINC,purchase,2026-01-23,2026-05-12,1001.0,15000.0,equity,PTC,trump_278t_2026_05_08_equity.pdf,162.13999938964844,144.22000122070312,109,-0.11052176043174072,-0.023644457309988296,0.006725843936297783,,
f269e284230b,Donald Trump,trump_278t_2026_05_08_equity,2353,DYNATRACE INC,sale,2026-02-12,2026-05-12,1001.0,15000.0,equity,DT,trump_278t_2026_05_08_equity.pdf,36.560001373291016,39.209999084472656,89,-0.07248352329432903,0.11425655819539228,-0.0191277739737822,,22.0
53f24fd16bf7,Donald Trump,trump_278t_2026_05_08_equity,2169,LUMENTUM HLDGS INC,purchase,2026-03-23,2026-05-12,1001.0,15000.0,equity,LITE,trump_278t_2026_05_08_equity.pdf,728.9500122070312,992.3699951171875,50,0.36136906303438204,0.03829216943979915,-0.10306636513092142,,
355a2b83badd,Donald Trump,trump_278t_2026_05_08_equity,2171,AMGEN INC,purchase,2026-03-17,2026-05-12,1001.0,15000.0,equity,AMGN,trump_278t_2026_05_08_equity.pdf,358.4233703613281,333.7695617675781,56,-0.06878404320816578,0.00047581773401221783,-0.009046845828562432,,
9bcd5e3f3eb7,Donald Trump,trump_278t_2026_05_08_equity,2172,RTHROP GRUMMAN CORP,purchase,2025-03-17,2026-05-12,1001.0,15000.0,equity,NOC,trump_278t_2026_05_08_equity.pdf,482.7425231933594,558.2999877929688,421,0.1565171099902159,-0.011642486373133074,-0.0035105874625718267,,
c4373c93c19e,Donald Trump,trump_278t_2026_05_08_equity,2174,SENTINELONE INC CLASS A,purchase,2026-01-21,2026-05-12,1001.0,15000.0,equity,S,trump_278t_2026_05_08_equity.pdf,13.800000190734863,15.739999771118164,111,0.14057967779491704,0.021601026526808974,0.1219822175485044,,
fc62b623042b,Donald Trump,trump_278t_2026_05_08_equity,21711,COMFORT SYS USA INC,purchase,2026-03-23,2026-05-12,1001.0,15000.0,equity,FIX,trump_278t_2026_05_08_equity.pdf,1407.6983642578125,2015.520263671875,50,0.43178419102200727,0.009085864563456603,-0.09427851810613705,,
61591c800457,Donald Trump,trump_278t_2026_05_08_equity,2180,CME GROUP INC CLASS A,purchase,2026-03-17,2026-05-12,1001.0,15000.0,equity,CME,trump_278t_2026_05_08_equity.pdf,313.3299865722656,285.75,56,-0.08802217391952254,0.03982503895997375,0.058162712571084865,,
30d37be9a4a1,Donald Trump,trump_278t_2026_05_08_equity,2181,EQUIFAX INC,purchase,2026-03-17,2026-05-12,1001.0,15000.0,equity,EFX,trump_278t_2026_05_08_equity.pdf,186.67684936523438,166.1874237060547,56,-0.10975879295612068,-0.04089701658917486,-0.035559984387479905,,
feb4e5233afb,Donald Trump,trump_278t_2026_05_08_equity,2184,ROPER TECHNOLOGIES INC,purchase,2026-03-21,2026-05-12,1001.0,15000.0,equity,ROP,trump_278t_2026_05_08_equity.pdf,352.5812072753906,323.94000244140625,52,-0.08123293086240296,-0.023738971363369072,0.015342351000945277,,
034546d3c6bf,Donald Trump,trump_278t_2026_05_08_equity,2355,CARRIER GLOBAL CORP,purchase,2026-03-26,2026-05-12,1001.0,15000.0,equity,CARR,trump_278t_2026_05_08_equity.pdf,54.4759635925293,65.55999755859375,47,0.20346650586983817,0.00015256462176542056,-0.06284318311944029,,
ea8e4b1294f8,Donald Trump,trump_278t_2026_05_08_equity,2356,HENRY JACK & ASSOC INC,sale,2026-02-23,2026-05-12,1001.0,,equity,HSIC,trump_278t_2026_05_08_equity.pdf,80.56999969482422,69.3499984741211,78,0.13925780393696455,-0.0014419390961978112,-0.05147800682586047,,
cd292222c521,Donald Trump,trump_278t_2026_05_08_equity,2526,OTIS WORLDWIDE CORP,sale,2026-03-26,2026-05-12,1001.0,15000.0,equity,OTIS,trump_278t_2026_05_08_equity.pdf,76.97362518310547,73.65373229980469,47,0.043130265404590126,0.011605932581737076,0.03684443101066901,,1.0
518b3b0c6d6a,Donald Trump,trump_278t_2026_05_08_equity,2527,LOAR HOLDINGS INC EQUITY CLASS EQUITY,purchase,2026-03-26,2026-05-12,1001.0,15000.0,equity,LOAR,trump_278t_2026_05_08_equity.pdf,57.2599983215332,60.95000076293945,47,0.06444293659747781,0.006398677354661757,-0.028876162661192865,,
5cc81bc678a8,Donald Trump,trump_278t_2026_05_08_equity,2530,DORMAN PRODS INC,sale,2026-01-26,2026-05-12,1001.0,15000.0,equity,DORM,trump_278t_2026_05_08_equity.pdf,125.11000061035156,119.5199966430664,106,0.044680712493119765,0.02677373693206028,0.05597385374759228,,
341a48f523a9,Donald Trump,trump_278t_2026_05_08_equity,2532,DUOLINGO INC CLASS A,sale,2026-03-26,2026-05-12,1001.0,15000.0,equity,DUOL,trump_278t_2026_05_08_equity.pdf,98.11000061035156,106.01000213623047,47,-0.08052187826656051,0.009716052811443703,-0.0763135192422164,,42.0
627077451eb2,Donald Trump,trump_278t_2026_05_08_equity,2536,OMNICOM GROUP INC,sale,2026-03-26,2026-05-12,1001.0,15000.0,equity,OMC,trump_278t_2026_05_08_equity.pdf,75.30999755859375,76.04000091552734,47,-0.009693312715428335,0.023671791558201472,0.055365584347500656,,73.0
3ffb75113807,Donald Trump,trump_278t_2026_05_08_equity,2537,SERVICETITAN INC CLASS A,sale,2026-03-26,2026-05-12,1001.0,15000.0,equity,TTAN,trump_278t_2026_05_08_equity.pdf,63.060001373291016,57.5,47,0.08817001668582182,0.0233043504797894,-0.08608696979025136,,
551c5d6e68ee,Donald Trump,trump_278t_2026_05_08_equity,2538,SOLVENTUM CORP,purchase,2026-03-17,2026-05-12,1001.0,15000.0,equity,SOLV,trump_278t_2026_05_08_equity.pdf,68.66999816894531,75.0999984741211,56,0.09363623819177012,-0.009187680772716473,-0.004926699396871461,,
70a13426e338,Donald Trump,trump_278t_2026_05_08_equity,2539,KEURIG OR PEPPER INC,sale,2026-03-26,2026-05-12,1001.0,15000.0,equity,KDP,trump_278t_2026_05_08_equity.pdf,26.040000915527344,29.170000076293945,47,-0.12019965632567317,-0.004799430554757285,0.010970164346495085,,62.0
f202e55242ba,Donald Trump,trump_278t_2026_05_08_equity,2540,ADVANCE AUTO PTS INC,sale,2026-03-30,2026-05-12,1001.0,15000.0,equity,AAP,trump_278t_2026_05_08_equity.pdf,50.93375015258789,52.619998931884766,43,-0.033106707718265245,0.063854060785919,0.05872292313399353,,63.0
49068cfed4a6,Donald Trump,trump_278t_2026_05_08_equity,2541,APPLOVIN CORP CL A,sale,2026-02-19,2026-05-12,1001.0,15000.0,equity,APP,trump_278t_2026_05_08_equity.pdf,412.0,490.69000244140625,82,-0.1909951515568113,0.07573010144331743,0.028103300406183744,,44.0
8038733817af,Donald Trump,trump_278t_2026_05_08_equity,2543,TRIMBLE INC,sale,2026-02-12,2026-05-12,1001.0,15000.0,equity,TRMB,trump_278t_2026_05_08_equity.pdf,66.01000213623047,56.5099983215332,89,0.14391764137639773,0.02849047679126909,0.03450711389419983,,31.0
ae9423f60d8a,Donald Trump,trump_278t_2026_05_08_equity,2544,IQVIA HLDGS INC,sale,2026-02-12,2026-05-12,1001.0,15000.0,equity,IQV,trump_278t_2026_05_08_equity.pdf,168.85000610351562,175.05999755859375,89,-0.036778153571821674,0.015308995276800678,0.010739203181944806,,2.0
4224719f633c,Donald Trump,trump_278t_2026_05_08_equity,2545,MONGODB INC CL A,purchase,2026-03-17,2026-05-12,1001.0,15000.0,equity,MDB,trump_278t_2026_05_08_equity.pdf,272.2699890136719,308.7200012207031,56,0.13387451308561568,-0.01852811997306877,0.08408911425379074,,
c98ba809617d,Donald Trump,trump_278t_2026_05_08_equity,2548,SAILPOINT INC,purchase,2026-03-26,2026-05-12,1001.0,15000.0,equity,SAIL,trump_278t_2026_05_08_equity.pdf,12.279999732971191,11.609999656677246,47,-0.05456026798559517,0.017226595077841102,0.24633942247420254,,
c5720dfa10b3,Donald Trump,trump_278t_2026_05_08_equity,2549,COGNIZANT TECHNOLOGY SOL CLASS A,purchase,2026-02-12,2026-05-12,1001.0,15000.0,equity,CTSH,trump_278t_2026_05_08_equity.pdf,65.0381088256836,47.39579772949219,89,-0.2712611331223771,-0.036874088697482495,0.0735129168731132,,
cb06dac54fa0,Donald Trump,trump_278t_2026_05_08_equity,2550,UNION PAC CORP,purchase,2026-01-12,2026-05-12,1001.0,15000.0,equity,UNP,trump_278t_2026_05_08_equity.pdf,227.1268768310547,264.22723388671875,120,0.16334639727935268,-0.0035768412780580903,0.022439773264598478,,
cdcde5fdb5e8,Donald Trump,trump_278t_2026_05_08_equity,2551,IDEXX LABORATORIES INC,purchase,2026-02-19,2026-05-12,1001.0,15000.0,equity,IDXX,trump_278t_2026_05_08_equity.pdf,630.72998046875,533.9199829101562,82,-0.1534888154304095,-0.009814186398894802,0.023542867333238453,,
50a3225cb094,Donald Trump,trump_278t_2026_05_08_equity,2525,AURORA INNOVATION INC CLASS A,purchase,2026-03-26,2026-05-12,1001.0,15000.0,equity,AUR,trump_278t_2026_05_08_equity.pdf,4.21999979019165,7.21999979019165,47,0.7109005092779295,0.16343488402058537,-0.03878112757725703,,
14e7d98fe933,Donald Trump,trump_278t_2026_05_08_equity,2553,FAIR ISAAC CORP,sale,2026-02-23,2026-05-12,1001.0,15000.0,equity,FICO,trump_278t_2026_05_08_equity.pdf,1281.6400146484375,1086.0,78,0.15264817921754953,0.019668494798860497,-0.09221917533523251,,
feb8655b2627,Donald Trump,trump_278t_2026_05_08_equity,2521,SKYWORKS SOLUTIONS INC,purchase,2026-03-21,2026-05-12,1001.0,15000.0,equity,SWKS,trump_278t_2026_05_08_equity.pdf,54.02060317993164,65.73877716064453,52,0.21692045795345966,0.027597590811967672,0.06092592212186067,,
6ea3ba7155d9,Donald Trump,trump_278t_2026_05_08_equity,2485,FLOOR & DECOR HLDGS INC CLASS A,sale,2026-03-26,2026-05-12,1001.0,15000.0,equity,FND,trump_278t_2026_05_08_equity.pdf,52.61000061035156,47.650001525878906,47,0.09427863575231978,0.04281218993076865,0.07198321501234232,,8.0
7108cbe45385,Donald Trump,trump_278t_2026_05_08_equity,2487,GEN DIGITAL INC,sale,2026-02-12,2026-05-12,1001.0,15000.0,equity,GEN,trump_278t_2026_05_08_equity.pdf,23.30013084411621,21.922515869140625,89,0.05912477419943175,-0.0567150977856414,-0.10936171012463163,,31.0
ddde8905ad8d,Donald Trump,trump_278t_2026_05_08_equity,2495,CENTENE CORP DEL,sale,2026-03-26,2026-05-12,1001.0,15000.0,equity,CNC,trump_278t_2026_05_08_equity.pdf,33.560001373291016,59.310001373291016,47,-0.7672824477442761,0.008430281376205873,0.0026976874676681744,,8.0
02f7815618a6,Donald Trump,trump_278t_2026_05_08_equity,2497,UIPATH INC CLASS A,purchase,2026-02-23,2026-05-12,1001.0,15000.0,equity,PATH,trump_278t_2026_05_08_equity.pdf,10.170000076293945,10.010000228881836,78,-0.015732531584249015,-0.05394604890167399,0.05394604890167399,,
21ca14871044,Donald Trump,trump_278t_2026_05_08_equity,2498,REDDIT INC CLASS A,purchase,2026-02-23,2026-05-12,1001.0,15000.0,equity,RDDT,trump_278t_2026_05_08_equity.pdf,142.4600067138672,152.35000610351562,78,0.06942298837253764,0.011617912325315167,0.01660648951715725,,
8397979e624a,Donald Trump,trump_278t_2026_05_08_equity,2499,BEST BUY COMPANY INC,sale,2026-01-23,2026-05-12,1001.0,15000.0,equity,BBY,trump_278t_2026_05_08_equity.pdf,66.0444107055664,57.20000076293945,109,0.13391610051691358,0.029370634314121777,-0.03653846371872824,,19.0
b76c8ce45c64,Donald Trump,trump_278t_2026_05_08_equity,2503,FACTSET RESH SYS INC,sale,2026-03-21,2026-05-12,1001.0,15000.0,equity,FDS,trump_278t_2026_05_08_equity.pdf,207.457763671875,214.87158203125,52,-0.03573651922278043,0.06507040565199508,-0.027834391340212747,,37.0
6795fb89313e,Donald Trump,trump_278t_2026_05_08_equity,2507,COMMVAULT SYS INC,sale,2026-03-26,2026-05-12,1001.0,15000.0,equity,CVLT,trump_278t_2026_05_08_equity.pdf,81.16000366210938,102.2300033569336,47,-0.25961063016389474,0.023672167845778618,0.0025433055628754854,,31.0
f50d2434b028,Donald Trump,trump_278t_2026_05_08_equity,2509,HENRY JACK & ASSOC INC,purchase,2026-03-21,2026-05-12,1001.0,15000.0,equity,HSIC,trump_278t_2026_05_08_equity.pdf,74.45999908447266,69.3499984741211,52,-0.06862746002124467,0.0014419390961978112,0.05147800682586047,,
f32167844c3a,Donald Trump,trump_278t_2026_05_08_equity,2512,ARCHER AVIATION INC CLASS A,sale,2026-03-26,2026-05-12,1001.0,15000.0,equity,ACHR,trump_278t_2026_05_08_equity.pdf,5.369999885559082,6.389999866485596,47,-0.18994413457428208,-0.020344306284378076,0.07511737544643786,,
b81b42e136d4,Donald Trump,trump_278t_2026_05_08_equity,2515,PG&E CORP,sale,2026-02-11,2026-05-12,1001.0,15000.0,equity,PCG$X,trump_278t_2026_05_08_equity.pdf,,,90,,,,,36.0
7bef788a971a,Donald Trump,trump_278t_2026_05_08_equity,2516,ARISTA NElWORKS INC,purchase,2026-03-21,2026-05-12,1001.0,15000.0,equity,ANET,trump_278t_2026_05_08_equity.pdf,135.8800048828125,142.5399932861328,52,0.04901374863111104,-0.012978749346598583,-0.006734891962223202,,
1b3ab39e8ae5,Donald Trump,trump_278t_2026_05_08_equity,2517,VERISK ANALYTICS INC CLASS A,sale,2026-02-12,2026-05-12,1001.0,15000.0,equity,VRSK,trump_278t_2026_05_08_equity.pdf,178.54806518554688,166.32000732421875,89,0.06848608439761443,0.029160689573931912,-0.02639489656280929,,
4bb1f3573e0e,Donald Trump,trump_278t_2026_05_08_equity,2518,KINSALE CAP GROUP INC,purchase,2026-02-23,2026-05-12,1001.0,15000.0,equity,KNSL,trump_278t_2026_05_08_equity.pdf,372.1460876464844,302.9423522949219,78,-0.18595851911065028,-0.009004297954580598,0.034367820897236424,,
d8e83583f5ec,Donald Trump,trump_278t_2026_05_08_equity,2519,OGE ENERGY CORP,sale,2026-01-12,2026-05-12,1001.0,15000.0,equity,OGE,trump_278t_2026_05_08_equity.pdf,42.119651794433594,47.63999938964844,120,-0.13106346705231775,0.0062972132851398166,-0.008606210173487052,,
56417d656e78,Donald Trump,trump_278t_2026_05_08_equity,2554,AXON ENTERPRISE INC,sale,2026-02-23,2026-05-12,1001.0,15000.0,equity,AXON,trump_278t_2026_05_08_equity.pdf,423.44000244140625,393.6600036621094,78,0.07032873277818787,0.0427780221034213,0.0033531659603187763,,47.0
49af01eb14e8,Donald Trump,trump_278t_2026_05_08_equity,2555,PAYLOCITY HLDG CORP,purchase,2026-02-23,2026-05-12,1001.0,15000.0,equity,PCTY,trump_278t_2026_05_08_equity.pdf,101.94999694824219,107.3499984741211,78,0.05296715730771792,-0.029063764895531308,0.05468097652555733,,
80eeccfe958a,Donald Trump,trump_278t_2026_05_08_equity,2558,SENTINELONE INC CLASS A,sale,2026-02-23,2026-05-12,1001.0,15000.0,equity,S,trump_278t_2026_05_08_equity.pdf,12.369999885559082,15.739999771118164,78,-0.27243329965534346,-0.021601026526808974,-0.1219822175485044,,33.0
9e48e772d438,Donald Trump,trump_278t_2026_05_08_equity,2588,WORKDAY INC CLASS A,sale,2026-01-12,2026-05-12,1001.0,15000.0,equity,WDAY,trump_278t_2026_05_08_equity.pdf,207.91000366210938,118.62000274658203,120,0.429464669052863,0.017872219672015795,-0.09037256232585515,,
36684d2ff5fb,Donald Trump,trump_278t_2026_05_08_equity,2589,AFLAC INC,purchase,2026-01-21,2026-05-12,1001.0,15000.0,equity,AFL,trump_278t_2026_05_08_equity.pdf,107.4299545288086,115.56159973144531,111,0.07569253136429582,-0.005854006994175042,0.01936978482051431,,
286de7c84d22,Donald Trump,trump_278t_2026_05_08_equity,2591,IDEXX LABORATORIES INC,sale,2026-03-17,2026-05-12,1001.0,15000.0,equity,IDXX,trump_278t_2026_05_08_equity.pdf,586.97998046875,533.9199829101562,56,0.090394901570955,0.009814186398894802,-0.023542867333238453,,26.0
66c18992ee29,Donald Trump,trump_278t_2026_05_08_equity,2592,CROWN CASTLE INC REIT REIT,sale,2026-01-12,2026-05-12,1001.0,15000.0,reit,CCI,trump_278t_2026_05_08_equity.pdf,83.94082641601562,91.5,120,-0.090053599740854,0.020546418070141736,-0.00918028784579918,,
af89d138e376,Donald Trump,trump_278t_2026_05_08_equity,2593,INTUITIVE SURGICAL INC,sale,2026-02-19,2026-05-12,1001.0,15000.0,equity,ISRG,trump_278t_2026_05_08_equity.pdf,499.5299987792969,431.8699951171875,82,0.13544732814335544,-0.0009261905226266925,-0.022483598223681477,,
b15490c5b6ec,Donald Trump,trump_278t_2026_05_08_equity,2594,STRIDE INC,sale,2026-02-26,2026-05-12,1001.0,15000.0,equity,LRN,trump_278t_2026_05_08_equity.pdf,85.86000061035156,87.41999816894531,75,-0.018169083944843015,-0.008121700976251828,-0.031686162554107,,36.0
901d633764d7,Donald Trump,trump_278t_2026_05_08_equity,2595,ALNYLAM PHARMACEUTICALS INC,sale,2026-02-19,2026-05-12,1001.0,15000.0,equity,ALNY,trump_278t_2026_05_08_equity.pdf,339.3699951171875,292.0299987792969,82,0.13949375908009692,0.001883326354373634,-0.007773136400919655,,27.0
d06ddb95d9b4,Donald Trump,trump_278t_2026_05_08_equity,2596,GROCERY OUTLET HLDG CORP,sale,2026-02-26,2026-05-12,1001.0,15000.0,equity,GO,trump_278t_2026_05_08_equity.pdf,9.8100004196167,7.960000038146973,75,0.1885831093106121,0.027638224368655026,-0.020100483246901606,,
72cd2752e2a3,Donald Trump,trump_278t_2026_05_08_equity,2597,GLAUKOS CORP,sale,2026-02-26,2026-05-12,1001.0,15000.0,equity,GKOS,trump_278t_2026_05_08_equity.pdf,121.43000030517578,136.36000061035156,75,-0.12295149689248096,-0.00682012812861964,-0.025960642932587954,,31.0
a854538537ce,Donald Trump,trump_278t_2026_05_08_equity,2598,AUTODESK INC,sale,2026-02-23,2026-05-12,1001.0,15000.0,equity,ADSK,trump_278t_2026_05_08_equity.pdf,218.63999938964844,234.8699951171875,78,-0.07423159427756326,0.016349454667356184,-0.0395538329205766,,4.0
cde9a84f9d59,Donald Trump,trump_278t_2026_05_08_equity,2599,THE TRADE DESK INC CLASS A,sale,2026-03-26,2026-05-12,1001.0,15000.0,equity,TTD,trump_278t_2026_05_08_equity.pdf,21.739999771118164,21.139999389648438,47,0.0275989138816291,0.030747381139876327,-0.0009460954749821535,,73.0
4ff632ccb46a,Donald Trump,trump_278t_2026_05_08_equity,2600,UFP TECHNOLOGIES INC,sale,2026-02-26,2026-05-12,1001.0,15000.0,equity,UFPT,trump_278t_2026_05_08_equity.pdf,215.6699981689453,220.58999633789062,75,-0.022812622111172028,0.00616528688031877,0.01532249730330522,,
239547dd3795,Donald Trump,trump_278t_2026_05_08_equity,2609,PROGRESSIVE CORP OH,purchase,2026-01-12,2026-05-12,1001.0,15000.0,equity,PGR,trump_278t_2026_05_08_equity.pdf,216.38803100585938,198.4199981689453,120,-0.08303616772790692,-0.012397900805258337,0.022427159506640173,,
814373616ff3,Donald Trump,trump_278t_2026_05_08_equity,2610,UNIFIRST CORP MASS,sale,2026-02-26,2026-05-12,1001.0,15000.0,equity,UNF,trump_278t_2026_05_08_equity.pdf,232.26690673828125,256.79998779296875,75,-0.1056245222326546,0.0015576087052108767,-0.028816295817071354,,14.0
d35c69412b5c,Donald Trump,trump_278t_2026_05_08_equity,2611,NVIDIA CORP,purchase,2026-03-26,2026-05-12,1001.0,15000.0,equity,NVDA,trump_278t_2026_05_08_equity.pdf,171.24000549316406,220.77999877929688,47,0.28930151656711117,0.022873462631033244,-0.0007699889930484667,,
ed029b6c3b08,Donald Trump,trump_278t_2026_05_08_equity,2585,STRATEGY INC CLASS A,sale,2026-02-12,2026-05-12,1001.0,15000.0,equity,MSTR,trump_278t_2026_05_08_equity.pdf,123.0,184.4199981689453,89,-0.4993495786093115,0.034649167406425325,0.10730936711106243,,0.0
8cb9c81c58fa,Donald Trump,trump_278t_2026_05_08_equity,2584,COPARTINC,purchase,2026-02-23,2026-05-12,1001.0,15000.0,equity,CPRT,trump_278t_2026_05_08_equity.pdf,35.36000061035156,33.439998626708984,78,-0.05429869769517204,-0.014952153724092655,-0.00956936925734891,,
52e5a29034ca,Donald Trump,trump_278t_2026_05_08_equity,2583,JPMORGAN CHASE & CO,purchase,2026-03-26,2026-05-12,1001.0,15000.0,equity,JPM,trump_278t_2026_05_08_equity.pdf,290.1749572753906,304.8800048828125,47,0.05067648754219009,-0.015186318579967705,-0.030110182789159255,,
319a46145ee1,Donald Trump,trump_278t_2026_05_08_equity,2558,COPARTINC,purchase,2026-02-19,2026-05-12,1001.0,15000.0,equity,CPRT,trump_278t_2026_05_08_equity.pdf,37.650001525878906,33.439998626708984,82,-0.11181946158159267,-0.014952153724092655,-0.00956936925734891,,
7406fb67410e,Donald Trump,trump_278t_2026_05_08_equity,2563,ROBLOX CORP CLASS A,sale,2026-01-12,2026-05-12,1001.0,15000.0,equity,RBLX,trump_278t_2026_05_08_equity.pdf,76.72000122070312,41.540000915527344,120,0.4585505701957986,-0.010110692337233924,-0.07005295578422516,,
365bf7d20c39,Donald Trump,trump_278t_2026_05_08_equity,2564,CROWN CASTLE INC REIT REIT,purchase,2026-03-26,2026-05-12,1001.0,15000.0,reit,CCI,trump_278t_2026_05_08_equity.pdf,77.97000122070312,91.5,47,0.17352826173490296,-0.020546418070141736,0.00918028784579918,,
df44cc51c4ee,Donald Trump,trump_278t_2026_05_08_equity,2565,DOORDASH INC CLASS A,purchase,2026-02-12,2026-05-12,1001.0,15000.0,equity,DASH,trump_278t_2026_05_08_equity.pdf,161.13999938964844,155.19000244140625,89,-0.036924394754741525,-0.039435498556024406,-0.0034796606509865952,,
f09c23a893d4,Donald Trump,trump_278t_2026_05_08_equity,2586,COGNIZANT TECHNOLOGY SOL CLASS A,purchase,2026-02-23,2026-05-12,1001.0,15000.0,equity,CTSH,trump_278t_2026_05_08_equity.pdf,60.70197296142578,47.39579772949219,78,-0.2192049876268314,-0.036874088697482495,0.0735129168731132,,
41fcf3ee6935,Donald Trump,trump_278t_2026_05_08_equity,2567,AMERIPRISE FINL INC,sale,2026-03-26,2026-05-12,,,equity,AMP,trump_278t_2026_05_08_equity.pdf,446.5192565917969,470.1199951171875,47,-0.052854917625571,0.001999494705967429,0.013528429800092074,,
c888d65d1d22,Donald Trump,trump_278t_2026_05_08_equity,2481,COPARTINC -,sale,2026-03-17,2026-05-12,1001.0,15000.0,equity,CPRT,trump_278t_2026_05_08_equity.pdf,34.04999923706055,33.439998626708984,56,0.017914849457254273,0.014952153724092655,0.00956936925734891,,53.0
3f575466b08e,Donald Trump,trump_278t_2026_05_08_equity,2571,EBAY INC,sale,2026-02-19,2026-05-12,1001.0,15000.0,equity,EBAY,trump_278t_2026_05_08_equity.pdf,84.23409271240234,110.09478759765625,82,-0.3070098347654698,-0.023641293651766027,-0.03478253879463996,,27.0
b387cf5cc8d5,Donald Trump,trump_278t_2026_05_08_equity,2572,WORKDAY INC CLASS A,sale,2026-01-21,2026-05-12,1001.0,15000.0,equity,WDAY,trump_278t_2026_05_08_equity.pdf,183.41000366210938,118.62000274658203,111,0.3532522742591946,0.017872219672015795,-0.09037256232585515,,0.0
68de31153fe2,Donald Trump,trump_278t_2026_05_08_equity,2573,BAXTER INTL INC,sale,2026-03-04,2026-05-12,1001.0,15000.0,equity,BAX,trump_278t_2026_05_08_equity.pdf,19.02011489868164,17.880706787109375,69,0.059905427366857944,0.032420338274323064,-0.02459475777203178,,40.0
f5fc89b757b4,Donald Trump,trump_278t_2026_05_08_equity,2574,UNION PAC CORP,sale,2026-01-21,2026-05-12,1001.0,15000.0,equity,UNP,trump_278t_2026_05_08_equity.pdf,227.01800537109375,264.22723388671875,111,-0.1639043055408805,0.0035768412780580903,-0.022439773264598478,,
8b155e26570a,Donald Trump,trump_278t_2026_05_08_equity,2575,HORMEL FOODS CORP,sale,2026-03-17,2026-05-12,1001.0,15000.0,equity,HRL,trump_278t_2026_05_08_equity.pdf,22.59821891784668,20.18000030517578,56,0.10700925685612943,0.013379606227975228,-0.010901848861621008,,53.0
d54f30fbba7c,Donald Trump,trump_278t_2026_05_08_equity,2578,POOL CORP,sale,2026-02-23,2026-05-12,1001.0,15000.0,equity,POOL,trump_278t_2026_05_08_equity.pdf,215.59471130371094,180.97840881347656,78,0.16056192789196003,0.038172601877425945,0.013473516224009222,,
8909a1e621d7,Donald Trump,trump_278t_2026_05_08_equity,2579,EQUIFAX INC,sale,2026-02-23,2026-05-12,1001.0,15000.0,equity,EFX,trump_278t_2026_05_08_equity.pdf,187.27703857421875,166.1874237060547,78,0.1126118558298654,0.04089701658917486,0.035559984387479905,,42.0
51b063fdcf26,Donald Trump,trump_278t_2026_05_08_equity,2580,SOFI TECHNOLOGIES INC,sale,2026-02-12,2026-05-12,1001.0,15000.0,equity,SOFI,trump_278t_2026_05_08_equity.pdf,19.299999237060547,15.899999618530273,89,0.1761657903074666,0.03710686874646046,0.042138370589211195,,0.0
e73453862aa2,Donald Trump,trump_278t_2026_05_08_equity,2582,LIVERAMP HLDGS INC,sale,2026-02-26,2026-05-12,1001.0,15000.0,equity,RAMP,trump_278t_2026_05_08_equity.pdf,27.260000228881836,28.68000030517578,75,-0.05209097815008315,0.0031380806007749104,-0.3138075280416158,,31.0
7394c135b642,Donald Trump,trump_278t_2026_05_08_equity,2570,RAYMOND JAMES FINL INC,purchase,2026-03-26,2026-05-12,1001.0,15000.0,equity,RJF,trump_278t_2026_05_08_equity.pdf,143.66220092773438,153.47999572753906,47,0.06833944305742107,0.0031275149836481014,-0.016028091761516296,,
c792c674182b,Donald Trump,trump_278t_2026_05_08_equity,2614,VERSANT MEDIA GROUP INC,sale,2026-03-30,2026-05-12,1001.0,15000.0,equity,VSNT,trump_278t_2026_05_08_equity.pdf,35.229488372802734,40.369998931884766,43,-0.14591499327735113,-0.001733953348434004,-0.04978950184323493,,52.0
793b0fcff4ae,Donald Trump,trump_278t_2026_05_08_equity,2390,ASTERA LABS INC,sale,2026-02-12,2026-05-12,1001.0,15000.0,equity,ALAB,trump_278t_2026_05_08_equity.pdf,126.58000183105469,204.4199981689453,89,-0.6149470312204849,-0.09622345340541884,-0.1948928514565605,,36.0
46512616a6a8,Donald Trump,trump_278t_2026_05_08_equity,2394,VISTRA CORP -,sale,2026-03-26,2026-05-12,1001.0,15000.0,equity,VST,trump_278t_2026_05_08_equity.pdf,152.3000030517578,146.8699951171875,47,0.035653367207911166,0.029005206294429913,0.08279423168508901,,24.0
4e31b3de5654,Donald Trump,trump_278t_2026_05_08_equity,2395,VEEVA SYS INC ClASS A,purchase,2026-02-23,2026-05-12,1001.0,15000.0,equity,VEEV,trump_278t_2026_05_08_equity.pdf,172.1699981689453,159.4199981689453,78,-0.07405471415228107,-0.023146421300894577,0.024400949907965822,,
96570b753d6f,Donald Trump,trump_278t_2026_05_08_equity,2396,XYLEM INC,sale,2026-01-21,2026-05-12,1001.0,15000.0,equity,XYL,trump_278t_2026_05_08_equity.pdf,140.72921752929688,111.10437774658203,111,0.21050951822813604,0.022682442982823278,0.04662008135457,,
0c74b1c8ca97,Donald Trump,trump_278t_2026_05_08_equity,2400,GODADDY INC ClASS A,sale,2026-01-21,2026-05-12,1001.0,15000.0,equity,GDDY,trump_278t_2026_05_08_equity.pdf,104.13999938964844,87.02999877929688,111,0.16429806712724357,0.018958997460900996,-0.03929677372072857,,
62ed13aea03e,Donald Trump,trump_278t_2026_05_08_equity,2401,IQVIA HLDGS INC,sale,2026-02-23,2026-05-12,1001.0,15000.0,equity,IQV,trump_278t_2026_05_08_equity.pdf,162.30999755859375,175.05999755859375,78,-0.0785533866784593,0.015308995276800678,0.010739203181944806,,
d9197e2fd504,Donald Trump,trump_278t_2026_05_08_equity,2405,AVANOS MED INC,sale,2026-03-30,2026-05-12,1001.0,15000.0,equity,AVNS,trump_278t_2026_05_08_equity.pdf,13.729999542236328,24.729999542236328,43,-0.8011653581022867,0.0004043764281012849,-0.0008087528562025698,,26.0
0d31da26850e,Donald Trump,trump_278t_2026_05_08_equity,2408,INVITATION HOMES INC,purchase,2026-01-26,2026-05-12,1001.0,15000.0,equity,INVH,trump_278t_2026_05_08_equity.pdf,26.575773239135742,28.459999084472656,106,0.0709001325523874,0.0,0.007027433920353515,,
36bca3341ed9,Donald Trump,trump_278t_2026_05_08_equity,2411,AUTODESK INC,sale,2026-01-21,2026-05-12,1001.0,15000.0,equity,ADSK,trump_278t_2026_05_08_equity.pdf,257.44000244140625,234.8699951171875,111,0.08767094122971708,0.016349454667356184,-0.0395538329205766,,0.0
04fdc1eacc2e,Donald Trump,trump_278t_2026_05_08_equity,2412,SNAP INC CLASS A,purchase,2026-02-23,2026-05-12,1001.0,15000.0,equity,SNAP,trump_278t_2026_05_08_equity.pdf,4.929999828338623,5.550000190734863,78,0.12576072697454357,0.010810800129287304,0.0,,
c66d745fb358,Donald Trump,trump_278t_2026_05_08_equity,2387,TALEN ENERGY CORP NEW ClASS EQUITY,sale,2026-03-26,2026-05-12,1001.0,15000.0,equity,TLN,trump_278t_2026_05_08_equity.pdf,323.1300048828125,374.6099853515625,47,-0.15931662083630987,0.06294542989860874,0.16027329856409905,,64.0
358ac4843a2a,Donald Trump,trump_278t_2026_05_08_equity,2386,SNOWFLAKE INC ClASS A,purchase,2026-03-26,2026-05-12,1001.0,15000.0,equity,SNOW,trump_278t_2026_05_08_equity.pdf,162.3300018310547,151.97999572753906,47,-0.06375904630548465,0.0025661231781293494,0.11560736819414867,,
a235414f663f,Donald Trump,trump_278t_2026_05_08_equity,2384,EOG RES INC,sale,2026-01-12,2026-05-12,1001.0,15000.0,equity,EOG,trump_278t_2026_05_08_equity.pdf,103.6396713256836,134.1300048828125,120,-0.29419558328503603,-0.005964271705407661,-0.07582194735496131,,11.0
b2d8cc7217d0,Donald Trump,trump_278t_2026_05_08_equity,2356,HOULIHAN LOKEY INC CLASS A,sale,2026-03-26,2026-05-12,1001.0,,equity,HLI,trump_278t_2026_05_08_equity.pdf,141.13999938964844,149.52999877929688,47,-0.059444519101108775,-0.006821402265684776,0.018190338011824566,,15.0
4dad87a9bd32,Donald Trump,trump_278t_2026_05_08_equity,2359,HOULIHAN LOKEY INC CLASS A,sale,2026-01-21,2026-05-12,1001.0,15000.0,equity,HLI,trump_278t_2026_05_08_equity.pdf,190.36001586914062,149.52999877929688,111,0.21448840978197634,-0.006821402265684776,0.018190338011824566,,
21879b4b336c,Donald Trump,trump_278t_2026_05_08_equity,2360,CBRE GROUP INC CLASS A,purchase,2026-02-12,2026-05-12,1001.0,15000.0,equity,CBRE,trump_278t_2026_05_08_equity.pdf,136.27999877929688,144.05999755859375,89,0.05708833907385375,-0.023670718588777003,-0.11044012169747729,,
92e030830e64,Donald Trump,trump_278t_2026_05_08_equity,2364,DUOLINGO INC CLASS A,purchase,2026-01-21,2026-05-12,1001.0,15000.0,equity,DUOL,trump_278t_2026_05_08_equity.pdf,146.80999755859375,106.01000213623047,111,-0.2779101975400516,-0.009716052811443703,0.0763135192422164,,
c62dcea9592f,Donald Trump,trump_278t_2026_05_08_equity,2365,TYLER TECHNOLOGIES INC,sale,2026-02-12,2026-05-12,1001.0,15000.0,equity,TYL,trump_278t_2026_05_08_equity.pdf,287.0400085449219,309.6499938964844,89,-0.07876945609839622,0.03571773866170685,-0.04227352364252458,,42.0
8e6a1cd52852,Donald Trump,trump_278t_2026_05_08_equity,2366,BANK OF AMERICA CORP,sale,2026-02-23,2026-05-12,1001.0,15000.0,equity,BAC,trump_278t_2026_05_08_equity.pdf,50.78291702270508,50.779998779296875,78,5.746506067972378e-05,0.018511198292746396,0.0015753843694466029,,
326e6e888df6,Donald Trump,trump_278t_2026_05_08_equity,2367,CROWDSTRIKE HLDGS INC CLASS A,sale,2026-03-26,2026-05-12,1001.0,15000.0,equity,CRWD,trump_278t_2026_05_08_equity.pdf,392.6199951171875,546.1799926757812,47,-0.3911160905413384,-0.030008449354106608,-0.12944452956005584,,64.0
03d57e250505,Donald Trump,trump_278t_2026_05_08_equity,2368,VERSANT MEDIA GROUP INC CL A UNSOLICITED,sale,2026-01-06,2026-05-12,1001.0,15000.0,equity,VSNT,trump_278t_2026_05_08_equity.pdf,35.892696380615234,40.369998931884766,126,-0.12474132630747721,-0.001733953348434004,-0.04978950184323493,,
daf1f401afc0,Donald Trump,trump_278t_2026_05_08_equity,2370,BANK OF AMERICA CORP,sale,2026-01-21,2026-05-12,1001.0,15000.0,equity,BAC,trump_278t_2026_05_08_equity.pdf,51.77729415893555,50.779998779296875,111,0.019261249469263008,0.018511198292746396,0.0015753843694466029,,
6a52d2043739,Donald Trump,trump_278t_2026_05_08_equity,2373,COINBASE GLOBAL INC CLASS A,sale,2026-03-26,2026-05-12,1001.0,,equity,COIN,trump_278t_2026_05_08_equity.pdf,173.3800048828125,207.63999938964844,47,-0.1976006087322022,0.028125584449321516,0.06833944559389972,,73.0
764d8ba8801f,Donald Trump,trump_278t_2026_05_08_equity,2374,ZEBRA TECHNOLOGIES CORP CLASS A,purchase,2026-03-26,2026-05-12,1001.0,,equity,ZBRA,trump_278t_2026_05_08_equity.pdf,204.4199981689453,241.7899932861328,47,0.18280987893514522,0.020555032708990797,0.022168000162060348,,
f0744ab68e57,Donald Trump,trump_278t_2026_05_08_equity,2379,NUTANIX INC ClASS A,sale,2026-01-21,2026-05-12,1001.0,15000.0,equity,NTNX,trump_278t_2026_05_08_equity.pdf,41.56999969482422,44.400001525878906,111,-0.06807798536998894,-0.0022522178082090565,-0.08716213511004284,,9.0
5fe277a40227,Donald Trump,trump_278t_2026_05_08_equity,2380,MOLINA HEALTHCARE INC,sale,2026-03-26,2026-05-12,1001.0,15000.0,equity,MOH,trump_278t_2026_05_08_equity.pdf,138.8000030517578,191.5800018310547,47,-0.3802593488388864,-0.0020356998951923983,0.03758219479813724,,42.0
56f3a346f7e5,Donald Trump,trump_278t_2026_05_08_equity,2363,ESSEX PPTY TR INC REIT,sale,2026-02-12,2026-05-12,1001.0,15000.0,reit,ESS,trump_278t_2026_05_08_equity.pdf,248.6765899658203,268.6400146484375,89,-0.08027866509413326,-0.012284051567252041,-0.014852553665903424,,
ab54701e74c1,Donald Trump,trump_278t_2026_05_08_equity,2385,HUMANA INC,sale,2026-02-12,2026-05-12,1001.0,15000.0,equity,HUM,trump_278t_2026_05_08_equity.pdf,177.92636108398438,295.3500061035156,89,-0.6599564241304594,-0.03216522703124779,-0.05146430125390201,,
7d3c616c2987,Donald Trump,trump_278t_2026_05_08_equity,2415,GARTNER INC,sale,2026-02-12,2026-05-12,1001.0,15000.0,equity,IT,trump_278t_2026_05_08_equity.pdf,153.6300048828125,152.9600067138672,89,0.0043611153267643305,0.05557008124287301,-0.007714386924606961,,27.0
b76c7c4b7c3f,Donald Trump,trump_278t_2026_05_08_equity,2417,APPLOVIN CORP CLASS A,purchase,2026-03-26,2026-05-12,1001.0,15000.0,equity,APP,trump_278t_2026_05_08_equity.pdf,391.2099914550781,490.69000244140625,47,0.2542880119608377,-0.07573010144331743,-0.028103300406183744,,
756e8ceacc40,Donald Trump,trump_278t_2026_05_08_equity,2451,GENERAL MILLS INC,sale,2026-03-26,2026-05-12,1001.0,15000.0,equity,GIS,trump_278t_2026_05_08_equity.pdf,35.422119140625,34.130001068115234,47,0.036477717986890805,0.015235875812774708,0.010547922621891756,,
3af8a10b04a1,Donald Trump,trump_278t_2026_05_08_equity,2453,JONES LANG LASALLE INC,sale,2026-01-23,2026-05-12,1001.0,15000.0,equity,JLL,trump_278t_2026_05_08_equity.pdf,354.0899963378906,315.7799987792969,109,0.10819282655485248,0.016213804347899617,0.09265947773365861,,
dffe61d30c1e,Donald Trump,trump_278t_2026_05_08_equity,2455,SAMSARA INC CLASS A,sale,2026-01-23,2026-05-12,1001.0,15000.0,equity,IOT,trump_278t_2026_05_08_equity.pdf,32.099998474121094,28.100000381469727,109,0.12461053840473393,0.020640566399726102,-0.09572955507258683,,11.0
5cc0a98faf13,Donald Trump,trump_278t_2026_05_08_equity,2456,GODADDY INC CLASS A,sale,2026-02-12,2026-05-12,1001.0,15000.0,equity,GDDY,trump_278t_2026_05_08_equity.pdf,88.26000213623047,87.02999877929688,89,0.013936135589879859,0.018958997460900996,-0.03929677372072857,,
a8fdbe054de0,Donald Trump,trump_278t_2026_05_08_equity,2458,ACUITY INC.,sale,2026-03-17,2026-05-12,1001.0,15000.0,equity,AYI,trump_278t_2026_05_08_equity.pdf,267.7109680175781,288.1400146484375,56,-0.07631008464889637,0.014888624720020775,0.055875634361854956,,55.0
ee90d892155f,Donald Trump,trump_278t_2026_05_08_equity,2459,GARTNER INC,purchase,2026-03-21,2026-05-12,1001.0,15000.0,equity,IT,trump_278t_2026_05_08_equity.pdf,162.58999633789062,152.9600067138672,52,-0.05922867237176526,-0.05557008124287301,0.007714386924606961,,
ee98303929cf,Donald Trump,trump_278t_2026_05_08_equity,2460,BOOZ ALLEN HAMILTON HLDG CLASS A,purchase,2026-02-23,2026-05-12,1001.0,15000.0,equity,BAH,trump_278t_2026_05_08_equity.pdf,74.26000213623047,75.43000030517578,78,0.015755428700351275,-0.0509081791296462,0.02081399560482953,,
0cf22264c848,Donald Trump,trump_278t_2026_05_08_equity,2462,GENERAL MILLS INC,sale,2026-03-17,2026-05-12,1001.0,15000.0,equity,GIS,trump_278t_2026_05_08_equity.pdf,38.09696960449219,34.130001068115234,56,0.10412819123306831,0.015235875812774708,0.010547922621891756,,53.0
5ac756d0dd22,Donald Trump,trump_278t_2026_05_08_equity,2463,- INVITATION HOMES INC,sale,2026-01-21,2026-05-12,1001.0,15000.0,equity,INVH,trump_278t_2026_05_08_equity.pdf,27.168542861938477,28.459999084472656,111,-0.047534982980019645,-0.0,-0.007027433920353515,,15.0
27b1e885af49,Donald Trump,trump_278t_2026_05_08_equity,2464,RYAN SPECIALT Y HOLDINGS CLASS A,sale,2026-01-23,2026-05-12,1001.0,15000.0,equity,RYAN,trump_278t_2026_05_08_equity.pdf,49.62637710571289,31.510000228881836,109,0.3650553986288379,0.03935257893084968,-0.07172326919916479,,311.0
0df85c9e7b30,Donald Trump,trump_278t_2026_05_08_equity,2465,SMURFIT WESTROCK PLC F,sale,2026-03-17,2026-05-12,1001.0,15000.0,equity,SW,trump_278t_2026_05_08_equity.pdf,39.627323150634766,40.12167739868164,56,-0.012475085591012378,0.0034501030029787053,0.11220065457544394,,53.0
7032db90eb69,Donald Trump,trump_278t_2026_05_08_equity,2466,MARKEL GROUP INC,sale,2026-03-11,2026-05-12,1001.0,15000.0,equity,MKL,trump_278t_2026_05_08_equity.pdf,1956.56005859375,1833.219970703125,62,0.06303925471077743,0.006894979789899118,-0.014864555500968255,,
75a5dac4f408,Donald Trump,trump_278t_2026_05_08_equity,2467,ROCKET LAB CORP CLASS A,sale,2026-02-23,2026-05-12,1001.0,15000.0,equity,RKLB,trump_278t_2026_05_08_equity.pdf,70.20999908447266,117.55999755859375,78,-0.6744053424235525,-0.056056516707569636,-0.08293637463832412,,33.0
d3617f7a5d51,Donald Trump,trump_278t_2026_05_08_equity,2469,RYAN SPECIALTY HOLDINGS CLASS A,purchase,2026-03-17,2026-05-12,1001.0,15000.0,equity,RYAN,trump_278t_2026_05_08_equity.pdf,35.83051300048828,31.510000228881836,56,-0.1205819400784903,-0.03935257893084968,0.07172326919916479,,
2c0021abc070,Donald Trump,trump_278t_2026_05_08_equity,2471,SOLVENTUM CORP,purchase,2026-03-26,2026-05-12,1001.0,15000.0,equity,SOLV,trump_278t_2026_05_08_equity.pdf,64.70999908447266,75.0999984741211,47,0.16056250249803428,-0.009187680772716473,-0.004926699396871461,,
bf5d977d751b,Donald Trump,trump_278t_2026_05_08_equity,2472,ATLASSIAN CORP CLASS A,sale,2026-01-21,2026-05-12,1001.0,15000.0,equity,TEAM,trump_278t_2026_05_08_equity.pdf,122.41000366210938,85.0,111,0.305612307351717,0.0515293794519761,-0.019058855842141544,,9.0
0a058e833322,Donald Trump,trump_278t_2026_05_08_equity,2476,AGILYSYS INC,sale,2026-01-26,2026-05-12,1001.0,15000.0,equity,AGYS,trump_278t_2026_05_08_equity.pdf,113.55000305175781,69.23999786376953,106,0.3902246058750972,0.05314847514028269,-0.14009250255497677,,
825f5cb3e031,Donald Trump,trump_278t_2026_05_08_equity,2447,FLUTTER ENTMT PLC F,purchase,2026-01-21,2026-05-12,1001.0,15000.0,equity,FLUT,trump_278t_2026_05_08_equity.pdf,181.07000732421875,95.95999908447266,111,-0.47003923784766055,-0.00989992660802252,0.016048363174448303,,
7fbd9174e389,Donald Trump,trump_278t_2026_05_08_equity,2445,TOAST INC CLASS A,sale,2026-02-12,2026-05-12,1001.0,15000.0,equity,TOST,trump_278t_2026_05_08_equity.pdf,26.139999389648438,23.260000228881836,89,0.11017594598365196,0.03998281582220296,0.0017197297993864504,,31.0
e5b86ca5c16f,Donald Trump,trump_278t_2026_05_08_equity,2419,DRAFTKINGS INC NEW CLASS A,sale,2026-02-23,2026-05-12,1001.0,15000.0,equity,DKNG,trump_278t_2026_05_08_equity.pdf,21.809999465942383,24.610000610351562,78,-0.12838153200239866,-0.017066235915381617,-0.03778952791998715,,33.0
6b357e0c72f6,Donald Trump,trump_278t_2026_05_08_equity,2422,METLIFE INC,sale,2026-03-04,2026-05-12,1001.0,15000.0,equity,MET,trump_278t_2026_05_08_equity.pdf,72.76243591308594,78.63999938964844,69,-0.08077744240975104,0.007121026995677517,-0.030900309308695743,,
b5a9ed541111,Donald Trump,trump_278t_2026_05_08_equity,2423,WARNER MUSIC GROUP CORP CL A,sale,2026-02-19,2026-05-12,1001.0,15000.0,equity,WMG,trump_278t_2026_05_08_equity.pdf,29.050151824951172,33.4161262512207,82,-0.15029093316199457,0.02708326650370321,-0.02053577024321343,,
8d38007644dd,Donald Trump,trump_278t_2026_05_08_equity,2426,- GUIDEWIRE SOFTWARE INC,sale,2026-02-12,2026-05-12,1001.0,15000.0,equity,GWRE,trump_278t_2026_05_08_equity.pdf,125.33999633789062,131.3800048828125,89,-0.04818899570285023,0.04399456685853391,-0.06568723780853228,,31.0
5394662e03b5,Donald Trump,trump_278t_2026_05_08_equity,2427,PAYCOM SOFTWARE INC,purchase,2026-02-12,2026-05-12,1001.0,15000.0,equity,PAYC,trump_278t_2026_05_08_equity.pdf,119.10957336425781,137.22555541992188,89,0.1520950965063256,-0.01962223961311273,0.025944673394850827,,
479064f69caf,Donald Trump,trump_278t_2026_05_08_equity,2428,HUMANA INC,purchase,2026-02-23,2026-05-12,1001.0,15000.0,equity,HUM,trump_278t_2026_05_08_equity.pdf,180.2445831298828,295.3500061035156,78,0.6386068361937333,0.03216522703124779,0.05146430125390201,,
cca1a7046536,Donald Trump,trump_278t_2026_05_08_equity,2429,MONGODB INC CLASS A,purchase,2026-03-17,2026-05-12,1001.0,15000.0,equity,MDB,trump_278t_2026_05_08_equity.pdf,272.2699890136719,308.7200012207031,56,0.13387451308561568,-0.01852811997306877,0.08408911425379074,,
e020ee07ebbe,Donald Trump,trump_278t_2026_05_08_equity,2479,PROCORE TECHNOLOGIES INC,sale,2026-01-21,2026-05-12,1001.0,15000.0,equity,PCOR,trump_278t_2026_05_08_equity.pdf,62.959999084472656,48.09000015258789,111,0.2361816891377948,0.04366809040253425,0.014971952971898237,,
90ff02095db7,Donald Trump,trump_278t_2026_05_08_equity,2430,VERISK ANALYTICS INC CLASS A,sale,2026-02-23,2026-05-12,1001.0,15000.0,equity,VRSK,trump_278t_2026_05_08_equity.pdf,181.14151000976562,166.32000732421875,78,0.08182278421300465,0.029160689573931912,-0.02639489656280929,,
9e6387350481,Donald Trump,trump_278t_2026_05_08_equity,2432,ROCKET COMPANIES CLAA CLASS A,sale,2026-03-26,2026-05-12,1001.0,15000.0,equity,RKT,trump_278t_2026_05_08_equity.pdf,13.949999809265137,14.800000190734863,47,-0.060931927820184195,0.06486486660641765,0.14391892479665958,,
2ba259033c78,Donald Trump,trump_278t_2026_05_08_equity,2433,COSTAR GROUP INC,purchase,2026-02-23,2026-05-12,1001.0,15000.0,equity,CSGP,trump_278t_2026_05_08_equity.pdf,47.869998931884766,33.04999923706055,78,-0.3095884693022849,-0.03267775941413636,0.022692890085122576,,
ce5229612ed3,Donald Trump,trump_278t_2026_05_08_equity,2434,EQUIFAX INC,purchase,2026-02-12,2026-05-12,1001.0,15000.0,equity,EFX,trump_278t_2026_05_08_equity.pdf,187.02857971191406,166.1874237060547,89,-0.11143300151218416,-0.04089701658917486,-0.035559984387479905,,
3e130aa80925,Donald Trump,trump_278t_2026_05_08_equity,2440,ACI WORLDWIDE INC,sale,2026-01-26,2026-05-12,1001.0,15000.0,equity,ACIW,trump_278t_2026_05_08_equity.pdf,44.810001373291016,42.18000030517578,106,0.05869227823061049,0.03247982271153889,-0.0097202428744838,,
c3c5146d119a,Donald Trump,trump_278t_2026_05_08_equity,2441,ZILLOW GROUP INC CLASS C,purchase,2026-01-21,2026-05-12,1001.0,15000.0,equity,ZG,trump_278t_2026_05_08_equity.pdf,64.58999633789062,39.84000015258789,111,-0.38318621440737827,-0.02409636246977518,-0.08584342295541945,,
8f3ab6fab83e,Donald Trump,trump_278t_2026_05_08_equity,2443,QUALCOMM INC,purchase,2026-02-12,2026-05-12,1001.0,15000.0,equity,QCOM,trump_278t_2026_05_08_equity.pdf,137.58663940429688,210.30999755859375,89,0.5285640994588149,0.013598976004717739,-0.06989680528214866,,
305067152d46,Donald Trump,trump_278t_2026_05_08_equity,2431,GITLAB INC CLASS A,purchase,2026-02-21,2026-05-12,1001.0,15000.0,equity,GTLB,trump_278t_2026_05_08_equity.pdf,24.030000686645508,23.079999923706055,80,-0.03953394655820418,-0.04462741291379156,0.10311954803440203,,
8c55dd14a600,Donald Trump,trump_278t_2026_05_08_equity,3239,INSPIRE MED SYS INC,sale,2026-02-21,2026-05-12,15001.0,,equity,INSP,trump_278t_2026_05_08_equity.pdf,58.290000915527344,44.060001373291016,80,0.244124194865911,0.04857020285167226,0.03472543228111703,,
0e0c81ff3be9,Donald Trump,trump_278t_2026_05_08_equity,3137,TOAST INC CLASS A,sale,2026-02-12,2026-05-12,15001.0,50000.0,equity,TOST,trump_278t_2026_05_08_equity.pdf,26.139999389648438,23.260000228881836,89,0.11017594598365196,0.03998281582220296,0.0017197297993864504,,
0df945cd810f,Donald Trump,trump_278t_2026_05_08_equity,867,INTERCONTINENTALEXCHANGE INC I,purchase,2026-01-06,2026-05-12,15001.0,50000.0,equity,ICE,trump_278t_2026_05_08_equity.pdf,165.47543334960938,155.80999755859375,126,-0.058410095053777006,-0.006482218873382114,-0.010910705185030815,,
e2c767c1247e,Donald Trump,trump_278t_2026_05_08_equity,943,XYLEM INC UNSOLICITED I,purchase,2026-03-23,2026-05-12,15001.0,50000.0,equity,XYL,trump_278t_2026_05_08_equity.pdf,119.47157287597656,111.10437774658203,50,-0.07003502948839986,-0.022682442982823278,-0.04662008135457,,
84211546e586,Donald Trump,trump_278t_2026_05_08_equity,944,PEPSICO INC UNSOLICITED I,purchase,2026-03-23,2026-05-12,15001.0,50000.0,equity,PEP,trump_278t_2026_05_08_equity.pdf,150.8800048828125,151.85000610351562,50,0.006428958041567658,-0.016990462478453306,-0.00974653228080351,,
35d8899de2c6,Donald Trump,trump_278t_2026_05_08_equity,946,GILEAD SCIENCES INC UNSOLICITED I 31,purchase,2026-02-03,2026-05-12,15001.0,50000.0,equity,GILD,trump_278t_2026_05_08_equity.pdf,142.4709014892578,134.94000244140625,98,-0.05285920822519247,-0.014006220212342997,-0.0329035301695225,,
a69c8cec0449,Donald Trump,trump_278t_2026_05_08_equity,950,COINBASE GLOBAL INC oun:hase,purchase,2026-03-17,2026-05-12,15001.0,50000.0,equity,COIN,trump_278t_2026_05_08_equity.pdf,210.22999572753906,207.63999938964844,56,-0.01231982300588207,-0.028125584449321516,-0.06833944559389972,,
df02b9525c5c,Donald Trump,trump_278t_2026_05_08_equity,951,STRYKER CORP UNSOLICITED DUn:hase,purchase,2026-03-23,2026-05-12,15001.0,50000.0,equity,SYK,trump_278t_2026_05_08_equity.pdf,331.6924743652344,294.45001220703125,50,-0.11228009387151357,0.025946625281467513,0.07913053770426151,,
b1e7fed191ba,Donald Trump,trump_278t_2026_05_08_equity,958,EOG RESOURCES INC l)<lrchmo,purchase,2026-01-23,2026-05-12,15001.0,50000.0,equity,EOG,trump_278t_2026_05_08_equity.pdf,107.49537658691406,134.1300048828125,109,0.24777464056199047,0.005964271705407661,0.07582194735496131,,
f750d3149890,Donald Trump,trump_278t_2026_05_08_equity,965,QUALCOMM INC UNSOLICITED,purchase,2026-03-23,2026-05-12,15001.0,50000.0,equity,QCOM,trump_278t_2026_05_08_equity.pdf,128.35000610351562,210.30999755859375,50,0.6385663230041184,0.013598976004717739,-0.06989680528214866,,
ff2289f2db70,Donald Trump,trump_278t_2026_05_08_equity,979,AMPHENOL CORP NEW CL A UNSOLICITED 31,purchase,2026-01-01,2026-05-12,15001.0,50000.0,equity,APH,trump_278t_2026_05_08_equity.pdf,139.43441772460938,127.87000274658203,131,-0.0829380232423511,-0.02526005542781559,-0.06780328155245616,,
9b4a8b77556c,Donald Trump,trump_278t_2026_05_08_equity,998,ABBVIE INC COM UNSOLICITED,purchase,2026-03-11,2026-05-12,15001.0,50000.0,equity,ABBV,trump_278t_2026_05_08_equity.pdf,225.80667114257812,207.86000061035156,62,-0.07947803508823144,0.0030789925323254576,0.02838446011334492,,
0958d7afd15e,Donald Trump,trump_278t_2026_05_08_equity,1005,GOOSEHEAD INS INC CLASS A l>Urchaae,purchase,2026-03-30,2026-05-12,15001.0,50000.0,equity,GSHD,trump_278t_2026_05_08_equity.pdf,42.29999923706055,39.650001525878906,43,-0.06264770115787337,-0.0822194706374152,0.04186632493137875,,
d1b6e76b5c25,Donald Trump,trump_278t_2026_05_08_equity,1039,EQUINIX INC REIT UNSOLICITED lpurchaae,purchase,2026-03-02,2026-05-12,15001.0,50000.0,reit,EQIX,trump_278t_2026_05_08_equity.pdf,961.34521484375,1075.3115234375,71,0.1185487864650923,-0.0031000282439954266,-0.029797301654044657,,
69e36cfe9c05,Donald Trump,trump_278t_2026_05_08_equity,1046,QUINSTREET INC lcurchaso 21,purchase,2026-02-06,2026-05-12,15001.0,50000.0,equity,QNST,trump_278t_2026_05_08_equity.pdf,12.239999771118164,11.9399995803833,95,-0.024509819962803586,-0.03266326661260382,-0.05025121012409188,,
bd2396f87104,Donald Trump,trump_278t_2026_05_08_equity,886,MONOLITHIC POWER SYSTEMS INC UNSOLICITED,purchase,2026-03-23,2026-05-12,15001.0,50000.0,equity,MPWR,trump_278t_2026_05_08_equity.pdf,1074.2022705078125,1599.52001953125,50,0.4890305703553407,0.03177825562294841,-0.08215591713456522,,
3f9be78603c6,Donald Trump,trump_278t_2026_05_08_equity,1047,STARBUCKS CORP UNSOLICITED I,purchase,2026-03-12,2026-05-12,15001.0,50000.0,equity,SBUX,trump_278t_2026_05_08_equity.pdf,99.59624481201172,105.95895385742188,61,0.06388502957535992,-0.005911111059908763,0.003973646215520859,,
cc9e9d070215,Donald Trump,trump_278t_2026_05_08_equity,640,LULULEMON ATHLETICA INC .,purchase,2026-01-06,2026-05-12,15001.0,50000.0,equity,LULU,trump_278t_2026_05_08_equity.pdf,215.8800048828125,125.12999725341797,126,-0.4203724549601383,-0.03132740553814914,-0.04723084921632099,,
2f47724f2f0d,Donald Trump,trump_278t_2026_05_08_equity,697,LINDE PLC NEW EUR UNSOLICITED,purchase,2026-03-25,2026-05-12,15001.0,50000.0,equity,LIN,trump_278t_2026_05_08_equity.pdf,492.3399963378906,503.8699951171875,48,0.02341877333765078,0.018635788476060414,0.004366229837757222,,
2e2aa3427e9c,Donald Trump,trump_278t_2026_05_08_equity,698,MICROSOFT CORP IDUrchase,purchase,2026-03-17,2026-05-12,15001.0,50000.0,equity,MSFT,trump_278t_2026_05_08_equity.pdf,398.5467834472656,406.8887023925781,56,0.02093083997105267,-0.0062779903800582754,0.0236653926530322,,
1a97b9847558,Donald Trump,trump_278t_2026_05_08_equity,700,NETAPP INC,purchase,2026-01-12,2026-05-12,15001.0,50000.0,equity,NTAP,trump_278t_2026_05_08_equity.pdf,106.48457336425781,116.2300033569336,120,0.09151964162300803,0.020218518508550887,0.0375117685195949,,
a176c7a9c20b,Donald Trump,trump_278t_2026_05_08_equity,703,SMURFIT WESTROCK PLC UNSOLICITED 31,purchase,2026-02-05,2026-05-12,15001.0,50000.0,equity,SW,trump_278t_2026_05_08_equity.pdf,42.30824279785156,40.12167739868164,96,-0.05168178242753577,-0.0034501030029787053,-0.11220065457544394,,
163aba508062,Donald Trump,trump_278t_2026_05_08_equity,707,FIGMA INC CLASS A pun::haso,purchase,2026-02-12,2026-05-12,15001.0,50000.0,equity,FIG,trump_278t_2026_05_08_equity.pdf,22.020000457763672,19.329999923706055,89,-0.12216169292172716,-0.020175860899520618,0.2038282746822804,,
79db8e748df1,Donald Trump,trump_278t_2026_05_08_equity,710,PFIZER INC UNSOLICITED 31,purchase,2026-02-05,2026-05-12,15001.0,50000.0,equity,PFE,trump_278t_2026_05_08_equity.pdf,26.059837341308594,25.8700008392334,96,-0.007284638794513008,0.0034788651843710074,-0.008117548705402825,,
e65a737ef51b,Donald Trump,trump_278t_2026_05_08_equity,722,NBT BANCORP INC I,purchase,2026-03-04,2026-05-12,15001.0,50000.0,equity,NBTB,trump_278t_2026_05_08_equity.pdf,43.0099983215332,44.97999954223633,69,0.045803331727098266,-0.009782094957467144,-0.003779416866949583,,
5ab84af08c7c,Donald Trump,trump_278t_2026_05_08_equity,724,MASTERCARD INC CL A UNSOLICITED I,purchase,2026-03-25,2026-05-12,15001.0,50000.0,equity,MA,trump_278t_2026_05_08_equity.pdf,501.8974914550781,499.80999755859375,48,-0.004159203686060292,-0.01834693774624073,-0.0002200543248429243,,
a71ae208ecac,Donald Trump,trump_278t_2026_05_08_equity,743,UPSTART HLDGS INC 10urchaso 21,purchase,2026-01-02,2026-05-12,15001.0,50000.0,equity,UPST,trump_278t_2026_05_08_equity.pdf,45.84000015258789,27.84000015258789,130,-0.39267015576097924,-0.03053162273027912,0.00862068138659312,,
a7ba1cadd258,Donald Trump,trump_278t_2026_05_08_equity,768,MOLINA HEALTHCARE INC,purchase,2026-02-12,2026-05-12,15001.0,50000.0,equity,MOH,trump_278t_2026_05_08_equity.pdf,126.70999908447266,191.5800018310547,89,0.5119564613313249,0.0020356998951923983,-0.03758219479813724,,
f3df75fa601a,Donald Trump,trump_278t_2026_05_08_equity,787,CHEVRON CORP UNSOLICITED IDUrchaao,purchase,2026-03-25,2026-05-12,15001.0,50000.0,equity,CVX,trump_278t_2026_05_08_equity.pdf,203.2880401611328,184.26229858398438,48,-0.09359006836835067,0.00026896737561542435,0.0704848550996231,,
7f731eaa682d,Donald Trump,trump_278t_2026_05_08_equity,799,CENTENE CORP DEL IPllrchaso,purchase,2026-03-18,2026-05-12,15001.0,50000.0,equity,CNC,trump_278t_2026_05_08_equity.pdf,36.15999984741211,59.310001373291016,55,0.6402102218906868,-0.008430281376205873,-0.0026976874676681744,,
99bc4d171c79,Donald Trump,trump_278t_2026_05_08_equity,803,EXXON MOBIL CORP UNSOLICITED I Pllrchoao,purchase,2026-03-11,2026-05-12,15001.0,50000.0,equity,XOM,trump_278t_2026_05_08_equity.pdf,150.55809020996094,149.614501953125,62,-0.006267270364017341,0.006240504976167592,0.08645887216658699,,
9cb05aab35d5,Donald Trump,trump_278t_2026_05_08_equity,815,GARTNER INC I,purchase,2026-03-18,2026-05-12,15001.0,50000.0,equity,IT,trump_278t_2026_05_08_equity.pdf,158.1199951171875,152.9600067138672,55,-0.032633370621445376,-0.05557008124287301,0.007714386924606961,,
da6d61251205,Donald Trump,trump_278t_2026_05_08_equity,821,CBRE GROUP INC CLASS A IPllrchoso,purchase,2026-03-18,2026-05-12,15001.0,50000.0,equity,CBRE,trump_278t_2026_05_08_equity.pdf,133.91000366210938,144.05999755859375,55,0.07579712955647074,-0.023670718588777003,-0.11044012169747729,,
19c0b5f9b6a0,Donald Trump,trump_278t_2026_05_08_equity,823,SNOWFLAKE INC CLASS A IPllrchaso,purchase,2026-03-18,2026-05-12,15001.0,50000.0,equity,SNOW,trump_278t_2026_05_08_equity.pdf,173.25,151.97999572753906,55,-0.12277058743123197,0.0025661231781293494,0.11560736819414867,,
e7f321893cf1,Donald Trump,trump_278t_2026_05_08_equity,836,"SMURFIT WESTROCK PLC F ,",purchase,2026-03-16,2026-05-12,15001.0,50000.0,equity,SW,trump_278t_2026_05_08_equity.pdf,38.97477340698242,40.12167739868164,57,0.029426828983019775,-0.0034501030029787053,-0.11220065457544394,,
601d684ea2d9,Donald Trump,trump_278t_2026_05_08_equity,1051,EMCOR GROUP INC UNSOLICITED,purchase,2026-03-12,2026-05-12,15001.0,50000.0,equity,EME,trump_278t_2026_05_08_equity.pdf,710.1763305664062,924.9000244140625,61,0.30235264765357894,-0.0020434799422076474,-0.07626774483781437,,
e07bdcc0bdc3,Donald Trump,trump_278t_2026_05_08_equity,1250,PAYONEER GLOBAL INC .,purchase,2026-03-30,2026-05-12,15001.0,50000.0,equity,PAYO,trump_278t_2026_05_08_equity.pdf,4.769999980926514,5.119999885559082,43,0.07337524235473586,-0.037109387005330334,-0.06249994179233778,,
0e808ede70e6,Donald Trump,trump_278t_2026_05_08_equity,1260,ARCHROCK INC loun:huo,purchase,2026-03-04,2026-05-12,15001.0,50000.0,equity,AROC,trump_278t_2026_05_08_equity.pdf,36.818023681640625,37.22999954223633,69,0.011189515878364097,-0.011549833748667084,0.021756685018813744,,
6beba4834a59,Donald Trump,trump_278t_2026_05_08_equity,1262,ALKERMES PLC F,purchase,2026-01-26,2026-05-12,15001.0,50000.0,equity,ALKS,trump_278t_2026_05_08_equity.pdf,33.11000061035156,38.290000915527344,106,0.1564482092928835,0.016192189006538883,-0.033690281657951675,,
604e4fd5daf0,Donald Trump,trump_278t_2026_05_08_equity,1266,ENPHASE ENERGY INC ourt:huo,purchase,2026-03-04,2026-05-12,15001.0,50000.0,equity,ENPH,trump_278t_2026_05_08_equity.pdf,42.65999984741211,37.47999954223633,69,-0.12142523027903894,0.1205976657675801,0.24759868977157312,,
5c3e58ce117d,Donald Trump,trump_278t_2026_05_08_equity,1275,BROADRIDGE FINL SOLUTIONS INC l)Urchase,purchase,2026-03-17,2026-05-12,15001.0,50000.0,equity,BR,trump_278t_2026_05_08_equity.pdf,178.19000244140625,149.52999877929688,56,-0.16083957163384388,-0.0374507199172864,-0.000668802944773857,,
1f5c8d9fcc21,Donald Trump,trump_278t_2026_05_08_equity,1280,POWER INTEGRATIONS INC 10urchllso,purchase,2026-03-04,2026-05-12,15001.0,50000.0,equity,POWI,trump_278t_2026_05_08_equity.pdf,46.85401916503906,70.73490905761719,69,0.5096871158151842,0.003384506662772239,-0.037089356627707286,,
0342fd988ad5,Donald Trump,trump_278t_2026_05_08_equity,1292,CELANESE CORP DEL CLASS A ourt:hase,purchase,2026-03-04,2026-05-12,15001.0,50000.0,equity,CE,trump_278t_2026_05_08_equity.pdf,51.12639617919922,59.470001220703125,69,0.16319564188055374,0.008407600298248125,-0.10055489186965962,,
7570d3db420a,Donald Trump,trump_278t_2026_05_08_equity,1294,SCANSOURCE INC IDUrchaoe,purchase,2026-03-04,2026-05-12,15001.0,50000.0,equity,SCSC,trump_278t_2026_05_08_equity.pdf,38.09000015258789,43.5,69,0.14203202482908223,-0.034252912148661996,-0.023448286385371768,,
d94676e36aa5,Donald Trump,trump_278t_2026_05_08_equity,1295,FAIR ISAAC CORP UNSOLICITED I,purchase,2026-03-02,2026-05-12,15001.0,50000.0,equity,FICO,trump_278t_2026_05_08_equity.pdf,1407.5400390625,1086.0,71,-0.2284411314342884,-0.019668494798860497,0.09221917533523251,,
6f0a226a02e8,Donald Trump,trump_278t_2026_05_08_equity,1299,TRIMBLE INC COM UNSOLICITED oun:hose,purchase,2026-03-02,2026-05-12,15001.0,50000.0,equity,TRMB,trump_278t_2026_05_08_equity.pdf,68.41000366210938,56.5099983215332,71,-0.17395124548381355,-0.02849047679126909,-0.03450711389419983,,
6b6dd16b632b,Donald Trump,trump_278t_2026_05_08_equity,1311,GLAUKOS CORP,purchase,2026-03-30,2026-05-12,15001.0,50000.0,equity,GKOS,trump_278t_2026_05_08_equity.pdf,105.01000213623047,136.36000061035156,43,0.2985429753010617,0.00682012812861964,0.025960642932587954,,
70aa322ccd78,Donald Trump,trump_278t_2026_05_08_equity,1329,DOORDASH INC CL A UNSOLICITED lpurch&lse,purchase,2026-03-02,2026-05-12,15001.0,50000.0,equity,DASH,trump_278t_2026_05_08_equity.pdf,176.41000366210938,155.19000244140625,71,-0.12028796995745945,-0.039435498556024406,-0.0034796606509865952,,
8635a88b7309,Donald Trump,trump_278t_2026_05_08_equity,1331,STRYKER CORP UNSOLICITED I &lse,purchase,2026-03-02,2026-05-12,15001.0,50000.0,equity,SYK,trump_278t_2026_05_08_equity.pdf,385.9755859375,294.45001220703125,71,-0.2371278833819537,0.025946625281467513,0.07913053770426151,,
8c1b0869e130,Donald Trump,trump_278t_2026_05_08_equity,1338,MODERNA INC UNSOLICITED &lae,purchase,2026-03-02,2026-05-12,15001.0,50000.0,equity,MRNA,trump_278t_2026_05_08_equity.pdf,52.845001220703125,53.27000045776367,71,0.008042373493106186,-0.053501074982682764,-0.14173078979127726,,
f7b0ccffa33a,Donald Trump,trump_278t_2026_05_08_equity,1341,EPAM SYSTEMS INC UNSOLICITED lpurchoso,purchase,2026-03-02,2026-05-12,15001.0,50000.0,equity,EPAM,trump_278t_2026_05_08_equity.pdf,139.16000366210938,95.13999938964844,71,-0.31632655298964146,-0.0499264245372364,0.05644316566146947,,
0aa5cbd37c21,Donald Trump,trump_278t_2026_05_08_equity,1350,"APTIV PLC UNSOLICITED ,",purchase,2026-03-02,2026-05-12,15001.0,50000.0,equity,APTV,trump_278t_2026_05_08_equity.pdf,72.47000122070312,54.95000076293945,71,-0.24175521129643066,-0.013466818347450952,-0.04331212074741963,,
aac7bd6c15ab,Donald Trump,trump_278t_2026_05_08_equity,1367,COMCAST CORP CL A IDUrchoao,purchase,2026-01-23,2026-05-12,15001.0,50000.0,equity,CMCSA,trump_278t_2026_05_08_equity.pdf,28.96321678161621,24.899999618530273,109,-0.14028887722392006,0.0016064624955887774,-0.004016079638624071,,
0c429814fffd,Donald Trump,trump_278t_2026_05_08_equity,1387,BLOOMIN BRANDS INC IDUrchuo,purchase,2026-02-26,2026-05-12,15001.0,50000.0,equity,BLMN,trump_278t_2026_05_08_equity.pdf,6.179999828338623,8.319999694824219,75,0.3462783051663764,-0.004807687899064574,-0.08533648886447645,,
5ca630311ecd,Donald Trump,trump_278t_2026_05_08_equity,1244,BLACKROCK INC UNSOLICITED I,purchase,2026-03-11,2026-05-12,15001.0,50000.0,equity,BLK,trump_278t_2026_05_08_equity.pdf,951.1699829101562,1092.5,62,0.14858544700647183,0.0014645085454805492,-0.051441602903318076,,
9dfa88ea5c99,Donald Trump,trump_278t_2026_05_08_equity,1232,HUMANA INC UNSOLICITED IDUrchllSe,purchase,2026-03-11,2026-05-12,15001.0,50000.0,equity,HUM,trump_278t_2026_05_08_equity.pdf,170.08616638183594,295.3500061035156,62,0.7364728266052389,0.03216522703124779,0.05146430125390201,,
eb375bd3d076,Donald Trump,trump_278t_2026_05_08_equity,1220,FORTINET INC UNSOLICITED,purchase,2026-03-11,2026-05-12,15001.0,50000.0,equity,FTNT,trump_278t_2026_05_08_equity.pdf,83.4800033569336,113.87000274658203,62,0.3640392688978532,0.03354702382264482,0.12092734092324181,,
eb123a185002,Donald Trump,trump_278t_2026_05_08_equity,1093,AMETEK INC (NAN\ UNSOLICITED DIJrchaao,purchase,2026-03-12,2026-05-12,15001.0,50000.0,equity,AME,trump_278t_2026_05_08_equity.pdf,215.22830200195312,231.1999969482422,61,0.07420815384281629,0.0009515623858436979,-0.04290656704102839,,
69706aa888de,Donald Trump,trump_278t_2026_05_08_equity,1095,AMAZON.COM INC 1ourchaso,purchase,2026-03-23,2026-05-12,15001.0,50000.0,equity,AMZN,trump_278t_2026_05_08_equity.pdf,210.13999938964844,265.82000732421875,50,0.26496625152894676,0.016213969753363512,-0.02437743889768426,,
0ee05df165c6,Donald Trump,trump_278t_2026_05_08_equity,1097,PTC THERAPEUTICS INC 10urchaso,purchase,2026-03-04,2026-05-12,15001.0,50000.0,equity,PTCT,trump_278t_2026_05_08_equity.pdf,64.29000091552734,75.0199966430664,69,0.16689991561265557,-0.020794423199136866,-0.0627832484035171,,
77c4ec721755,Donald Trump,trump_278t_2026_05_08_equity,1105,PARKER HANNIFIN CORP UNSOLICITED,purchase,2026-03-12,2026-05-12,15001.0,50000.0,equity,PH,trump_278t_2026_05_08_equity.pdf,900.1354370117188,881.3400268554688,61,-0.020880646826490074,0.0011686389251984522,-0.03265485331417343,,
435cc07cfe4e,Donald Trump,trump_278t_2026_05_08_equity,1108,TERADYNE INC UNSOLICITED D<Jrchaso,purchase,2026-03-12,2026-05-12,15001.0,50000.0,equity,TER,trump_278t_2026_05_08_equity.pdf,286.50177001953125,358.314697265625,61,0.2506543929595903,0.013753639304006318,-0.10302705264240895,,
8c5d8630c3df,Donald Trump,trump_278t_2026_05_08_equity,1120,ORACLE CORP UNSOLICITED DIJrchaso,purchase,2026-03-11,2026-05-12,15001.0,50000.0,equity,ORCL,trump_278t_2026_05_08_equity.pdf,162.55226135253906,186.8300018310547,62,0.14935344655625984,0.015682666847216344,-0.028742680857239626,,
302ad829d478,Donald Trump,trump_278t_2026_05_08_equity,1129,LENNOX INTL INC Ip urchase 1r,purchase,2026-01-01,2026-05-12,15001.0,50000.0,equity,LII,trump_278t_2026_05_08_equity.pdf,497.4491882324219,508.54998779296875,131,0.022315444115993364,-0.0020646697830542494,-0.05085042959845695,,
f4f3bc02fd04,Donald Trump,trump_278t_2026_05_08_equity,1131,STONEX GROUP INC,purchase,2026-03-04,2026-05-12,15001.0,50000.0,equity,SNEX,trump_278t_2026_05_08_equity.pdf,82.25333404541016,116.80999755859375,69,0.42012477566083417,-0.006677500176349334,-0.0636931338713512,,
0299a4cca230,Donald Trump,trump_278t_2026_05_08_equity,1136,SHAKE SHACK INC CLASS A I,purchase,2026-03-04,2026-05-12,15001.0,50000.0,equity,SHAK,trump_278t_2026_05_08_equity.pdf,97.4000015258789,66.02999877929688,69,-0.3220739451246016,-0.03210660262119333,-0.02892618609760911,,
1cb59f2cba9b,Donald Trump,trump_278t_2026_05_08_equity,1143,VERISIGN INC UNSOLICITED lnurchase,purchase,2026-03-02,2026-05-12,15001.0,50000.0,equity,VRSN,trump_278t_2026_05_08_equity.pdf,227.44497680664062,285.041748046875,71,0.25323386802778025,0.03268028857477874,0.061704143187632704,,
ae2f92b54b45,Donald Trump,trump_278t_2026_05_08_equity,1149,NRG ENERGY INC I,purchase,2026-01-06,2026-05-12,15001.0,50000.0,equity,NRG,trump_278t_2026_05_08_equity.pdf,158.64736938476562,137.33999633789062,126,-0.13430650082320922,-0.04558027285390914,-0.09924273785390804,,
f88afcb8428a,Donald Trump,trump_278t_2026_05_08_equity,1150,CHEVRON CORP UNSOLICITED oun:hase,purchase,2026-03-11,2026-05-12,15001.0,50000.0,equity,CVX,trump_278t_2026_05_08_equity.pdf,190.04930114746094,184.26229858398438,62,-0.030450007069409722,0.00026896737561542435,0.0704848550996231,,
04804c208976,Donald Trump,trump_278t_2026_05_08_equity,1170,NETAPP INC UNSOLICITED oorchase,purchase,2026-03-11,2026-05-12,15001.0,50000.0,equity,NTAP,trump_278t_2026_05_08_equity.pdf,97.08273315429688,116.2300033569336,62,0.19722632007285285,0.020218518508550887,0.0375117685195949,,
a2f693877785,Donald Trump,trump_278t_2026_05_08_equity,1225,INTERCONTINENTALEXCHANGE GROUP UNSOLICITED pUrdlaso,exchange,2026-03-11,2026-05-12,15001.0,50000.0,equity,ICE,trump_278t_2026_05_08_equity.pdf,156.51438903808594,155.80999755859375,62,0.004500490234931576,0.006482218873382114,0.010910705185030815,,
88824dacb376,Donald Trump,trump_278t_2026_05_08_equity,675,VITA COCO CO INC IDUrchllso,purchase,2026-03-30,2026-05-12,15001.0,50000.0,equity,COCO,trump_278t_2026_05_08_equity.pdf,46.52000045776367,74.61000061035156,43,0.6038263086022817,0.0021444314623507124,0.024661524230510993,,
da84fc64909b,Donald Trump,trump_278t_2026_05_08_equity,674,SAFEHOLD INC REIT REIT I,purchase,2026-03-30,2026-05-12,15001.0,50000.0,reit,SAFE,trump_278t_2026_05_08_equity.pdf,13.442999839782715,15.229999542236328,43,0.13293161673373174,-0.03348649314093366,-0.06631643503380003,,
70824ac85d61,Donald Trump,trump_278t_2026_05_08_equity,212,NETFLIX INC I,purchase,2026-01-23,2026-05-12,100001.0,250000.0,etf,NFLX,trump_278t_2026_05_08_equity.pdf,86.12000274658203,87.66000366210938,109,0.01788203514181221,-0.001140840740791027,0.019050856709776312,,
83a5638170c0,Donald Trump,trump_278t_2026_05_08_equity,220,LAM RESEARCH CORP UNSOLICITED laurchlae,purchase,2026-03-02,2026-05-12,100001.0,250000.0,equity,LRCX,trump_278t_2026_05_08_equity.pdf,230.72357177734375,289.239990234375,71,0.2536213270549644,0.021435529029050576,-0.05483330758900574,,
b4c517571f13,Donald Trump,trump_278t_2026_05_08_equity,223,AMAZON.COM INC UNSOLICITED 31,purchase,2026-02-05,2026-05-12,100001.0,250000.0,equity,AMZN,trump_278t_2026_05_08_equity.pdf,222.69000244140625,265.82000732421875,96,0.19367732906716717,0.016213969753363512,-0.02437743889768426,,
cd44978dfebd,Donald Trump,trump_278t_2026_05_08_equity,227,AMAZON.COM INC UNSOLICITED 31,purchase,2026-02-03,2026-05-12,100001.0,250000.0,equity,AMZN,trump_278t_2026_05_08_equity.pdf,238.6199951171875,265.82000732421875,98,0.11398882224296913,0.016213969753363512,-0.02437743889768426,,
4106573efba6,Donald Trump,trump_278t_2026_05_08_equity,244,GARTNER GROUP INC NEW I 1,purchase,2026-01-06,2026-05-12,100001.0,250000.0,equity,IT,trump_278t_2026_05_08_equity.pdf,244.77999877929688,152.9600067138672,126,-0.3751123152354378,-0.05557008124287301,0.007714386924606961,,
f40c2bc2ea34,Donald Trump,trump_278t_2026_05_08_equity,252,"ULTA BEAUTY, INC ,",purchase,2026-01-06,2026-05-12,100001.0,250000.0,equity,ULTA,trump_278t_2026_05_08_equity.pdf,650.0599975585938,505.20001220703125,126,-0.22284094682892006,-0.02583138953923653,-0.04679337703331212,,
a6eec7ed2e07,Donald Trump,trump_278t_2026_05_08_equity,278,ORACLE CORP our<hase,purchase,2026-03-18,2026-05-12,100001.0,250000.0,equity,ORCL,trump_278t_2026_05_08_equity.pdf,152.36782836914062,186.8300018310547,55,0.22617749318066516,0.015682666847216344,-0.028742680857239626,,
8cba4273d436,Donald Trump,trump_278t_2026_05_08_equity,289,TYLER TECHNOLOGIES INC,purchase,2026-01-06,2026-05-12,100001.0,250000.0,equity,TYL,trump_278t_2026_05_08_equity.pdf,443.6600036621094,309.6499938964844,126,-0.3020556477019884,-0.03571773866170685,0.04227352364252458,,
8b6af90892c8,Donald Trump,trump_278t_2026_05_08_equity,302,LAMB WESTON HLDGS INC,purchase,2026-03-23,2026-05-12,100001.0,250000.0,equity,LW,trump_278t_2026_05_08_equity.pdf,40.50907516479492,41.40999984741211,50,0.022240070378110013,0.0031393641292988004,0.018836000535402575,,
f236c5cc4f88,Donald Trump,trump_278t_2026_05_08_equity,304,TELEDYNE TECHNOLOGIES INC loun:hase,purchase,2026-01-06,2026-05-12,100001.0,250000.0,equity,TDY,trump_278t_2026_05_08_equity.pdf,532.72998046875,632.1699829101562,126,0.18666117186404418,0.005995284757198981,-0.040685213468574816,,
01fbeeb785fc,Donald Trump,trump_278t_2026_05_08_equity,314,CISCO SYSTEMS INC UNSOLICITED I,purchase,2026-03-02,2026-05-12,100001.0,250000.0,equity,CSCO,trump_278t_2026_05_08_equity.pdf,78.9919662475586,99.29000091552734,71,0.25696327908024574,0.025984508080019737,0.162050520591489,,
0642d6b69ee5,Donald Trump,trump_278t_2026_05_08_equity,343,"UNITEDHEALTH GROUP INC , 11",purchase,2026-02-03,2026-05-12,100001.0,250000.0,equity,UNH,trump_278t_2026_05_08_equity.pdf,281.98773193359375,396.3900146484375,98,0.405699503061306,0.012033575108854416,-0.018037851988789204,,
e3037a388ac0,Donald Trump,trump_278t_2026_05_08_equity,348,PHILIP MORRIS INTL INC 11,purchase,2026-02-03,2026-05-12,100001.0,250000.0,equity,PM,trump_278t_2026_05_08_equity.pdf,175.4339141845703,186.92999267578125,98,0.06552939632365584,0.0052426631612183,0.024822205265290543,,
5e96ec594f6a,Donald Trump,trump_278t_2026_05_08_equity,360,VERSANT MEDIA GROUP INC 11,purchase,2026-02-06,2026-05-12,100001.0,250000.0,equity,VSNT,trump_278t_2026_05_08_equity.pdf,29.16158103942871,40.369998931884766,95,0.38435563138025364,0.001733953348434004,0.04978950184323493,,
a62dccb62672,Donald Trump,trump_278t_2026_05_08_equity,371,"SYNOPSYS INC UNSOLICITED ,",purchase,2026-03-02,2026-05-12,50001.0,100000.0,equity,SNPS,trump_278t_2026_05_08_equity.pdf,424.6600036621094,513.2100219726562,71,0.20851979830199352,-0.0076577288538780056,-0.03768442942935979,,
0f4d843208fe,Donald Trump,trump_278t_2026_05_08_equity,374,DOORDASH INC CLASS A I,purchase,2026-03-18,2026-05-12,50001.0,100000.0,equity,DASH,trump_278t_2026_05_08_equity.pdf,164.99000549316406,155.19000244140625,55,-0.05939755576384807,-0.039435498556024406,-0.0034796606509865952,,
7360a52103e8,Donald Trump,trump_278t_2026_05_08_equity,192,MARSH & MCLENNAN COS INC IDUrchasa,purchase,2026-03-18,2026-05-12,100001.0,250000.0,equity,MRSH,trump_278t_2026_05_08_equity.pdf,170.14453125,163.38999938964844,55,-0.03969878908671396,-0.02601138390278529,0.016402521234969197,,
5550eea4c76e,Donald Trump,trump_278t_2026_05_08_equity,184,"Comfort Svs Uso Inc ""'",purchase,2026-01-06,2026-05-12,100001.0,250000.0,equity,FIX,trump_278t_2026_05_08_equity.pdf,1034.167236328125,2015.520263671875,126,0.9489306882589946,0.009085864563456603,-0.09427851810613705,,
8215c2dd167b,Donald Trump,trump_278t_2026_05_08_equity,81,Amazon Corn Inc Com Solldtod Order DlsaeUon Exorclsod 1,purchase,2026-01-09,2026-05-12,500001.0,1000000.0,equity,AMZN,trump_278t_2026_05_08_equity.pdf,247.3800048828125,265.82000732421875,123,0.07454120008665029,0.016213969753363512,-0.02437743889768426,,
e0e84c51a652,Donald Trump,trump_278t_2026_05_08_equity,85,MICROSOFT CORP IDUrchoso,purchase,2026-03-18,2026-05-12,250001.0,500000.0,equity,MSFT,trump_278t_2026_05_08_equity.pdf,390.9432678222656,406.8887023925781,55,0.04078708058879215,-0.0062779903800582754,0.0236653926530322,,
6e229963bd28,Donald Trump,trump_278t_2026_05_08_equity,93,COSTCO WHSL CORP NEW lpurchaoe,purchase,2026-01-12,2026-05-12,250001.0,500000.0,equity,COST,trump_278t_2026_05_08_equity.pdf,940.4287719726562,1021.8800048828125,120,0.08661074111897175,0.010960143185460793,0.07088889210094418,,
d363fbc9b617,Donald Trump,trump_278t_2026_05_08_equity,102,APPLE INC UNSOLICITED I 31,purchase,2026-02-03,2026-05-12,250001.0,500000.0,equity,AAPL,trump_278t_2026_05_08_equity.pdf,268.98028564453125,294.79998779296875,98,0.0959910578077061,0.013805995565634225,0.014145229309381382,,
365e83b7c4b2,Donald Trump,trump_278t_2026_05_08_equity,113,WASTE MGMT INC DEL 1ourchaso,purchase,2026-01-06,2026-05-12,250001.0,500000.0,equity,WM,trump_278t_2026_05_08_equity.pdf,218.2123565673828,217.64999389648438,126,-0.0025771348595687014,-0.005559345228622447,0.021548369276026,,
52d0c3055201,Donald Trump,trump_278t_2026_05_08_equity,127,NETFLIX INC I,purchase,2026-02-12,2026-05-12,250001.0,500000.0,etf,NFLX,trump_278t_2026_05_08_equity.pdf,75.86000061035156,87.66000366210938,89,0.15554973578721049,-0.001140840740791027,0.019050856709776312,,
e402092e5757,Donald Trump,trump_278t_2026_05_08_equity,152,"BOOKING HLDGS INC I rx,rchase",purchase,2026-02-23,2026-05-12,100001.0,250000.0,equity,BKNG,trump_278t_2026_05_08_equity.pdf,154.4807891845703,160.55999755859375,78,0.039352520181393756,-0.034441946084850884,-0.03749379897856585,,
c54589458859,Donald Trump,trump_278t_2026_05_08_equity,164,MASCO CORP. Jpurchase,purchase,2026-01-06,2026-05-12,100001.0,250000.0,equity,MAS,trump_278t_2026_05_08_equity.pdf,65.43521881103516,69.46737670898438,126,0.061620606933299134,-0.03323782776224824,-0.07636107519767764,,
e4330170c45e,Donald Trump,trump_278t_2026_05_08_equity,376,BENTLEY SYS INC CLASS B 21,purchase,2026-01-02,2026-05-12,50001.0,100000.0,equity,BSY,trump_278t_2026_05_08_equity.pdf,38.08360290527344,32.66999816894531,130,-0.14215054047784179,-0.04346489894496233,0.010407106570060358,,
9ccaecaab067,Donald Trump,trump_278t_2026_05_08_equity,377,JBT MAREL CORP I,purchase,2026-03-30,2026-05-12,50001.0,100000.0,equity,JBTM,trump_278t_2026_05_08_equity.pdf,122.6969985961914,129.22206115722656,43,0.053180294837609,-0.03247760546870434,-0.03263229278364783,,
b048679aebb2,Donald Trump,trump_278t_2026_05_08_equity,501,META PLATFORMS INC CL A UNSOLICITED 31,purchase,2026-02-03,2026-05-12,50001.0,100000.0,equity,META,trump_278t_2026_05_08_equity.pdf,691.1082763671875,603.0,98,-0.12748838261687284,0.022603656522077114,-0.0006467904617537313,,
1ca3c220a163,Donald Trump,trump_278t_2026_05_08_equity,518,TERRENO RLTY CORP REIT IDUrchoao,purchase,2026-03-04,2026-05-12,50001.0,100000.0,reit,TRNO,trump_278t_2026_05_08_equity.pdf,64.42314910888672,65.91000366210938,69,0.023079507502956807,0.005613641277950715,-0.015627467022635604,,
90d25b925185,Donald Trump,trump_278t_2026_05_08_equity,520,LINDE PLC NEW EUR UNSOLICITED I,purchase,2026-03-23,2026-05-12,50001.0,100000.0,equity,LIN,trump_278t_2026_05_08_equity.pdf,478.04998779296875,503.8699951171875,50,0.05401110340661851,0.018635788476060414,0.004366229837757222,,
b9da89778d9b,Donald Trump,trump_278t_2026_05_08_equity,536,WATERS CORP,purchase,2026-01-07,2026-05-12,50001.0,100000.0,equity,WAT,trump_278t_2026_05_08_equity.pdf,399.4100036621094,352.2099914550781,125,-0.11817433658211839,-0.0490616370873193,-0.05380307813292134,,
7a34488fae64,Donald Trump,trump_278t_2026_05_08_equity,552,CHEVRON CORP UNSOLICITED,purchase,2026-03-23,2026-05-12,50001.0,100000.0,equity,CVX,trump_278t_2026_05_08_equity.pdf,203.34750366210938,184.26229858398438,50,-0.09385512354180539,0.00026896737561542435,0.0704848550996231,,
88593ee42351,Donald Trump,trump_278t_2026_05_08_equity,584,CORCEPT THERAPEUTICS INC I 21,purchase,2026-02-06,2026-05-12,50001.0,100000.0,equity,CORT,trump_278t_2026_05_08_equity.pdf,40.83000183105469,51.15999984741211,95,0.25300018498898474,0.1157154417767661,0.13799846353299278,,
d50d98560665,Donald Trump,trump_278t_2026_05_08_equity,570,APPLIED MATERIALS INC UNSOLICITED f)YrchDSO 31,purchase,2026-02-03,2026-05-12,50001.0,100000.0,equity,AMAT,trump_278t_2026_05_08_equity.pdf,317.8778991699219,430.66461181640625,98,0.35481143212851723,0.012546327534446173,-0.05633113563205489,,
88a9ef4d0eee,Donald Trump,trump_278t_2026_05_08_equity,599,PHILIP MORRIS INTL INC UNSOLICITED 3,purchase,2026-01-02,2026-05-12,50001.0,100000.0,equity,PM,trump_278t_2026_05_08_equity.pdf,158.88168334960938,186.92999267578125,130,0.1765358267538826,0.0052426631612183,0.024822205265290543,,
f7492586284e,Donald Trump,trump_278t_2026_05_08_equity,625,FRANKLIN ELEC INC I,purchase,2026-03-04,2026-05-12,50001.0,100000.0,equity,FELE,trump_278t_2026_05_08_equity.pdf,101.19861602783203,97.83000183105469,69,-0.03328715677150065,-0.004702024694500581,-0.02483900909428802,,
482bd132f53a,Donald Trump,trump_278t_2026_05_08_equity,642,GOLUB CAPITAL BOC INC I,purchase,2026-03-17,2026-05-12,50001.0,100000.0,equity,GBDC,trump_278t_2026_05_08_equity.pdf,12.470000267028809,13.15999984741211,56,0.05533276388194537,-0.005319125808195512,-0.02887538897013318,,
e28eceabd14a,Donald Trump,trump_278t_2026_05_08_equity,646,ICU MED INC P<Jrchaso,purchase,2026-03-30,2026-05-12,15001.0,50000.0,equity,ICUI,trump_278t_2026_05_08_equity.pdf,125.37999725341797,123.2300033569336,43,-0.01714782216926364,-0.009656758979056653,0.0034894124276722833,,
18dd2b34f2e2,Donald Trump,trump_278t_2026_05_08_equity,663,CORNING INC UNSOLICITED,purchase,2026-03-02,2026-05-12,15001.0,50000.0,equity,GLW,trump_278t_2026_05_08_equity.pdf,157.61842346191406,197.9366455078125,71,0.2557963793848039,0.0417170059519074,-0.1130448437462419,,
8d058fd0c918,Donald Trump,trump_278t_2026_05_08_equity,478,NVIDIA CORP I,purchase,2026-02-12,2026-05-12,50001.0,100000.0,equity,NVDA,trump_278t_2026_05_08_equity.pdf,186.9298858642578,220.77999877929688,89,0.1810845427874485,0.022873462631033244,-0.0007699889930484667,,
84cf8ee80ddc,Donald Trump,trump_278t_2026_05_08_equity,465,BADGER METER INC IP<Jrchalo,purchase,2026-02-26,2026-05-12,50001.0,100000.0,equity,BMI,trump_278t_2026_05_08_equity.pdf,155.25181579589844,114.65730285644531,75,-0.2614752860141787,0.008953404236602765,0.035813683487262285,,
eae1b6458849,Donald Trump,trump_278t_2026_05_08_equity,464,HIGHWOODS PPTYS INC REIT,purchase,2026-03-30,2026-05-12,50001.0,100000.0,reit,HIW,trump_278t_2026_05_08_equity.pdf,20.489713668823242,25.0582332611084,43,0.22296649265707058,0.018779422413200575,0.004859362701215301,,
507d4940975e,Donald Trump,trump_278t_2026_05_08_equity,460,FISERV INC I,purchase,2026-01-06,2026-05-12,50001.0,100000.0,equity,FISV,trump_278t_2026_05_08_equity.pdf,68.76000213623047,54.880001068115234,126,-0.20186155667382819,-0.04573618963882922,0.020954768381915696,,
d4a4b961a5d9,Donald Trump,trump_278t_2026_05_08_equity,386,WILLIAMS SONOMA INC COM IDUrchaso,purchase,2026-03-17,2026-05-12,50001.0,100000.0,equity,WSM,trump_278t_2026_05_08_equity.pdf,181.447021484375,175.38999938964844,56,-0.03338176645268411,-0.018986269699771862,-0.020696760906806548,,
32ee707b26cd,Donald Trump,trump_278t_2026_05_08_equity,387,MORNINGSTAR INC 21,purchase,2026-01-02,2026-05-12,50001.0,100000.0,equity,MORN,trump_278t_2026_05_08_equity.pdf,209.80001831054688,175.82000732421875,130,-0.1619638132539663,-0.05460132922081416,-0.02280747126935554,,
e3f50cdc4bb7,Donald Trump,trump_278t_2026_05_08_equity,401,ALARM COM HLDGS INC 21,purchase,2026-02-06,2026-05-12,50001.0,100000.0,equity,ALRM,trump_278t_2026_05_08_equity.pdf,48.220001220703125,42.130001068115234,95,-0.12629614264657393,0.004984549706826081,0.03180631660610205,,
a309317a0a39,Donald Trump,trump_278t_2026_05_08_equity,406,VERRA MOBILITY CORP CLASS A 21,purchase,2026-02-06,2026-05-12,50001.0,100000.0,equity,VRRM,trump_278t_2026_05_08_equity.pdf,18.8700008392334,13.569999694824219,95,-0.2808691525540226,-0.01031683071458249,-0.021370668266384504,,
a770b6317ce6,Donald Trump,trump_278t_2026_05_08_equity,410,PINNACLE WEST CAP CORP COM I,purchase,2026-01-06,2026-05-12,50001.0,100000.0,equity,PNW,trump_278t_2026_05_08_equity.pdf,87.60514068603516,99.83000183105469,126,0.13954502040961,-0.007512771574113036,0.016728419696630886,,
a62009a40a39,Donald Trump,trump_278t_2026_05_08_equity,412,STARBUCKS CORP COM IDUrchase,purchase,2026-01-06,2026-05-12,50001.0,100000.0,equity,SBUX,trump_278t_2026_05_08_equity.pdf,88.36882019042969,105.95895385742188,126,0.19905362127825707,-0.005911111059908763,0.003973646215520859,,
48f3f8cf4131,Donald Trump,trump_278t_2026_05_08_equity,446,MARKETAXESS HLDGS INC oorchuo,purchase,2026-02-26,2026-05-12,50001.0,100000.0,equity,MKTX,trump_278t_2026_05_08_equity.pdf,183.85357666015625,140.59274291992188,75,-0.23530047402993834,-0.014783881632570666,0.003536835597922527,,
1f54bf626bc8,Donald Trump,trump_278t_2026_05_08_equity,447,ORACLE CORP UNSOLICITED IDUrche&e,purchase,2026-03-02,2026-05-12,50001.0,100000.0,equity,ORCL,trump_278t_2026_05_08_equity.pdf,148.7305450439453,186.8300018310547,71,0.2561643055624664,0.015682666847216344,-0.028742680857239626,,
fbe651a8e2d2,Donald Trump,trump_278t_2026_05_08_equity,448,CIENA CORP NEW UNSOLICITED I,purchase,2026-03-25,2026-05-12,50001.0,100000.0,equity,CIEN,trump_278t_2026_05_08_equity.pdf,437.70001220703125,577.1500244140625,48,0.31859723170643106,0.0012994888127422662,-0.06104139307569586,,
06ca574109f1,Donald Trump,trump_278t_2026_05_08_equity,449,PROGRESSIVE CORP OH IDUrcheae,purchase,2026-01-12,2026-05-12,50001.0,100000.0,equity,PGR,trump_278t_2026_05_08_equity.pdf,216.38803100585938,198.4199981689453,120,-0.08303616772790692,-0.012397900805258337,0.022427159506640173,,
d6be39b71ade,Donald Trump,trump_278t_2026_05_08_equity,450,QUANTA SVCS INC I,purchase,2026-02-10,2026-05-12,50001.0,100000.0,equity,PWR,trump_278t_2026_05_08_equity.pdf,510.53973388671875,765.8099975585938,91,0.5000007770766687,0.01032889772887307,-0.06748409245183183,,
e15a9e568882,Donald Trump,trump_278t_2026_05_08_equity,454,AMCOR PLC oorchase,purchase,2026-03-17,2026-05-12,50001.0,100000.0,equity,AMCR,trump_278t_2026_05_08_equity.pdf,40.0429573059082,38.57737350463867,56,-0.036600288786694815,-0.003059678564658527,-0.06450797586075585,,
2c93eb862753,Donald Trump,trump_278t_2026_05_08_equity,457,NEWMONT CORP UNSOLICITED IDUrchuo,purchase,2026-03-02,2026-05-12,50001.0,100000.0,equity,NEM,trump_278t_2026_05_08_equity.pdf,128.1707305908203,119.41117858886719,71,-0.06834284209487444,-0.006099110741220213,-0.12198183147363485,,
0938ddb33ed5,Donald Trump,trump_278t_2026_05_08_equity,458,TERADYNE INC UNSOLICITED loorchllso,purchase,2026-03-02,2026-05-12,50001.0,100000.0,equity,TER,trump_278t_2026_05_08_equity.pdf,325.70697021484375,358.314697265625,71,0.10011369123992787,0.013753639304006318,-0.10302705264240895,,
82e0c30b4355,Donald Trump,trump_278t_2026_05_08_equity,459,RED ROCK RESORTS INC CLASS A IDUrchuo,purchase,2026-03-30,2026-05-12,50001.0,100000.0,equity,RRR,trump_278t_2026_05_08_equity.pdf,52.189998626708984,53.029998779296875,43,0.016095040710692957,-0.03752588929997174,-0.02715441561109682,,
f289713c8d11,Donald Trump,trump_278t_2026_05_08_equity,78,PHILIP MORRIS !NTL INC ■so,purchase,2026-01-06,2026-05-12,500001.0,1000000.0,equity,PM,trump_278t_2026_05_08_equity.pdf,153.7871551513672,186.92999267578125,126,0.21551109058355852,0.0052426631612183,0.024822205265290543,,
74e64ebfe4ca,Donald Trump,trump_278t_2026_05_08_equity,1414,ITRON INC EQUITY CLASS EQUITY I,purchase,2026-02-02,2026-05-12,15001.0,50000.0,equity,ITRI,trump_278t_2026_05_08_equity.pdf,100.44999694824219,81.26000213623047,99,-0.19104027272295035,0.011813919015941454,-0.03987208230357009,,
75ab4cbcb21b,Donald Trump,trump_278t_2026_05_08_equity,1416,APPLOVIN CORP COM CL A loun:hase,purchase,2026-01-06,2026-05-12,15001.0,50000.0,equity,APP,trump_278t_2026_05_08_equity.pdf,617.239990234375,490.69000244140625,126,-0.20502558128956597,-0.07573010144331743,-0.028103300406183744,,
eac4a6803a75,Donald Trump,trump_278t_2026_05_08_equity,2426,GUIDEWIRE SOFTWARE INC,sale,2026-02-12,2026-05-12,1001.0,15000.0,equity,GWRE,trump_278t_2026_05_08_equity.pdf,125.33999633789062,131.3800048828125,89,-0.04818899570285023,0.04399456685853391,-0.06568723780853228,,31.0
d69751b4cf25,Donald Trump,trump_278t_2026_05_08_equity,2453,JONES LANG LASALLE INC 21,sale,2026-02-03,2026-05-12,1001.0,15000.0,equity,JLL,trump_278t_2026_05_08_equity.pdf,330.8299865722656,315.7799987792969,98,0.04549160718138611,0.016213804347899617,0.09265947773365861,,
e03fa0f2b402,Donald Trump,trump_278t_2026_05_08_equity,2455,SAMSARA INC CLASS A 21,sale,2026-02-03,2026-05-12,1001.0,15000.0,equity,IOT,trump_278t_2026_05_08_equity.pdf,24.649999618530273,28.100000381469727,98,-0.13995946516550717,0.020640566399726102,-0.09572955507258683,,13.0
81a09fce681b,Donald Trump,trump_278t_2026_05_08_equity,2462,GENERAL MILLS INC -,sale,2026-03-17,2026-05-12,1001.0,15000.0,equity,GIS,trump_278t_2026_05_08_equity.pdf,38.09696960449219,34.130001068115234,56,0.10412819123306831,0.015235875812774708,0.010547922621891756,,22.0
f0c976f07f92,Donald Trump,trump_278t_2026_05_08_equity,2464,RYAN SPECIALT Y HOLDINGS CLASS A 21,sale,2026-02-03,2026-05-12,1001.0,15000.0,equity,RYAN,trump_278t_2026_05_08_equity.pdf,46.59917068481445,31.510000228881836,98,0.3238077037463204,0.03935257893084968,-0.07172326919916479,,32.0
9acca5d612cb,Donald Trump,trump_278t_2026_05_08_equity,2472,ATLASSIAN CORP CLASS A 11,sale,2026-02-01,2026-05-12,1001.0,15000.0,equity,TEAM,trump_278t_2026_05_08_equity.pdf,113.69999694824219,85.0,100,0.25241862549307564,0.0515293794519761,-0.019058855842141544,,6.0
9224e314ec1a,Donald Trump,trump_278t_2026_05_08_equity,2495,CENTENE CORP DEL .,sale,2026-03-26,2026-05-12,1001.0,15000.0,equity,CNC,trump_278t_2026_05_08_equity.pdf,33.560001373291016,59.310001373291016,47,-0.7672824477442761,0.008430281376205873,0.0026976874676681744,,8.0
41fcf3ee6935,Donald Trump,trump_278t_2026_05_08_equity,2567,AMERIPRISE FINL INC,sale,2026-03-26,2026-05-12,1001.0,15000.0,equity,AMP,trump_278t_2026_05_08_equity.pdf,446.5192565917969,470.1199951171875,47,-0.052854917625571,0.001999494705967429,0.013528429800092074,,
edc440e39d24,Donald Trump,trump_278t_2026_05_08_equity,2583,JPMORGAN CHASE & CO a■lo,purchase,2026-03-26,2026-05-12,1001.0,15000.0,equity,JPM,trump_278t_2026_05_08_equity.pdf,290.1749572753906,304.8800048828125,47,0.05067648754219009,-0.015186318579967705,-0.030110182789159255,,
067404f064f0,Donald Trump,trump_278t_2026_05_08_equity,2625,AUTOZONE INC 31,sale,2026-01-08,2026-05-12,1001.0,15000.0,equity,AZO,trump_278t_2026_05_08_equity.pdf,3313.989990234375,3409.81005859375,124,-0.02891380741696155,0.012616544262583358,0.018338273458746026,,
b08f02f225b8,Donald Trump,trump_278t_2026_05_08_equity,2731,PALANTIR TECHNOLOGIES IN CLASS A 21,sale,2026-02-03,2026-05-12,1001.0,15000.0,equity,PLTR,trump_278t_2026_05_08_equity.pdf,157.8800048828125,136.0,98,0.13858629469294154,0.04374997756060432,0.00544121686150046,,17.0
5c0a5501008e,Donald Trump,trump_278t_2026_05_08_equity,2763,DOORDASH INC CL A 31,sale,2026-01-07,2026-05-12,1001.0,15000.0,equity,DASH,trump_278t_2026_05_08_equity.pdf,230.52000427246094,155.19000244140625,125,0.3267829274461539,0.039435498556024406,0.0034796606509865952,,
ec21e653afb6,Donald Trump,trump_278t_2026_05_08_equity,2781,SALESFORCE INC 11,sale,2026-02-01,2026-05-12,1001.0,15000.0,equity,CRM,trump_278t_2026_05_08_equity.pdf,210.28407287597656,171.30999755859375,100,0.1853401200782778,0.031930426120239726,-0.047341081816183385,,9.0
810906c4b361,Donald Trump,trump_278t_2026_05_08_equity,2782,META PLATFORMS INC CLASS A 11,sale,2026-02-01,2026-05-12,1001.0,15000.0,equity,META,trump_278t_2026_05_08_equity.pdf,705.8056640625,603.0,100,0.14565718199364922,-0.022603656522077114,0.0006467904617537313,,20.0
bb575ababb26,Donald Trump,trump_278t_2026_05_08_equity,2789,BOOKING HLDGS INC 21,sale,2026-02-03,2026-05-12,1001.0,15000.0,equity,BKNG,trump_278t_2026_05_08_equity.pdf,185.36273193359375,160.55999755859375,98,0.13380647833721823,0.034441946084850884,0.03749379897856585,,
7e7b94aa0aa9,Donald Trump,trump_278t_2026_05_08_equity,2375,RUBRIK INC CLASS A,sale,2026-03-26,2026-05-12,1001.0,15000.0,equity,RBRK,trump_278t_2026_05_08_equity.pdf,47.59000015258789,60.470001220703125,47,-0.2706451150833803,0.0163717820155732,-0.06383331457631942,,31.0
67d99690decb,Donald Trump,trump_278t_2026_05_08_equity,2326,HORMEL FOODS CORP 31,purchase,2026-02-08,2026-05-12,1001.0,15000.0,equity,HRL,trump_278t_2026_05_08_equity.pdf,24.06730079650879,20.18000030517578,93,-0.161517925263015,-0.013379606227975228,0.010901848861621008,,
aced1c4bb822,Donald Trump,trump_278t_2026_05_08_equity,2210,ASTERA LABS INC lcurchaso 31,purchase,2026-01-07,2026-05-12,1001.0,15000.0,equity,ALAB,trump_278t_2026_05_08_equity.pdf,165.77000427246094,204.4199981689453,125,0.23315432768499497,0.09622345340541884,0.1948928514565605,,
2408748418b9,Donald Trump,trump_278t_2026_05_08_equity,2227,BOSTON SCIENTIFIC CORP I,purchase,2026-01-12,2026-05-12,1001.0,15000.0,equity,BSX,trump_278t_2026_05_08_equity.pdf,95.72000122070312,54.099998474121094,120,-0.4348098852466386,-0.019223606842199155,0.05009247644371488,,
15ec23cfb5e7,Donald Trump,trump_278t_2026_05_08_equity,2235,AXON ENTERPRISE INC lllUrchase 31,purchase,2026-01-07,2026-05-12,1001.0,15000.0,equity,AXON,trump_278t_2026_05_08_equity.pdf,620.9099731445312,393.6600036621094,125,-0.3659950384297083,-0.0427780221034213,-0.0033531659603187763,,
d463d243143e,Donald Trump,trump_278t_2026_05_08_equity,2240,CROWN CASTLE INC REIT REIT l)Urchaso,purchase,2026-02-12,2026-05-12,1001.0,15000.0,reit,CCI,trump_278t_2026_05_08_equity.pdf,86.72601318359375,91.5,89,0.05504676902765041,-0.020546418070141736,0.00918028784579918,,
a6a59304380c,Donald Trump,trump_278t_2026_05_08_equity,2256,KINSALE CAP GROUP INC,purchase,2026-01-21,2026-05-12,1001.0,15000.0,equity,KNSL,trump_278t_2026_05_08_equity.pdf,404.6376953125,302.9423522949219,111,-0.2513244420766069,-0.009004297954580598,0.034367820897236424,,
ca0b73be9f64,Donald Trump,trump_278t_2026_05_08_equity,2264,GUIDEWIRE SOFlWARE INC ID<lrchaao,purchase,2026-01-12,2026-05-12,1001.0,15000.0,equity,GWRE,trump_278t_2026_05_08_equity.pdf,180.92999267578125,131.3800048828125,120,-0.27386276349306105,-0.04399456685853391,0.06568723780853228,,
b5b7b7c4f731,Donald Trump,trump_278t_2026_05_08_equity,2269,ATLASSIAN CORP CLASS A 11,purchase,2026-01-02,2026-05-12,1001.0,15000.0,equity,TEAM,trump_278t_2026_05_08_equity.pdf,154.75999450683594,85.0,130,-0.4507624514276818,-0.0515293794519761,0.019058855842141544,,
7554afda4caa,Donald Trump,trump_278t_2026_05_08_equity,2272,PAYCHEX INC :,purchase,2026-03-26,2026-05-12,1001.0,15000.0,equity,PAYX,trump_278t_2026_05_08_equity.pdf,92.40151977539062,92.5199966430664,47,0.001282196093351868,-0.02810201652029504,0.02118468206855554,,
fd1910cc7832,Donald Trump,trump_278t_2026_05_08_equity,2262,RYAN SPECIALTY HOLDINGS CLASS A 21,purchase,2026-01-02,2026-05-12,1001.0,15000.0,equity,RYAN,trump_278t_2026_05_08_equity.pdf,50.23181915283203,31.510000228881836,130,-0.37270835975476857,-0.03935257893084968,0.07172326919916479,,
2ace57018108,Donald Trump,trump_278t_2026_05_08_equity,2294,DOCUSIGN INC 11,purchase,2026-02-01,2026-05-12,1001.0,,equity,DOCU,trump_278t_2026_05_08_equity.pdf,52.0,45.18000030517578,100,-0.13115384028508112,-0.0024347191148416376,0.09384678696613025,,
8abda80f591f,Donald Trump,trump_278t_2026_05_08_equity,2301,KIMBERLY CLARK CORP I 31,purchase,2026-02-06,2026-05-12,1001.0,15000.0,equity,KMB,trump_278t_2026_05_08_equity.pdf,103.05707550048828,97.33999633789062,95,-0.05547488258164835,-0.0030819337749091826,-0.008937694163944047,,
e2a7bee7d301,Donald Trump,trump_278t_2026_05_08_equity,2303,THE TRADE DESK INC CLASS A 21,purchase,2026-01-02,2026-05-12,1001.0,15000.0,equity,TTD,trump_278t_2026_05_08_equity.pdf,37.68000030517578,21.139999389648438,130,-0.43895968103947663,-0.030747381139876327,0.0009460954749821535,,
5fa196e6b809,Donald Trump,trump_278t_2026_05_08_equity,2306,CADENCE DESIGN SYS INC 31,purchase,2026-02-06,2026-05-12,1001.0,15000.0,equity,CDNS,trump_278t_2026_05_08_equity.pdf,283.5199890136719,358.0400085449219,95,0.2628386795248377,-0.009747571971458173,-0.055636277936338754,,
9893b2bb2648,Donald Trump,trump_278t_2026_05_08_equity,2317,"CHEMED CORP NEW ,",purchase,2026-03-26,2026-05-12,1001.0,15000.0,equity,CHE,trump_278t_2026_05_08_equity.pdf,371.4421081542969,419.07696533203125,47,0.12824301858083056,0.010461164811698887,0.04861190910723422,,
2d2046c7b216,Donald Trump,trump_278t_2026_05_08_equity,2319,KYNDRYL HLDGS INC I,purchase,2026-02-23,2026-05-12,1001.0,15000.0,equity,KD,trump_278t_2026_05_08_equity.pdf,11.40999984741211,11.479999542236328,78,0.006134942660853349,-0.03745639099718118,0.04790942619042318,,
6bbe15b906b3,Donald Trump,trump_278t_2026_05_08_equity,3242,GITLAB INC CLASS A 31,sale,2026-01-08,2026-05-12,15001.0,50000.0,equity,GTLB,trump_278t_2026_05_08_equity.pdf,35.54999923706055,23.079999923706055,124,0.3507735465815322,0.04462741291379156,-0.10311954803440203,,
cd2b91f09ff1,Donald Trump,trump_278t_2026_05_08_equity,3250,UNION PAC CORP 31,sale,2026-01-08,2026-05-12,15001.0,50000.0,equity,UNP,trump_278t_2026_05_08_equity.pdf,227.47325134277344,264.22723388671875,124,-0.16157496464743323,0.0035768412780580903,-0.022439773264598478,,
dc76122b4d14,Donald Trump,trump_278t_2026_05_08_equity,3252,COMMVAULT SYS INC 31,sale,2026-01-08,2026-05-12,15001.0,50000.0,equity,CVLT,trump_278t_2026_05_08_equity.pdf,124.13999938964844,102.2300033569336,124,0.1764942495604832,0.023672167845778618,0.0025433055628754854,,
078d65356a9c,Donald Trump,trump_278t_2026_05_08_equity,3254,ROCKET COMPANIES CLA A CLASS A 31,sale,2026-01-08,2026-05-12,15001.0,50000.0,equity,RKT,trump_278t_2026_05_08_equity.pdf,21.239999771118164,14.800000190734863,124,0.30320149010266545,0.06486486660641765,0.14391892479665958,,
541304948eb4,Donald Trump,trump_278t_2026_05_08_equity,3255,ROBLOX CORP CLASS A 31,sale,2026-01-08,2026-05-12,15001.0,50000.0,equity,RBLX,trump_278t_2026_05_08_equity.pdf,73.88999938964844,41.540000915527344,124,0.43781294818434036,-0.010110692337233924,-0.07005295578422516,,
5621d22b9e9c,Donald Trump,trump_278t_2026_05_08_equity,3261,HORMEL FOODS CORP 31,sale,2026-01-08,2026-05-12,15001.0,50000.0,equity,HRL,trump_278t_2026_05_08_equity.pdf,22.26451301574707,20.18000030517578,124,0.09362489577458852,0.013379606227975228,-0.010901848861621008,,
8a9ac803c1aa,Donald Trump,trump_278t_2026_05_08_equity,3285,COPARTINC 31,sale,2026-01-08,2026-05-12,15001.0,50000.0,equity,CPRT,trump_278t_2026_05_08_equity.pdf,39.040000915527344,33.439998626708984,124,0.14344267821446377,0.014952153724092655,0.00956936925734891,,
f69da4e7bc10,Donald Trump,trump_278t_2026_05_08_equity,3288,FORTINET INC UNSOLICITED,sale,2026-03-23,2026-05-12,15001.0,50000.0,equity,FTNT,trump_278t_2026_05_08_equity.pdf,82.7699966430664,113.87000274658203,50,-0.37574009139603914,-0.03354702382264482,-0.12092734092324181,,32.0
8e9e3728ffdb,Donald Trump,trump_278t_2026_05_08_equity,3296,"SALESFORCE, INC. UNSOLICITED",sale,2026-03-23,2026-05-12,15001.0,50000.0,equity,CRM,trump_278t_2026_05_08_equity.pdf,194.6930694580078,171.30999755859375,50,0.1201022304723457,0.031930426120239726,-0.047341081816183385,,56.0
559cb3a79d39,Donald Trump,trump_278t_2026_05_08_equity,3300,ROBERT HALF INC 21,sale,2026-02-06,2026-05-12,15001.0,50000.0,equity,RHI,trump_278t_2026_05_08_equity.pdf,29.950435638427734,25.494312286376953,95,0.14878325663929168,0.04451263552490947,0.014581678993880309,,
e83b32549262,Donald Trump,trump_278t_2026_05_08_equity,3337,COSTAR GROUP INC 21,sale,2026-01-02,2026-05-12,50001.0,100000.0,equity,CSGP,trump_278t_2026_05_08_equity.pdf,65.69000244140625,33.04999923706055,130,0.49687931178659533,0.03267775941413636,-0.022692890085122576,,
39896c323607,Donald Trump,trump_278t_2026_05_08_equity,3343,JPMORGAN CHASE & CO 21,sale,2026-01-02,2026-05-12,50001.0,100000.0,equity,JPM,trump_278t_2026_05_08_equity.pdf,322.36865234375,304.8800048828125,130,0.05425045932285284,0.015186318579967705,0.030110182789159255,,
251899d2b0c9,Donald Trump,trump_278t_2026_05_08_equity,3412,ACI WORLDWIDE INC 21,sale,2026-02-06,2026-05-12,50001.0,100000.0,equity,ACIW,trump_278t_2026_05_08_equity.pdf,42.279998779296875,42.18000030517578,95,0.002365148462824926,0.03247982271153889,-0.0097202428744838,,
ddfbcee70dc9,Donald Trump,trump_278t_2026_05_08_equity,3422,CINCINNATI FINL CORP 21,sale,2026-02-03,2026-05-12,100001.0,250000.0,equity,CINF,trump_278t_2026_05_08_equity.pdf,162.8785858154297,163.7899932861328,98,-0.0055956249014582635,0.0032358434643256504,-0.024787917356405138,,
0660ab7665f2,Donald Trump,trump_278t_2026_05_08_equity,3426,CASELLA WASTE SYS INC ClASS A 21,sale,2026-02-06,2026-05-12,100001.0,250000.0,equity,CWST,trump_278t_2026_05_08_equity.pdf,104.6500015258789,84.87999725341797,95,0.18891547046534932,0.006715359487140722,-0.021913297249507906,,
0ec5bb3645f8,Donald Trump,trump_278t_2026_05_08_equity,3588,AUTOZONE INC -,sale,2026-01-08,2026-05-12,250001.0,500000.0,equity,AZO,trump_278t_2026_05_08_equity.pdf,3313.989990234375,3409.81005859375,124,-0.02891380741696155,0.012616544262583358,0.018338273458746026,,
68fd4f2541e2,Donald Trump,trump_278t_2026_05_08_equity,3582,CADENCE DESIGN SYS INC 1,sale,2026-01-06,2026-05-12,250001.0,500000.0,equity,CDNS,trump_278t_2026_05_08_equity.pdf,314.6400146484375,358.0400085449219,126,-0.1379353924356293,0.009747571971458173,0.055636277936338754,,
094372bfab21,Donald Trump,trump_278t_2026_05_08_equity,3593,BOSTON SCIENTIFIC CORP COM 1,sale,2026-01-06,2026-05-12,250001.0,500000.0,equity,BSX,trump_278t_2026_05_08_equity.pdf,97.79000091552734,54.099998474121094,126,0.4467737195252346,0.019223606842199155,-0.05009247644371488,,
3bda778acd98,Donald Trump,trump_278t_2026_05_08_equity,3195,HIGHWOODS PPTYS INC REIT 21,sale,2026-02-06,2026-05-12,15001.0,50000.0,reit,HIW,trump_278t_2026_05_08_equity.pdf,24.94794273376465,25.0582332611084,95,-0.0044208265395159155,-0.018779422413200575,-0.004859362701215301,,
97edc7748323,Donald Trump,trump_278t_2026_05_08_equity,2850,Snowflake Inc Com Sollcltod Ordor Dlscrotton Exorcised 31,sale,2026-02-07,2026-05-12,1001.0,15000.0,equity,SNOW,trump_278t_2026_05_08_equity.pdf,175.9499969482422,151.97999572753906,94,0.13623189335862387,-0.0025661231781293494,-0.11560736819414867,,
577951c401fe,Donald Trump,trump_278t_2026_05_08_equity,2656,VISA INC CLASS A 31,sale,2026-02-06,2026-05-12,1001.0,15000.0,equity,V,trump_278t_2026_05_08_equity.pdf,330.21307373046875,326.4200134277344,95,0.011486705416849732,0.01871826364131105,-0.010691716472058915,,20.0
2fb2d6522b55,Donald Trump,trump_278t_2026_05_08_equity,2884,CHURCHILL DOWNS INC sole,purchase,2026-02-12,2026-05-12,1001.0,15000.0,equity,CHDN,trump_278t_2026_05_08_equity.pdf,90.83999633789062,86.58000183105469,89,-0.04689558210670067,-0.011781060878830801,0.0017325193197801874,,
b3cba04eeef8,Donald Trump,trump_278t_2026_05_08_equity,3061,BUILDERS FIRSTSOURCE INC 31,sale,2026-01-08,2026-05-12,15001.0,50000.0,equity,BLDR,trump_278t_2026_05_08_equity.pdf,111.29000091552734,72.77999877929688,124,0.34603290340037635,0.006320405223797673,0.08779883892312111,,
bf19e027eb7e,Donald Trump,trump_278t_2026_05_08_equity,3101,METLIFE INC,sale,2026-02-12,2026-05-12,15001.0,50000.0,equity,MET,trump_278t_2026_05_08_equity.pdf,76.77171325683594,78.63999938964844,89,-0.02433560557079457,0.007121026995677517,-0.030900309308695743,,31.0
b41270429525,Donald Trump,trump_278t_2026_05_08_equity,3105,HEALTHSTREAM INC 21,sale,2026-02-06,2026-05-12,15001.0,50000.0,equity,HSTM,trump_278t_2026_05_08_equity.pdf,20.027469635009766,23.32398223876953,95,-0.16459955570209298,0.020119910203096312,-0.047419778281592384,,
7062934ce99c,Donald Trump,trump_278t_2026_05_08_equity,3115,ALKERMES PLC F 21,sale,2026-02-06,2026-05-12,15001.0,50000.0,equity,ALKS,trump_278t_2026_05_08_equity.pdf,34.90999984741211,38.290000915527344,95,-0.09682042632165165,-0.016192189006538883,0.033690281657951675,,11.0
054caae4055f,Donald Trump,trump_278t_2026_05_08_equity,3156,PAYONEER GLOBAL INC 21,sale,2026-02-06,2026-05-12,15001.0,50000.0,equity,PAYO,trump_278t_2026_05_08_equity.pdf,6.329999923706055,5.119999885559082,95,0.1911532468769049,0.037109387005330334,0.06249994179233778,,
252544efac4a,Donald Trump,trump_278t_2026_05_08_equity,3192,ZIFF DAVIS INC 21,sale,2026-02-06,2026-05-12,15001.0,50000.0,equity,ZD,trump_278t_2026_05_08_equity.pdf,33.5099983215332,40.849998474121094,95,-0.2190391083329681,0.007833530153665537,-0.026927841613390083,,
852a44ab0f95,Donald Trump,trump_278t_2026_05_08_equity,3193,ROCKET LAB CORP CLASS A 21,sale,2026-01-02,2026-05-12,15001.0,50000.0,equity,RKLB,trump_278t_2026_05_08_equity.pdf,75.98999786376953,117.55999755859375,130,-0.547045675265691,-0.056056516707569636,-0.08293637463832412,,
e30f8555760c,Donald Trump,trump_278t_2026_05_08_equity,3198,FACTSET RESH SYS INC 21,sale,2026-01-02,2026-05-12,15001.0,50000.0,equity,FDS,trump_278t_2026_05_08_equity.pdf,282.0611572265625,214.87158203125,130,0.23820924460486143,0.06507040565199508,-0.027834391340212747,,
1811218b937a,Donald Trump,trump_278t_2026_05_08_equity,2163,BLACKROCK INC NEW I,purchase,2026-03-26,2026-05-12,1001.0,15000.0,equity,BLK,trump_278t_2026_05_08_equity.pdf,968.4600219726562,1092.5,47,0.12807960598588955,0.0014645085454805492,-0.051441602903318076,,
c1d3248f7e5f,Donald Trump,trump_278t_2026_05_08_equity,1671,SALESFORCE INC 31,purchase,2026-02-06,2026-05-12,1001.0,15000.0,equity,CRM,trump_278t_2026_05_08_equity.pdf,190.8726348876953,171.30999755859375,95,-0.10249052904106305,-0.031930426120239726,0.047341081816183385,,
89406b1a11d9,Donald Trump,trump_278t_2026_05_08_equity,1674,JPMORGAN CHASE & CO I,purchase,2026-03-23,2026-05-12,1001.0,15000.0,equity,JPM,trump_278t_2026_05_08_equity.pdf,288.4338684082031,304.8800048828125,50,0.05701874251235346,-0.015186318579967705,-0.030110182789159255,,
5b6836c85ae5,Donald Trump,trump_278t_2026_05_08_equity,1676,JPMORGAN CHASE & CO I 31,purchase,2026-01-07,2026-05-12,1001.0,15000.0,equity,JPM,trump_278t_2026_05_08_equity.pdf,325.3250732421875,304.8800048828125,125,-0.06284504343799753,-0.015186318579967705,-0.030110182789159255,,
afc51c305f8c,Donald Trump,trump_278t_2026_05_08_equity,1678,META PLATFORMS INC CLASS A P<JrcholO,purchase,2026-02-23,2026-05-12,1001.0,15000.0,equity,META,trump_278t_2026_05_08_equity.pdf,636.7048950195312,603.0,78,-0.05293644714086474,0.022603656522077114,-0.0006467904617537313,,
5fcd9178ee94,Donald Trump,trump_278t_2026_05_08_equity,1682,"HOME DEPOT INC i:,urchoso",purchase,2026-03-17,2026-05-12,1001.0,15000.0,equity,HD,trump_278t_2026_05_08_equity.pdf,341.42999267578125,310.4599914550781,56,-0.0907067389657005,-0.02547833498621322,-0.02583260076792318,,
65d7a183c835,Donald Trump,trump_278t_2026_05_08_equity,1693,UNITEDHEALTH GROUP INC IDUrchaao,purchase,2026-03-17,2026-05-12,1001.0,15000.0,equity,UNH,trump_278t_2026_05_08_equity.pdf,287.57000732421875,396.3900146484375,56,0.3784122285100838,0.012033575108854416,-0.018037851988789204,,
f381b89c765a,Donald Trump,trump_278t_2026_05_08_equity,1698,CADENCE DESIGN SYSTEMS INC I,purchase,2026-01-23,2026-05-12,1001.0,15000.0,equity,CDNS,trump_278t_2026_05_08_equity.pdf,318.32000732421875,358.0400085449219,109,0.12478009646514955,-0.009747571971458173,-0.055636277936338754,,
c7b8e5f0c18d,Donald Trump,trump_278t_2026_05_08_equity,1723,BEST BUY COMPANY INC lpurcholo 3,purchase,2026-01-04,2026-05-12,1001.0,15000.0,equity,BBY,trump_278t_2026_05_08_equity.pdf,68.99942016601562,57.20000076293945,128,-0.1710075153484805,-0.029370634314121777,0.03653846371872824,,
20b2b22bcaed,Donald Trump,trump_278t_2026_05_08_equity,1731,CMS ENERGY CORP ;,purchase,2026-01-23,2026-05-12,1001.0,15000.0,equity,CMS,trump_278t_2026_05_08_equity.pdf,69.63402557373047,73.30999755859375,109,0.05278988187995908,-0.006820352157294372,0.0,,
645d4331f918,Donald Trump,trump_278t_2026_05_08_equity,1732,OMNICOM GROUP INC 31,purchase,2026-01-07,2026-05-12,1001.0,15000.0,equity,OMC,trump_278t_2026_05_08_equity.pdf,76.81359100341797,76.04000091552734,125,-0.010071005375288374,-0.023671791558201472,-0.055365584347500656,,
ae5525d7505c,Donald Trump,trump_278t_2026_05_08_equity,1734,VISA INC CLASS A lcurchoae 31,purchase,2026-01-07,2026-05-12,1001.0,15000.0,equity,V,trump_278t_2026_05_08_equity.pdf,354.4129333496094,326.4200134277344,125,-0.07898391195070041,-0.01871826364131105,0.010691716472058915,,
b37f1c60b1f0,Donald Trump,trump_278t_2026_05_08_equity,1736,STRYKER CORP 31,purchase,2026-01-07,2026-05-12,1001.0,15000.0,equity,SYK,trump_278t_2026_05_08_equity.pdf,366.7575988769531,294.45001220703125,125,-0.19715361560696937,0.025946625281467513,0.07913053770426151,,
600270027022,Donald Trump,trump_278t_2026_05_08_equity,1662,SANDISK CORP COM 10urchaso,purchase,2026-01-06,2026-05-12,1001.0,15000.0,equity,SNDK,trump_278t_2026_05_08_equity.pdf,349.6300048828125,1452.02001953125,126,3.1530189035633023,-0.0032988794906879796,-0.04733404467173795,,
f97371c1f0a8,Donald Trump,trump_278t_2026_05_08_equity,1745,UBER TECHNOLOGIES INC I 31,purchase,2026-01-07,2026-05-12,1001.0,15000.0,equity,UBER,trump_278t_2026_05_08_equity.pdf,86.19000244140625,76.36000061035156,125,-0.1140503718831813,-0.02173917821949756,-0.029727661790421852,,
9291a6f1bdb4,Donald Trump,trump_278t_2026_05_08_equity,1652,CASEYS GENL STORES INC 31,purchase,2026-01-07,2026-05-12,1001.0,15000.0,equity,CASY,trump_278t_2026_05_08_equity.pdf,572.6777954101562,867.1900024414062,125,0.5142720905047804,0.02441216209891286,-0.017343348037917403,,
4d06fcc96a50,Donald Trump,trump_278t_2026_05_08_equity,1462,MARCUS & MILLICHAP INC lpurchaso,purchase,2026-01-26,2026-05-12,15001.0,50000.0,equity,MMI,trump_278t_2026_05_08_equity.pdf,26.573104858398438,30.079999923706055,106,0.1319715962434575,-0.020611730079984996,-0.0641622443507637,,
debf9631e6b6,Donald Trump,trump_278t_2026_05_08_equity,1464,LIQUIDITY SVCS INC Ip urchase,purchase,2026-03-04,2026-05-12,15001.0,50000.0,equity,LQDT,trump_278t_2026_05_08_equity.pdf,32.470001220703125,33.58000183105469,69,0.03418541942166043,-0.012209756990846999,0.01161403717636987,,
c83053d2f964,Donald Trump,trump_278t_2026_05_08_equity,1472,MATSON INC 11,purchase,2026-02-06,2026-05-12,15001.0,50000.0,equity,MATX,trump_278t_2026_05_08_equity.pdf,162.62074279785156,179.00999450683594,95,0.10078204924544779,0.015138857030486636,0.005865611328856365,,
25fcf8548c29,Donald Trump,trump_278t_2026_05_08_equity,1480,BERKSHIRE HATHAWAY CLASS B ·,purchase,2026-02-23,2026-05-12,15001.0,50000.0,equity,BRK-B,trump_278t_2026_05_08_equity.pdf,494.0899963378906,484.9599914550781,78,-0.01847842488308307,0.001154729397189093,-0.009279115966861847,,
2351761f40f9,Donald Trump,trump_278t_2026_05_08_equity,1506,OPENLANE INC 1o urchaso,purchase,2026-03-04,2026-05-12,15001.0,50000.0,equity,OPLN,trump_278t_2026_05_08_equity.pdf,28.700000762939453,36.11000061035156,69,0.2581881411299718,-0.013846579660723304,-0.04680150686349702,,
3662b61c32fa,Donald Trump,trump_278t_2026_05_08_equity,1513,PROGRESS SOFTWARE CORP DUrt:hase,purchase,2026-03-04,2026-05-12,15001.0,50000.0,equity,PRGS,trump_278t_2026_05_08_equity.pdf,38.70000076293945,27.170000076293945,69,-0.29793282840673896,-0.029444211807660353,0.06698563451283109,,
797a5ffc29d5,Donald Trump,trump_278t_2026_05_08_equity,1547,BIOLIFE SOLUTIONS INC loorchaso,purchase,2026-03-04,2026-05-12,15001.0,50000.0,equity,BLFS,trump_278t_2026_05_08_equity.pdf,20.670000076293945,21.229999542236328,69,0.027092378513565475,-0.0028261642598256306,0.08572773123256051,,
2dce582e5543,Donald Trump,trump_278t_2026_05_08_equity,1567,ARLO TECHNOLOGIES INC IDUrchaao,purchase,2026-03-30,2026-05-12,15001.0,50000.0,equity,ARLO,trump_278t_2026_05_08_equity.pdf,13.65999984741211,12.949999809265137,43,-0.05197657731171076,-0.023938183050828486,-0.013127419212185468,,
e09afbb4141a,Donald Trump,trump_278t_2026_05_08_equity,1566,PAYCHEX INC I,purchase,2026-01-23,2026-05-12,15001.0,50000.0,equity,PAYX,trump_278t_2026_05_08_equity.pdf,104.19246673583984,92.5199966430664,109,-0.1120279657296795,-0.02810201652029504,0.02118468206855554,,
69165dba896a,Donald Trump,trump_278t_2026_05_08_equity,1573,PALOMAR HLDGS INC,purchase,2026-01-21,2026-05-12,15001.0,50000.0,equity,PLMR,trump_278t_2026_05_08_equity.pdf,130.0,108.62999725341797,111,-0.16438463651216947,-0.004326554388215321,0.04409464270125101,,
2d571576c71b,Donald Trump,trump_278t_2026_05_08_equity,1596,GLAUKOS CORP [ 11,purchase,2026-02-06,2026-05-12,15001.0,50000.0,equity,GKOS,trump_278t_2026_05_08_equity.pdf,112.5199966430664,136.36000061035156,95,0.2118734863004833,0.00682012812861964,0.025960642932587954,,
b8cd439dfbaa,Donald Trump,trump_278t_2026_05_08_equity,1637,"INSPERITY INC ,",purchase,2026-02-12,2026-05-12,15001.0,50000.0,equity,NSP,trump_278t_2026_05_08_equity.pdf,25.209537506103516,31.56999969482422,89,0.2523038031610363,-0.07538800075303116,-0.003484339924450385,,
89f15b2f2027,Donald Trump,trump_278t_2026_05_08_equity,1641,KEURIG DR PEPPER INC Ip urchase,purchase,2026-01-23,2026-05-12,15001.0,50000.0,equity,KDP,trump_278t_2026_05_08_equity.pdf,27.516956329345703,29.170000076293945,109,0.06007364067316337,0.004799430554757285,-0.010970164346495085,,
590d031110c3,Donald Trump,trump_278t_2026_05_08_equity,1646,BERKSHIRE HATHAWAY CLASS B 31,purchase,2026-02-03,2026-05-12,1001.0,15000.0,equity,BRK-B,trump_278t_2026_05_08_equity.pdf,493.739990234375,484.9599914550781,98,-0.017782636515079667,0.001154729397189093,-0.009279115966861847,,
98160aeaf6f8,Donald Trump,trump_278t_2026_05_08_equity,1649,GENERAL MILLS INC lcurt:hase,purchase,2026-01-23,2026-05-12,1001.0,15000.0,equity,GIS,trump_278t_2026_05_08_equity.pdf,43.82036590576172,34.130001068115234,109,-0.2211383825157048,-0.015235875812774708,-0.010547922621891756,,
2f8e5bf2e2b7,Donald Trump,trump_278t_2026_05_08_equity,1650,BERKSHIRE HATHAWAY CLASS B lpurt:hase 31,purchase,2026-01-07,2026-05-12,1001.0,15000.0,equity,BRK-B,trump_278t_2026_05_08_equity.pdf,496.1199951171875,484.9599914550781,125,-0.022494565371172538,0.001154729397189093,-0.009279115966861847,,
06f7c1c846a7,Donald Trump,trump_278t_2026_05_08_equity,1654,PALANTIR TECHNOLOGIES IN Cl.ASS A 31,purchase,2026-01-07,2026-05-12,1001.0,15000.0,equity,PLTR,trump_278t_2026_05_08_equity.pdf,181.67999267578125,136.0,125,-0.2514310574489064,-0.04374997756060432,-0.00544121686150046,,
a1f36ab216d2,Donald Trump,trump_278t_2026_05_08_equity,1746,ILLINOIS TOOL WKS INC 31,purchase,2026-01-07,2026-05-12,1001.0,15000.0,equity,ITW,trump_278t_2026_05_08_equity.pdf,245.4378204345703,251.41000366210938,125,0.024332774863159885,-0.005210602360733281,-0.016069402514116246,,
a65c084ef56e,Donald Trump,trump_278t_2026_05_08_equity,1763,MERCK & CO. INC. IDUrchas,purchase,2026-03-17,2026-05-12,1001.0,15000.0,equity,MRK,trump_278t_2026_05_08_equity.pdf,115.87000274658203,112.37000274658203,56,-0.030206264926521235,0.009611054331784347,0.016641408485187387,,
6bc2e5507de3,Donald Trump,trump_278t_2026_05_08_equity,2015,EOG RES INC 11,purchase,2026-02-01,2026-05-12,1001.0,15000.0,equity,EOG,trump_278t_2026_05_08_equity.pdf,107.57476043701172,134.1300048828125,100,0.2468538562198303,0.005964271705407661,0.07582194735496131,,
1a8b5324df08,Donald Trump,trump_278t_2026_05_08_equity,2022,"PAYLOCITY HLDG CORP ,",purchase,2026-01-21,2026-05-12,1001.0,15000.0,equity,PCTY,trump_278t_2026_05_08_equity.pdf,140.47000122070312,107.3499984741211,111,-0.2357798993291434,-0.029063764895531308,0.05468097652555733,,
d7e6ad60c629,Donald Trump,trump_278t_2026_05_08_equity,2034,DISNEY WALT CO .,purchase,2026-03-23,2026-05-12,1001.0,15000.0,equity,DIS,trump_278t_2026_05_08_equity.pdf,97.94999694824219,106.16000366210938,50,0.08381834578520142,-0.011868896879853713,-0.036454433054652506,,
b95436ba13c4,Donald Trump,trump_278t_2026_05_08_equity,2067,PFIZER INC I,purchase,2026-03-17,2026-05-12,1001.0,15000.0,equity,PFE,trump_278t_2026_05_08_equity.pdf,27.004249572753906,25.8700008392334,56,-0.042002601496651644,0.0034788651843710074,-0.008117548705402825,,
339b617e350b,Donald Trump,trump_278t_2026_05_08_equity,2075,UBER TECHNOLOGIES INC .,purchase,2026-03-23,2026-05-12,1001.0,15000.0,equity,UBER,trump_278t_2026_05_08_equity.pdf,75.12000274658203,76.36000061035156,50,0.01650689321661335,-0.02173917821949756,-0.029727661790421852,,
01b0c93c8b90,Donald Trump,trump_278t_2026_05_08_equity,2091,AT&T INC,purchase,2026-03-23,2026-05-12,1001.0,15000.0,equity,T,trump_278t_2026_05_08_equity.pdf,28.462114334106445,25.229999542236328,50,-0.11355849231471327,-0.019421315101408505,-0.009908838863888485,,
a9cb049ca5ba,Donald Trump,trump_278t_2026_05_08_equity,2109,PG&E CORP 31,purchase,2026-02-03,2026-05-12,1001.0,15000.0,equity,PCG$X,trump_278t_2026_05_08_equity.pdf,,,98,,,,,
05eb1a0b151d,Donald Trump,trump_278t_2026_05_08_equity,2113,FISERV INC 11,purchase,2026-02-01,2026-05-12,1001.0,15000.0,equity,FISV,trump_278t_2026_05_08_equity.pdf,62.939998626708984,54.880001068115234,100,-0.1280584323872775,-0.04573618963882922,0.020954768381915696,,
430fe72c3d23,Donald Trump,trump_278t_2026_05_08_equity,2124,VEEVA SYS INC CLASS A IDUrchoso,purchase,2026-03-23,2026-05-12,1001.0,15000.0,equity,VEEV,trump_278t_2026_05_08_equity.pdf,185.22999572753906,159.4199981689453,50,-0.1393402696859019,-0.023146421300894577,0.024400949907965822,,
f212e6481f23,Donald Trump,trump_278t_2026_05_08_equity,2135,HANOVER INS GROUP INC I,purchase,2026-03-23,2026-05-12,1001.0,15000.0,equity,THG,trump_278t_2026_05_08_equity.pdf,171.22000122070312,189.58999633789062,50,0.10728883884020371,-0.0015295811579424336,0.022153051476180626,,
7599c5d89b83,Donald Trump,trump_278t_2026_05_08_equity,2160,CHURCH & DWIGHT INC ourt:hoso,purchase,2026-01-21,2026-05-12,1001.0,15000.0,equity,CHD,trump_278t_2026_05_08_equity.pdf,91.17970275878906,93.2057113647461,111,0.022219951860522363,0.01689651810695543,0.027297561469138167,,
d7cc5ac2edf2,Donald Trump,trump_278t_2026_05_08_equity,1998,WEC ENERGY GROUP INC I,purchase,2026-01-12,2026-05-12,1001.0,15000.0,equity,WEC,trump_278t_2026_05_08_equity.pdf,103.23807525634766,111.62377166748047,120,0.08122677985143095,-0.0033754248158553175,-0.0011984347214985753,,
fa575be140dd,Donald Trump,trump_278t_2026_05_08_equity,1991,APPLOVIN CORP CLASS A :,purchase,2026-03-17,2026-05-12,1001.0,15000.0,equity,APP,trump_278t_2026_05_08_equity.pdf,459.0899963378906,490.69000244140625,56,0.06883183331282608,-0.07573010144331743,-0.028103300406183744,,
75671b6d7c10,Donald Trump,trump_278t_2026_05_08_equity,1780,"NETFLIX INC ,",purchase,2026-02-12,2026-05-12,1001.0,15000.0,etf,NFLX,trump_278t_2026_05_08_equity.pdf,75.86000061035156,87.66000366210938,89,0.15554973578721049,-0.001140840740791027,0.019050856709776312,,
b0ed46e3d48a,Donald Trump,trump_278t_2026_05_08_equity,1781,TARGET CORP,purchase,2026-03-17,2026-05-12,1001.0,15000.0,equity,TGT,trump_278t_2026_05_08_equity.pdf,115.66717529296875,120.66000366210938,56,0.04316547332027855,0.006795952842173845,0.05453334992502125,,
bac466de94a1,Donald Trump,trump_278t_2026_05_08_equity,1794,SALESFORCE INC I,purchase,2026-02-12,2026-05-12,1001.0,15000.0,equity,CRM,trump_278t_2026_05_08_equity.pdf,184.96739196777344,171.30999755859375,89,-0.0738367680048124,-0.031930426120239726,0.047341081816183385,,
ddf62eb6fe5f,Donald Trump,trump_278t_2026_05_08_equity,1813,CADENCE DESIGN SYSTEMS INC,purchase,2026-02-19,2026-05-12,1001.0,15000.0,equity,CDNS,trump_278t_2026_05_08_equity.pdf,296.5899963378906,358.0400085449219,82,0.2071884182399201,-0.009747571971458173,-0.055636277936338754,,
1c80108550fd,Donald Trump,trump_278t_2026_05_08_equity,1837,INVITATION HOMES INC 31,purchase,2026-02-03,2026-05-12,1001.0,15000.0,equity,INVH,trump_278t_2026_05_08_equity.pdf,25.864452362060547,28.459999084472656,98,0.10035189170366526,0.0,0.007027433920353515,,
8f76c09f7898,Donald Trump,trump_278t_2026_05_08_equity,1841,DYNATRACE INC 11,purchase,2026-02-01,2026-05-12,1001.0,15000.0,equity,DT,trump_278t_2026_05_08_equity.pdf,38.04999923706055,39.209999084472656,100,0.030486198966392465,-0.11425655819539228,0.0191277739737822,,
8aa03582c246,Donald Trump,trump_278t_2026_05_08_equity,1854,AIRBNB INC CL A IDUrchDIO,purchase,2026-02-19,2026-05-12,1001.0,15000.0,equity,ABNB,trump_278t_2026_05_08_equity.pdf,125.80999755859375,135.47999572753906,82,0.07686192160079873,-0.018526679849353803,-0.031886567771359633,,
77e48cd06848,Donald Trump,trump_278t_2026_05_08_equity,1916,ORACLE CORP lpurchaso,purchase,2026-03-23,2026-05-12,1001.0,15000.0,equity,ORCL,trump_278t_2026_05_08_equity.pdf,153.80282592773438,186.8300018310547,50,0.2147371201023213,0.015682666847216344,-0.028742680857239626,,
19ab93c0e2dd,Donald Trump,trump_278t_2026_05_08_equity,1917,CISCO SYS INC IDUrchooe,purchase,2026-03-17,2026-05-12,1001.0,15000.0,equity,CSCO,trump_278t_2026_05_08_equity.pdf,78.8427734375,99.29000091552734,56,0.2593418088499412,0.025984508080019737,0.162050520591489,,
9e1ad75b3ea3,Donald Trump,trump_278t_2026_05_08_equity,1415,META PLATFORMS INC CLASS A IDUrchaso,purchase,2026-03-23,2026-05-12,15001.0,50000.0,equity,META,trump_278t_2026_05_08_equity.pdf,604.0599975585938,603.0,50,-0.0017547885357048997,0.022603656522077114,-0.0006467904617537313,,
c0dafa6377a0,Donald Trump,trump_278t_2026_05_08_equity,1918,RB GLOBAL INC F,purchase,2026-03-17,2026-05-12,1001.0,15000.0,equity,RBA,trump_278t_2026_05_08_equity.pdf,99.71527099609375,103.09527587890625,56,0.03389656217195567,-0.015667320658830995,-0.0010637979815441595,,
6349201f2b1f,Donald Trump,trump_278t_2026_05_08_equity,1929,ROPER TECHNOLOGIES INC lpurchaso,purchase,2026-02-12,2026-05-12,1001.0,15000.0,equity,ROP,trump_278t_2026_05_08_equity.pdf,319.00677490234375,323.94000244140625,89,0.015464334701269868,-0.023738971363369072,0.015342351000945277,,
4cd1e37ca96c,Donald Trump,trump_278t_2026_05_08_equity,1940,PAYCOM SOFTWARE INC oun:hase,purchase,2026-02-23,2026-05-12,1001.0,15000.0,equity,PAYC,trump_278t_2026_05_08_equity.pdf,113.80851745605469,137.22555541992188,78,0.20575821992329613,-0.01962223961311273,0.025944673394850827,,
cc915074432d,Donald Trump,trump_278t_2026_05_08_equity,1943,ADVANCED MICRO DEVICES INC loun:hase,purchase,2026-02-19,2026-05-12,1001.0,15000.0,equity,AMD,trump_278t_2026_05_08_equity.pdf,203.3699951171875,448.2900085449219,82,1.2043075149144031,-0.006223668812021485,-0.07637917441678164,,
ce4844d0d6c9,Donald Trump,trump_278t_2026_05_08_equity,1965,SUPER MICRO COMPUTER INC I ■e,purchase,2026-01-23,2026-05-12,1001.0,15000.0,equity,SMCI,trump_278t_2026_05_08_equity.pdf,31.700000762939453,32.790000915527344,109,0.03438486203010482,-0.024092738440676515,-0.06800858149805565,,
8653f43c0b1c,Donald Trump,trump_278t_2026_05_08_equity,1982,PACCAR INC,purchase,2026-03-23,2026-05-12,1001.0,15000.0,equity,PCAR,trump_278t_2026_05_08_equity.pdf,113.96600341796875,112.68000030517578,50,-0.011284094152855128,-0.00798723396735353,-0.029286501977460785,,
2efafc048ce9,Donald Trump,trump_278t_2026_05_08_equity,1985,PROCORE TECHNOLOGIES INC 21,purchase,2026-02-03,2026-05-12,1001.0,15000.0,equity,PCOR,trump_278t_2026_05_08_equity.pdf,50.959999084472656,48.09000015258789,98,-0.056318661370605184,-0.04366809040253425,-0.014971952971898237,,
5a9009a10921,Donald Trump,trump_278t_2026_05_08_equity,1927,CINTAS CORP loun:hase,purchase,2026-03-23,2026-05-12,1001.0,15000.0,equity,CTAS,trump_278t_2026_05_08_equity.pdf,180.7186279296875,164.971435546875,50,-0.08713652025368014,-0.011304558228741659,0.04381704855391928,,
fab9aa9624e2,Donald Trump,trump_278t_2026_05_08_equity,75,FORTINET INC ■so,purchase,2026-03-17,2026-05-12,500001.0,1000000.0,equity,FTNT,trump_278t_2026_05_08_equity.pdf,83.16000366210938,113.87000274658203,56,0.36928809201658575,0.03354702382264482,0.12092734092324181,,
52dedf6f6a24,Donald Trump,trump_278t_2026_05_08_equity,71,ILLINOIS TOOL WORKS I ■SO,purchase,2026-01-06,2026-05-12,500001.0,1000000.0,equity,ITW,trump_278t_2026_05_08_equity.pdf,252.5528106689453,251.41000366210938,126,-0.004525021930300222,-0.005210602360733281,-0.016069402514116246,,
91cc004241f9,Donald Trump,trump_278t_2026_05_08_equity,70,CME GROUP INC,purchase,2026-02-10,2026-05-12,500001.0,1000000.0,equity,CME,trump_278t_2026_05_08_equity.pdf,299.597900390625,285.75,91,-0.04622162028695688,0.03982503895997375,0.058162712571084865,,
d666d1786e4e,Donald Trump,trump_278t_2026_05_08_equity,3303,SNOWFLAKE INC CLASS A,sale,2026-02-12,2026-05-12,15001.0,50000.0,equity,SNOW,trump_278t_2026_05_08_equity.pdf,172.91000366210938,151.97999572753906,89,0.12104567399969819,-0.0025661231781293494,-0.11560736819414867,,
759b6de5efcb,Donald Trump,trump_278t_2026_05_08_equity,3304,SAILPOINT INC,sale,2026-03-18,2026-05-12,50001.0,100000.0,equity,SAIL,trump_278t_2026_05_08_equity.pdf,12.470000267028809,11.609999656677246,55,0.06896556471016599,-0.017226595077841102,-0.24633942247420254,,25.0
5bbdcb54bc3a,Donald Trump,trump_278t_2026_05_08_equity,3305,AXON ENTERPRISE INC,sale,2026-03-18,2026-05-12,50001.0,100000.0,equity,AXON,trump_278t_2026_05_08_equity.pdf,508.4100036621094,393.6600036621094,55,0.22570366273961665,0.0427780221034213,0.0033531659603187763,,60.0
287e2bf5f481,Donald Trump,trump_278t_2026_05_08_equity,3308,COINBASE GLOBAL INC CLASS A,purchase,2026-01-21,2026-05-12,50001.0,100000.0,equity,COIN,trump_278t_2026_05_08_equity.pdf,226.92999267578125,207.63999938964844,111,-0.08500415947085829,-0.028125584449321516,-0.06833944559389972,,
49a53c92023c,Donald Trump,trump_278t_2026_05_08_equity,3313,ADMA BIOLOGICS INC,sale,2026-01-30,2026-05-12,50001.0,100000.0,equity,ADMA,trump_278t_2026_05_08_equity.pdf,17.299999237060547,8.40999984741211,102,0.5138728197515772,-0.010701564116625413,-0.026159366352010837,,
dad03683c487,Donald Trump,trump_278t_2026_05_08_equity,3314,TPG INC CLASS A,sale,2026-03-18,2026-05-12,50001.0,100000.0,equity,TPG,trump_278t_2026_05_08_equity.pdf,40.62561798095703,44.029998779296875,55,-0.08379886799348192,0.03293202335776542,0.08539628493701375,,56.0
bb44deb5b465,Donald Trump,trump_278t_2026_05_08_equity,3315,DOUBLEVERIFY HLDGS INC,sale,2026-01-30,2026-05-12,50001.0,100000.0,equity,DV,trump_278t_2026_05_08_equity.pdf,10.819999694824219,10.010000228881836,102,0.0748613205904108,0.11288712173857206,0.05494507274315027,,
1a392e5d95be,Donald Trump,trump_278t_2026_05_08_equity,3318,ADDUS HOMECARE CORP,sale,2026-03-30,2026-05-12,50001.0,100000.0,equity,ADUS,trump_278t_2026_05_08_equity.pdf,94.37999725341797,98.48999786376953,43,-0.043547369463424294,0.040410151425164575,0.059904575630509556,,26.0
d2e7c56c73a5,Donald Trump,trump_278t_2026_05_08_equity,3319,INSIGHT ENTERPRISES INC,sale,2026-03-30,2026-05-12,50001.0,100000.0,equity,NSIT,trump_278t_2026_05_08_equity.pdf,64.43000030517578,87.0199966430664,43,-0.35061300994710576,-0.003447518539771355,-0.017582239343987775,,26.0
09f52dd326a7,Donald Trump,trump_278t_2026_05_08_equity,3320,CORCEPT THERAPEUTICS INC,sale,2026-01-26,2026-05-12,50001.0,100000.0,equity,CORT,trump_278t_2026_05_08_equity.pdf,45.63999938964844,51.15999984741211,106,-0.1209465497717701,-0.1157154417767661,-0.13799846353299278,,0.0
8443e0fbc7b4,Donald Trump,trump_278t_2026_05_08_equity,3324,LABCORP HLOGS INC,sale,2026-01-21,2026-05-12,,,equity,LH,trump_278t_2026_05_08_equity.pdf,267.7306213378906,256.6448059082031,111,0.0414066025555463,0.011385314427787695,0.014221907296268599,,
486633ae8fb5,Donald Trump,trump_278t_2026_05_08_equity,3325,CONAGRA BRANDS INC,purchase,2026-03-18,2026-05-12,50001.0,100000.0,equity,CAG,trump_278t_2026_05_08_equity.pdf,15.177288055419922,14.0,55,-0.07756906577255768,0.0064285823277064735,-0.004999978201729911,,
3d2ce0792b81,Donald Trump,trump_278t_2026_05_08_equity,3326,OTIS WORLDWIDE CORP,sale,2026-03-18,2026-05-12,50001.0,100000.0,equity,OTIS,trump_278t_2026_05_08_equity.pdf,78.05705261230469,73.65373229980469,55,0.05641156263445532,0.011605932581737076,0.03684443101066901,,
42543cabe5d9,Donald Trump,trump_278t_2026_05_08_equity,3327,COUPANG INC CLASS A,sale,2026-01-12,2026-05-12,50001.0,100000.0,equity,CPNG,trump_278t_2026_05_08_equity.pdf,22.170000076293945,15.899999618530273,120,0.28281463401834134,-0.0037736113871835045,0.040251534905860344,,
4a4d9c728390,Donald Trump,trump_278t_2026_05_08_equity,3302,CMS ENERGY CORP,sale,2026-01-12,2026-05-12,15001.0,50000.0,equity,CMS,trump_278t_2026_05_08_equity.pdf,68.7968521118164,73.30999755859375,120,-0.06560104580718418,0.006820352157294372,-0.0,,
7f0f6b551eb6,Donald Trump,trump_278t_2026_05_08_equity,3328,DATADOG INC UNSOLICITED,sale,2026-03-23,2026-05-12,50001.0,100000.0,equity,DDOG,trump_278t_2026_05_08_equity.pdf,129.22999572753906,199.94000244140625,50,-0.5471640412567065,-0.026858032667881022,-0.07607277818022191,,59.0
19d4cbeac556,Donald Trump,trump_278t_2026_05_08_equity,3301,AIRBNB INC CLASS A,sale,2026-01-21,2026-05-12,15001.0,50000.0,equity,ABNB,trump_278t_2026_05_08_equity.pdf,133.58999633789062,135.47999572753906,111,-0.014147761370305316,0.018526679849353803,0.031886567771359633,,
8dad1074624b,Donald Trump,trump_278t_2026_05_08_equity,3276,EQUINIX INC REIT,sale,2026-01-21,2026-05-12,15001.0,50000.0,reit,EQIX,trump_278t_2026_05_08_equity.pdf,787.2741088867188,1075.3115234375,111,-0.3658667436149956,0.0031000282439954266,0.029797301654044657,,
4c6ee1bcc289,Donald Trump,trump_278t_2026_05_08_equity,3280,MONGODB INC CLASS A,sale,2026-03-18,2026-05-12,15001.0,50000.0,equity,MDB,trump_278t_2026_05_08_equity.pdf,268.5199890136719,308.7200012207031,55,-0.14970957042972485,0.01852811997306877,-0.08408911425379074,,27.0
57298d08ff61,Donald Trump,trump_278t_2026_05_08_equity,3264,BALCHEM CORP,sale,2026-03-30,2026-05-12,15001.0,50000.0,equity,BCPC,trump_278t_2026_05_08_equity.pdf,170.44000244140625,159.47000122070312,43,0.06436283186791425,-0.00739946489464288,0.0016303662434673878,,26.0
2debe07aef93,Donald Trump,trump_278t_2026_05_08_equity,3285,BLACKROCK INC NEW,sale,2026-01-21,2026-05-12,15001.0,50000.0,equity,BLK,trump_278t_2026_05_08_equity.pdf,1121.60595703125,1092.5,111,0.025950251823099985,-0.0014645085454805492,0.051441602903318076,,
04a69ce58fa0,Donald Trump,trump_278t_2026_05_08_equity,3287,COGNIZANT TECHNOLOGY SOL CLASS A,sale,2026-01-21,2026-05-12,15001.0,50000.0,equity,CTSH,trump_278t_2026_05_08_equity.pdf,83.01917266845703,47.39579772949219,111,0.42909816845837917,0.036874088697482495,-0.0735129168731132,,
43648ebbed13,Donald Trump,trump_278t_2026_05_08_equity,3290,DATADOG INC CLASS A,sale,2026-01-12,2026-05-12,15001.0,50000.0,equity,DDOG,trump_278t_2026_05_08_equity.pdf,126.56999969482422,199.94000244140625,120,-0.5796792519829825,-0.026858032667881022,-0.07607277818022191,,1.0
9741235ecc35,Donald Trump,trump_278t_2026_05_08_equity,3292,LOEWS CORP,sale,2026-01-12,2026-05-12,15001.0,50000.0,equity,L,trump_278t_2026_05_08_equity.pdf,104.39944458007812,104.3297119140625,120,0.0006679409674649901,0.002969570675899091,-0.03324079263434148,,
4e1f814e220b,Donald Trump,trump_278t_2026_05_08_equity,3293,CSW INDUSTRIALS INC,sale,2026-03-30,2026-05-12,15001.0,50000.0,equity,CSW,trump_278t_2026_05_08_equity.pdf,259.2367248535156,261.4700012207031,43,-0.008614814773830505,0.006119272176715533,0.02279422758267565,,26.0
ea4dcc0317d9,Donald Trump,trump_278t_2026_05_08_equity,3295,GROUP 1 AUTOMOTIVE INC,sale,2026-02-28,2026-05-12,15001.0,50000.0,equity,GPI,trump_278t_2026_05_08_equity.pdf,320.32000732421875,336.1400146484375,73,-0.04938813362415477,0.024870635761363336,0.09124178048189699,,
c7402217dba9,Donald Trump,trump_278t_2026_05_08_equity,3300,ROBERT HALF INC,sale,2026-01-26,2026-05-12,15001.0,50000.0,equity,RHI,trump_278t_2026_05_08_equity.pdf,27.02216148376465,25.494312286376953,106,0.05654059903037926,0.04451263552490947,0.014581678993880309,,
2dc4b58d35f6,Donald Trump,trump_278t_2026_05_08_equity,3271,MATSON INC,sale,2026-03-30,2026-05-12,15001.0,50000.0,equity,MATX,trump_278t_2026_05_08_equity.pdf,157.05166625976562,179.00999450683594,43,-0.13981595210044404,-0.015138857030486636,-0.005865611328856365,,52.0
1d26f9ea568a,Donald Trump,trump_278t_2026_05_08_equity,3385,BALL CORP,sale,2026-03-11,2026-05-12,50001.0,100000.0,equity,BALL,trump_278t_2026_05_08_equity.pdf,61.5099983215332,57.56999969482422,62,0.06405460468578299,0.01945455858644825,0.04273057317201654,,29.0
ac7e9d8106b4,Donald Trump,trump_278t_2026_05_08_equity,3366,PTC THERAPEUTICS INC,purchase,2026-01-28,2026-05-12,50001.0,100000.0,equity,PTCT,trump_278t_2026_05_08_equity.pdf,75.5999984741211,75.0199966430664,104,-0.007671982047105861,-0.020794423199136866,-0.0627832484035171,,
7e70e7c2940c,Donald Trump,trump_278t_2026_05_08_equity,3370,MSCI INC,sale,2026-01-21,2026-05-12,50001.0,100000.0,equity,MSCI,trump_278t_2026_05_08_equity.pdf,584.546875,578.9990234375,111,0.009490858303707465,0.017518911443004243,0.0022608345491191527,,0.0
9d165264d981,Donald Trump,trump_278t_2026_05_08_equity,3371,HNI CORP,purchase,2026-03-30,2026-05-12,50001.0,100000.0,equity,HNI,trump_278t_2026_05_08_equity.pdf,32.44843292236328,31.301212310791016,43,-0.035355193094135755,-0.0186413866435925,-0.07582934461042543,,
5a3948604742,Donald Trump,trump_278t_2026_05_08_equity,3376,VERRA MOBILITY CORP Ct.ASS A,purchase,2026-03-30,2026-05-12,50001.0,100000.0,equity,VRRM,trump_278t_2026_05_08_equity.pdf,14.140000343322754,13.569999694824219,43,-0.040311218858470756,-0.01031683071458249,-0.021370668266384504,,
61c612d68b22,Donald Trump,trump_278t_2026_05_08_equity,3380,THE TRADE DESK INC COM CL A,purchase,2026-02-10,2026-05-12,50001.0,100000.0,equity,TTD,trump_278t_2026_05_08_equity.pdf,28.1299991607666,21.139999389648438,91,-0.2484891567599916,-0.030747381139876327,0.0009460954749821535,,
93db15180234,Donald Trump,trump_278t_2026_05_08_equity,3382,CAL MAINE FOODS INC,purchase,2026-03-30,2026-05-12,50001.0,100000.0,equity,CALM,trump_278t_2026_05_08_equity.pdf,78.29866790771484,78.87999725341797,43,0.007424511313376329,0.007986877595703785,-0.0039299894699263245,,
03acb7c01c91,Donald Trump,trump_278t_2026_05_08_equity,3384,APPLOVIN CORP Ct.ASS A,purchase,2026-02-12,2026-05-12,50001.0,100000.0,equity,APP,trump_278t_2026_05_08_equity.pdf,366.9100036621094,490.69000244140625,89,0.3373579284943317,-0.07573010144331743,-0.028103300406183744,,
8c5c0ca851ab,Donald Trump,trump_278t_2026_05_08_equity,3386,Visa Inc CO<n Cl A Solldtod Cl<dor Dlatrlldon Exorclsod,purchase,2026-03-21,2026-05-12,50001.0,100000.0,equity,V,trump_278t_2026_05_08_equity.pdf,303.8101806640625,326.4200134277344,52,0.07442091872712012,-0.01871826364131105,0.010691716472058915,,
0efb3214367e,Donald Trump,trump_278t_2026_05_08_equity,3368,TELEFLEX INC,purchase,2026-01-28,2026-05-12,50001.0,100000.0,equity,TFX,trump_278t_2026_05_08_equity.pdf,104.75466918945312,128.6973876953125,104,0.22855991710076412,0.007827668694257457,0.028753145484776945,,
fd1d4f2e6a17,Donald Trump,trump_278t_2026_05_08_equity,3389,NVIDIA CORP,purchase,2026-03-18,2026-05-12,50001.0,100000.0,equity,NVDA,trump_278t_2026_05_08_equity.pdf,180.39999389648438,220.77999877929688,55,0.22383595481706622,0.022873462631033244,-0.0007699889930484667,,
7daedd407256,Donald Trump,trump_278t_2026_05_08_equity,3362,INNOSPEC INC,purchase,2026-03-30,2026-05-12,50001.0,100000.0,equity,IOSP,trump_278t_2026_05_08_equity.pdf,72.33820343017578,79.50382232666016,43,0.09905718633724385,-0.009323727475775439,-0.033128213248118536,,
b240e68cadc9,Donald Trump,trump_278t_2026_05_08_equity,3330,ENERPAC TOOL GROUP CORP CLASS A,sale,2026-03-30,2026-05-12,50001.0,100000.0,equity,EPAC,trump_278t_2026_05_08_equity.pdf,35.209999084472656,34.40999984741211,43,0.022720796871969828,0.008718373681803695,0.03719845350110167,,26.0
ae303e4cf654,Donald Trump,trump_278t_2026_05_08_equity,3361,EQUIFAX INC,purchase,2026-01-12,2026-05-12,50001.0,100000.0,equity,EFX,trump_278t_2026_05_08_equity.pdf,220.2937774658203,166.1874237060547,120,-0.24560999580735093,-0.04089701658917486,-0.035559984387479905,,
7824ce840c66,Donald Trump,trump_278t_2026_05_08_equity,3333,CINEMARK HLDGS INC,purchase,2026-01-21,2026-05-12,,100000.0,equity,CNK,trump_278t_2026_05_08_equity.pdf,24.023962020874023,26.19297981262207,111,0.09028559859790918,0.00038055250018841937,0.0007610321812991142,,
1aa78a68fe98,Donald Trump,trump_278t_2026_05_08_equity,3334,POOL CORP,purchase,2026-03-18,2026-05-12,,100000.0,equity,POOL,trump_278t_2026_05_08_equity.pdf,204.24464416503906,180.97840881347656,55,-0.11391356403334774,-0.038172601877425945,-0.013473516224009222,,
00e7c6dfed00,Donald Trump,trump_278t_2026_05_08_equity,3335,HOULIHAN LOKEY INC Ct.ASS A,purchase,2026-03-11,2026-05-12,,100000.0,equity,HLI,trump_278t_2026_05_08_equity.pdf,146.3699951171875,149.52999877929688,62,0.021589149193995644,0.006821402265684776,-0.018190338011824566,,
2a2ac5ac5235,Donald Trump,trump_278t_2026_05_08_equity,3337,COSTAR GROUP INC,sale,2026-01-12,2026-05-12,50001.0,100000.0,equity,CSGP,trump_278t_2026_05_08_equity.pdf,59.29999923706055,33.04999923706055,120,0.4426644239076923,0.03267775941413636,-0.022692890085122576,,0.0
20dddff0f85f,Donald Trump,trump_278t_2026_05_08_equity,3338,AGILENT TECHNOLOGIES INC,purchase,2026-03-11,2026-05-12,50001.0,100000.0,equity,A,trump_278t_2026_05_08_equity.pdf,115.15723419189453,112.9000015258789,62,-0.019601310172613566,-0.0014172157656942015,-0.020637748446093732,,
979d61ef3c69,Donald Trump,trump_278t_2026_05_08_equity,3339,PJT PARTNERS INC CIASS A,sale,2026-03-30,2026-05-12,,100000.0,equity,PJT,trump_278t_2026_05_08_equity.pdf,138.10000610351562,154.24000549316406,43,-0.11687182242085042,-0.0035657920992042853,0.0028527128224574067,,
9ed952d1a7d9,Donald Trump,trump_278t_2026_05_08_equity,3341,BOSTON SCIENTIFIC CORP,purchase,2026-01-12,2026-05-12,50001.0,100000.0,equity,BSX,trump_278t_2026_05_08_equity.pdf,95.72000122070312,54.099998474121094,120,-0.4348098852466386,-0.019223606842199155,0.05009247644371488,,
12390a3f0371,Donald Trump,trump_278t_2026_05_08_equity,3343,JPMORGAN CHASE & CO,sale,2026-01-12,2026-05-12,50001.0,100000.0,equity,JPM,trump_278t_2026_05_08_equity.pdf,322.8377990722656,304.8800048828125,120,0.05562481915394722,0.015186318579967705,0.030110182789159255,,5.0
a8ccac481a5b,Donald Trump,trump_278t_2026_05_08_equity,3344,GE VERNOVA INC,purchase,2026-01-12,2026-05-12,50001.0,100000.0,equity,GEV,trump_278t_2026_05_08_equity.pdf,639.3833618164062,1071.97998046875,120,0.67658410350778,-0.00877818089062888,-0.05613910126331468,,
7a4112f7a80e,Donald Trump,trump_278t_2026_05_08_equity,3345,TERRENO RLTY CORP REIT,purchase,2026-03-30,2026-05-12,50001.0,100000.0,reit,TRNO,trump_278t_2026_05_08_equity.pdf,60.61000061035156,65.91000366210938,43,0.08744436558960579,0.005613641277950715,-0.015627467022635604,,
f3ecac597412,Donald Trump,trump_278t_2026_05_08_equity,3348,INVITATION HOMES INC,purchase,2026-03-11,2026-05-12,50001.0,100000.0,equity,INVH,trump_278t_2026_05_08_equity.pdf,24.906143188476562,28.459999084472656,62,0.14268993272472522,0.0,0.007027433920353515,,
14b8d0b6f12e,Donald Trump,trump_278t_2026_05_08_equity,3349,SYSCO CORP,sale,2026-01-12,2026-05-12,50001.0,100000.0,equity,SYY,trump_278t_2026_05_08_equity.pdf,73.77384185791016,72.9800033569336,120,0.01076043325092803,-0.0028774880078531115,-0.03028225517699557,,4.0
e116fdf81b9a,Donald Trump,trump_278t_2026_05_08_equity,3352,VERRA MOBILITY CORP CLASS A,purchase,2026-01-21,2026-05-12,,100000.0,equity,VRRM,trump_278t_2026_05_08_equity.pdf,22.0,13.569999694824219,111,-0.3831818320534446,-0.01031683071458249,-0.021370668266384504,,
559c438122e8,Donald Trump,trump_278t_2026_05_08_equity,3353,FISERV INC,purchase,2026-01-12,2026-05-12,,100000.0,equity,FISV,trump_278t_2026_05_08_equity.pdf,68.19999694824219,54.880001068115234,120,-0.19530786621934398,-0.04573618963882922,0.020954768381915696,,
c817cccb4de5,Donald Trump,trump_278t_2026_05_08_equity,3354,BOX INC CLASS A,purchase,2026-03-30,2026-05-12,50001.0,100000.0,equity,BOX,trump_278t_2026_05_08_equity.pdf,23.31999969482422,24.049999237060547,43,0.03130358283831147,-0.013721410984393367,0.06860713422960481,,
83f3a2d526ea,Donald Trump,trump_278t_2026_05_08_equity,3355,PRIVIA HEALT H GROUP INC,purchase,2026-03-30,2026-05-12,,100000.0,equity,PRVA,trump_278t_2026_05_08_equity.pdf,20.020000457763672,23.010000228881836,43,0.14935063450304042,-0.016514605142778846,0.012168652058249647,,
86933c753bbf,Donald Trump,trump_278t_2026_05_08_equity,3360,CARNIVAL CORP PAIRED CTF 1 COM CARNI,purchase,2026-03-17,2026-05-12,,100000.0,equity,CCL,trump_278t_2026_05_08_equity.pdf,24.9372615814209,24.69872283935547,56,-0.00956555479384108,0.007243434442968253,-0.03274353313598848,,
ab79d76a527b,Donald Trump,trump_278t_2026_05_08_equity,3270,J & J SNACK FOODS CORP,sale,2026-01-26,2026-05-12,15001.0,50000.0,equity,JJSF,trump_278t_2026_05_08_equity.pdf,92.484619140625,69.9000015258789,106,0.24419863350905582,-0.023891246530617503,-0.037911322861671225,,5.0
241ec8d74c86,Donald Trump,trump_278t_2026_05_08_equity,3268,DOUGLAS EMMETT INC REIT,sale,2026-01-26,2026-05-12,15001.0,50000.0,reit,DEI,trump_278t_2026_05_08_equity.pdf,10.335615158081055,11.960000038146973,106,-0.15716383158827935,0.018394671097584244,0.04933111627977073,,
00877e08fbcb,Donald Trump,trump_278t_2026_05_08_equity,3173,WALKER & DUNLOP INC,purchase,2026-01-28,2026-05-12,15001.0,50000.0,equity,WD,trump_278t_2026_05_08_equity.pdf,62.410369873046875,54.42547607421875,104,-0.12794177978869112,-0.02428411182148396,-0.12214571322194398,,
86d7bff8ee19,Donald Trump,trump_278t_2026_05_08_equity,3174,RUBRIK INC CLASS A,sale,2026-03-18,2026-05-12,15001.0,50000.0,equity,RBRK,trump_278t_2026_05_08_equity.pdf,52.09000015258789,60.470001220703125,55,-0.1608754279817161,0.0163717820155732,-0.06383331457631942,,34.0
9e8c63b5d7d7,Donald Trump,trump_278t_2026_05_08_equity,3175,VICTORY CAP HLDGS INC DE CLASS A,sale,2026-03-30,2026-05-12,15001.0,50000.0,equity,VCTR,trump_278t_2026_05_08_equity.pdf,64.9800033569336,87.06999969482422,43,-0.33995068015849134,0.0008039473420186517,0.05420927112951053,,26.0
b645d5465baa,Donald Trump,trump_278t_2026_05_08_equity,3177,TYLER TECHNOLOGIES INC,sale,2026-03-18,2026-05-12,15001.0,50000.0,equity,TYL,trump_278t_2026_05_08_equity.pdf,343.95001220703125,309.6499938964844,55,0.09972384676032785,0.03571773866170685,-0.04227352364252458,,71.0
6d997137f7e9,Donald Trump,trump_278t_2026_05_08_equity,3178,SYNOPSYS INC,sale,2026-03-18,2026-05-12,15001.0,50000.0,equity,SNPS,trump_278t_2026_05_08_equity.pdf,428.6700134277344,513.2100219726562,55,-0.19721465438863434,0.0076577288538780056,0.03768442942935979,,36.0
34ad3961d21a,Donald Trump,trump_278t_2026_05_08_equity,3179,ADMA BIOLOGICS INC,sale,2026-01-21,2026-05-12,15001.0,50000.0,equity,ADMA,trump_278t_2026_05_08_equity.pdf,17.360000610351562,8.40999984741211,111,0.5155530212137592,-0.010701564116625413,-0.026159366352010837,,
70a682055a7c,Donald Trump,trump_278t_2026_05_08_equity,3182,ALTRIA GROUP INC,purchase,2026-01-12,2026-05-12,15001.0,50000.0,equity,MO,trump_278t_2026_05_08_equity.pdf,57.57525634765625,69.88999938964844,120,0.21388950433207218,0.023608549725116917,0.05880670548353594,,
525ffe608c73,Donald Trump,trump_278t_2026_05_08_equity,3184,NEOGENOMICS INC,sale,2026-03-30,2026-05-12,15001.0,50000.0,equity,NEO,trump_278t_2026_05_08_equity.pdf,7.199999809265137,8.75,43,-0.21527780997164542,0.05599997384207589,0.041142817905970984,,26.0
7c1d7dc86ee8,Donald Trump,trump_278t_2026_05_08_equity,3186,CHURCHILL DOWNS INC,purchase,2026-03-18,2026-05-12,15001.0,50000.0,equity,CHDN,trump_278t_2026_05_08_equity.pdf,85.80999755859375,86.58000183105469,55,0.00897336317875029,-0.011781060878830801,0.0017325193197801874,,
a40050d0c1b1,Donald Trump,trump_278t_2026_05_08_equity,3187,ALARM COM HLDGS INC,sale,2026-01-26,2026-05-12,15001.0,50000.0,equity,ALRM,trump_278t_2026_05_08_equity.pdf,49.81999969482422,42.130001068115234,106,0.15435565383008013,-0.004984549706826081,-0.03180631660610205,,0.0
d63b7e3d9e10,Donald Trump,trump_278t_2026_05_08_equity,3188,Oracle Corp Com Sollclted Ordor Dlsaation Exordood,purchase,2026-03-27,2026-05-12,15001.0,50000.0,equity,ORCL,trump_278t_2026_05_08_equity.pdf,139.17391967773438,186.8300018310547,46,0.34242106756546664,0.015682666847216344,-0.028742680857239626,,
3aca95332700,Donald Trump,trump_278t_2026_05_08_equity,3191,DATADOG INC CLASS A,sale,2026-03-18,2026-05-12,15001.0,50000.0,equity,DDOG,trump_278t_2026_05_08_equity.pdf,131.25999450683594,199.94000244140625,55,-0.5232364071978801,-0.026858032667881022,-0.07607277818022191,,56.0
c0d0a9e8eef9,Donald Trump,trump_278t_2026_05_08_equity,3192,ZIFF DAVIS INC,sale,2026-01-26,2026-05-12,15001.0,50000.0,equity,ZD,trump_278t_2026_05_08_equity.pdf,39.650001525878906,40.849998474121094,106,-0.03026473901795361,0.007833530153665537,-0.026927841613390083,,
f89d2fc31b34,Donald Trump,trump_278t_2026_05_08_equity,3193,ROCKET LAB CORP CLASS A,sale,2026-01-12,2026-05-12,15001.0,50000.0,equity,RKLB,trump_278t_2026_05_08_equity.pdf,87.9000015258789,117.55999755859375,120,-0.3374288454816756,-0.056056516707569636,-0.08293637463832412,,0.0
a4a2e5f98e31,Donald Trump,trump_278t_2026_05_08_equity,3195,HIGHWOODS PPTYS INC REIT,sale,2026-01-26,2026-05-12,15001.0,50000.0,reit,HIW,trump_278t_2026_05_08_equity.pdf,25.14936637878418,25.0582332611084,106,0.0036236745015039615,-0.018779422413200575,-0.004859362701215301,,1.0
24580ae6e285,Donald Trump,trump_278t_2026_05_08_equity,3196,CAVCO INDS INC DEL,sale,2026-03-01,2026-05-12,15001.0,50000.0,equity,CVCO,trump_278t_2026_05_08_equity.pdf,563.1199951171875,475.8699951171875,72,0.15494033377707167,0.027822704457578853,0.02345179098623589,,27.0
a5144f12858f,Donald Trump,trump_278t_2026_05_08_equity,3197,HAWAIIAN ELEC !NOS INC,sale,2026-03-30,2026-05-12,15001.0,50000.0,equity,HE,trump_278t_2026_05_08_equity.pdf,14.75,13.5,43,0.0847457627118644,0.008148122716833043,-0.0014815153899016204,,19.0
3c0c16639a63,Donald Trump,trump_278t_2026_05_08_equity,3198,FACTSET RESH SYS INC,sale,2026-01-12,2026-05-12,15001.0,50000.0,equity,FDS,trump_278t_2026_05_08_equity.pdf,293.9613952636719,214.87158203125,120,0.2690482985409748,0.06507040565199508,-0.027834391340212747,,6.0
f214938c23e1,Donald Trump,trump_278t_2026_05_08_equity,3199,STRATEGY INC CLASS A,sale,2026-03-18,2026-05-12,15001.0,50000.0,equity,MSTR,trump_278t_2026_05_08_equity.pdf,140.55999755859375,184.4199981689453,55,-0.31203757379170494,0.034649167406425325,0.10730936711106243,,23.0
64afaab9dd8d,Donald Trump,trump_278t_2026_05_08_equity,3172,WILLSCOT HOLDINGS CO A CLASS A,sale,2026-03-30,2026-05-12,15001.0,50000.0,equity,WSC,trump_278t_2026_05_08_equity.pdf,16.56999969482422,27.020000457763672,43,-0.6306578729873845,0.04182091224911695,0.15396002135213932,,32.0
a0c55d238f0c,Donald Trump,trump_278t_2026_05_08_equity,3202,MARKETAXESS HLDGS INC,sale,2026-01-26,2026-05-12,15001.0,50000.0,equity,MKTX,trump_278t_2026_05_08_equity.pdf,169.94728088378906,140.59274291992188,106,0.1727273176199859,0.014783881632570666,-0.003536835597922527,,
35ee4f12f46b,Donald Trump,trump_278t_2026_05_08_equity,3169,MEDTRONIC PLC F,sale,2026-03-18,2026-05-12,15001.0,50000.0,equity,MDT,trump_278t_2026_05_08_equity.pdf,86.50372314453125,76.81999969482422,55,0.11194574172868113,0.007940648434975998,-0.02291072823772804,,
d04b4d3f9945,Donald Trump,trump_278t_2026_05_08_equity,3167,CARNIVAL CORP F,sale,2026-03-18,2026-05-12,15001.0,50000.0,equity,CCL,trump_278t_2026_05_08_equity.pdf,24.012922286987305,24.69872283935547,55,-0.02855964568459883,-0.007243434442968253,0.03274353313598848,,36.0
83499ac04d75,Donald Trump,trump_278t_2026_05_08_equity,3141,GEN DIGITAL INC,purchase,2026-02-12,2026-05-12,15001.0,50000.0,equity,GEN,trump_278t_2026_05_08_equity.pdf,23.30013084411621,21.922515869140625,89,-0.05912477419943175,0.0567150977856414,0.10936171012463163,,
221d09e8bccf,Donald Trump,trump_278t_2026_05_08_equity,3143,HAYWARD HLDGS INC,purchase,2026-03-30,2026-05-12,15001.0,50000.0,equity,HAYW,trump_278t_2026_05_08_equity.pdf,13.119999885559082,13.899999618530273,43,0.05945119967796046,-0.007194203635955471,-0.05899278541929356,,
c97d0ad065fb,Donald Trump,trump_278t_2026_05_08_equity,3144,GE HEALTHCARE TECHNOLOGIES INC,purchase,2026-03-11,2026-05-12,15001.0,50000.0,equity,GEHC,trump_278t_2026_05_08_equity.pdf,72.61467742919922,62.290000915527344,62,-0.14218442991416774,-0.006421600899016777,-0.011398283416876162,,
b5ee112cde3a,Donald Trump,trump_278t_2026_05_08_equity,3147,"Exxon Mobil ,...,.,, Com Solldtod Ordor Dlocrotion Exordsod Allocaled Ordor Your Brokor Actnd Aa Annnt",purchase,2026-03-06,2026-05-12,15001.0,50000.0,equity,XOM,trump_278t_2026_05_08_equity.pdf,150.1905975341797,149.614501953125,67,-0.0038357632935282935,0.006240504976167592,0.08645887216658699,,
379260db6828,Donald Trump,trump_278t_2026_05_08_equity,3150,FORTINET INC,sale,2026-03-11,2026-05-12,15001.0,50000.0,equity,FTNT,trump_278t_2026_05_08_equity.pdf,83.4800033569336,113.87000274658203,62,-0.3640392688978532,-0.03354702382264482,-0.12092734092324181,,47.0
5726e658ce48,Donald Trump,trump_278t_2026_05_08_equity,3153,SOFI TECHNOLOGIES INC,purchase,2026-02-12,2026-05-12,15001.0,50000.0,equity,SOFI,trump_278t_2026_05_08_equity.pdf,19.299999237060547,15.899999618530273,89,-0.1761657903074666,-0.03710686874646046,-0.042138370589211195,,
b56bf8f79211,Donald Trump,trump_278t_2026_05_08_equity,3156,PAYONEER GLOBAL INC,sale,2026-01-26,2026-05-12,15001.0,50000.0,equity,PAYO,trump_278t_2026_05_08_equity.pdf,6.090000152587891,5.119999885559082,106,0.15927754396140956,0.037109387005330334,0.06249994179233778,,
7992f217d5ab,Donald Trump,trump_278t_2026_05_08_equity,3162,FERGUSON ENTERPRISES INC,purchase,2026-01-12,2026-05-12,15001.0,50000.0,equity,FERG,trump_278t_2026_05_08_equity.pdf,239.71060180664062,237.1865997314453,120,-0.01052937190167027,-0.01881562590849446,-0.06584095570706128,,
5293574c6ce7,Donald Trump,trump_278t_2026_05_08_equity,3164,BIOLIFE SOLUTIONS INC,sale,2026-03-30,2026-05-12,15001.0,50000.0,equity,BLFS,trump_278t_2026_05_08_equity.pdf,18.780000686645508,21.229999542236328,43,-0.13045786826477695,0.0028261642598256306,-0.08572773123256051,,26.0
cf2dafe37017,Donald Trump,trump_278t_2026_05_08_equity,3168,CORNING INC,sale,2026-01-22,2026-05-12,15001.0,50000.0,equity,GLW,trump_278t_2026_05_08_equity.pdf,93.96035766601562,197.9366455078125,110,-1.1065974036772308,-0.0417170059519074,0.1130448437462419,,
1bfd5f397b40,Donald Trump,trump_278t_2026_05_08_equity,3242,GITLAB INC CLASS A,sale,2026-01-18,2026-05-12,15001.0,50000.0,equity,GTLB,trump_278t_2026_05_08_equity.pdf,33.040000915527344,23.079999923706055,114,0.3014528061692797,0.04462741291379156,-0.10311954803440203,,
e49ef8257a59,Donald Trump,trump_278t_2026_05_08_equity,3244,TG THERAPEUTICS INC,sale,2026-01-21,2026-05-12,15001.0,50000.0,equity,TGTX,trump_278t_2026_05_08_equity.pdf,31.56999969482422,42.540000915527344,111,-0.3474818285317125,-0.0025858158905542393,0.07310767614996441,,
94bd62aef010,Donald Trump,trump_278t_2026_05_08_equity,3245,WORKDAY INC CLASS A,sale,2026-01-21,2026-05-12,15001.0,50000.0,equity,WDAY,trump_278t_2026_05_08_equity.pdf,183.41000366210938,118.62000274658203,111,0.3532522742591946,0.017872219672015795,-0.09037256232585515,,
362b208315cf,Donald Trump,trump_278t_2026_05_08_equity,3247,ATLASSIAN CORP CLASS A,sale,2026-01-12,2026-05-12,15001.0,50000.0,equity,TEAM,trump_278t_2026_05_08_equity.pdf,146.44000244140625,85.0,120,0.4195575076283524,0.0515293794519761,-0.019058855842141544,,10.0
3c3eb9ac259b,Donald Trump,trump_278t_2026_05_08_equity,3246,VEEVA SYS INC CLASS A,sale,2026-02-12,2026-05-12,15001.0,50000.0,equity,VEEV,trump_278t_2026_05_08_equity.pdf,171.99000549316406,159.4199981689453,89,0.07308568476508571,0.023146421300894577,-0.024400949907965822,,31.0
c5a0ae95e233,Donald Trump,trump_278t_2026_05_08_equity,3249,STRATEGY INC CLASS A,sale,2026-01-12,2026-05-12,15001.0,50000.0,equity,MSTR,trump_278t_2026_05_08_equity.pdf,162.22999572753906,184.4199981689453,120,-0.136781131885584,0.034649167406425325,0.10730936711106243,,
995eb036829b,Donald Trump,trump_278t_2026_05_08_equity,3250,UNION PAC CORP,sale,2026-01-18,2026-05-12,15001.0,50000.0,equity,UNP,trump_278t_2026_05_08_equity.pdf,219.39764404296875,264.22723388671875,114,-0.20433031557517628,0.0035768412780580903,-0.022439773264598478,,
54f34c196c87,Donald Trump,trump_278t_2026_05_08_equity,3251,MOELIS & CO CLASS A,sale,2026-03-30,2026-05-12,15001.0,50000.0,equity,MC,trump_278t_2026_05_08_equity.pdf,54.35167694091797,63.970001220703125,43,-0.17696462779318817,-0.0015632088824899138,0.026887622133520722,,37.0
bf1d79c7e386,Donald Trump,trump_278t_2026_05_08_equity,3252,COMMVAULT SYS INC,sale,2026-01-18,2026-05-12,15001.0,50000.0,equity,CVLT,trump_278t_2026_05_08_equity.pdf,116.94000244140625,102.2300033569336,114,0.12579099347841405,0.023672167845778618,0.0025433055628754854,,
f1551175535d,Donald Trump,trump_278t_2026_05_08_equity,3254,ROCKET COMPANIES CLA A CLASS A,sale,2026-01-18,2026-05-12,15001.0,50000.0,equity,RKT,trump_278t_2026_05_08_equity.pdf,22.049999237060547,14.800000190734863,114,0.3287981540670643,0.06486486660641765,0.14391892479665958,,
6e323237ce67,Donald Trump,trump_278t_2026_05_08_equity,3255,ROBLOX CORP CLASS A,sale,2026-01-18,2026-05-12,15001.0,50000.0,equity,RBLX,trump_278t_2026_05_08_equity.pdf,78.83999633789062,41.540000915527344,114,0.4731100603113149,-0.010110692337233924,-0.07005295578422516,,
932ea614d7cd,Donald Trump,trump_278t_2026_05_08_equity,3258,TARGA RES CORP,sale,2026-01-21,2026-05-12,15001.0,50000.0,equity,TRGP,trump_278t_2026_05_08_equity.pdf,188.17181396484375,255.16000366210938,111,-0.3559948128564093,-0.031862379550591714,-0.08245809783254154,,
7bc8820b085e,Donald Trump,trump_278t_2026_05_08_equity,3261,HORMEL FOODS CORP,sale,2026-01-18,2026-05-12,15001.0,50000.0,equity,HRL,trump_278t_2026_05_08_equity.pdf,24.215194702148438,20.18000030517578,114,0.16663894082233593,0.013379606227975228,-0.010901848861621008,,6.0
93d2d9ab8a27,Donald Trump,trump_278t_2026_05_08_equity,3262,PROGRESS SOFTWARE CORP,sale,2026-03-30,2026-05-12,15001.0,50000.0,equity,PRGS,trump_278t_2026_05_08_equity.pdf,28.270000457763672,27.170000076293945,43,0.038910518700314985,0.029444211807660353,-0.06698563451283109,,26.0
7814059cbb24,Donald Trump,trump_278t_2026_05_08_equity,3264,BADGER METER INC,sale,2025-01-26,2026-05-12,15001.0,50000.0,equity,BMI,trump_278t_2026_05_08_equity.pdf,204.8275146484375,114.65730285644531,471,0.4402250935220242,-0.008953404236602765,-0.035813683487262285,,
dbeec269fc37,Donald Trump,trump_278t_2026_05_08_equity,3285,COPARTINC,sale,2026-01-18,2026-05-12,15001.0,50000.0,equity,CPRT,trump_278t_2026_05_08_equity.pdf,40.709999084472656,33.439998626708984,114,0.17858021668530444,0.014952153724092655,0.00956936925734891,,
3aa68faeaca6,Donald Trump,trump_278t_2026_05_08_equity,3268,DUOLINGO INC Cl.ASS A,sale,2026-03-18,2026-05-12,15001.0,50000.0,equity,DUOL,trump_278t_2026_05_08_equity.pdf,100.05000305175781,106.01000213623047,55,-0.059570203924825794,0.009716052811443703,-0.0763135192422164,,56.0
94345be35520,Donald Trump,trump_278t_2026_05_08_equity,3267,TETRA TECH INC NEW,purchase,2026-03-18,2026-05-12,15001.0,50000.0,equity,TTEK,trump_278t_2026_05_08_equity.pdf,30.698102951049805,28.633609771728516,55,-0.06725149051109974,-0.0574713011193919,-0.048670426527441774,,
9bf23a644e26,Donald Trump,trump_278t_2026_05_08_equity,3241,CORCEPT THERAPEUTICS INC,sale,2026-03-30,2026-05-12,15001.0,50000.0,equity,CORT,trump_278t_2026_05_08_equity.pdf,38.119998931884766,51.15999984741211,43,-0.342077683129741,-0.1157154417767661,-0.13799846353299278,,52.0
07b7e8235025,Donald Trump,trump_278t_2026_05_08_equity,3240,BLACKLINE INC,sale,2026-02-26,2026-05-12,15001.0,50000.0,equity,BL,trump_278t_2026_05_08_equity.pdf,35.04999923706055,26.209999084472656,75,0.25221113680484214,0.037390292883180604,-0.14574596473129597,,31.0
59351857e8af,Donald Trump,trump_278t_2026_05_08_equity,3238,CENTENE CORP DEL,sale,2026-02-12,2026-05-12,15001.0,50000.0,equity,CNC,trump_278t_2026_05_08_equity.pdf,39.18000030517578,59.310001373291016,89,-0.5137825653731812,0.008430281376205873,0.0026976874676681744,,31.0
653bdb592e84,Donald Trump,trump_278t_2026_05_08_equity,3209,BROADCOM INC,purchase,2025-03-18,2026-05-12,15001.0,50000.0,equity,AVGO,trump_278t_2026_05_08_equity.pdf,186.58895874023438,419.29998779296875,420,1.2471854209589661,-0.00598611810426808,-0.019627905338298245,,
7972a313ffdc,Donald Trump,trump_278t_2026_05_08_equity,3210,RYAN SPECIALT Y HOLDINGS CLASS A,purchase,2025-03-18,2026-05-12,15001.0,50000.0,equity,RYAN,trump_278t_2026_05_08_equity.pdf,70.13811492919922,31.510000228881836,420,-0.5507435541903352,-0.03935257893084968,0.07172326919916479,,
e712110231ae,Donald Trump,trump_278t_2026_05_08_equity,3211,BEST BUY INC,purchase,2026-01-12,2026-05-12,15001.0,50000.0,equity,BBY,trump_278t_2026_05_08_equity.pdf,66.16260528564453,57.20000076293945,120,-0.13546329507447188,-0.029370634314121777,0.03653846371872824,,
926c8f564ec6,Donald Trump,trump_278t_2026_05_08_equity,3215,TESLA INC,purchase,2025-03-18,2026-05-12,15001.0,50000.0,equity,TSLA,trump_278t_2026_05_08_equity.pdf,225.30999755859375,433.45001220703125,420,0.9237939590066746,0.027269526989873474,-0.06768952827126673,,
f76dc167e01d,Donald Trump,trump_278t_2026_05_08_equity,3217,CME GROUP INC CLASS A,sale,2026-01-12,2026-05-12,15001.0,50000.0,equity,CME,trump_278t_2026_05_08_equity.pdf,258.7933654785156,285.75,120,-0.10416277276521699,-0.03982503895997375,-0.058162712571084865,,
44eddf39bab4,Donald Trump,trump_278t_2026_05_08_equity,3220,THE TRADE DESK INC CLASS A,purchase,2026-02-12,2026-05-12,,,equity,TTD,trump_278t_2026_05_08_equity.pdf,26.139999389648438,21.139999389648438,89,-0.191277739737822,-0.030747381139876327,0.0009460954749821535,,
017b882195c4,Donald Trump,trump_278t_2026_05_08_equity,3221,ADVANCED MICRO DEVICES INC,sale,2026-03-17,2026-05-12,15001.0,50000.0,equity,AMD,trump_278t_2026_05_08_equity.pdf,196.30999755859375,448.2900085449219,56,-1.283582161479668,0.006223668812021485,0.07637917441678164,,60.0
7dc14bee5ce6,Donald Trump,trump_278t_2026_05_08_equity,3223,ELEVANCE HEALTH INC,sale,2025-03-18,2026-05-12,15001.0,50000.0,equity,ELV,trump_278t_2026_05_08_equity.pdf,427.130126953125,393.29998779296875,420,0.07920335519641046,-0.016120078953081762,-0.02280702135547711,,
18fb583b0802,Donald Trump,trump_278t_2026_05_08_equity,3392,COSTAR GROUP INC,purchase,2026-02-10,2026-05-12,50001.0,100000.0,equity,CSGP,trump_278t_2026_05_08_equity.pdf,50.849998474121094,33.04999923706055,91,-0.3500491597088137,-0.03267775941413636,0.022692890085122576,,
c482e4190138,Donald Trump,trump_278t_2026_05_08_equity,3226,PAYLOCITY HLDG CORP,sale,2026-02-12,2026-05-12,15001.0,50000.0,equity,PCTY,trump_278t_2026_05_08_equity.pdf,104.19999694824219,107.3499984741211,89,-0.03023034182470814,0.029063764895531308,-0.05468097652555733,,22.0
f268b1b60175,Donald Trump,trump_278t_2026_05_08_equity,3227,SPROUTS FMRS MKT INC,purchase,2026-02-12,2026-05-12,15001.0,50000.0,equity,SFM,trump_278t_2026_05_08_equity.pdf,67.62999725341797,86.88999938964844,89,0.28478490194315487,0.015882118346318846,0.036022525899463385,,
dc2f32a3980e,Donald Trump,trump_278t_2026_05_08_equity,3229,STEPSTONE GROUP INC ClASS A,sale,2025-02-28,2026-05-12,15001.0,50000.0,equity,STEP,trump_278t_2026_05_08_equity.pdf,58.59611129760742,56.20000076293945,438,0.04089197186649835,0.02846979122949524,0.06548043158751204,,
efceeb872e89,Donald Trump,trump_278t_2026_05_08_equity,3231,UPSTART HLDGS INC,sale,2025-03-18,2026-05-12,15001.0,50000.0,equity,UPST,trump_278t_2026_05_08_equity.pdf,47.790000915527344,27.84000015258789,420,0.41745135762191504,0.03053162273027912,-0.00862068138659312,,
88cdf1cec35e,Donald Trump,trump_278t_2026_05_08_equity,3232,BROWN & BROWN INC,purchase,2026-02-12,2026-05-12,15001.0,50000.0,equity,BRO,trump_278t_2026_05_08_equity.pdf,69.32676696777344,55.77000045776367,89,-0.195548806081086,-0.024923783005903442,0.041599420401318185,,
4b68bc82b1a7,Donald Trump,trump_278t_2026_05_08_equity,3233,CBRE GROUP INC CLASS A,sale,2026-01-21,2026-05-12,15001.0,50000.0,equity,CBRE,trump_278t_2026_05_08_equity.pdf,170.2899932861328,144.05999755859375,111,0.15403133925471266,0.023670718588777003,0.11044012169747729,,
db544dce86a3,Donald Trump,trump_278t_2026_05_08_equity,3236,Costco Whsl Corp Now Com Sollc:Hod Ordor Discretion Exon:lsed,purchase,2026-03-06,2026-05-12,15001.0,50000.0,equity,COST,trump_278t_2026_05_08_equity.pdf,996.65380859375,1021.8800048828125,67,0.0253108913762703,0.010960143185460793,0.07088889210094418,,
0408703b1fce,Donald Trump,trump_278t_2026_05_08_equity,3225,DOUGLAS EMMETT INC REIT,sale,2026-03-30,2026-05-12,15001.0,50000.0,reit,DEI,trump_278t_2026_05_08_equity.pdf,9.160000801086426,11.960000038146973,43,-0.30567674587194926,0.018394671097584244,0.04933111627977073,,
9a42b78107d2,Donald Trump,trump_278t_2026_05_08_equity,3393,DOORDASH INC Ct.ASS A,sale,2026-01-21,2026-05-12,50001.0,100000.0,equity,DASH,trump_278t_2026_05_08_equity.pdf,206.47999572753906,155.19000244140625,111,0.24840175487901786,0.039435498556024406,0.0034796606509865952,,5.0
9d024e0f616f,Donald Trump,trump_278t_2026_05_08_equity,3394,PAYPAL HLDGS INC,purchase,2026-02-12,2026-05-12,50001.0,100000.0,equity,PYPL,trump_278t_2026_05_08_equity.pdf,38.9620361328125,45.439998626708984,89,0.16626344865074866,-0.004621458864860568,-0.03543126858080413,,
1310aebd3dbf,Donald Trump,trump_278t_2026_05_08_equity,3559,SYSCO CORP,purchase,2026-01-08,2026-05-12,250001.0,500000.0,equity,SYY,trump_278t_2026_05_08_equity.pdf,73.71427917480469,72.9800033569336,124,-0.00996110694007935,0.0028774880078531115,0.03028225517699557,,
74e83848ce9b,Donald Trump,trump_278t_2026_05_08_equity,3560,DIGITAL RLTY TR INC,purchase,2026-01-06,2026-05-12,250001.0,500000.0,equity,DLR,trump_278t_2026_05_08_equity.pdf,155.71974182128906,195.27000427246094,126,0.25398361176684664,-0.010037418297653044,-0.04603884517060939,,
686e7783c08c,Donald Trump,trump_278t_2026_05_08_equity,3562,"ROPER TECHNOLOGIES, INC",sale,2026-01-06,2026-05-12,250001.0,500000.0,equity,ROP,trump_278t_2026_05_08_equity.pdf,435.42999267578125,323.94000244140625,126,0.25604572976071915,0.023738971363369072,-0.015342351000945277,,
6c5faf9d205e,Donald Trump,trump_278t_2026_05_08_equity,3563,AUTODESK INC,sale,2026-02-10,2026-05-12,250001.0,500000.0,equity,ADSK,trump_278t_2026_05_08_equity.pdf,243.5800018310547,234.8699951171875,91,0.03575829973065024,0.016349454667356184,-0.0395538329205766,,18.0
b68e80c5317e,Donald Trump,trump_278t_2026_05_08_equity,3564,MICROSOFT CORP,purchase,2026-02-12,2026-05-12,250001.0,500000.0,equity,MSFT,trump_278t_2026_05_08_equity.pdf,400.05841064453125,406.8887023925781,89,0.017073236223287096,-0.0062779903800582754,0.0236653926530322,,
89e2651b3dbf,Donald Trump,trump_278t_2026_05_08_equity,3565,BROADCOM INC UNSOLICITEO,sale,2026-03-02,2026-05-12,250001.0,500000.0,equity,AVGO,trump_278t_2026_05_08_equity.pdf,318.1526184082031,419.29998779296875,71,-0.3179209081818378,0.00598611810426808,0.019627905338298245,,349.0
64db0b756b67,Donald Trump,trump_278t_2026_05_08_equity,3588,AUTOZONE INC,sale,2026-01-08,2026-05-12,250001.0,500000.0,equity,AZO,trump_278t_2026_05_08_equity.pdf,3313.989990234375,3409.81005859375,124,-0.02891380741696155,0.012616544262583358,0.018338273458746026,,
f094fa523012,Donald Trump,trump_278t_2026_05_08_equity,3568,"ULTA BEAUTY, INC",purchase,2026-03-17,2026-05-12,250001.0,500000.0,equity,ULTA,trump_278t_2026_05_08_equity.pdf,523.0700073242188,505.20001220703125,56,-0.034163677647284785,-0.02583138953923653,-0.04679337703331212,,
a37842b5c05a,Donald Trump,trump_278t_2026_05_08_equity,3569,AMAZON.COM INC,sale,2026-02-12,2026-05-12,250001.0,500000.0,equity,AMZN,trump_278t_2026_05_08_equity.pdf,199.60000610351562,265.82000732421875,89,-0.33176352302494627,-0.016213969753363512,0.02437743889768426,,24.0
203592d5e057,Donald Trump,trump_278t_2026_05_08_equity,3573,DOORDASH INC CL A,purchase,2026-01-16,2026-05-12,250001.0,500000.0,equity,DASH,trump_278t_2026_05_08_equity.pdf,205.32000732421875,155.19000244140625,116,-0.2441554797124701,-0.039435498556024406,-0.0034796606509865952,,
2f91d8397762,Donald Trump,trump_278t_2026_05_08_equity,3575,D R HORTON INC,sale,2026-01-16,2026-05-12,250001.0,500000.0,equity,DHI,trump_278t_2026_05_08_equity.pdf,155.0472869873047,143.27000427246094,116,0.07595929566834715,0.017728822985804225,0.059677551453813114,,
f658a7a65925,Donald Trump,trump_278t_2026_05_08_equity,3578,INVITATION HOMES INC COM,sale,2026-03-17,2026-05-12,250001.0,500000.0,equity,INVH,trump_278t_2026_05_08_equity.pdf,25.093852996826172,28.459999084472656,56,-0.13414225739157032,-0.0,-0.007027433920353515,,53.0
580ff97aa436,Donald Trump,trump_278t_2026_05_08_equity,3579,CONSTELLATION ENERGY CORP COM,sale,2026-02-10,2026-05-12,250001.0,500000.0,equity,CEG,trump_278t_2026_05_08_equity.pdf,270.35711669921875,293.1445617675781,91,-0.08428646283319836,0.06372613268225183,0.11077997880646832,,
be0466cf11ad,Donald Trump,trump_278t_2026_05_08_equity,3580,HOME DEPOT INC,purchase,2026-03-18,2026-05-12,250001.0,500000.0,equity,HD,trump_278t_2026_05_08_equity.pdf,330.92999267578125,310.4599914550781,55,-0.061855986685250365,-0.02547833498621322,-0.02583260076792318,,
d1b355994908,Donald Trump,trump_278t_2026_05_08_equity,3581,AMAZON.COM INC UNSOLICITED,purchase,2026-02-13,2026-05-12,250001.0,500000.0,equity,AMZN,trump_278t_2026_05_08_equity.pdf,198.7899932861328,265.82000732421875,88,0.3371900815027686,0.016213969753363512,-0.02437743889768426,,
e934428e3325,Donald Trump,trump_278t_2026_05_08_equity,3582,CADENCE DESIGN SYS INC,sale,2026-01-16,2026-05-12,250001.0,500000.0,equity,CDNS,trump_278t_2026_05_08_equity.pdf,317.45001220703125,358.0400085449219,116,-0.12786263908353251,0.009747571971458173,0.055636277936338754,,
c39ad41f3ebc,Donald Trump,trump_278t_2026_05_08_equity,3565,MASTERCARD INC CLASS A,sale,2026-03-18,2026-05-12,250001.0,500000.0,equity,MA,trump_278t_2026_05_08_equity.pdf,487.63201904296875,499.80999755859375,55,-0.024973705663392687,0.01834693774624073,0.0002200543248429243,,56.0
4b67037c4c66,Donald Trump,trump_278t_2026_05_08_equity,3556,SALESFORCE INC,purchase,2026-02-12,2026-05-12,250001.0,500000.0,equity,CRM,trump_278t_2026_05_08_equity.pdf,184.96739196777344,171.30999755859375,89,-0.0738367680048124,-0.031930426120239726,0.047341081816183385,,
14b72c440f4b,Donald Trump,trump_278t_2026_05_08_equity,3557,Nvidia Corp Com Solicited Ordor DIICl'Otlon e-ctsod,sale,2026-03-06,2026-05-12,250001.0,500000.0,equity,NVDA,trump_278t_2026_05_08_equity.pdf,177.8103790283203,220.77999877929688,67,-0.2416597950344208,-0.022873462631033244,0.0007699889930484667,,42.0
0b78105e0381,Donald Trump,trump_278t_2026_05_08_equity,3529,GARTNER GROUP INC NEW,purchase,2026-02-10,2026-05-12,100001.0,250000.0,equity,IT,trump_278t_2026_05_08_equity.pdf,159.88999938964844,152.9600067138672,91,-0.04334225218734918,-0.05557008124287301,0.007714386924606961,,
1b22c08adfb0,Donald Trump,trump_278t_2026_05_08_equity,3530,SKYWORKS SOLUTIONS INC,sale,2026-03-17,2026-05-12,100001.0,250000.0,equity,SWKS,trump_278t_2026_05_08_equity.pdf,53.247318267822266,65.73877716064453,56,-0.23459320204621353,-0.027597590811967672,-0.06092592212186067,,75.0
e59cc3d4247e,Donald Trump,trump_278t_2026_05_08_equity,3532,ZOETISINC,sale,2026-03-17,2026-05-12,100001.0,250000.0,equity,ZTS,trump_278t_2026_05_08_equity.pdf,121.15303039550781,76.94000244140625,56,0.3649353863437569,0.03379264389152655,-0.02573428209918411,,75.0
22615bab3950,Donald Trump,trump_278t_2026_05_08_equity,3534,CROWN CASTLE INC,sale,2026-01-06,2026-05-12,100001.0,250000.0,equity,CCI,trump_278t_2026_05_08_equity.pdf,86.05440521240234,91.5,126,-0.06328083697931161,0.020546418070141736,-0.00918028784579918,,
d78b937407d9,Donald Trump,trump_278t_2026_05_08_equity,3537,FACTSET RESH SYS INC,sale,2026-02-10,2026-05-12,100001.0,250000.0,equity,FDS,trump_278t_2026_05_08_equity.pdf,202.76919555664062,214.87158203125,91,-0.05968552788004108,0.06507040565199508,-0.027834391340212747,,
eec0d78a4e48,Donald Trump,trump_278t_2026_05_08_equity,3539,TAKE-TWO INTERACTIVE SOFTWARE INC,sale,2026-02-10,2026-05-12,100001.0,250000.0,equity,TTWO,trump_278t_2026_05_08_equity.pdf,210.7100067138672,225.99000549316406,91,-0.07251672104992284,-0.004424974448837955,-0.05376341254548046,,
8d39f5750baa,Donald Trump,trump_278t_2026_05_08_equity,3540,TESLA INC UNSOLICITED,purchase,2026-03-02,2026-05-12,100001.0,250000.0,equity,TSLA,trump_278t_2026_05_08_equity.pdf,403.32000732421875,433.45001220703125,71,0.07470495967384963,0.027269526989873474,-0.06768952827126673,,
cdbc6ce74787,Donald Trump,trump_278t_2026_05_08_equity,3541,ADVANCED ENERGY !NOS INC,sale,2026-02-02,2026-05-12,100001.0,250000.0,equity,AEIS,trump_278t_2026_05_08_equity.pdf,261.6601257324219,339.315185546875,99,-0.296778347855204,0.0006776883586900604,0.10777214561440747,,
c1149c2b6814,Donald Trump,trump_278t_2026_05_08_equity,3542,FISERV INC,sale,2026-02-10,2026-05-12,100001.0,250000.0,equity,FISV,trump_278t_2026_05_08_equity.pdf,62.59000015258789,54.880001068115234,91,0.12318260210379427,0.04573618963882922,-0.020954768381915696,,35.0
9a984ed745fb,Donald Trump,trump_278t_2026_05_08_equity,3543,TTM TECHNOLOGIES INC,sale,2026-01-30,2026-05-12,100001.0,250000.0,equity,TTMI,trump_278t_2026_05_08_equity.pdf,98.19999694824219,163.36000061035156,102,-0.6635438461006568,-0.03342315556725828,0.01193680791476823,,
e59b4a194c9c,Donald Trump,trump_278t_2026_05_08_equity,3545,FORTINET INC,sale,2026-01-06,2026-05-12,250001.0,500000.0,equity,FTNT,trump_278t_2026_05_08_equity.pdf,78.44000244140625,113.87000274658203,126,-0.45168280472252115,-0.03354702382264482,-0.12092734092324181,,310.0
c6c83d9b2c35,Donald Trump,trump_278t_2026_05_08_equity,3547,NETFLIX INC,sale,2026-01-12,2026-05-12,250001.0,500000.0,etf,NFLX,trump_278t_2026_05_08_equity.pdf,89.41000366210938,87.66000366210938,120,0.019572753923749405,0.001140840740791027,-0.019050856709776312,,
f8c4c9404f58,Donald Trump,trump_278t_2026_05_08_equity,3548,ACCENTURE PLC IRELAND F CLASS A,sale,2026-02-12,2026-05-12,250001.0,500000.0,equity,ACN,trump_278t_2026_05_08_equity.pdf,220.1827850341797,169.77000427246094,89,0.22895877510992974,0.05966899115202372,-0.04140895683794972,,22.0
c20502d686c7,Donald Trump,trump_278t_2026_05_08_equity,3549,META PLATFORMS INC CLASS A,sale,2026-03-18,2026-05-12,250001.0,500000.0,equity,META,trump_278t_2026_05_08_equity.pdf,615.6799926757812,603.0,55,0.02059510269397136,-0.022603656522077114,0.0006467904617537313,,56.0
3835bc0da872,Donald Trump,trump_278t_2026_05_08_equity,3551,"Amazon Com Inc Com Av,.,.,,., Unit Prlco Transaction Your Brokor Actod As Annnt",purchase,2026-03-27,2026-05-12,250001.0,500000.0,equity,AMZN,trump_278t_2026_05_08_equity.pdf,199.33999633789062,265.82000732421875,46,0.3335006130613216,0.016213969753363512,-0.02437743889768426,,
77ba58ff7855,Donald Trump,trump_278t_2026_05_08_equity,3553,PROGRESSIVE CORP OHIO,sale,2026-02-10,2026-05-12,250001.0,500000.0,equity,PGR,trump_278t_2026_05_08_equity.pdf,202.49522399902344,198.4199981689453,91,0.02012504665343504,0.012397900805258337,-0.022427159506640173,,29.0
6f31beea4ead,Donald Trump,trump_278t_2026_05_08_equity,3589,CROWDSTRIKE HLDGS INC CL A,purchase,2026-02-10,2026-05-12,250001.0,500000.0,equity,CRWD,trump_278t_2026_05_08_equity.pdf,413.3900146484375,546.1799926757812,91,0.32122202598500926,0.030008449354106608,0.12944452956005584,,
2cd25bb4ffad,Donald Trump,trump_278t_2026_05_08_equity,3590,VISA INC CLASS A,purchase,2026-03-18,2026-05-12,250001.0,500000.0,equity,V,trump_278t_2026_05_08_equity.pdf,298.4013671875,326.4200134277344,55,0.0938958373559626,-0.01871826364131105,0.010691716472058915,,
6b296731a929,Donald Trump,trump_278t_2026_05_08_equity,3623,BOEING COMPANY COM,sale,2026-03-17,2026-05-12,500001.0,1000000.0,equity,BA,trump_278t_2026_05_08_equity.pdf,210.82000732421875,236.8699951171875,56,-0.12356506445285641,-0.01574708094405441,0.09228691290991368,,35.0
e769edfc720c,Donald Trump,trump_278t_2026_05_08_equity,3625,UNITEDHEALT H GROUP INC,purchase,2026-02-10,2026-05-12,1000001.0,5000000.0,equity,UNH,trump_278t_2026_05_08_equity.pdf,271.1123046875,396.3900146484375,91,0.4620878794318833,0.012033575108854416,-0.018037851988789204,,
9e067775bdf4,Donald Trump,trump_278t_2026_05_08_equity,3626,. ORACLE CORPORATION COM,purchase,2026-01-06,2026-05-12,1000001.0,5000000.0,equity,ORCL,trump_278t_2026_05_08_equity.pdf,192.56663513183594,186.8300018310547,126,-0.029790380336935353,0.015682666847216344,-0.028742680857239626,,
b6043eeb90c9,Donald Trump,trump_278t_2026_05_08_equity,3627,CDW CORP,sale,2026-03-17,2026-05-12,1000001.0,,equity,CDW,trump_278t_2026_05_08_equity.pdf,116.74775695800781,98.71468353271484,56,0.15446184059689608,-0.011077516025335096,-0.05085591469518919,,26.0
c80aca484b0e,Donald Trump,trump_278t_2026_05_08_equity,3828,NETFLIX COM INC,sale,2026-02-10,2026-05-12,1000001.0,5000000.0,equity,NFLX,trump_278t_2026_05_08_equity.pdf,82.20999908447266,87.66000366210938,91,-0.06629369466403612,0.001140840740791027,-0.019050856709776312,,18.0
d4ca8e5d944e,Donald Trump,trump_278t_2026_05_08_equity,3629,PALANTIR TECHNOLOGIES INC CL A,sale,2026-02-10,2026-05-12,1000001.0,5000000.0,equity,PLTR,trump_278t_2026_05_08_equity.pdf,139.50999450683594,136.0,91,0.025159448391089637,0.04374997756060432,0.00544121686150046,,
9d4e9051fe93,Donald Trump,trump_278t_2026_05_08_equity,3631,VANGUARD HIGH DIVIDEND YIELD ETF,sale,2026-01-23,2026-05-12,1000001.0,5000000.0,etf,VYM,trump_278t_2026_05_08_equity.pdf,146.8269500732422,155.9600067138672,109,-0.062202862867267394,0.0020518550297696065,0.00032061457813060273,,
ab1d1435259a,Donald Trump,trump_278t_2026_05_08_equity,3632,ACCENTURE PLC,sale,2026-03-17,2026-05-12,1000001.0,5000000.0,equity,ACN,trump_278t_2026_05_08_equity.pdf,196.98947143554688,169.77000427246094,56,0.13817726889018986,0.05966899115202372,-0.04140895683794972,,35.0
8797574483f6,Donald Trump,trump_278t_2026_05_08_equity,3834,STATE STREET SPDR S&P 500 ETF TRUST,sale,2026-03-15,2026-05-12,1000001.0,5000000.0,etf,SPY,trump_278t_2026_05_08_equity.pdf,667.2078857421875,738.1799926757812,58,-0.10637180472566796,-0.0055948480367801765,0.006028356567753464,,11.0
12293cd3fa68,Donald Trump,trump_278t_2026_05_08_equity,3635,STATE STREET SPDR S&P 500 TRUST ETF,sale,2026-01-29,2026-05-12,1000001.0,5000000.0,etf,SPY,trump_278t_2026_05_08_equity.pdf,692.1497192382812,738.1799926757812,103,-0.06650334769788947,-0.0055948480367801765,0.006028356567753464,,
0ed7b5b36c96,Donald Trump,trump_278t_2026_05_08_equity,3836,VANGUARD S&P 500 ETF UNSOLICITED,sale,2026-01-16,2026-05-12,1000001.0,5000000.0,etf,VOO,trump_278t_2026_05_08_equity.pdf,634.0885009765625,678.6699829101562,116,-0.07030798045530492,-0.005510764183702092,0.00601169369122903,,
3820ed2d3ff9,Donald Trump,trump_278t_2026_05_08_equity,3637,VANGUARD S&P 500 ETF UNSOLICITED,sale,2026-03-19,2026-05-12,1000001.0,5000000.0,etf,VOO,trump_278t_2026_05_08_equity.pdf,604.8407592773438,678.6699829101562,54,-0.12206390277173572,-0.005510764183702092,0.00601169369122903,,47.0
1e4c8dc52081,Donald Trump,trump_278t_2026_05_08_equity,3640,AMAZON COM INC,sale,2026-02-10,2026-05-12,5000001.0,25000000.0,equity,AMZN,trump_278t_2026_05_08_equity.pdf,206.9600067138672,265.82000732421875,91,-0.2844027768694873,-0.016213969753363512,0.02437743889768426,,35.0
95d00d0ecafa,Donald Trump,trump_278t_2026_05_08_equity,3641,MICROSOFT CORP COM,sale,2026-02-10,2026-05-12,5000001.0,25000000.0,equity,MSFT,trump_278t_2026_05_08_equity.pdf,411.437744140625,406.8887023925781,91,0.011056452191931281,0.0062779903800582754,-0.0236653926530322,,20.0
028be7a18066,Donald Trump,trump_278t_2026_05_08_equity,3642,ADVANCED MICRO DEVICES INC UNSOLICITED,purchase,2026-01-16,2026-05-12,50001.0,100000.0,equity,AMD,trump_278t_2026_05_08_equity.pdf,231.8300018310547,448.2900085449219,116,0.9337014407290204,-0.006223668812021485,-0.07637917441678164,,
8262161a3b21,Donald Trump,trump_278t_2026_05_08_equity,23,JABIL INC,purchase,2026-02-10,2026-05-12,1000001.0,5000000.0,equity,JBL,trump_278t_2026_05_08_equity.pdf,258.7901916503906,350.7207946777344,91,0.355232176463381,0.013198352757587415,-0.05086892498437448,,
fc8fa896686c,Donald Trump,trump_278t_2026_05_08_equity,29,BOEING COMPANY COM I,purchase,2026-02-10,2026-05-12,1000001.0,5000000.0,equity,BA,trump_278t_2026_05_08_equity.pdf,242.58999633789062,236.8699951171875,91,-0.02357888333011078,0.01574708094405441,-0.09228691290991368,,
d17ff7c70a08,Donald Trump,trump_278t_2026_05_08_equity,34,COMCAST CORP NEW CLASS A,purchase,2026-01-12,2026-05-12,1000001.0,5000000.0,equity,CMCSA,trump_278t_2026_05_08_equity.pdf,28.393125534057617,24.899999618530273,120,-0.12302717118400126,0.0016064624955887774,-0.004016079638624071,,
98b630106dab,Donald Trump,trump_278t_2026_05_08_equity,35,PTCINC,purchase,2026-02-10,2026-05-12,1000001.0,5000000.0,equity,PTC,trump_278t_2026_05_08_equity.pdf,162.72000122070312,144.22000122070312,91,-0.11369223120216039,-0.023644457309988296,0.006725843936297783,,
84da8bdc9e89,Donald Trump,trump_278t_2026_05_08_equity,51,MICROCHIP TECHNOLOGY INC I,purchase,2026-02-10,2026-05-12,500001.0,1000000.0,equity,MCHP,trump_278t_2026_05_08_equity.pdf,76.02850341796875,97.21208190917969,91,0.2786267983568431,-0.010132962563635134,-0.06028654390728079,,
48869a357457,Donald Trump,trump_278t_2026_05_08_equity,69,LENNOX INTL INC IDUrchaae,purchase,2026-02-10,2026-05-12,500001.0,1000000.0,equity,LII,trump_278t_2026_05_08_equity.pdf,546.9537963867188,508.54998779296875,91,-0.07021399037259252,-0.0020646697830542494,-0.05085042959845695,,
ae2f946834d1,Donald Trump,trump_278t_2026_05_08_equity,3622,ABBOTT LABS INC COM,sale,2026-01-06,2026-05-12,500001.0,1000000.0,equity,ABT,trump_278t_2026_05_08_equity.pdf,126.3433609008789,84.3499984741211,126,0.33237490381234336,0.006164749881127067,-0.052993494980021115,,
218bb2cc8704,Donald Trump,trump_278t_2026_05_08_equity,3621,NVIDIA CORP UNSOLICITED,sale,2026-03-11,2026-05-12,500001.0,1000000.0,equity,NVDA,trump_278t_2026_05_08_equity.pdf,186.02999877929688,220.77999877929688,62,-0.18679782953300378,-0.022873462631033244,0.0007699889930484667,,29.0
3c93ab44c434,Donald Trump,trump_278t_2026_05_08_equity,3820,META PLATFORMS INC CL A UNSOLICITED,sale,2026-01-15,2026-05-12,500001.0,1000000.0,equity,META,trump_278t_2026_05_08_equity.pdf,620.2689208984375,603.0,117,0.02784102236401605,-0.022603656522077114,0.0006467904617537313,,323.0
117f7dc3cd61,Donald Trump,trump_278t_2026_05_08_equity,3591,ECOLAB INC,sale,2026-01-06,2026-05-12,250001.0,500000.0,equity,ECL,trump_278t_2026_05_08_equity.pdf,270.8042297363281,251.6999969482422,126,0.0705462865431866,0.008263813493340664,0.02371871789069093,,
a21352e4b8b0,Donald Trump,trump_278t_2026_05_08_equity,3593,BOSTON SCIENTIFIC CORP COM,sale,2026-01-16,2026-05-12,250001.0,500000.0,equity,BSX,trump_278t_2026_05_08_equity.pdf,88.06999969482422,54.099998474121094,116,0.38571592299777774,0.019223606842199155,-0.05009247644371488,,4.0
bbcebe9c63a4,Donald Trump,trump_278t_2026_05_08_equity,3595,DANAHER CORP,sale,2026-03-17,2026-05-12,500001.0,1000000.0,equity,DHR,trump_278t_2026_05_08_equity.pdf,194.79476928710938,166.25999450683594,56,0.14648635014534622,0.0016238964428738397,-0.0046914399438693875,,5.0
b97f50e92297,Donald Trump,trump_278t_2026_05_08_equity,3598,Nvidia Com Com A-Unit Price Tranoedlon Your Brokor AclDd As Anon!,sale,2026-01-17,2026-05-12,500001.0,1000000.0,equity,NVDA,trump_278t_2026_05_08_equity.pdf,178.06036376953125,220.77999877929688,115,-0.23991658842761268,-0.022873462631033244,0.0007699889930484667,,11.0
5a028d2829d6,Donald Trump,trump_278t_2026_05_08_equity,3599,EMCOR GROUP INC,purchase,2026-03-17,2026-05-12,500001.0,1000000.0,equity,EME,trump_278t_2026_05_08_equity.pdf,728.1873168945312,924.9000244140625,56,0.2701402550630013,-0.0020434799422076474,-0.07626774483781437,,
652ff0cbc0ac,Donald Trump,trump_278t_2026_05_08_equity,3600,PALO ALTO NElWORKS INC,sale,2026-02-10,2026-05-12,500001.0,1000000.0,equity,PANW,trump_278t_2026_05_08_equity.pdf,165.50999450683594,215.60000610351562,91,-0.30264040395826886,-0.05653982763230736,-0.11377550132127238,,18.0
3613367feeaf,Donald Trump,trump_278t_2026_05_08_equity,3601,APPLOVIN CORP COM CL A,sale,2026-02-10,2026-05-12,500001.0,1000000.0,equity,APP,trump_278t_2026_05_08_equity.pdf,472.9200134277344,490.69000244140625,91,-0.03757504125248288,0.07573010144331743,0.028103300406183744,,35.0
fe2c568eb156,Donald Trump,trump_278t_2026_05_08_equity,3602,S&P GLOBAL INC,sale,2026-02-10,2026-05-12,500001.0,1000000.0,equity,SPGI,trump_278t_2026_05_08_equity.pdf,399.2205505371094,423.1849365234375,91,-0.060027936823609296,0.041539998344261496,0.03246343601508164,,20.0
f1ef72540b9e,Donald Trump,trump_278t_2026_05_08_equity,3606,OMNICOM GROUP. INC.,sale,2026-02-10,2026-05-12,500001.0,1000000.0,equity,OMC,trump_278t_2026_05_08_equity.pdf,72.33824157714844,76.04000091552734,91,-0.051172923998034914,0.023671791558201472,0.055365584347500656,,34.0
c74d2324dbc1,Donald Trump,trump_278t_2026_05_08_equity,3607,MICROSOFT CORP UNSOLICITED,sale,2026-02-13,2026-05-12,500001.0,1000000.0,equity,MSFT,trump_278t_2026_05_08_equity.pdf,399.5407409667969,406.8887023925781,88,-0.018391019168660674,0.0062779903800582754,-0.0236653926530322,,21.0
257bbd7e1444,Donald Trump,trump_278t_2026_05_08_equity,3608,NVIDIA CORP,sale,2026-03-17,2026-05-12,500001.0,1000000.0,equity,NVDA,trump_278t_2026_05_08_equity.pdf,181.92999267578125,220.77999877929688,56,-0.21354371278819595,-0.022873462631033244,0.0007699889930484667,,33.0
c37aa9c6b502,Donald Trump,trump_278t_2026_05_08_equity,3610,CHIPOTLE MEXICAN GRILL INC,purchase,2026-03-17,2026-05-12,500001.0,1000000.0,equity,CMG,trump_278t_2026_05_08_equity.pdf,34.40999984741211,32.66999816894531,56,-0.05056674473067916,-0.017141034281601505,0.011325459666959511,,
7ef1b523e055,Donald Trump,trump_278t_2026_05_08_equity,3811,ZEBRA TECHNOLOGIES CORP CL A,sale,2026-03-17,2026-05-12,,1000000.0,equity,ZBRA,trump_278t_2026_05_08_equity.pdf,209.05999755859375,241.7899932861328,56,-0.15655790734602754,-0.020555032708990797,-0.022168000162060348,,35.0
0c70747db193,Donald Trump,trump_278t_2026_05_08_equity,3612,BOOKING HLDGS INC COM,sale,2026-02-10,2026-05-12,500001.0,1000000.0,equity,BKNG,trump_278t_2026_05_08_equity.pdf,170.8558349609375,160.55999755859375,91,0.06026037919452778,0.034441946084850884,0.03749379897856585,,
7211876f7fe6,Donald Trump,trump_278t_2026_05_08_equity,3614,ALTRIA GROUP INC,purchase,2026-01-06,2026-05-12,500001.0,1000000.0,equity,MO,trump_278t_2026_05_08_equity.pdf,54.25095748901367,69.88999938964844,126,0.28827218217856926,0.023608549725116917,0.05880670548353594,,
ec81b54f8929,Donald Trump,trump_278t_2026_05_08_equity,3615,QUALCOMM INC COM,purchase,2026-02-10,2026-05-12,500001.0,1000000.0,equity,QCOM,trump_278t_2026_05_08_equity.pdf,139.1962890625,210.30999755859375,91,0.5108879624237918,0.013598976004717739,-0.06989680528214866,,
6f87088c8ee1,Donald Trump,trump_278t_2026_05_08_equity,3616,NVR INC,sale,2026-03-17,2026-05-12,500001.0,1000000.0,equity,NVR,trump_278t_2026_05_08_equity.pdf,6596.75,5795.66015625,56,0.12143704759919657,0.013037351493473362,0.003820123354692257,,70.0
82e1d9afb19a,Donald Trump,trump_278t_2026_05_08_equity,3617,UBER TECHNOLOGIES INC COM,purchase,2026-01-06,2026-05-12,,1000000.0,equity,UBER,trump_278t_2026_05_08_equity.pdf,85.54000091552734,76.36000061035156,126,-0.107318216120213,-0.02173917821949756,-0.029727661790421852,,
e1a0386ca818,Donald Trump,trump_278t_2026_05_08_equity,3618,MICROCHIP TECHNOLOGY INC,purchase,2026-03-17,2026-05-12,500001.0,1000000.0,equity,MCHP,trump_278t_2026_05_08_equity.pdf,64.2674331665039,97.21208190917969,56,0.5126180885009499,-0.010132962563635134,-0.06028654390728079,,
c497185cb4c2,Donald Trump,trump_278t_2026_05_08_equity,3138,SHAKE SHACK INC CLASS A,sale,2026-03-30,2026-05-12,15001.0,50000.0,equity,SHAK,trump_278t_2026_05_08_equity.pdf,83.52999877929688,66.02999877929688,43,0.2095055699239088,0.03210660262119333,0.02892618609760911,,26.0
144e4860f45c,Donald Trump,trump_278t_2026_05_08_equity,3527,INTERDIGITAL INC,purchase,2026-03-23,2026-05-12,100001.0,250000.0,equity,IDCC,trump_278t_2026_05_08_equity.pdf,310.7687683105469,269.82000732421875,50,-0.13176601113728584,0.0014453491967731128,-0.018642052637900836,,
9e7554c21f3d,Donald Trump,trump_278t_2026_05_08_equity,3525,CARETRUST REIT INC REIT,purchase,2026-03-23,2026-05-12,100001.0,250000.0,reit,CTRE,trump_278t_2026_05_08_equity.pdf,37.05148696899414,42.09000015258789,50,0.13598680095646734,0.008315478091049001,-0.019957238050431404,,
a11989f37e64,Donald Trump,trump_278t_2026_05_08_equity,3429,AMERICAN TOWER CORP NEW REIT,sale,2026-01-21,2026-05-12,100001.0,250000.0,reit,AMT,trump_278t_2026_05_08_equity.pdf,176.40740966796875,178.82000732421875,111,-0.013676282990555517,0.027681534527936674,-0.023375419441754638,,
12c5108101a2,Donald Trump,trump_278t_2026_05_08_equity,3430,IDEXX LABS INC,sale,2026-02-10,2026-05-12,100001.0,250000.0,equity,IDXX,trump_278t_2026_05_08_equity.pdf,646.530029296875,533.9199829101562,91,0.174176049501036,0.009814186398894802,-0.023542867333238453,,
9413ae08a2b4,Donald Trump,trump_278t_2026_05_08_equity,3431,Broadcom Inc Com Solldted Ordor Dlscrotion ExordlOd,purchase,2026-03-06,2026-05-12,100001.0,250000.0,equity,AVGO,trump_278t_2026_05_08_equity.pdf,329.7882080078125,419.29998779296875,67,0.2714220145282932,-0.00598611810426808,-0.019627905338298245,,
2b1a44cada8b,Donald Trump,trump_278t_2026_05_08_equity,3435,DOLLAR TREE INC,purchase,2026-02-10,2026-05-12,100001.0,250000.0,equity,DLTR,trump_278t_2026_05_08_equity.pdf,121.91999816894531,89.05000305175781,91,-0.26960298237241886,-0.025266703232926905,0.01751822015870168,,
7f8b5871574c,Donald Trump,trump_278t_2026_05_08_equity,3437,UBER TECHNOLOGIES INC,sale,2026-02-12,2026-05-12,100001.0,250000.0,equity,UBER,trump_278t_2026_05_08_equity.pdf,71.22000122070312,76.36000061035156,89,-0.0721707287496406,0.02173917821949756,0.029727661790421852,,36.0
a2d1566f6ebb,Donald Trump,trump_278t_2026_05_08_equity,3435,NIKE INC CLASS B,purchase,2026-03-11,2026-05-12,100001.0,250000.0,equity,NKE,trump_278t_2026_05_08_equity.pdf,55.70000076293945,42.349998474121094,62,-0.239676878024406,-0.00023608788414273077,0.0016528854154975617,,
fb55505ccda7,Donald Trump,trump_278t_2026_05_08_equity,3439,PAYCHEX INC,purchase,2026-03-11,2026-05-12,100001.0,250000.0,equity,PAYX,trump_278t_2026_05_08_equity.pdf,92.80631256103516,92.5199966430664,62,-0.003085090982151144,-0.02810201652029504,0.02118468206855554,,
10cf01abaff8,Donald Trump,trump_278t_2026_05_08_equity,3444,DANAHER CORP,sale,2026-03-11,2026-05-12,100001.0,250000.0,equity,DHR,trump_278t_2026_05_08_equity.pdf,194.64508056640625,166.25999450683594,62,0.14582996897209682,0.0016238964428738397,-0.0046914399438693875,,9.0
6edf1f9cc501,Donald Trump,trump_278t_2026_05_08_equity,3450,WATERS CORP,sale,2026-02-10,2026-05-12,100001.0,250000.0,equity,WAT,trump_278t_2026_05_08_equity.pdf,327.0199890136719,352.2099914550781,91,-0.0770289379477446,0.0490616370873193,0.05380307813292134,,35.0
f598700565d1,Donald Trump,trump_278t_2026_05_08_equity,3452,UNITED RENTALS INC,sale,2026-02-10,2026-05-12,100001.0,250000.0,equity,URI,trump_278t_2026_05_08_equity.pdf,872.8072509765625,953.7899780273438,91,-0.09278420517264456,0.01942772380565685,0.027437888332902987,,
a29e54028192,Donald Trump,trump_278t_2026_05_08_equity,3453,BOOKING HLDGS INC,purchase,2026-02-12,2026-05-12,100001.0,250000.0,equity,BKNG,trump_278t_2026_05_08_equity.pdf,165.98533630371094,160.55999755859375,89,-0.03268565082875874,-0.034441946084850884,-0.03749379897856585,,
f6fd081f6fba,Donald Trump,trump_278t_2026_05_08_equity,3454,STRYKER CORP,sale,2026-03-18,2026-05-12,100001.0,250000.0,equity,SYK,trump_278t_2026_05_08_equity.pdf,344.8768005371094,294.45001220703125,55,0.146216817865231,-0.025946625281467513,-0.07913053770426151,,70.0
5b02708fa210,Donald Trump,trump_278t_2026_05_08_equity,3456,INSULET CORP,sale,2026-02-10,2026-05-12,100001.0,250000.0,equity,PODD,trump_278t_2026_05_08_equity.pdf,252.41000366210938,158.35000610351562,91,0.372647661320539,0.060056895478792546,0.023618600246337648,,35.0
1ddc05f1526f,Donald Trump,trump_278t_2026_05_08_equity,3457,CINCINNATI FINL CORP,purchase,2026-02-24,2026-05-12,100001.0,250000.0,equity,CINF,trump_278t_2026_05_08_equity.pdf,159.78683471679688,163.7899932861328,77,0.025053118903262957,-0.0032358434643256504,0.024787917356405138,,
041f34cdc9a2,Donald Trump,trump_278t_2026_05_08_equity,3459,WATERS CORP,sale,2026-02-11,2026-05-12,100001.0,250000.0,equity,WAT,trump_278t_2026_05_08_equity.pdf,329.20001220703125,352.2099914550781,90,-0.06989665369020728,0.0490616370873193,0.05380307813292134,,35.0
9d2160ff7e70,Donald Trump,trump_278t_2026_05_08_equity,3460,IQVIA HLDGS INC COM,purchase,2026-02-10,2026-05-12,100001.0,250000.0,equity,IQV,trump_278t_2026_05_08_equity.pdf,182.4499969482422,175.05999755859375,91,-0.040504245071293965,-0.015308995276800678,-0.010739203181944806,,
a80b32157516,Donald Trump,trump_278t_2026_05_08_equity,3426,CASELLA WASTE SYS INC ClASS A,sale,2026-01-26,2026-05-12,100001.0,250000.0,equity,CWST,trump_278t_2026_05_08_equity.pdf,105.70999908447266,84.87999725341797,106,0.19704854802249572,0.006715359487140722,-0.021913297249507906,,
585672297dbc,Donald Trump,trump_278t_2026_05_08_equity,3424,T-MOBILE US INC,sale,2026-01-21,2026-05-12,100001.0,250000.0,equity,TMUS,trump_278t_2026_05_08_equity.pdf,181.7353515625,192.25685119628906,111,-0.057894622831104206,0.015623411426183625,-0.0006208062147289489,,9.0
9666dbd70425,Donald Trump,trump_278t_2026_05_08_equity,3398,UNITED RENTALS INC,purchase,2026-03-18,2026-05-12,50001.0,100000.0,equity,URI,trump_278t_2026_05_08_equity.pdf,723.8049926757812,953.7899780273438,55,0.3177444030903241,-0.01942772380565685,-0.027437888332902987,,
611ed777e6df,Donald Trump,trump_278t_2026_05_08_equity,3399,MARKETAXESS HLDGS INC,purchase,2026-03-30,2026-05-12,50001.0,100000.0,equity,MKTX,trump_278t_2026_05_08_equity.pdf,163.86410522460938,140.59274291992188,43,-0.1420162290746306,-0.014783881632570666,0.003536835597922527,,
1d0c263e27da,Donald Trump,trump_278t_2026_05_08_equity,3400,PALO ALTO NElWORKS INC,sale,2026-03-18,2026-05-12,50001.0,100000.0,equity,PANW,trump_278t_2026_05_08_equity.pdf,168.91000366210938,215.60000610351562,55,-0.2764194034049385,-0.05653982763230736,-0.11377550132127238,,27.0
d28491b44aae,Donald Trump,trump_278t_2026_05_08_equity,3404,OKTA INC ClASS A,sale,2026-03-18,2026-05-12,50001.0,100000.0,equity,OKTA,trump_278t_2026_05_08_equity.pdf,78.43000030517578,79.05999755859375,55,-0.008032605520420911,0.010877822374256843,-0.0839868403072911,,23.0
87d1d3a4557f,Donald Trump,trump_278t_2026_05_08_equity,3406,TARGA RES CORP,sale,2026-01-06,2026-05-12,50001.0,100000.0,equity,TRGP,trump_278t_2026_05_08_equity.pdf,176.14251708984375,255.16000366210938,126,-0.44859973547421117,-0.031862379550591714,-0.08245809783254154,,
2e473fe6c4df,Donald Trump,trump_278t_2026_05_08_equity,3407,ALARM COM HLDGS INC,sale,2026-03-30,2026-05-12,50001.0,100000.0,equity,ALRM,trump_278t_2026_05_08_equity.pdf,42.34000015258789,42.130001068115234,43,0.004959827201602425,-0.004984549706826081,-0.03180631660610205,,52.0
bcd0ceec85ef,Donald Trump,trump_278t_2026_05_08_equity,3408,OLD DOMINION FGHT LINE INC,sale,2026-01-06,2026-05-12,50001.0,100000.0,equity,ODFL,trump_278t_2026_05_08_equity.pdf,168.6444854736328,191.1199951171875,126,-0.1332715361574552,0.010150703699090796,-0.06979914157333512,,
162687855fe8,Donald Trump,trump_278t_2026_05_08_equity,3409,ATlASSIAN CORP ClASS A,sale,2026-03-18,2026-05-12,50001.0,100000.0,equity,TEAM,trump_278t_2026_05_08_equity.pdf,73.47000122070312,85.0,55,-0.15693478409862657,0.0515293794519761,-0.019058855842141544,,27.0
f0f4b86f7063,Donald Trump,trump_278t_2026_05_08_equity,3410,MERIT MED SYS INC,sale,2026-02-21,2026-05-12,50001.0,100000.0,equity,MMSI,trump_278t_2026_05_08_equity.pdf,81.61000061035156,61.150001525878906,80,0.25070455742500597,-0.024039204731397285,-0.04284544344248254,,
10df4d7f7c02,Donald Trump,trump_278t_2026_05_08_equity,3411,HOME DEPOT INC COM,sale,2026-01-10,2026-05-12,50001.0,100000.0,equity,HD,trump_278t_2026_05_08_equity.pdf,372.449951171875,310.4599914550781,122,0.1664383617765338,0.02547833498621322,0.02583260076792318,,4.0
3481009e0feb,Donald Trump,trump_278t_2026_05_08_equity,3412,ACI WORLDWIDE INC,sale,2026-01-26,2026-05-12,50001.0,100000.0,equity,ACIW,trump_278t_2026_05_08_equity.pdf,44.810001373291016,42.18000030517578,106,0.05869227823061049,0.03247982271153889,-0.0097202428744838,,
8c5240962553,Donald Trump,trump_278t_2026_05_08_equity,3413,PULTE GROUP INC,sale,2026-03-17,2026-05-12,50001.0,100000.0,equity,PHM,trump_278t_2026_05_08_equity.pdf,121.95999908447266,114.55000305175781,56,0.06075759337766548,0.013793119065573362,0.030554342267617173,,
25ffca99e1ee,Donald Trump,trump_278t_2026_05_08_equity,3415,BERKSHIRE HATHAWAY ClASS B,sale,2026-03-18,2026-05-12,50001.0,100000.0,equity,BRK-B,trump_278t_2026_05_08_equity.pdf,484.4700012207031,484.9599914550781,55,-0.001011394375586492,-0.001154729397189093,0.009279115966861847,,60.0
f8e2d34f5f62,Donald Trump,trump_278t_2026_05_08_equity,3419,GENERAL MILLS INC,sale,2026-01-21,2026-05-12,100001.0,250000.0,equity,GIS,trump_278t_2026_05_08_equity.pdf,43.24999237060547,34.130001068115234,111,0.21086688812200965,0.015235875812774708,0.010547922621891756,,
2f12fb4147a3,Donald Trump,trump_278t_2026_05_08_equity,3422,CINCINNATI FINL CORP,sale,2026-01-23,2026-05-12,100001.0,250000.0,equity,CINF,trump_278t_2026_05_08_equity.pdf,156.10855102539062,163.7899932861328,109,-0.04920577514996486,0.0032358434643256504,-0.024787917356405138,,
3c82d7274ef4,Donald Trump,trump_278t_2026_05_08_equity,3423,MOHAWK !NOS INC,sale,2026-03-30,2026-05-12,100001.0,250000.0,equity,MHK,trump_278t_2026_05_08_equity.pdf,95.3499984741211,99.4800033569336,43,-0.04331415782805097,0.015681595650846463,0.051769213430770955,,26.0
ae83d0829433,Donald Trump,trump_278t_2026_05_08_equity,3461,BRINKER INTL INC,purchase,2026-03-30,2026-05-12,100001.0,250000.0,equity,EAT,trump_278t_2026_05_08_equity.pdf,136.69000244140625,135.3300018310547,43,-0.00994952510103687,-0.06628242887265479,-0.06650410018641362,,
c2800687cc6d,Donald Trump,trump_278t_2026_05_08_equity,3463,BLACKSTONE INC,purchase,2026-02-12,2026-05-12,100001.0,250000.0,equity,BX,trump_278t_2026_05_08_equity.pdf,128.57861328125,122.76000213623047,89,-0.045253335656156364,-0.025578358871026132,-0.06924079384234039,,
244cca7a011d,Donald Trump,trump_278t_2026_05_08_equity,3464,FIRST SOLAR INC,sale,2026-01-01,2026-05-12,100001.0,250000.0,equity,FSLR,trump_278t_2026_05_08_equity.pdf,274.3399963378906,228.05999755859375,131,0.16869577676270053,-0.028676701810634718,0.027843510096921344,,
7a4f09bd26e2,Donald Trump,trump_278t_2026_05_08_equity,3501,WORKDAY INC CLASS A,purchase,2026-03-18,2026-05-12,100001.0,250000.0,equity,WDAY,trump_278t_2026_05_08_equity.pdf,132.2899932861328,118.62000274658203,55,-0.10333351903634669,-0.017872219672015795,0.09037256232585515,,
68fe031aa7f1,Donald Trump,trump_278t_2026_05_08_equity,3502,LULULEMON ATHLETICA INC,sale,2026-02-10,2026-05-12,100001.0,250000.0,equity,LULU,trump_278t_2026_05_08_equity.pdf,180.6199951171875,125.12999725341797,91,0.3072195734905609,0.03132740553814914,0.04723084921632099,,35.0
f732708c1ef7,Donald Trump,trump_278t_2026_05_08_equity,3505,TRIMBLE INC,sale,2026-03-18,2026-05-12,100001.0,250000.0,equity,TRMB,trump_278t_2026_05_08_equity.pdf,65.52999877929688,56.5099983215332,55,0.13764688884159407,0.02849047679126909,0.03450711389419983,,56.0
16eaa213fa76,Donald Trump,trump_278t_2026_05_08_equity,3506,NASDAQ INC,sale,2026-02-10,2026-05-12,100001.0,250000.0,equity,NDAQ,trump_278t_2026_05_08_equity.pdf,82.2495346069336,89.48999786376953,91,-0.0880304465117979,-0.008045605518945051,-0.02782439996204485,,
d45d1cadc754,Donald Trump,trump_278t_2026_05_08_equity,3511,Broadcom Inc Com Sollcltad Ordor Discretion Exordsod,purchase,2026-03-27,2026-05-12,100001.0,250000.0,equity,AVGO,trump_278t_2026_05_08_equity.pdf,300.67999267578125,419.29998779296875,46,0.3945057802535391,-0.00598611810426808,-0.019627905338298245,,
996e34813fdb,Donald Trump,trump_278t_2026_05_08_equity,3512,VERISK ANALYTICS. INC.,sale,2026-02-10,2026-05-12,100001.0,250000.0,equity,VRSK,trump_278t_2026_05_08_equity.pdf,169.04212951660156,166.32000732421875,91,0.01610321758349284,0.029160689573931912,-0.02639489656280929,,
a08089d2b879,Donald Trump,trump_278t_2026_05_08_equity,3515,META PLATFORMS INC CLASS A,purchase,2026-01-12,2026-05-12,100001.0,250000.0,equity,META,trump_278t_2026_05_08_equity.pdf,641.4207763671875,603.0,120,-0.059899488421299836,0.022603656522077114,-0.0006467904617537313,,
d4896baddde2,Donald Trump,trump_278t_2026_05_08_equity,3517,FAIR ISAAC CORP,sale,2026-03-17,2026-05-12,100001.0,250000.0,equity,FICO,trump_278t_2026_05_08_equity.pdf,1199.9300537109375,1086.0,56,0.09494724576536291,0.019668494798860497,-0.09221917533523251,,15.0
7945709ce6fd,Donald Trump,trump_278t_2026_05_08_equity,3519,BROADCOM INC COM,sale,2026-03-17,2026-05-12,100001.0,250000.0,equity,AVGO,trump_278t_2026_05_08_equity.pdf,320.63739013671875,419.29998779296875,56,-0.307707711861616,0.00598611810426808,0.019627905338298245,,70.0
c4b3e755f6d0,Donald Trump,trump_278t_2026_05_08_equity,3520,TYLER TECHNOLOGIES INC,purchase,2026-02-10,2026-05-12,100001.0,250000.0,equity,TYL,trump_278t_2026_05_08_equity.pdf,360.510009765625,309.6499938964844,91,-0.14107795759181768,-0.03571773866170685,0.04227352364252458,,
2e50b5e4b685,Donald Trump,trump_278t_2026_05_08_equity,3522,CARVANA CO CL A,sale,2026-03-17,2026-05-12,100001.0,250000.0,equity,CVNA,trump_278t_2026_05_08_equity.pdf,62.948001861572266,73.72000122070312,56,-0.17112535808236384,0.051817683553583974,0.14066742505248056,,70.0
22c8ecd82023,Donald Trump,trump_278t_2026_05_08_equity,3499,PALANTIR TECHNOLOGIES IN CLASS A,sale,2026-01-21,2026-05-12,100001.0,250000.0,equity,PLTR,trump_278t_2026_05_08_equity.pdf,165.3300018310547,136.0,111,0.17740277932752976,0.04374997756060432,0.00544121686150046,,15.0
cea60d2b5cc1,Donald Trump,trump_278t_2026_05_08_equity,3498,MARSH & MCLENNAN COS INC,purchase,2026-02-12,2026-05-12,100001.0,250000.0,equity,MRSH,trump_278t_2026_05_08_equity.pdf,172.4427032470703,163.38999938964844,89,-0.052496879757512584,-0.02601138390278529,0.016402521234969197,,
cb8b1b86ca4c,Donald Trump,trump_278t_2026_05_08_equity,3497,RAYMOND JAMES FINL INC,purchase,2026-03-17,2026-05-12,100001.0,250000.0,equity,RJF,trump_278t_2026_05_08_equity.pdf,143.97103881835938,153.47999572753906,56,0.06604770645002175,0.0031275149836481014,-0.016028091761516296,,
bed04f64cd05,Donald Trump,trump_278t_2026_05_08_equity,3496,DATAOOG INC CL A COM,sale,2026-01-06,2026-05-12,100001.0,250000.0,equity,DDOG,trump_278t_2026_05_08_equity.pdf,137.10000610351562,199.94000244140625,126,-0.45835152108194716,-0.026858032667881022,-0.07607277818022191,,
772f987bec6a,Donald Trump,trump_278t_2026_05_08_equity,3465,DISNEY WALT CO,sale,2026-02-12,2026-05-12,100001.0,250000.0,equity,DIS,trump_278t_2026_05_08_equity.pdf,102.37999725341797,106.16000366210938,89,-0.03692133727387075,0.011868896879853713,0.036454433054652506,,22.0
b5248250d167,Donald Trump,trump_278t_2026_05_08_equity,3469,QUALCOMM INC,sale,2026-02-12,2026-05-12,100001.0,250000.0,equity,QCOM,trump_278t_2026_05_08_equity.pdf,137.58663940429688,210.30999755859375,89,-0.5285640994588149,-0.013598976004717739,0.06989680528214866,,2.0
f4c70d128e17,Donald Trump,trump_278t_2026_05_08_equity,3470,BANK OF AMERICA CORP,sale,2026-03-11,2026-05-12,100001.0,250000.0,equity,BAC,trump_278t_2026_05_08_equity.pdf,48.52000045776367,50.779998779296875,62,-0.046578695387699265,0.018511198292746396,0.0015753843694466029,,
d94f94a219d8,Donald Trump,trump_278t_2026_05_08_equity,3471,Amazon Com Inc Com Solldted Ordor DlscroUon Exordsod,purchase,2026-03-06,2026-05-12,100001.0,,equity,AMZN,trump_278t_2026_05_08_equity.pdf,213.2100067138672,265.82000732421875,67,0.24675202360907672,0.016213969753363512,-0.02437743889768426,,
8175ae550219,Donald Trump,trump_278t_2026_05_08_equity,3472,MICROSOFT CORP,sale,2026-01-12,2026-05-12,100001.0,250000.0,equity,MSFT,trump_278t_2026_05_08_equity.pdf,475.06439208984375,406.8887023925781,120,0.14350831346747683,0.0062779903800582754,-0.0236653926530322,,6.0
dded731846bc,Donald Trump,trump_278t_2026_05_08_equity,3475,ORACLE CORP,sale,2026-02-12,2026-05-12,100001.0,250100001250000.0,equity,ORCL,trump_278t_2026_05_08_equity.pdf,155.9353790283203,186.8300018310547,89,-0.19812452437187733,-0.015682666847216344,0.028742680857239626,,35.0
abd68b8d13eb,Donald Trump,trump_278t_2026_05_08_equity,3526,JACOBS SOLUTIONS INC COM,sale,2026-03-17,2026-05-12,100001.0,250000.0,equity,J,trump_278t_2026_05_08_equity.pdf,129.9684295654297,113.78965759277344,56,0.1244823225667385,0.06027166063299692,0.011038149232988424,,75.0
d1b706af58b9,Donald Trump,trump_278t_2026_05_08_equity,3479,VERALTO CORP COM SHS,sale,2026-01-06,2026-05-12,100001.0,250000.0,equity,VLTO,trump_278t_2026_05_08_equity.pdf,99.78894805908203,86.7300033569336,126,0.13086564149786037,0.01014648736021464,0.0029978338079896198,,
95ac64314bd0,Donald Trump,trump_278t_2026_05_08_equity,3481,XYLEM INC,purchase,2026-03-11,2026-05-12,100001.0,250000.0,equity,XYL,trump_278t_2026_05_08_equity.pdf,121.87215423583984,111.10437774658203,62,-0.08835304960984477,-0.022682442982823278,-0.04662008135457,,
f8846cd7bf38,Donald Trump,trump_278t_2026_05_08_equity,3462,EOG RESOURCES INC,purchase,2026-01-01,2026-05-12,100001.0,250000.0,equity,EOG,trump_278t_2026_05_08_equity.pdf,105.43842315673828,134.1300048828125,131,0.27211694624286137,0.005964271705407661,0.07582194735496131,,
052829297eb0,Donald Trump,trump_278t_2026_05_08_equity,3464,ROPER TECHNOLOGIES INC,sale,2026-02-12,2026-05-12,100001.0,250000.0,equity,ROP,trump_278t_2026_05_08_equity.pdf,319.00677490234375,323.94000244140625,89,-0.015464334701269868,0.023738971363369072,-0.015342351000945277,,31.0
2e10c9f2e260,Donald Trump,trump_278t_2026_05_08_equity,3465,S&P GLOBAL INC,sale,2026-02-12,2026-05-12,100001.0,250000.0,equity,SPGI,trump_278t_2026_05_08_equity.pdf,395.3585510253906,423.1849365234375,89,-0.07038265752916475,0.041539998344261496,0.03246343601508164,,0.0
38d29a9480d5,Donald Trump,trump_278t_2026_05_08_equity,3486,NIKE INC CLASS B COM,sale,2026-03-11,2026-05-12,100001.0,250000.0,equity,NKE,trump_278t_2026_05_08_equity.pdf,55.70000076293945,42.349998474121094,62,0.239676878024406,0.00023608788414273077,-0.0016528854154975617,,0.0
9b29248f0ee9,Donald Trump,trump_278t_2026_05_08_equity,3487,NRG ENERGY INC,sale,2026-02-10,2026-05-12,100001.0,250000.0,equity,NRG,trump_278t_2026_05_08_equity.pdf,155.95240783691406,137.33999633789062,91,0.11934674018298719,0.04558027285390914,0.09924273785390804,,35.0
0d0e53eccbe7,Donald Trump,trump_278t_2026_05_08_equity,3488,METTLER-TOLEDO INTL INC COM,sale,2026-03-11,2026-05-12,100001.0,250000.0,equity,MTD,trump_278t_2026_05_08_equity.pdf,1228.9300537109375,1072.449951171875,62,0.12733035705860354,0.043750220533583135,0.02021533183617115,,
dbefcbcc682e,Donald Trump,trump_278t_2026_05_08_equity,3489,SMURFIT WESTROCK PLC SHS,sale,2026-03-17,2026-05-12,100001.0,250000.0,equity,SW,trump_278t_2026_05_08_equity.pdf,39.627323150634766,40.12167739868164,56,-0.012475085591012378,0.0034501030029787053,0.11220065457544394,,51.0
72e02454c4bd,Donald Trump,trump_278t_2026_05_08_equity,3493,HUMANA INC,sale,2026-02-10,2026-05-12,100001.0,250000.0,equity,HUM,trump_278t_2026_05_08_equity.pdf,180.38388061523438,295.3500061035156,91,-0.6373414580957394,-0.03216522703124779,-0.05146430125390201,,20.0
19fb079c64b1,Donald Trump,trump_278t_2026_05_08_equity,1989,MEDTRONIC PLC F,purchase,2026-03-23,2026-05-12,1001.0,15000.0,equity,MDT,trump_278t_2026_05_08_equity.pdf,86.46405029296875,76.81999969482422,50,-0.11153827013038718,-0.007940648434975998,0.02291072823772804,,
10f1379007a4,Donald Trump,trump_278t_2026_05_08_equity,2089,EXELON CORP I,purchase,2026-03-23,2026-05-12,1001.0,15000.0,equity,EXC,trump_278t_2026_05_08_equity.pdf,47.16999816894531,44.97999954223633,50,-0.04642778697733308,-0.0157847730479847,-0.008003570787356746,,
ae4378c6d5ff,Donald Trump,trump_278t_2026_05_08_equity,674,SAFEHOLD INC REIT REIT,purchase,2026-03-30,2026-05-12,15001.0,50000.0,reit,SAFE,trump_278t_2026_05_08_equity.pdf,13.442999839782715,15.229999542236328,43,0.13293161673373174,-0.03348649314093366,-0.06631643503380003,,
5336533638fc,Donald Trump,trump_278t_2026_05_08_equity,675,VITA COCO CO INC,purchase,2026-03-30,2026-05-12,15001.0,50000.0,equity,COCO,trump_278t_2026_05_08_equity.pdf,46.52000045776367,74.61000061035156,43,0.6038263086022817,0.0021444314623507124,0.024661524230510993,,
90be761b0555,Donald Trump,trump_278t_2026_05_08_equity,679,T-MOBILE US INC,purchase,2026-01-23,2026-05-12,15001.0,50000.0,equity,TMUS,trump_278t_2026_05_08_equity.pdf,184.1406707763672,192.25685119628906,109,0.04407597944388239,-0.015623411426183625,0.0006208062147289489,,
22d19be89a62,Donald Trump,trump_278t_2026_05_08_equity,680,ABBVIE INC COM UNSOLICITEO,purchase,2026-03-12,2026-05-12,15001.0,50000.0,equity,ABBV,trump_278t_2026_05_08_equity.pdf,223.5156707763672,207.86000061035156,61,-0.07004283015878336,0.0030789925323254576,0.02838446011334492,,
16589b6f1b7c,Donald Trump,trump_278t_2026_05_08_equity,681,CENTENE CORP DEL,purchase,2026-01-12,2026-05-12,15001.0,50000.0,equity,CNC,trump_278t_2026_05_08_equity.pdf,46.38999938964844,59.310001373291016,120,0.27850834562687177,-0.008430281376205873,-0.0026976874676681744,,
afa85b94f989,Donald Trump,trump_278t_2026_05_08_equity,685,ROCKET LAB CORP CLASS A,purchase,2026-01-12,2026-05-12,15001.0,50000.0,equity,RKLB,trump_278t_2026_05_08_equity.pdf,87.9000015258789,117.55999755859375,120,0.3374288454816756,0.056056516707569636,0.08293637463832412,,
8a748b31e021,Donald Trump,trump_278t_2026_05_08_equity,687,SPROUTS FMRS MKT INC,purchase,2026-01-12,2026-05-12,15001.0,50000.0,equity,SFM,trump_278t_2026_05_08_equity.pdf,80.19999694824219,86.88999938964844,120,0.08341649246849354,0.015882118346318846,0.036022525899463385,,
ea35a96f7e27,Donald Trump,trump_278t_2026_05_08_equity,668,ARISTA NETWORKS INC UNSOLICITED,purchase,2026-03-25,2026-05-12,15001.0,50000.0,equity,ANET,trump_278t_2026_05_08_equity.pdf,135.00999450683594,142.5399932861328,48,0.0557736396242547,-0.012978749346598583,-0.006734891962223202,,
f6b0a85aa64e,Donald Trump,trump_278t_2026_05_08_equity,689,VICI PPTYS INC REIT,purchase,2026-01-12,2026-05-12,15001.0,50000.0,reit,VICI,trump_278t_2026_05_08_equity.pdf,27.443363189697266,28.549999237060547,120,0.040324359653511145,-0.011908937361600308,-0.006304672596750679,,
93508f165086,Donald Trump,trump_278t_2026_05_08_equity,690,HORMEL FOODS CORP,purchase,2026-01-12,2026-05-12,15001.0,50000.0,equity,HRL,trump_278t_2026_05_08_equity.pdf,22.529203414916992,20.18000030517578,120,-0.10427368719951106,-0.013379606227975228,0.010901848861621008,,
18fa19bd6686,Donald Trump,trump_278t_2026_05_08_equity,891,ON SEMICONDUCTOR CORP UNSOLICITED,purchase,2026-03-23,2026-05-12,15001.0,50000.0,equity,ON,trump_278t_2026_05_08_equity.pdf,59.88999938964844,104.11000061035156,50,0.7383536762624553,0.11142059750374948,0.01834594199901421,,
657f4a0f3e04,Donald Trump,trump_278t_2026_05_08_equity,694,RYAN SPECIALTY HOLOINGS CLASS A,purchase,2026-02-12,2026-05-12,15001.0,50000.0,equity,RYAN,trump_278t_2026_05_08_equity.pdf,44.04837417602539,31.510000228881836,89,-0.28465009621099546,-0.03935257893084968,0.07172326919916479,,
f4361c10a13e,Donald Trump,trump_278t_2026_05_08_equity,695,MASTERBRAND INC,purchase,2026-03-30,2026-05-12,15001.0,50000.0,equity,MBC,trump_278t_2026_05_08_equity.pdf,8.210000038146973,7.179999828338623,43,-0.12545678502101743,-0.02646240414526904,-0.055710254609132655,,
a892baee88b3,Donald Trump,trump_278t_2026_05_08_equity,697,LINDE PLC NEW EUR UNSOLICITED l,purchase,2026-03-25,2026-05-12,15001.0,50000.0,equity,LIN,trump_278t_2026_05_08_equity.pdf,492.3399963378906,503.8699951171875,48,0.02341877333765078,0.018635788476060414,0.004366229837757222,,
ec32960201a6,Donald Trump,trump_278t_2026_05_08_equity,698,MICROSOFT CORP I,purchase,2026-03-17,2026-05-12,15001.0,50000.0,equity,MSFT,trump_278t_2026_05_08_equity.pdf,398.5467834472656,406.8887023925781,56,0.02093083997105267,-0.0062779903800582754,0.0236653926530322,,
528af77549c3,Donald Trump,trump_278t_2026_05_08_equity,699,MOTOROLA SOLUTIONS INC l,purchase,2026-02-12,2026-05-12,15001.0,50000.0,equity,MSI,trump_278t_2026_05_08_equity.pdf,452.2450866699219,391.3900146484375,89,-0.1345621518402485,0.016607475297596864,0.018753662748610768,,
6ec4ae61b04f,Donald Trump,trump_278t_2026_05_08_equity,673,. MATSON INC,purchase,2026-03-04,2026-05-12,15001.0,50000.0,equity,MATX,trump_278t_2026_05_08_equity.pdf,167.0520477294922,179.00999450683594,69,0.07158216220556173,0.015138857030486636,0.005865611328856365,,
4c74e24d4c27,Donald Trump,trump_278t_2026_05_08_equity,700,NETAPP INC l,purchase,2026-01-12,2026-05-12,15001.0,50000.0,equity,NTAP,trump_278t_2026_05_08_equity.pdf,106.48457336425781,116.2300033569336,120,0.09151964162300803,0.020218518508550887,0.0375117685195949,,
e76af06ebacf,Donald Trump,trump_278t_2026_05_08_equity,645,DIGITAL REALTY TRUST INC REIT UNSOLICITED,purchase,2026-03-02,2026-05-12,15001.0,50000.0,reit,DLR,trump_278t_2026_05_08_equity.pdf,177.4815673828125,195.27000427246094,71,0.10022695399844146,-0.010037418297653044,-0.04603884517060939,,
8aca74ca735d,Donald Trump,trump_278t_2026_05_08_equity,646,KYNDRYL HLDGS INC,purchase,2026-02-12,2026-05-12,15001.0,50000.0,equity,KD,trump_278t_2026_05_08_equity.pdf,11.34000015258789,11.479999542236328,89,0.012345625023337269,-0.03745639099718118,0.04790942619042318,,
fb86c6f54761,Donald Trump,trump_278t_2026_05_08_equity,647,CHIPOTLE MEXICAN GRILL I,purchase,2026-03-18,2026-05-12,15001.0,50000.0,equity,CMG,trump_278t_2026_05_08_equity.pdf,32.63999938964844,32.66999816894531,55,0.0009190802652523614,-0.017141034281601505,0.011325459666959511,,
25a469a7dbdd,Donald Trump,trump_278t_2026_05_08_equity,646,ICU MED INC,purchase,2026-03-30,2026-05-12,15001.0,50000.0,equity,ICUI,trump_278t_2026_05_08_equity.pdf,125.37999725341797,123.2300033569336,43,-0.01714782216926364,-0.009656758979056653,0.0034894124276722833,,
6c96c9c2e5ca,Donald Trump,trump_278t_2026_05_08_equity,649,MGE ENERGY INC,purchase,2026-03-04,2026-05-12,15001.0,50000.0,equity,MGEE,trump_278t_2026_05_08_equity.pdf,81.11000061035156,75.30000305175781,69,-0.07163108759553204,-0.005312105042067041,0.0039840027915679895,,
330c545b1116,Donald Trump,trump_278t_2026_05_08_equity,651,ARISTA NElWORKS INC COM USD0.0001 I,purchase,2026-02-10,2026-05-12,15001.0,50000.0,equity,ANET,trump_278t_2026_05_08_equity.pdf,143.4499969482422,142.5399932861328,91,-0.0063436994176982175,-0.012978749346598583,-0.006734891962223202,,
a6c41f4a19d8,Donald Trump,trump_278t_2026_05_08_equity,653,ADVANCED MICRO DEVICES INC UNSOLICITED,purchase,2026-03-25,2026-05-12,15001.0,50000.0,equity,AMD,trump_278t_2026_05_08_equity.pdf,220.27000427246094,448.2900085449219,48,1.0351840915679726,-0.006223668812021485,-0.07637917441678164,,
0acd3f967c79,Donald Trump,trump_278t_2026_05_08_equity,855,DREAM FINDERS HOMES INC CLASS A,purchase,2026-01-30,2026-05-12,15001.0,50000.0,equity,DFH,trump_278t_2026_05_08_equity.pdf,18.389999389648438,13.020000457763672,102,-0.2920064768956702,0.031490002534341796,-0.034562269363909506,,
ec43448b119d,Donald Trump,trump_278t_2026_05_08_equity,656,DUOLINGO INC CLASS A,purchase,2026-02-12,2026-05-12,15001.0,50000.0,equity,DUOL,trump_278t_2026_05_08_equity.pdf,112.05000305175781,106.01000213623047,89,-0.05390451361913274,-0.009716052811443703,0.0763135192422164,,
a928588954ba,Donald Trump,trump_278t_2026_05_08_equity,657,NETAPP INC UNSOLICITED,purchase,2026-03-02,2026-05-12,15001.0,50000.0,equity,NTAP,trump_278t_2026_05_08_equity.pdf,99.63963317871094,116.2300033569336,71,0.16650372596682106,0.020218518508550887,0.0375117685195949,,
c53dd8c197eb,Donald Trump,trump_278t_2026_05_08_equity,660,INTEL CORP UNSOLICITEO l,purchase,2026-03-25,2026-05-12,15001.0,50000.0,equity,INTC,trump_278t_2026_05_08_equity.pdf,47.18000030517578,120.61000061035156,48,1.556379818359609,-0.002653177126314965,-0.08133651860500687,,
ec6e9d036ea7,Donald Trump,trump_278t_2026_05_08_equity,663,CORNING INC UNSOLICITED I,purchase,2026-03-02,2026-05-12,15001.0,50000.0,equity,GLW,trump_278t_2026_05_08_equity.pdf,157.61842346191406,197.9366455078125,71,0.2557963793848039,0.0417170059519074,-0.1130448437462419,,
b552761a683d,Donald Trump,trump_278t_2026_05_08_equity,664,MICRON TECHNOLOGY INC UNSOLICITED I,purchase,2026-03-12,2026-05-12,15001.0,50000.0,equity,MU,trump_278t_2026_05_08_equity.pdf,405.1797790527344,766.5800170898438,61,0.8919503309914015,0.04833153352160296,-0.08849699358588661,,
9e34a91ffc15,Donald Trump,trump_278t_2026_05_08_equity,665,SPHERE ENTERTAINMENT A CLASS A,purchase,2026-03-23,2026-05-12,15001.0,50000.0,equity,SPHR,trump_278t_2026_05_08_equity.pdf,111.19999694824219,135.9600067138672,50,0.22266196443467076,-0.030670882772978386,-0.00463375148354007,,
cc2624742dd8,Donald Trump,trump_278t_2026_05_08_equity,886,QUALCOMM INC UNSOLICITED,purchase,2026-03-12,2026-05-12,15001.0,50000.0,equity,QCOM,trump_278t_2026_05_08_equity.pdf,131.14999389648438,210.30999755859375,61,0.6035837388188499,0.013598976004717739,-0.06989680528214866,,
5416e73194ff,Donald Trump,trump_278t_2026_05_08_equity,667,ALPHABET INC CLASS A,purchase,2026-03-17,2026-05-12,15001.0,50000.0,equity,GOOGL,trump_278t_2026_05_08_equity.pdf,310.9200134277344,387.3500061035156,56,0.24581882598414817,0.03942168264634315,0.0008003034818874021,,
99e14474b4d1,Donald Trump,trump_278t_2026_05_08_equity,669,WALMART INC UNSOLICITED,purchase,2026-03-12,2026-05-12,15001.0,50000.0,equity,WMT,trump_278t_2026_05_08_equity.pdf,124.8350830078125,130.35000610351562,61,0.04417766995322931,0.008592213768659677,0.029535793359834188,,
36746cbb014a,Donald Trump,trump_278t_2026_05_08_equity,871,CATERPILLAR INC UNSOLICITED,purchase,2026-03-23,2026-05-12,15001.0,50000.0,equity,CAT,trump_278t_2026_05_08_equity.pdf,700.3666381835938,912.1400146484375,50,0.3023750203380327,-0.010787846928589525,-0.056997817658962474,,
3f933193d34b,Donald Trump,trump_278t_2026_05_08_equity,703,SMURFIT WESTROCK PLC UNSOLICITED,purchase,2026-01-25,2026-05-12,15001.0,50000.0,equity,SW,trump_278t_2026_05_08_equity.pdf,42.51405715942383,40.12167739868164,107,-0.05627267592389459,-0.0034501030029787053,-0.11220065457544394,,
0eb2b36aee76,Donald Trump,trump_278t_2026_05_08_equity,737,S&P GLOBAL INC UNSOLICITED,purchase,2026-01-21,2026-05-12,15001.0,50000.0,equity,SPGI,trump_278t_2026_05_08_equity.pdf,528.6974487304688,423.1849365234375,111,-0.19957068538990017,-0.041539998344261496,-0.03246343601508164,,
e8229e536b17,Donald Trump,trump_278t_2026_05_08_equity,739,ABBVIE INC COM UNSOLICITED,purchase,2026-03-21,2026-05-12,15001.0,50000.0,equity,ABBV,trump_278t_2026_05_08_equity.pdf,203.2438507080078,207.86000061035156,52,0.022712371795078738,0.0030789925323254576,0.02838446011334492,,
f06b1cc35a08,Donald Trump,trump_278t_2026_05_08_equity,740,DEXCOM INC UNSOLICITED,purchase,2026-03-21,2026-05-12,15001.0,50000.0,equity,DXCM,trump_278t_2026_05_08_equity.pdf,65.94000244140625,61.13999938964844,52,-0.07279349217530066,-0.04203466994570077,0.09502776605485927,,
c790d992d883,Donald Trump,trump_278t_2026_05_08_equity,742,EQUINIX INC REIT UNSOLICITED,purchase,2026-03-21,2026-05-12,15001.0,50000.0,reit,EQIX,trump_278t_2026_05_08_equity.pdf,962.2009887695312,1075.3115234375,52,0.1175539580484273,-0.0031000282439954266,-0.029797301654044657,,
f0e2da79753e,Donald Trump,trump_278t_2026_05_08_equity,743,UPSTART HLDGS INC,purchase,2026-01-12,2026-05-12,15001.0,50000.0,equity,UPST,trump_278t_2026_05_08_equity.pdf,45.25,27.84000015258789,120,-0.38475137784336155,-0.03053162273027912,0.00862068138659312,,
d1e131cb1567,Donald Trump,trump_278t_2026_05_08_equity,747,ITRON INC EQUITY CLASS EQUITY,purchase,2026-03-30,2026-05-12,15001.0,50000.0,equity,ITRI,trump_278t_2026_05_08_equity.pdf,83.87999725341797,81.26000213623047,43,-0.03123504056958871,0.011813919015941454,-0.03987208230357009,,
4a5ea3e1e592,Donald Trump,trump_278t_2026_05_08_equity,748,FISERV INC UNSOLICITED,purchase,2026-03-25,2026-05-12,15001.0,50000.0,equity,FISV,trump_278t_2026_05_08_equity.pdf,56.63999938964844,54.880001068115234,48,-0.031073417028582483,-0.04573618963882922,0.020954768381915696,,
8803f9393daf,Donald Trump,trump_278t_2026_05_08_equity,749,BLOCK INC CL A UNSOLICITED,purchase,2026-03-21,2026-05-12,15001.0,50000.0,equity,XYZ,trump_278t_2026_05_08_equity.pdf,61.16999816894531,72.12000274658203,52,0.17900939848639394,-0.03244597723474235,-0.040904110722271535,,
ab868466f1d0,Donald Trump,trump_278t_2026_05_08_equity,750,METLIFE INC UNSOLICITED,purchase,2026-03-21,2026-05-12,15001.0,50000.0,equity,MET,trump_278t_2026_05_08_equity.pdf,68.65391540527344,78.63999938964844,52,0.1454554183170149,-0.007121026995677517,0.030900309308695743,,
db05b948db19,Donald Trump,trump_278t_2026_05_08_equity,751,PALANTIR TECHNOLOGIES INC CL A UNSOLICITED,purchase,2026-03-21,2026-05-12,,,equity,PLTR,trump_278t_2026_05_08_equity.pdf,160.83999633789062,136.0,52,-0.15443917497801402,-0.04374997756060432,-0.00544121686150046,,
b8dddfeea673,Donald Trump,trump_278t_2026_05_08_equity,756,OTIS WORLDWIDE CORP UNSOLICITED,purchase,2026-03-25,2026-05-12,15001.0,50000.0,equity,OTIS,trump_278t_2026_05_08_equity.pdf,78.22602844238281,73.65373229980469,48,-0.05844980543714856,-0.011605932581737076,-0.03684443101066901,,
229d56cb579d,Donald Trump,trump_278t_2026_05_08_equity,757,TKO GROUP HLDGS INC CL A UNSOLICITED,purchase,2026-03-25,2026-05-12,15001.0,50000.0,equity,TKO,trump_278t_2026_05_08_equity.pdf,193.94000244140625,183.3300018310547,48,-0.054707643997050526,0.002018191858899691,0.05312826812787486,,
e3b261f2d0d3,Donald Trump,trump_278t_2026_05_08_equity,761,PROLOGIS INC COM UNSOLICITED,purchase,2026-03-25,2026-05-12,15001.0,50000.0,equity,PLD,trump_278t_2026_05_08_equity.pdf,130.36000061035156,143.75999450683594,48,0.1027922202649968,-0.012242588857028983,-0.009181915107592193,,
5aeffafea152,Donald Trump,trump_278t_2026_05_08_equity,762,MICROSOFT CORP,purchase,2026-03-23,2026-05-12,15001.0,50000.0,equity,MSFT,trump_278t_2026_05_08_equity.pdf,382.1722717285156,406.8887023925781,50,0.06467353204949508,-0.0062779903800582754,0.0236653926530322,,
51add6573bff,Donald Trump,trump_278t_2026_05_08_equity,763,VISA INC CL A UNSOLICITED,purchase,2026-03-21,2026-05-12,15001.0,50000.0,equity,V,trump_278t_2026_05_08_equity.pdf,303.8101806640625,326.4200134277344,52,0.07442091872712012,-0.01871826364131105,0.010691716472058915,,
e0eb661b1c15,Donald Trump,trump_278t_2026_05_08_equity,765,RAYMOND JAMES FINANCIAL CORP UNSOLICITED I,purchase,2026-03-25,2026-05-12,15001.0,50000.0,equity,RJF,trump_278t_2026_05_08_equity.pdf,145.30606079101562,153.47999572753906,48,0.05625322778710162,0.0031275149836481014,-0.016028091761516296,,
509d298168ec,Donald Trump,trump_278t_2026_05_08_equity,768,MOLINA HEALTHCARE INC l,purchase,2026-02-12,2026-05-12,15001.0,50000.0,equity,MOH,trump_278t_2026_05_08_equity.pdf,126.70999908447266,191.5800018310547,89,0.5119564613313249,0.0020356998951923983,-0.03758219479813724,,
775d19dde864,Donald Trump,trump_278t_2026_05_08_equity,734,HOME DEPOT INC UNSOLICITED l,purchase,2026-03-21,2026-05-12,15001.0,50000.0,equity,HD,trump_278t_2026_05_08_equity.pdf,330.8999938964844,310.4599914550781,52,-0.06177093629019681,-0.02547833498621322,-0.02583260076792318,,
46d45831a737,Donald Trump,trump_278t_2026_05_08_equity,732,GOLDMAN SACHS GROUP INC UNSOLICITED l,purchase,2026-03-02,2026-05-12,15001.0,50000.0,equity,GS,trump_278t_2026_05_08_equity.pdf,861.7000122070312,945.9000244140625,71,0.09771383429759246,0.010064444709144485,-0.018141488251168274,,
5cf72da1ba1a,Donald Trump,trump_278t_2026_05_08_equity,730,JPMORGAN CHASE & CO UNSOLICITED I,purchase,2026-03-21,2026-05-12,15001.0,50000.0,equity,JPM,trump_278t_2026_05_08_equity.pdf,288.4338684082031,304.8800048828125,52,0.05701874251235346,-0.015186318579967705,-0.030110182789159255,,
b4f4d1f87c57,Donald Trump,trump_278t_2026_05_08_equity,704,RUBRIK INC CLASS A,purchase,2026-02-12,2026-05-12,15001.0,50000.0,equity,RBRK,trump_278t_2026_05_08_equity.pdf,53.189998626708984,60.470001220703125,89,0.1368678846014961,-0.0163717820155732,0.06383331457631942,,
ed4875c3d390,Donald Trump,trump_278t_2026_05_08_equity,705,COINBASE GLOBAL INC CLASS A,purchase,2026-01-12,2026-05-12,15001.0,50000.0,equity,COIN,trump_278t_2026_05_08_equity.pdf,242.97999572753906,207.63999938964844,120,-0.14544405695651771,-0.028125584449321516,-0.06833944559389972,,
764488e02169,Donald Trump,trump_278t_2026_05_08_equity,706,CARNIVAL CORP NEW IPAIREO STOCKI UNSOLICITED,purchase,2026-03-25,2026-05-12,15001.0,50000.0,equity,CCL,trump_278t_2026_05_08_equity.pdf,25.5733642578125,24.69872283935547,48,-0.034201265411915205,0.007243434442968253,-0.03274353313598848,,
51c1fbab7150,Donald Trump,trump_278t_2026_05_08_equity,707,FIGMA INC CLASS A,purchase,2026-02-12,2026-05-12,15001.0,50000.0,equity,FIG,trump_278t_2026_05_08_equity.pdf,22.020000457763672,19.329999923706055,89,-0.12216169292172716,-0.020175860899520618,0.2038282746822804,,
32dafa94d36c,Donald Trump,trump_278t_2026_05_08_equity,710,PFIZER INC UNSOLICITED,purchase,2026-01-25,2026-05-12,15001.0,50000.0,equity,PFE,trump_278t_2026_05_08_equity.pdf,25.459741592407227,25.8700008392334,107,0.01611403813102809,0.0034788651843710074,-0.008117548705402825,,
4137ee9697e2,Donald Trump,trump_278t_2026_05_08_equity,711,WALMART INC UNSOLICITED,purchase,2026-01-11,2026-05-12,15001.0,50000.0,equity,WMT,trump_278t_2026_05_08_equity.pdf,117.50414276123047,130.35000610351562,121,0.10932264208239936,0.008592213768659677,0.029535793359834188,,
5ec7041d061a,Donald Trump,trump_278t_2026_05_08_equity,713,BOOKING HLOGS INC UNSOLICITED,purchase,2026-03-21,2026-05-12,15001.0,50000.0,equity,BKNG,trump_278t_2026_05_08_equity.pdf,175.87159729003906,160.55999755859375,52,-0.08706124222090365,-0.034441946084850884,-0.03749379897856585,,
5955ffb90653,Donald Trump,trump_278t_2026_05_08_equity,714,MONOLITHIC POWER SYSTEMS INC UNSOLICITED,purchase,2026-03-21,2026-05-12,15001.0,50000.0,equity,MPWR,trump_278t_2026_05_08_equity.pdf,1074.2022705078125,1599.52001953125,52,0.4890305703553407,0.03177825562294841,-0.08215591713456522,,
7385f6e0e385,Donald Trump,trump_278t_2026_05_08_equity,715,QUALCOMM INC UNSOLICITED,purchase,2026-03-25,2026-05-12,15001.0,50000.0,equity,QCOM,trump_278t_2026_05_08_equity.pdf,130.35000610351562,210.30999755859375,48,0.6134252988954908,0.013598976004717739,-0.06989680528214866,,
d543255bede9,Donald Trump,trump_278t_2026_05_08_equity,716,PRICE T ROWE GROUP INC UNSOLICITED,purchase,2026-03-25,2026-05-12,15001.0,50000.0,equity,PSMT,trump_278t_2026_05_08_equity.pdf,147.17999267578125,156.49000549316406,48,0.0632559673915162,0.01035206761021084,0.03246214871707316,,
b092e52dfd4c,Donald Trump,trump_278t_2026_05_08_equity,717,PINTEREST INC CLASS A,purchase,2026-02-12,2026-05-12,15001.0,50000.0,equity,PINS,trump_278t_2026_05_08_equity.pdf,18.540000915527344,20.559999465942383,89,0.10895353024083619,-0.05885209707699742,-0.08365755632453538,,
7fe6a8c88e71,Donald Trump,trump_278t_2026_05_08_equity,718,LIVE NATION ENTERTAINMENT INC UNSOLICITED,purchase,2026-03-25,2026-05-12,15001.0,50000.0,equity,LYV,trump_278t_2026_05_08_equity.pdf,154.9199981689453,165.6699981689453,48,0.069390654060535,0.01684075919453266,-0.016056037251819023,,
51409caecdd5,Donald Trump,trump_278t_2026_05_08_equity,719,WALMART INC UNSOLICITED,purchase,2026-03-25,2026-05-12,15001.0,50000.0,equity,WMT,trump_278t_2026_05_08_equity.pdf,122.82559204101562,130.35000610351562,48,0.06126096310602226,0.008592213768659677,0.029535793359834188,,
6e41dd4bed48,Donald Trump,trump_278t_2026_05_08_equity,722,NBT BANCORP INC,purchase,2026-03-04,2026-05-12,15001.0,50000.0,equity,NBTB,trump_278t_2026_05_08_equity.pdf,43.0099983215332,44.97999954223633,69,0.045803331727098266,-0.009782094957467144,-0.003779416866949583,,
055d2a962b02,Donald Trump,trump_278t_2026_05_08_equity,724,MASTERCARD INC CL A UNSOLICITED,purchase,2026-03-25,2026-05-12,325202615001.0,50000.0,equity,MA,trump_278t_2026_05_08_equity.pdf,501.8974914550781,499.80999755859375,48,-0.004159203686060292,-0.01834693774624073,-0.0002200543248429243,,
a6238efba4af,Donald Trump,trump_278t_2026_05_08_equity,726,CBRE GROUP INC CL A UNSOLICITED,purchase,2026-03-21,2026-05-12,15001.0,50000.0,equity,CBRE,trump_278t_2026_05_08_equity.pdf,135.75,144.05999755859375,52,0.06121545162868324,-0.023670718588777003,-0.11044012169747729,,
4175bfd709e8,Donald Trump,trump_278t_2026_05_08_equity,727,UBER TECHNOLOGIES INC UNSOLICITED,purchase,2026-03-21,2026-05-12,1001.0,50000.0,equity,UBER,trump_278t_2026_05_08_equity.pdf,75.12000274658203,76.36000061035156,52,0.01650689321661335,-0.02173917821949756,-0.029727661790421852,,
a21110910e39,Donald Trump,trump_278t_2026_05_08_equity,728,STARBUCKS CORP UNSOLICITED,purchase,2026-03-21,2026-05-12,15001.0,50000.0,equity,SBUX,trump_278t_2026_05_08_equity.pdf,93.28324890136719,105.95895385742188,52,0.13588404247645056,-0.005911111059908763,0.003973646215520859,,
1e03d5f11b2d,Donald Trump,trump_278t_2026_05_08_equity,729,PHILIP MORRIS INTL INC UNSOLICITED,purchase,2026-03-25,2026-05-12,15001.0,50000.0,equity,PM,trump_278t_2026_05_08_equity.pdf,165.5,186.92999267578125,48,0.12948636057873866,0.0052426631612183,0.024822205265290543,,
ce7fb70c8dd1,Donald Trump,trump_278t_2026_05_08_equity,642,GOLUB CAPITAL BOC INC,purchase,2026-03-17,2026-05-12,50001.0,100000.0,equity,GBDC,trump_278t_2026_05_08_equity.pdf,12.470000267028809,13.15999984741211,56,0.05533276388194537,-0.005319125808195512,-0.02887538897013318,,
d6fe1eac54dc,Donald Trump,trump_278t_2026_05_08_equity,640,ARES CAPITAL CORP,purchase,2026-03-17,2026-05-12,50001.0,100000.0,equity,ARCC,trump_278t_2026_05_08_equity.pdf,18.440000534057617,18.770000457763672,56,0.017895873869231395,0.0005327772316435736,-0.010655341399138249,,
e5a66f70d9e0,Donald Trump,trump_278t_2026_05_08_equity,549,MERCK & CO INC COM UNSOLICITED,purchase,2026-03-02,2026-05-12,50001.0,100000.0,equity,MRK,trump_278t_2026_05_08_equity.pdf,120.51736450195312,112.37000274658203,71,-0.06760321874810875,0.009611054331784347,0.016641408485187387,,
f72513067867,Donald Trump,trump_278t_2026_05_08_equity,550,INTUITIVE SURGICAL INC UNSOLICITED,purchase,2026-03-02,2026-05-12,50001.0,100000.0,equity,ISRG,trump_278t_2026_05_08_equity.pdf,496.25,431.8699951171875,71,-0.12973300732052898,0.0009261905226266925,0.022483598223681477,,
e9a90d2930d7,Donald Trump,trump_278t_2026_05_08_equity,551,VEEVA SYS INC CLASS A,purchase,2026-01-12,2026-05-12,50001.0,100000.0,equity,VEEV,trump_278t_2026_05_08_equity.pdf,233.2100067138672,159.4199981689453,120,-0.3164101300140915,-0.023146421300894577,0.024400949907965822,,
7a34488fae64,Donald Trump,trump_278t_2026_05_08_equity,552,CHEVRON CORP UNSOLICITED,purchase,2026-03-23,2026-05-12,,,equity,CVX,trump_278t_2026_05_08_equity.pdf,203.34750366210938,184.26229858398438,50,-0.09385512354180539,0.00026896737561542435,0.0704848550996231,,
36f0f910e9c1,Donald Trump,trump_278t_2026_05_08_equity,553,RESMED INC UNSOLICITED,purchase,2026-03-02,2026-05-12,50001.0,100000.0,equity,RMD,trump_278t_2026_05_08_equity.pdf,256.62689208984375,203.185791015625,71,-0.20824435287752033,-0.006967941685721461,0.02261087126569092,,
145745ac955f,Donald Trump,trump_278t_2026_05_08_equity,558,RITHM CAPITAL CORP REIT,purchase,2026-03-01,2026-05-12,50001.0,100000.0,reit,RITM,trump_278t_2026_05_08_equity.pdf,9.828058242797852,9.65999984741211,72,-0.017099857493101233,-0.042443049056770675,-0.06832296664983092,,
8e3f56d7530c,Donald Trump,trump_278t_2026_05_08_equity,558,JPMORGAN CHASE & CO UNSOLICITED,purchase,2026-01-11,2026-05-12,50001.0,100000.0,equity,JPM,trump_278t_2026_05_08_equity.pdf,322.8377990722656,304.8800048828125,121,-0.05562481915394722,-0.015186318579967705,-0.030110182789159255,,
28ea4e44033e,Donald Trump,trump_278t_2026_05_08_equity,559,LAUREATE ED INC,purchase,2026-03-23,2026-05-12,50001.0,100000.0,equity,LAUR,trump_278t_2026_05_08_equity.pdf,34.349998474121094,32.779998779296875,50,-0.04570596112273598,-0.003355723442584033,0.0036608526861148737,,
a0c392a063b4,Donald Trump,trump_278t_2026_05_08_equity,561,MOHAWK INDS INC f)Yrchalo,purchase,2026-03-04,2026-05-12,50001.0,100000.0,equity,MHK,trump_278t_2026_05_08_equity.pdf,115.08999633789062,99.4800033569336,69,-0.13563292621130976,-0.015681595650846463,-0.051769213430770955,,
66428b65c4fa,Donald Trump,trump_278t_2026_05_08_equity,563,COINBASE GLOBAL INC CLASS A IP<lrchalo,purchase,2026-03-11,2026-05-12,50001.0,100000.0,equity,COIN,trump_278t_2026_05_08_equity.pdf,198.6300048828125,207.63999938964844,62,0.04536069216809235,-0.028125584449321516,-0.06833944559389972,,
0ab349ce4f70,Donald Trump,trump_278t_2026_05_08_equity,584,CORCEPT THERAPEUTICS INC I,purchase,2026-01-26,2026-05-12,50001.0,100000.0,equity,CORT,trump_278t_2026_05_08_equity.pdf,45.63999938964844,51.15999984741211,106,0.1209465497717701,0.1157154417767661,0.13799846353299278,,
d2da553a35f3,Donald Trump,trump_278t_2026_05_08_equity,569,THE TRADE DESK INC CLASS A,purchase,2026-01-21,2026-05-12,50001.0,100000.0,equity,TTD,trump_278t_2026_05_08_equity.pdf,35.33000183105469,21.139999389648438,111,-0.40164171259491394,-0.030747381139876327,0.0009460954749821535,,
911bdd57597c,Donald Trump,trump_278t_2026_05_08_equity,570,APPLIED MATERIALS INC UNSOLICITED,purchase,2026-01-23,2026-05-12,50001.0,100000.0,equity,AMAT,trump_278t_2026_05_08_equity.pdf,321.57867431640625,430.66461181640625,109,0.33922006094430457,0.012546327534446173,-0.05633113563205489,,
92484015da09,Donald Trump,trump_278t_2026_05_08_equity,572,ACCENTURE PLC IRELAND F CLASS A,purchase,2026-01-21,2026-05-12,50001.0,100000.0,equity,ACN,trump_278t_2026_05_08_equity.pdf,278.3594055175781,169.77000427246094,111,-0.3901050192401703,-0.05966899115202372,0.04140895683794972,,
1e58f4d5c2f7,Donald Trump,trump_278t_2026_05_08_equity,573,ONEOK INC NEW,purchase,2026-01-21,2026-05-12,50001.0,100000.0,equity,OKE,trump_278t_2026_05_08_equity.pdf,73.90983581542969,88.43000030517578,111,0.19645781010806698,0.004071023511355702,0.0770100365836498,,
f81e9ae29418,Donald Trump,trump_278t_2026_05_08_equity,576,BROADCOM INC,purchase,2026-03-11,2026-05-12,50001.0,100000.0,equity,AVGO,trump_278t_2026_05_08_equity.pdf,340.85498046875,419.29998779296875,62,0.23014188384849105,-0.00598611810426808,-0.019627905338298245,,
52de086cbc75,Donald Trump,trump_278t_2026_05_08_equity,577,MOTOROLA SOLUTIONS INC UNSOLICITED,purchase,2026-03-02,2026-05-12,50001.0,100000.0,equity,MSI,trump_278t_2026_05_08_equity.pdf,484.8289794921875,391.3900146484375,71,-0.1927256183028054,0.016607475297596864,0.018753662748610768,,
2b7afbd0b35b,Donald Trump,trump_278t_2026_05_08_equity,576,HEALTHSTREAM INC,purchase,2026-01-26,2026-05-12,50001.0,100000.0,equity,HSTM,trump_278t_2026_05_08_equity.pdf,21.742116928100586,23.32398223876953,106,0.07275580919282355,-0.020119910203096312,0.047419778281592384,,
35cca4db2f74,Donald Trump,trump_278t_2026_05_08_equity,579,COSTAR GROUP INC,purchase,2026-03-16,2026-05-12,50001.0,100000.0,equity,CSGP,trump_278t_2026_05_08_equity.pdf,43.619998931884766,33.04999923706055,57,-0.2423200356178345,-0.03267775941413636,0.022692890085122576,,
64a10f430440,Donald Trump,trump_278t_2026_05_08_equity,547,APPLE INC,purchase,2026-03-23,2026-05-12,50001.0,100000.0,equity,AAPL,trump_278t_2026_05_08_equity.pdf,251.25851440429688,294.79998779296875,50,0.17329352397033537,0.013805995565634225,0.014145229309381382,,
b0a05b28311b,Donald Trump,trump_278t_2026_05_08_equity,560,CONSTELLATION BRANDS INC,purchase,2026-01-06,2026-05-12,50001.0,100000.0,equity,STZ,trump_278t_2026_05_08_equity.pdf,141.77508544921875,142.52999877929688,126,0.005324724916836825,-0.014102255834214589,0.02764332053006762,,
fbea947a6aae,Donald Trump,trump_278t_2026_05_08_equity,544,UNITEDHEALTH GROUP INC UNSOLICITED,purchase,2026-03-02,2026-05-12,50001.0,100000.0,equity,UNH,trump_278t_2026_05_08_equity.pdf,292.6548156738281,396.3900146484375,71,0.35446264137414746,0.012033575108854416,-0.018037851988789204,,
bf404ad277a4,Donald Trump,trump_278t_2026_05_08_equity,518,TERRENO RLTY CORP REIT,purchase,2026-03-04,2026-05-12,50001.0,100000.0,reit,TRNO,trump_278t_2026_05_08_equity.pdf,64.42314910888672,65.91000366210938,69,0.023079507502956807,0.005613641277950715,-0.015627467022635604,,
03cd8f6dcc2f,Donald Trump,trump_278t_2026_05_08_equity,519,JPMORGAN CHASE & CO UNSOLICITED,purchase,2026-03-12,2026-05-12,50001.0,100000.0,equity,JPM,trump_278t_2026_05_08_equity.pdf,281.44964599609375,304.8800048828125,61,0.08324884831101881,-0.015186318579967705,-0.030110182789159255,,
949dbfd5f53a,Donald Trump,trump_278t_2026_05_08_equity,520,LINDE PLC NEW EUR UNSOLICITED,purchase,2026-03-23,2026-05-12,50001.0,100000.0,equity,LIN,trump_278t_2026_05_08_equity.pdf,478.04998779296875,503.8699951171875,50,0.05401110340661851,0.018635788476060414,0.004366229837757222,,
d03629d9846d,Donald Trump,trump_278t_2026_05_08_equity,521,ROPER TECHNOLOGIES INC,purchase,2026-03-18,2026-05-12,50001.0,100000.0,equity,ROP,trump_278t_2026_05_08_equity.pdf,349.8980407714844,323.94000244140625,55,-0.07418743549647686,-0.023738971363369072,0.015342351000945277,,
83a7bde951b6,Donald Trump,trump_278t_2026_05_08_equity,523,MASTERCARD INC CL A UNSOLICITED,purchase,2026-03-02,2026-05-12,50001.0,100000.0,equity,MA,trump_278t_2026_05_08_equity.pdf,520.106201171875,499.80999755859375,71,-0.039023190970519,-0.01834693774624073,-0.0002200543248429243,,
e2293de178a8,Donald Trump,trump_278t_2026_05_08_equity,528,LUMENTUM HOLDINGS INC UNSOLICITED,purchase,2026-03-21,2026-05-12,50001.0,100000.0,equity,LITE,trump_278t_2026_05_08_equity.pdf,728.9500122070312,992.3699951171875,52,0.36136906303438204,0.03829216943979915,-0.10306636513092142,,
f36be43faf14,Donald Trump,trump_278t_2026_05_08_equity,530,QUANTA SVCS INC,purchase,2026-01-06,2026-05-12,50001.0,100000.0,equity,PWR,trump_278t_2026_05_08_equity.pdf,438.1339416503906,765.8099975585938,126,0.7478901421649559,0.01032889772887307,-0.06748409245183183,,
ede4a8d8c1f3,Donald Trump,trump_278t_2026_05_08_equity,531,DOORDASH INC CLASS A IDUrchDIO,purchase,2026-01-12,2026-05-12,50001.0,100000.0,equity,DASH,trump_278t_2026_05_08_equity.pdf,214.8699951171875,155.19000244140625,120,-0.2777493090332715,-0.039435498556024406,-0.0034796606509865952,,
493c87c258f4,Donald Trump,trump_278t_2026_05_08_equity,532,GRIFFON CORP,purchase,2026-03-30,2026-05-12,50001.0,100000.0,equity,GFF,trump_278t_2026_05_08_equity.pdf,70.35379791259766,83.11184692382812,43,0.18134129769483268,-0.005400859731314687,-0.04248682441748559,,
ad59ade8cd77,Donald Trump,trump_278t_2026_05_08_equity,534,JABIL INC UNSOLICITED,purchase,2026-03-02,2026-05-12,50001.0,100000.0,equity,JBL,trump_278t_2026_05_08_equity.pdf,261.12103271484375,350.7207946777344,71,0.3431349862220318,0.013198352757587415,-0.05086892498437448,,
16c58fee5e88,Donald Trump,trump_278t_2026_05_08_equity,535,ALKERMES PLC F,purchase,2026-03-30,2026-05-12,50001.0,100000.0,equity,ALKS,trump_278t_2026_05_08_equity.pdf,30.149999618530273,38.290000915527344,43,0.2699834626861555,0.016192189006538883,-0.033690281657951675,,
270e79fc66f6,Donald Trump,trump_278t_2026_05_08_equity,538,PG&E CORP I,purchase,2026-01-06,2026-05-12,50001.0,100000.0,equity,PCG$X,trump_278t_2026_05_08_equity.pdf,,,126,,,,,
af705d66f018,Donald Trump,trump_278t_2026_05_08_equity,537,FLOOR & DECOR HLDGS INC CLASS A,purchase,2026-03-18,2026-05-12,50001.0,100000.0,equity,FND,trump_278t_2026_05_08_equity.pdf,54.18000030517578,47.650001525878906,55,-0.1205241554543341,-0.04281218993076865,-0.07198321501234232,,
90dfe1f2cde1,Donald Trump,trump_278t_2026_05_08_equity,536,- WATERS CORP,purchase,2026-01-07,2026-05-12,50001.0,100000.0,equity,WAT,trump_278t_2026_05_08_equity.pdf,399.4100036621094,352.2099914550781,125,-0.11817433658211839,-0.0490616370873193,-0.05380307813292134,,
d50903ab4230,Donald Trump,trump_278t_2026_05_08_equity,539,TPG INC CLASS A,purchase,2026-01-21,2026-05-12,50001.0,100000.0,equity,TPG,trump_278t_2026_05_08_equity.pdf,61.91176223754883,44.029998779296875,111,-0.28882659468876903,-0.03293202335776542,-0.08539628493701375,,
349a3f959ece,Donald Trump,trump_278t_2026_05_08_equity,540,QUALCOMM INC UNSOLICITED,purchase,2026-03-11,2026-05-12,50001.0,100000.0,equity,QCOM,trump_278t_2026_05_08_equity.pdf,134.1199951171875,210.30999755859375,62,0.5680734060185071,0.013598976004717739,-0.06989680528214866,,
00290dca41cf,Donald Trump,trump_278t_2026_05_08_equity,542,NUTANIX INC CLASS A,purchase,2026-01-21,2026-05-12,50001.0,100000.0,equity,NTNX,trump_278t_2026_05_08_equity.pdf,41.56999969482422,44.400001525878906,111,0.06807798536998894,0.0022522178082090565,0.08716213511004284,,
cae11bf7da93,Donald Trump,trump_278t_2026_05_08_equity,545,APPLE INC,purchase,2026-03-17,2026-05-12,50001.0,100000.0,equity,AAPL,trump_278t_2026_05_08_equity.pdf,253.99598693847656,294.79998779296875,56,0.16064821080962913,0.013805995565634225,0.014145229309381382,,
3bfa4aa5ed88,Donald Trump,trump_278t_2026_05_08_equity,581,HOME DEPOT INC UNSOLICITED,purchase,2026-03-11,2026-05-12,50001.0,100000.0,equity,HD,trump_278t_2026_05_08_equity.pdf,348.510009765625,310.4599914550781,62,-0.10917912612075542,-0.02547833498621322,-0.02583260076792318,,
3a80b18fc961,Donald Trump,trump_278t_2026_05_08_equity,562,BROADCOM INC COM,purchase,2026-01-06,2026-05-12,50001.0,100000.0,equity,AVGO,trump_278t_2026_05_08_equity.pdf,343.0503845214844,419.29998779296875,126,0.22226940039097684,-0.00598611810426808,-0.019627905338298245,,
a8dc972d4fb9,Donald Trump,trump_278t_2026_05_08_equity,617,LAM RESEARCH CORP UNSOLICITED,purchase,2026-03-12,2026-05-12,50001.0,100000.0,equity,LRCX,trump_278t_2026_05_08_equity.pdf,209.49000549316406,289.239990234375,61,0.38068634612648994,0.021435529029050576,-0.05483330758900574,,
da7f61404138,Donald Trump,trump_278t_2026_05_08_equity,618,SNAP INC CLASS A,purchase,2026-02-12,2026-05-12,50001.0,100000.0,equity,SNAP,trump_278t_2026_05_08_equity.pdf,4.820000171661377,5.550000190734863,89,0.15145228072095004,0.010810800129287304,0.0,,
b1e10ad92229,Donald Trump,trump_278t_2026_05_08_equity,622,PAYCOM SOFTWARE INC,purchase,2026-02-12,2026-05-12,50001.0,100000.0,equity,PAYC,trump_278t_2026_05_08_equity.pdf,119.10957336425781,137.22555541992188,89,0.1520950965063256,-0.01962223961311273,0.025944673394850827,,
415e38f8e8af,Donald Trump,trump_278t_2026_05_08_equity,623,INNOSPEC INC,purchase,2026-03-04,2026-05-12,50001.0,100000.0,equity,IOSP,trump_278t_2026_05_08_equity.pdf,76.12361907958984,79.50382232666016,69,0.044404132225192745,-0.009323727475775439,-0.033128213248118536,,
63310017d692,Donald Trump,trump_278t_2026_05_08_equity,625,FRANKLIN ELEC INC,purchase,2026-03-04,2026-05-12,50001.0,100000.0,equity,FELE,trump_278t_2026_05_08_equity.pdf,101.19861602783203,97.83000183105469,69,-0.03328715677150065,-0.004702024694500581,-0.02483900909428802,,
d11b26ffaf44,Donald Trump,trump_278t_2026_05_08_equity,626,TOAST INC CLASS A,purchase,2026-03-18,2026-05-12,50001.0,100000.0,equity,TOST,trump_278t_2026_05_08_equity.pdf,27.850000381469727,23.260000228881836,55,-0.1648114933471201,-0.03998281582220296,-0.0017197297993864504,,
16004fa97031,Donald Trump,trump_278t_2026_05_08_equity,627,ADVANCED MICRO DEVICES INC UNSOLICITED,purchase,2026-03-11,2026-05-12,50001.0,100000.0,equity,AMD,trump_278t_2026_05_08_equity.pdf,204.8300018310547,448.2900085449219,62,1.1885954427451249,-0.006223668812021485,-0.07637917441678164,,
7eb6f2934a8c,Donald Trump,trump_278t_2026_05_08_equity,828,TG THERAPEUTICS INC,purchase,2026-02-28,2026-05-12,50001.0,100000.0,equity,TGTX,trump_278t_2026_05_08_equity.pdf,29.399999618530273,42.540000915527344,73,0.4469388254248538,0.0025858158905542393,-0.07310767614996441,,
bfb86f00ab30,Donald Trump,trump_278t_2026_05_08_equity,630,VISA INC Cl.ASS A I,purchase,2026-01-12,2026-05-12,50001.0,100000.0,equity,V,trump_278t_2026_05_08_equity.pdf,341.7851867675781,326.4200134277344,120,-0.04495564446534198,-0.01871826364131105,0.010691716472058915,,
fe3ab1fa81c5,Donald Trump,trump_278t_2026_05_08_equity,631,APPLIED MATERIALS INC UNSOLICITED l,purchase,2026-03-12,2026-05-12,50001.0,100000.0,equity,AMAT,trump_278t_2026_05_08_equity.pdf,336.8512268066406,430.66461181640625,61,0.2785009450585032,0.012546327534446173,-0.05633113563205489,,
dedf3680b0e1,Donald Trump,trump_278t_2026_05_08_equity,632,LAM RESEARCH CORP UNSOLICITED I,purchase,2026-03-23,2026-05-12,50001.0,100000.0,equity,LRCX,trump_278t_2026_05_08_equity.pdf,233.30999755859375,289.239990234375,50,0.23972394351311468,0.021435529029050576,-0.05483330758900574,,
a6a5ff4e5172,Donald Trump,trump_278t_2026_05_08_equity,633,BALCHEM CORP I,purchase,2026-03-04,2026-05-12,50001.0,100000.0,equity,BCPC,trump_278t_2026_05_08_equity.pdf,182.66000366210938,159.47000122070312,69,-0.1269571990390622,0.00739946489464288,-0.0016303662434673878,,
d85d373a6be3,Donald Trump,trump_278t_2026_05_08_equity,835,NETFLIX INC UNSOLICITED,purchase,2026-03-12,2026-05-12,50001.0,100000.0,etf,NFLX,trump_278t_2026_05_08_equity.pdf,94.30999755859375,87.66000366210938,61,-0.0705120779199767,-0.001140840740791027,0.019050856709776312,,
6e54927fa9a7,Donald Trump,trump_278t_2026_05_08_equity,637,DATADOG INC CLASS A,purchase,2026-02-12,2026-05-12,50001.0,100000.0,equity,DDOG,trump_278t_2026_05_08_equity.pdf,126.12999725341797,199.94000244140625,89,0.5851899373286328,0.026858032667881022,0.07607277818022191,,
d0509beee1bb,Donald Trump,trump_278t_2026_05_08_equity,638,SIXTH STREET SPECIALT Y LENDING INC,purchase,2026-03-17,2026-05-12,50001.0,100000.0,equity,TSLX,trump_278t_2026_05_08_equity.pdf,18.239999771118164,17.6299991607666,56,-0.033443016338051614,-0.0158819508012217,-0.002836031732310801,,
78b7c1a9a7f4,Donald Trump,trump_278t_2026_05_08_equity,639,MONOLITHIC POWER SYSTEMS INC UNSOLICITED,purchase,2026-03-11,2026-05-12,50001.0,100000.0,equity,MPWR,trump_278t_2026_05_08_equity.pdf,1068.9527587890625,1599.52001953125,62,0.4963430389040091,0.03177825562294841,-0.08215591713456522,,
21a89fd15bd4,Donald Trump,trump_278t_2026_05_08_equity,611,EVERTEC INC F,purchase,2026-02-28,2026-05-12,50001.0,100000.0,equity,EVTC,trump_278t_2026_05_08_equity.pdf,28.29096221923828,23.969999313354492,73,-0.15273297784638337,-0.01752190606279864,0.013767206222746976,,
7b1214aed22f,Donald Trump,trump_278t_2026_05_08_equity,584,CROWN CASTLE INC REIT REIT,purchase,2026-01-21,2026-05-12,50001.0,100000.0,reit,CCI,trump_278t_2026_05_08_equity.pdf,86.09391784667969,91.5,111,0.06279284633030328,-0.020546418070141736,0.00918028784579918,,
bd18e2b3fde7,Donald Trump,trump_278t_2026_05_08_equity,586,MICRON TECHNOLOGY INC UNSOLICITED,purchase,2026-01-11,2026-05-12,50001.0,100000.0,equity,MU,trump_278t_2026_05_08_equity.pdf,345.7247619628906,766.5800170898438,121,1.2173130230461389,0.04833153352160296,-0.08849699358588661,,
e9e4786b87ba,Donald Trump,trump_278t_2026_05_08_equity,589,ARTISAN PARTNERS ASSET M CLASS A,purchase,2026-01-30,2026-05-12,50001.0,100000.0,equity,APAM,trump_278t_2026_05_08_equity.pdf,42.02754211425781,36.176612854003906,102,-0.13921654624358779,-0.0016241924643290303,0.00037001177415637,,
8581a7c51eec,Donald Trump,trump_278t_2026_05_08_equity,590,DOCUSIGN INC,purchase,2026-01-21,2026-05-12,50001.0,100000.0,equity,DOCU,trump_278t_2026_05_08_equity.pdf,56.029998779296875,45.18000030517578,111,-0.19364623791728827,-0.0024347191148416376,0.09384678696613025,,
28b996af78dc,Donald Trump,trump_278t_2026_05_08_equity,591,ON SEMICONDUCTOR CORP,purchase,2026-02-10,2026-05-12,50001.0,100000.0,equity,ON,trump_278t_2026_05_08_equity.pdf,67.37999725341797,104.11000061035156,91,0.5451173175147377,0.11142059750374948,0.01834594199901421,,
a5574ab8cebe,Donald Trump,trump_278t_2026_05_08_equity,594,BLACKSTONE INC CL A UNSOLICITED,purchase,2026-03-02,2026-05-12,50001.0,100000.0,equity,BX,trump_278t_2026_05_08_equity.pdf,114.27117156982422,122.76000213623047,71,0.07428672034940359,-0.025578358871026132,-0.06924079384234039,,
aa00916c3a1d,Donald Trump,trump_278t_2026_05_08_equity,595,PROLOGIS INC COM UNSOLICITED,purchase,2026-03-23,2026-05-12,50001.0,100000.0,equity,PLD,trump_278t_2026_05_08_equity.pdf,130.30999755859375,143.75999450683594,50,0.10321538792289832,-0.012242588857028983,-0.009181915107592193,,
25e52fba4dab,Donald Trump,trump_278t_2026_05_08_equity,769,GOLDMAN SACHS GROUP INC UNSOLICITED,purchase,2026-03-21,2026-05-12,15001.0,50000.0,equity,GS,trump_278t_2026_05_08_equity.pdf,831.27001953125,945.9000244140625,52,0.13789743668062507,0.010064444709144485,-0.018141488251168274,,
b8bfbf93eed8,Donald Trump,trump_278t_2026_05_08_equity,596,VEEVA SYS INC CLASS A,purchase,2026-03-11,2026-05-12,50001.0,100000.0,equity,VEEV,trump_278t_2026_05_08_equity.pdf,187.08999633789062,159.4199981689453,62,-0.14789672730001233,-0.023146421300894577,0.024400949907965822,,
465b428aa544,Donald Trump,trump_278t_2026_05_08_equity,598,SUPER MICRO COMPUTER INC UNSOLICITED,purchase,2026-03-23,2026-05-12,50001.0,100000.0,equity,SMCI,trump_278t_2026_05_08_equity.pdf,21.579999923706055,32.790000915527344,50,0.5194625130423138,-0.024092738440676515,-0.06800858149805565,,
91e99fcccc6d,Donald Trump,trump_278t_2026_05_08_equity,599,PHILIP MORRIS INTL INC UNSOLICITED,purchase,2026-03-12,2026-05-12,50001.0,100000.0,equity,PM,trump_278t_2026_05_08_equity.pdf,170.4781494140625,186.92999267578125,61,0.09650411691037315,0.0052426631612183,0.024822205265290543,,
9128a7c3a162,Donald Trump,trump_278t_2026_05_08_equity,600,FAIR ISAAC CORP,purchase,2026-03-11,2026-05-12,50001.0,100000.0,equity,FICO,trump_278t_2026_05_08_equity.pdf,1165.22998046875,1086.0,62,-0.06799514413187109,-0.019668494798860497,0.09221917533523251,,
ebc198fda88d,Donald Trump,trump_278t_2026_05_08_equity,602,GITLAB INC CLASS A IDUrchuo,purchase,2026-02-12,2026-05-12,50001.0,100000.0,equity,GTLB,trump_278t_2026_05_08_equity.pdf,29.579999923706055,23.079999923706055,89,-0.21974307020842007,-0.04462741291379156,0.10311954803440203,,
b409e8ae17e1,Donald Trump,trump_278t_2026_05_08_equity,606,ALPHABET INC CLASS A,purchase,2026-03-23,2026-05-12,50001.0,100000.0,equity,GOOGL,trump_278t_2026_05_08_equity.pdf,302.05999755859375,387.3500061035156,50,0.2823611508782366,0.03942168264634315,0.0008003034818874021,,
ba748e6ba294,Donald Trump,trump_278t_2026_05_08_equity,609,PALOMAR HLDGS INC,purchase,2026-03-30,2026-05-12,50001.0,100000.0,equity,PLMR,trump_278t_2026_05_08_equity.pdf,119.63999938964844,108.62999725341797,43,-0.09202609655966851,-0.004326554388215321,0.04409464270125101,,
6e9351857ae2,Donald Trump,trump_278t_2026_05_08_equity,517,TEXAS INSTRUMENTS INC,purchase,2026-01-23,2026-05-12,50001.0,100000.0,equity,TXN,trump_278t_2026_05_08_equity.pdf,191.08547973632812,295.1700134277344,109,0.544701428046907,0.037842539560309925,0.024189395284245012,,
c1d450b25288,Donald Trump,trump_278t_2026_05_08_equity,770,THERMO FISHER SCIENTIFIC INC UNSOLICITED I,purchase,2026-03-21,2026-05-12,15001.0,50000.0,equity,TMO,trump_278t_2026_05_08_equity.pdf,478.1199951171875,459.29998779296875,52,-0.03936251885806607,-0.028891768705322445,-0.025016308599498934,,
dcacf9b136f2,Donald Trump,trump_278t_2026_05_08_equity,939,EQUINIX INC REIT UNSOLICITED,purchase,2026-03-31,2026-05-12,15001.0,50000.0,reit,EQIX,trump_278t_2026_05_08_equity.pdf,975.4156494140625,1075.3115234375,42,0.102413647026727,-0.0031000282439954266,-0.029797301654044657,,
abd0a8163a7f,Donald Trump,trump_278t_2026_05_08_equity,940,IQVIA HLDGS INC UNSOLICITED,purchase,2026-03-31,2026-05-12,15001.0,50000.0,equity,IQV,trump_278t_2026_05_08_equity.pdf,170.5399932861328,175.05999755859375,42,0.026504072067583893,-0.015308995276800678,-0.010739203181944806,,
a72ce467c351,Donald Trump,trump_278t_2026_05_08_equity,943,XYLEM INC UNSOLICITED,purchase,2026-03-23,2026-05-12,15001.0,50000.0,equity,XYL,trump_278t_2026_05_08_equity.pdf,119.47157287597656,111.10437774658203,50,-0.07003502948839986,-0.022682442982823278,-0.04662008135457,,
f5d497a1d0aa,Donald Trump,trump_278t_2026_05_08_equity,944,PEPSICO INC UNSOLICITED,purchase,2026-03-23,2026-05-12,15001.0,50000.0,equity,PEP,trump_278t_2026_05_08_equity.pdf,150.8800048828125,151.85000610351562,50,0.006428958041567658,-0.016990462478453306,-0.00974653228080351,,
349eab82a7f1,Donald Trump,trump_278t_2026_05_08_equity,946,GILEAD SCIENCES INC UNSOLICITED,purchase,2026-01-23,2026-05-12,15001.0,50000.0,equity,GILD,trump_278t_2026_05_08_equity.pdf,135.1623992919922,134.94000244140625,109,-0.0016454047260990993,-0.014006220212342997,-0.0329035301695225,,
5888a3b276b8,Donald Trump,trump_278t_2026_05_08_equity,947,T-MOBILE US INC COM UNSOLICITED,purchase,2026-01-23,2026-05-12,15001.0,50000.0,equity,TMUS,trump_278t_2026_05_08_equity.pdf,184.1406707763672,192.25685119628906,109,0.04407597944388239,-0.015623411426183625,0.0006208062147289489,,
57eae0aa400a,Donald Trump,trump_278t_2026_05_08_equity,950,COINBASE GLOBAL INC,purchase,2026-03-17,2026-05-12,15001.0,50000.0,equity,COIN,trump_278t_2026_05_08_equity.pdf,210.22999572753906,207.63999938964844,56,-0.01231982300588207,-0.028125584449321516,-0.06833944559389972,,
f5f4b7fae53c,Donald Trump,trump_278t_2026_05_08_equity,951,STRYKER CORP UNSOLICITED,purchase,2026-03-23,2026-05-12,15001.0,50000.0,equity,SYK,trump_278t_2026_05_08_equity.pdf,331.6924743652344,294.45001220703125,50,-0.11228009387151357,0.025946625281467513,0.07913053770426151,,
fa779fd62c6b,Donald Trump,trump_278t_2026_05_08_equity,952,VALERO ENERGY CORP NEW UNSOLICITED,purchase,2026-03-23,2026-05-12,15001.0,50000.0,equity,VLO,trump_278t_2026_05_08_equity.pdf,236.2674560546875,245.95144653320312,50,0.04098740740779012,-0.012220732300932447,0.06272252916089747,,
c1f7bbb452b3,Donald Trump,trump_278t_2026_05_08_equity,954,DELL TECHNOLOGIES INC CL C UNSOLICITED,purchase,2026-03-02,2026-05-12,15001.0,50000.0,equity,DELL,trump_278t_2026_05_08_equity.pdf,153.0763702392578,238.94000244140625,71,0.5609202260802493,0.02063276398011338,-0.01540138903896068,,
5fd0063122de,Donald Trump,trump_278t_2026_05_08_equity,957,WORKDAY INC CL A UNSOLICITED,purchase,2026-03-02,2026-05-12,15001.0,50000.0,equity,WDAY,trump_278t_2026_05_08_equity.pdf,134.00999450683594,118.62000274658203,71,-0.11484211917842331,-0.017872219672015795,0.09037256232585515,,
0eaf4904e951,Donald Trump,trump_278t_2026_05_08_equity,958,EOG RESOURCES INC,purchase,2026-01-23,2026-05-12,15001.0,50000.0,equity,EOG,trump_278t_2026_05_08_equity.pdf,107.49537658691406,134.1300048828125,109,0.24777464056199047,0.005964271705407661,0.07582194735496131,,
6315a7f6e920,Donald Trump,trump_278t_2026_05_08_equity,960,"PARKER HANNIFIN CORP UNSOLICITED ,",purchase,2026-03-02,2026-05-12,15001.0,50000.0,equity,PH,trump_278t_2026_05_08_equity.pdf,1009.1290283203125,881.3400268554688,71,-0.1266329655361788,0.0011686389251984522,-0.03265485331417343,,
8815cf86ec8f,Donald Trump,trump_278t_2026_05_08_equity,961,HIGHWOODS PPTYS INC REIT I,purchase,2026-01-25,2026-05-12,15001.0,50000.0,reit,HIW,trump_278t_2026_05_08_equity.pdf,25.14936637878418,25.0582332611084,107,-0.0036236745015039615,0.018779422413200575,0.004859362701215301,,
a2b1ca3bd7ad,Donald Trump,trump_278t_2026_05_08_equity,962,COSTAR GROUP INC UNSOLICITED I,purchase,2026-03-23,2026-05-12,15001.0,50000.0,equity,CSGP,trump_278t_2026_05_08_equity.pdf,42.90999984741211,33.04999923706055,50,-0.22978328234476134,-0.03267775941413636,0.022692890085122576,,
a83c953a2a4e,Donald Trump,trump_278t_2026_05_08_equity,964,WALKER & DUNLOP INC l,purchase,2026-03-30,2026-05-12,15001.0,50000.0,equity,WD,trump_278t_2026_05_08_equity.pdf,42.89532470703125,54.42547607421875,43,0.2687973909962621,-0.02428411182148396,-0.12214571322194398,,
1d9507033a1c,Donald Trump,trump_278t_2026_05_08_equity,965,QUALCOMM INC UNSOLICITED I,purchase,2026-03-23,2026-05-12,15001.0,50000.0,equity,QCOM,trump_278t_2026_05_08_equity.pdf,128.35000610351562,210.30999755859375,50,0.6385663230041184,0.013598976004717739,-0.06989680528214866,,
92f29223351d,Donald Trump,trump_278t_2026_05_08_equity,966,ALPHABET INC CL A I,purchase,2026-03-17,2026-05-12,15001.0,50000.0,equity,GOOGL,trump_278t_2026_05_08_equity.pdf,310.9200134277344,387.3500061035156,56,0.24581882598414817,0.03942168264634315,0.0008003034818874021,,
ae3737568758,Donald Trump,trump_278t_2026_05_08_equity,938,MOTOROLA SOLUTIONS INC UNSOLICITED,purchase,2026-03-31,2026-05-12,15001.0,50000.0,equity,MSI,trump_278t_2026_05_08_equity.pdf,433.9700012207031,391.3900146484375,42,-0.09811735016819935,0.016607475297596864,0.018753662748610768,,
45cd242890d3,Donald Trump,trump_278t_2026_05_08_equity,967,CINEMARK HLDGS INC,purchase,2026-02-26,2026-05-12,15001.0,50000.0,equity,CNK,trump_278t_2026_05_08_equity.pdf,26.547569274902344,26.19297981262207,75,-0.013356758150189545,0.00038055250018841937,0.0007610321812991142,,
c19d1d0cf9ce,Donald Trump,trump_278t_2026_05_08_equity,935,AGILENT TECHNOLOGIES INC UNSOLICITED I oun:hase,purchase,2026-03-31,2026-05-12,15001.0,50000.0,equity,A,trump_278t_2026_05_08_equity.pdf,113.9800033569336,112.9000015258789,42,-0.009475362337660338,-0.0014172157656942015,-0.020637748446093732,,
e1eba8d86621,Donald Trump,trump_278t_2026_05_08_equity,905,KIMBERLY CLARK CORP UNSOLICITED,purchase,2026-03-31,2026-05-12,15001.0,50000.0,equity,KMB,trump_278t_2026_05_08_equity.pdf,96.47000122070312,97.33999633789062,42,0.009018296943908332,-0.0030819337749091826,-0.008937694163944047,,
db380f6d569e,Donald Trump,trump_278t_2026_05_08_equity,906,WALMART INC UNSOLICITED,purchase,2026-03-23,2026-05-12,15001.0,50000.0,equity,WMT,trump_278t_2026_05_08_equity.pdf,120.49005889892578,130.35000610351562,50,0.08183203904698025,0.008592213768659677,0.029535793359834188,,
c0c00c865a47,Donald Trump,trump_278t_2026_05_08_equity,907,TARGET CORP UNSOLICITED,purchase,2026-03-23,2026-05-12,15001.0,50000.0,equity,TGT,trump_278t_2026_05_08_equity.pdf,113.85430145263672,120.66000366210938,50,0.05977553875998108,0.006795952842173845,0.05453334992502125,,
cda7e1de8eee,Donald Trump,trump_278t_2026_05_08_equity,908,NUCOR CORP UNSOLICITED,purchase,2026-03-31,2026-05-12,15001.0,50000.0,equity,NUE,trump_278t_2026_05_08_equity.pdf,169.10000610351562,229.8300018310547,42,0.35913656733023896,0.01092109161919167,-0.035243467079941304,,
5408aedc5914,Donald Trump,trump_278t_2026_05_08_equity,910,CISCO SYSTEMS INC UNSOLICITED,purchase,2026-03-23,2026-05-12,15001.0,50000.0,equity,CSCO,trump_278t_2026_05_08_equity.pdf,78.39520263671875,99.29000091552734,50,0.266531593465413,0.025984508080019737,0.162050520591489,,
a2d2a836027f,Donald Trump,trump_278t_2026_05_08_equity,912,EVERGY INC UNSOLICITED,purchase,2026-03-23,2026-05-12,15001.0,50000.0,equity,EVRG,trump_278t_2026_05_08_equity.pdf,78.75023651123047,82.60791015625,50,0.0489861848791958,-0.010084059380190446,-0.003961548578150028,,
21286416e3bf,Donald Trump,trump_278t_2026_05_08_equity,913,INTUITIVE SURGICAL INC UNSOLICITED,purchase,2026-03-23,2026-05-12,15001.0,50000.0,equity,ISRG,trump_278t_2026_05_08_equity.pdf,478.0400085449219,431.8699951171875,50,-0.09658190235639186,0.0009261905226266925,0.022483598223681477,,
97ca56596c68,Donald Trump,trump_278t_2026_05_08_equity,916,ADVANCED MICRO DEVICES INC UNSOLICITED,purchase,2026-03-31,2026-05-12,15001.0,,equity,AMD,trump_278t_2026_05_08_equity.pdf,203.42999267578125,448.2900085449219,42,1.2036573990315622,-0.006223668812021485,-0.07637917441678164,,
19dd0fa72cba,Donald Trump,trump_278t_2026_05_08_equity,917,BIO TECHNE CORP COM UNSOLICITED,purchase,2026-03-23,2026-05-12,15001.0,50000.0,equity,TECH,trump_278t_2026_05_08_equity.pdf,51.903926849365234,47.3323860168457,50,-0.08807697432579592,-0.05335294019512245,-0.039346945144065865,,
63521879d879,Donald Trump,trump_278t_2026_05_08_equity,918,MERCK & CO INC COM UNSOLICITED,purchase,2026-03-31,2026-05-12,15001.0,50000.0,equity,MRK,trump_278t_2026_05_08_equity.pdf,120.29000091552734,112.37000274658203,42,-0.06584086880593729,0.009611054331784347,0.016641408485187387,,
3d70c6348795,Donald Trump,trump_278t_2026_05_08_equity,919,PAYCHEX INC UNSOLICITED,purchase,2026-03-23,2026-05-12,15001.0,50000.0,equity,PAYX,trump_278t_2026_05_08_equity.pdf,92.31266784667969,92.5199966430664,50,0.002245940900885533,-0.02810201652029504,0.02118468206855554,,
469946e92ed5,Donald Trump,trump_278t_2026_05_08_equity,920,ANALOG DEVICES INC UNSOLICITED,purchase,2026-03-31,2026-05-12,15001.0,50000.0,equity,ADI,trump_278t_2026_05_08_equity.pdf,318.1400146484375,419.6499938964844,42,0.31907328400742385,0.03035868208566142,-0.012724881247604281,,
7499ece96315,Donald Trump,trump_278t_2026_05_08_equity,922,STATE STREET CORP UNSOLICITED,purchase,2026-03-23,2026-05-12,15001.0,50000.0,etf,STT,trump_278t_2026_05_08_equity.pdf,122.412109375,150.4499969482422,50,0.22904504886318308,0.00751083353761213,0.0028581451863920197,,
edb4de2c8efc,Donald Trump,trump_278t_2026_05_08_equity,928,WELLTOWER INC REIT1JNSOLICITED,purchase,2026-03-23,2026-05-12,15001.0,50000.0,reit,WELL,trump_278t_2026_05_08_equity.pdf,194.3365478515625,216.75999450683594,50,0.1153846093448199,0.01559330581504469,0.0057206381462837535,,
cdf36b1e4984,Donald Trump,trump_278t_2026_05_08_equity,927,TARGA RESOURCES CORP UNSOLICITED,purchase,2026-03-23,2026-05-12,15001.0,50000.0,equity,TRGP,trump_278t_2026_05_08_equity.pdf,238.7210693359375,255.16000366210938,50,0.06886251964227913,0.031862379550591714,0.08245809783254154,,
7cbeff31912b,Donald Trump,trump_278t_2026_05_08_equity,934,VENTAS INC UNSOLICITED loun:hase,purchase,2026-03-23,2026-05-12,15001.0,50000.0,equity,VTR,trump_278t_2026_05_08_equity.pdf,81.32853698730469,88.52999877929688,50,0.08854778480911724,0.02055799977317783,-0.002033212556847737,,
3dd76755bda3,Donald Trump,trump_278t_2026_05_08_equity,936,EXXON MOBIL CORP UNSOLICITED,purchase,2026-03-23,2026-05-12,15001.0,50000.0,equity,XOM,trump_278t_2026_05_08_equity.pdf,160.04371643066406,149.614501953125,50,-0.06516478566065619,0.006240504976167592,0.08645887216658699,,
738b737776be,Donald Trump,trump_278t_2026_05_08_equity,902,BOEING COMPANY UNSOLICITED,purchase,2026-03-31,2026-05-12,15001.0,50000.0,equity,BA,trump_278t_2026_05_08_equity.pdf,199.02999877929688,236.8699951171875,42,0.1901220749131952,0.01574708094405441,-0.09228691290991368,,
1490aebeaddb,Donald Trump,trump_278t_2026_05_08_equity,968,MICROCHIP TECHNOLOGY INC UNSOLICITED,purchase,2026-03-02,2026-05-12,15001.0,50000.0,equity,MCHP,trump_278t_2026_05_08_equity.pdf,73.93889617919922,97.21208190917969,71,0.31476241778853836,-0.010132962563635134,-0.06028654390728079,,
8047ebd965c8,Donald Trump,trump_278t_2026_05_08_equity,970,QUANTA SERVICES INC UNSOLICITED,purchase,2026-03-02,2026-05-12,15001.0,50000.0,equity,PWR,trump_278t_2026_05_08_equity.pdf,572.5474853515625,765.8099975585938,71,0.3375484429703885,0.01032889772887307,-0.06748409245183183,,
74c0eefa29f3,Donald Trump,trump_278t_2026_05_08_equity,1002,OSI SYS INC,purchase,2026-03-04,2026-05-12,15001.0,50000.0,equity,OSIS,trump_278t_2026_05_08_equity.pdf,288.5799865722656,227.41000366210938,69,-0.21196890205980443,-0.03922429983422732,-0.08091116863360401,,
a9298dba3029,Donald Trump,trump_278t_2026_05_08_equity,1004,HP INC UNSOLICITED,purchase,2026-01-21,2026-05-12,15001.0,50000.0,equity,HPQ,trump_278t_2026_05_08_equity.pdf,19.218185424804688,21.079999923706055,111,0.09687774666271795,0.008538913938674036,-0.005218245291730693,,
bc6fa86c3e69,Donald Trump,trump_278t_2026_05_08_equity,1005,GOOSEHEAD INS INC CLASS A,purchase,2026-03-30,2026-05-12,15001.0,50000.0,equity,GSHD,trump_278t_2026_05_08_equity.pdf,42.29999923706055,39.650001525878906,43,-0.06264770115787337,-0.0822194706374152,0.04186632493137875,,
d1115634d167,Donald Trump,trump_278t_2026_05_08_equity,1006,PALANTIR TECHNOLOGIES INC CL A UNSOLICITED,purchase,2026-03-12,2026-05-12,15001.0,50000.0,equity,PLTR,trump_278t_2026_05_08_equity.pdf,153.5,136.0,61,-0.11400651465798045,-0.04374997756060432,-0.00544121686150046,,
1266afd55232,Donald Trump,trump_278t_2026_05_08_equity,1007,YUM! BRANDS INC UNSOLICITED,purchase,2026-01-21,2026-05-12,15001.0,50000.0,equity,YUM,trump_278t_2026_05_08_equity.pdf,152.95310974121094,152.1156005859375,111,-0.005475594165365198,-0.020214568131279937,-0.004383066467329679,,
1caed67c89d1,Donald Trump,trump_278t_2026_05_08_equity,1008,PALO ALTO NETWORKS INC UNSOLICITED,purchase,2026-03-12,2026-05-12,15001.0,50000.0,equity,PANW,trump_278t_2026_05_08_equity.pdf,168.1199951171875,215.60000610351562,61,0.28241739451177317,0.05653982763230736,0.11377550132127238,,
6b29b77743db,Donald Trump,trump_278t_2026_05_08_equity,1009,EVERGY INC UNSOLICITED,purchase,2026-03-12,2026-05-12,15001.0,50000.0,equity,EVRG,trump_278t_2026_05_08_equity.pdf,81.06086730957031,82.60791015625,61,0.019084953048572162,-0.010084059380190446,-0.003961548578150028,,
b4c562e7ea3b,Donald Trump,trump_278t_2026_05_08_equity,1011,AMAZON.COM INC,purchase,2026-03-17,2026-05-12,15001.0,50000.0,equity,AMZN,trump_278t_2026_05_08_equity.pdf,215.1999969482422,265.82000732421875,56,0.23522309987834802,0.016213969753363512,-0.02437743889768426,,
9e4a36bdc82f,Donald Trump,trump_278t_2026_05_08_equity,1012,LOCKHEED MARTIN CORP UNSOLICITED,purchase,2026-03-12,2026-05-12,15001.0,50000.0,equity,LMT,trump_278t_2026_05_08_equity.pdf,652.8300170898438,521.0,61,-0.2019362064224768,-0.002034544258337332,0.010806151406549905,,
1cd533e48bae,Donald Trump,trump_278t_2026_05_08_equity,1013,NiSOURCE INC UNSOLICITED,purchase,2026-01-21,2026-05-12,15001.0,50000.0,equity,NI,trump_278t_2026_05_08_equity.pdf,43.220829010009766,47.189998626708984,111,0.0918346479605927,-0.002966717391875479,0.004873904406222023,,
19a4949fdd4c,Donald Trump,trump_278t_2026_05_08_equity,1014,FORTINET INC UNSOLICITED,purchase,2026-03-12,2026-05-12,15001.0,50000.0,equity,FTNT,trump_278t_2026_05_08_equity.pdf,84.4000015258789,113.87000274658203,61,0.34917062426434875,0.03354702382264482,0.12092734092324181,,
01104f9a8e62,Donald Trump,trump_278t_2026_05_08_equity,1017,UBER TECHNOLOGIES INC UNSOLICITED,purchase,2026-03-02,2026-05-12,15001.0,50000.0,equity,UBER,trump_278t_2026_05_08_equity.pdf,75.94999694824219,76.36000061035156,71,0.005398336781880072,-0.02173917821949756,-0.029727661790421852,,
076003171a52,Donald Trump,trump_278t_2026_05_08_equity,1018,ENPHASE ENERGY INC,purchase,2026-01-26,2026-05-12,15001.0,50000.0,equity,ENPH,trump_278t_2026_05_08_equity.pdf,39.41999816894531,37.47999954223633,106,-0.04921356460734938,0.1205976657675801,0.24759868977157312,,
f84c3daaba34,Donald Trump,trump_278t_2026_05_08_equity,1019,VERISIGN INC UNSOLICITED,purchase,2026-03-12,2026-05-12,15001.0,50000.0,equity,VRSN,trump_278t_2026_05_08_equity.pdf,234.526123046875,285.041748046875,61,0.21539444878770875,0.03268028857477874,0.061704143187632704,,
bcd73c0ef685,Donald Trump,trump_278t_2026_05_08_equity,1022,CROWDSTRIKE HLDGS INC CL A UNSOLICITED I,purchase,2026-03-12,2026-05-12,15001.0,50000.0,equity,CRWD,trump_278t_2026_05_08_equity.pdf,441.5400085449219,546.1799926757812,61,0.2369886807668832,0.030008449354106608,0.12944452956005584,,
192c4c3c751b,Donald Trump,trump_278t_2026_05_08_equity,1023,WILLIAMS COS INC IDEU UNSOLICITED lcurchaso,purchase,2026-03-12,2026-05-12,15001.0,50000.0,equity,WMB,trump_278t_2026_05_08_equity.pdf,72.9949951171875,74.7300033569336,61,0.023768865755257326,0.013113818861459165,0.06249160924883086,,
2183c5282611,Donald Trump,trump_278t_2026_05_08_equity,1027,QUANTA SERVICES INC UNSOLICITED,purchase,2026-03-12,2026-05-12,15001.0,50000.0,equity,PWR,trump_278t_2026_05_08_equity.pdf,566.7986450195312,765.8099975585938,61,0.35111472881556516,0.01032889772887307,-0.06748409245183183,,
4e5288b1e4c9,Donald Trump,trump_278t_2026_05_08_equity,1000,EXPEDITORS !NTL WASH INC UNSOLICITED,purchase,2026-03-12,2026-05-12,15001.0,50000.0,equity,EXPD,trump_278t_2026_05_08_equity.pdf,142.22999572753906,154.42999267578125,61,0.08577654021457572,0.008871400899777527,0.020527187580651345,,
7d7fbdd0a8b4,Donald Trump,trump_278t_2026_05_08_equity,998,ABBVIE INC COM UNSOLICITED l,purchase,2026-03-11,2026-05-12,15001.0,50000.0,equity,ABBV,trump_278t_2026_05_08_equity.pdf,225.80667114257812,207.86000061035156,62,-0.07947803508823144,0.0030789925323254576,0.02838446011334492,,
6b3798665e57,Donald Trump,trump_278t_2026_05_08_equity,971,GIBRALTAR INOS INC,purchase,2026-03-30,2026-05-12,15001.0,50000.0,equity,ROCK,trump_278t_2026_05_08_equity.pdf,39.5,37.90999984741211,43,-0.0402531684199466,0.008177298194111641,-0.10788710548800201,,
411a7595e823,Donald Trump,trump_278t_2026_05_08_equity,974,UNITEDHEALTH GROUP INC UNSOLICITED,purchase,2026-03-23,2026-05-12,15001.0,50000.0,equity,UNH,trump_278t_2026_05_08_equity.pdf,269.5400085449219,396.3900146484375,50,0.47061661379436603,0.012033575108854416,-0.018037851988789204,,
f3cfd3efcaca,Donald Trump,trump_278t_2026_05_08_equity,976,TYLER TECHNOLOGIES INC UNSOLICITED,purchase,2026-03-02,2026-05-12,15001.0,50000.0,equity,TYL,trump_278t_2026_05_08_equity.pdf,354.6199951171875,309.6499938964844,71,-0.12681180373329587,-0.03571773866170685,0.04227352364252458,,
75067d041cee,Donald Trump,trump_278t_2026_05_08_equity,976,HAWAIIAN ELEC INOS INC,purchase,2026-03-11,2026-05-12,15001.0,50000.0,equity,HE,trump_278t_2026_05_08_equity.pdf,14.720000267028809,13.5,62,-0.08288045141965628,-0.008148122716833043,0.0014815153899016204,,
0d656d6cb2b5,Donald Trump,trump_278t_2026_05_08_equity,979,AMPHENOL CORP NEW CL A UNSOLICITED,purchase,2026-01-11,2026-05-12,15001.0,50000.0,equity,APH,trump_278t_2026_05_08_equity.pdf,144.82376098632812,127.87000274658203,121,-0.11706475597845155,-0.02526005542781559,-0.06780328155245616,,
961a19bedc6c,Donald Trump,trump_278t_2026_05_08_equity,981,MGE ENERGY INC,purchase,2026-03-30,2026-05-12,15001.0,50000.0,equity,MGEE,trump_278t_2026_05_08_equity.pdf,78.0199966430664,75.30000305175781,43,-0.0348627750364088,-0.005312105042067041,0.0039840027915679895,,
8be7fcbee8d7,Donald Trump,trump_278t_2026_05_08_equity,987,IAC INC,purchase,2026-03-04,2026-05-12,15001.0,50000.0,equity,IAC,trump_278t_2026_05_08_equity.pdf,38.189998626708984,40.540000915527344,69,0.06153449524281563,0.004933417819999364,-0.006660099942431383,,
f38f9a75bb6b,Donald Trump,trump_278t_2026_05_08_equity,992,BRINKER !NTL INC l,purchase,2026-03-04,2026-05-12,15001.0,50000.0,equity,EAT,trump_278t_2026_05_08_equity.pdf,137.94000244140625,135.3300018310547,69,-0.018921274207315104,-0.06628242887265479,-0.06650410018641362,,
bec452a96d60,Donald Trump,trump_278t_2026_05_08_equity,995,SALESFORCE. INC. UNSOLICITED l,purchase,2026-01-21,2026-05-12,15001.0,50000.0,equity,CRM,trump_278t_2026_05_08_equity.pdf,221.0272216796875,171.30999755859375,111,-0.22493710839447603,-0.031930426120239726,0.047341081816183385,,
009c7e360777,Donald Trump,trump_278t_2026_05_08_equity,996,CME GROUP INC UNSOLICITED l,purchase,2026-01-21,2026-05-12,15001.0,50000.0,equity,CME,trump_278t_2026_05_08_equity.pdf,272.55438232421875,285.75,111,0.04841462303139313,0.03982503895997375,0.058162712571084865,,
af133261af33,Donald Trump,trump_278t_2026_05_08_equity,997,LINDE PLC NEW EUR UNSOLICITED l,purchase,2026-01-21,2026-05-12,15001.0,50000.0,equity,LIN,trump_278t_2026_05_08_equity.pdf,437.87921142578125,503.8699951171875,111,0.1507054502006004,0.018635788476060414,0.004366229837757222,,
cf7e8db0b014,Donald Trump,trump_278t_2026_05_08_equity,901,STEEL DYNAMICS INC UNSOLICITED,purchase,2026-03-31,2026-05-12,15001.0,50000.0,equity,STLD,trump_278t_2026_05_08_equity.pdf,180.0,232.8000030517578,42,0.2933333502875434,0.018384874240509844,-0.04050690640443748,,
5d39c44e0997,Donald Trump,trump_278t_2026_05_08_equity,900,TE CONNECTIVITY PLC UNSOLICITED,purchase,2026-03-31,2026-05-12,15001.0,50000.0,equity,TEL,trump_278t_2026_05_08_equity.pdf,208.2151641845703,212.9070281982422,42,0.022533728664992037,-0.02840033469324862,-0.08262759284243795,,
0156825e1cd8,Donald Trump,trump_278t_2026_05_08_equity,609,CISCO SYSTEMS INC UNSOLICITED,purchase,2026-03-11,2026-05-12,15001.0,50000.0,equity,CSCO,trump_278t_2026_05_08_equity.pdf,77.67908477783203,99.29000091552734,62,0.27820765653334023,0.025984508080019737,0.162050520591489,,
57b9854178d4,Donald Trump,trump_278t_2026_05_08_equity,811,COMCAST CORP NEW CL A UNSOLICITED,purchase,2026-03-25,2026-05-12,15001.0,50000.0,equity,CMCSA,trump_278t_2026_05_08_equity.pdf,28.399768829345703,24.899999618530273,48,-0.12323231332781451,0.0016064624955887774,-0.004016079638624071,,
f400a111a796,Donald Trump,trump_278t_2026_05_08_equity,813,COSTCO WHOLESALE CORP UNSOLICITED,purchase,2026-03-12,2026-05-12,15001.0,50000.0,equity,COST,trump_278t_2026_05_08_equity.pdf,1001.8662719726562,1021.8800048828125,61,0.01997645141876029,0.010960143185460793,0.07088889210094418,,
3f4fa5542364,Donald Trump,trump_278t_2026_05_08_equity,815,GARTNER INC,purchase,2026-03-18,2026-05-12,15001.0,50000.0,equity,IT,trump_278t_2026_05_08_equity.pdf,158.1199951171875,152.9600067138672,55,-0.032633370621445376,-0.05557008124287301,0.007714386924606961,,
0916f2e98b04,Donald Trump,trump_278t_2026_05_08_equity,816,WASTE MGMT INC DEL,purchase,2026-03-18,2026-05-12,15001.0,50000.0,equity,WM,trump_278t_2026_05_08_equity.pdf,233.7899932861328,217.64999389648438,55,-0.06903631401321306,-0.005559345228622447,0.021548369276026,,
e01567b1ac8c,Donald Trump,trump_278t_2026_05_08_equity,817,WATERS CORP,purchase,2026-03-18,2026-05-12,15001.0,50000.0,equity,WAT,trump_278t_2026_05_08_equity.pdf,295.04998779296875,352.2099914550781,55,0.19372989671911975,-0.0490616370873193,-0.05380307813292134,,
31b01aeb2d21,Donald Trump,trump_278t_2026_05_08_equity,818,LAM RESEARCH CORP UNSOLICITED,purchase,2026-03-25,2026-05-12,15001.0,50000.0,equity,LRCX,trump_278t_2026_05_08_equity.pdf,233.4499969482422,289.239990234375,48,0.23898048410984524,0.021435529029050576,-0.05483330758900574,,
60d3d910dc6a,Donald Trump,trump_278t_2026_05_08_equity,819,THE TRADE DESK INC CL A UNSOLICITED,purchase,2026-03-25,2026-05-12,15001.0,50000.0,equity,TTD,trump_278t_2026_05_08_equity.pdf,21.969999313354492,21.139999389648438,48,-0.037778786966167,-0.030747381139876327,0.0009460954749821535,,
22cabf1b0297,Donald Trump,trump_278t_2026_05_08_equity,821,CBRE GROUP INC CLASS A,purchase,2026-03-18,2026-05-12,15001.0,50000.0,equity,CBRE,trump_278t_2026_05_08_equity.pdf,133.91000366210938,144.05999755859375,55,0.07579712955647074,-0.023670718588777003,-0.11044012169747729,,
d0c06638c7d3,Donald Trump,trump_278t_2026_05_08_equity,822,CURBLINE PPTYS CORP,purchase,2026-03-30,2026-05-12,15001.0,50000.0,equity,CURB,trump_278t_2026_05_08_equity.pdf,25.6200008392334,27.700000762939453,43,0.08118656735252053,-0.01046934684259444,0.0014440074757047171,,
deacc59a2ff4,Donald Trump,trump_278t_2026_05_08_equity,823,SNOWFLAKE INC CLASS A,purchase,2026-03-18,2026-05-12,15001.0,50000.0,equity,SNOW,trump_278t_2026_05_08_equity.pdf,173.25,151.97999572753906,55,-0.12277058743123197,0.0025661231781293494,0.11560736819414867,,
a4531ed76656,Donald Trump,trump_278t_2026_05_08_equity,824,DECKERS OUTDOOR CORP l,purchase,2026-01-06,2026-05-12,15001.0,50000.0,equity,DECK,trump_278t_2026_05_08_equity.pdf,107.45999908447266,94.88999938964844,126,-0.1169737558339558,-0.010116967969728776,-0.006533910323216499,,
ecb259e70275,Donald Trump,trump_278t_2026_05_08_equity,826,BAXTER INTL INC I,purchase,2026-03-11,2026-05-12,15001.0,50000.0,equity,BAX,trump_278t_2026_05_08_equity.pdf,18.04062271118164,17.880706787109375,62,-0.008864213094659375,-0.032420338274323064,0.02459475777203178,,
0a98945ebc4f,Donald Trump,trump_278t_2026_05_08_equity,829,INSULET CORP UNSOLICITED l,purchase,2026-03-21,2026-05-12,15001.0,50000.0,equity,PODD,trump_278t_2026_05_08_equity.pdf,227.0800018310547,158.35000610351562,52,-0.30266864177090114,-0.060056895478792546,-0.023618600246337648,,
46378c747b5c,Donald Trump,trump_278t_2026_05_08_equity,831,ROCKWELL AUTOMATION INC NEW UNSOLICITED l,purchase,2026-03-02,2026-05-12,15001.0,50000.0,equity,ROK,trump_278t_2026_05_08_equity.pdf,410.88250732421875,453.68048095703125,71,0.10416109926782918,-0.00019776402876807406,-0.06919070519827458,,
84f5daaad3d5,Donald Trump,trump_278t_2026_05_08_equity,832,DELTA AIR LINES INC DEL I,purchase,2026-03-11,2026-05-12,15001.0,50000.0,equity,DAL,trump_278t_2026_05_08_equity.pdf,58.98351287841797,70.52289581298828,62,0.19563743106241077,0.0048084199439243054,-0.0391772578948604,,
4f934dd36757,Donald Trump,trump_278t_2026_05_08_equity,833,ZIMMER BIOMET HLDGS INC,purchase,2026-03-11,2026-05-12,15001.0,50000.0,equity,ZBH,trump_278t_2026_05_08_equity.pdf,93.47616577148438,83.37000274658203,62,-0.10811486480530534,-0.007796587555055043,0.032505685440723575,,
434b122b711d,Donald Trump,trump_278t_2026_05_08_equity,807,LEGAlZOOM COM INC,purchase,2026-03-30,2026-05-12,15001.0,50000.0,equity,LZ,trump_278t_2026_05_08_equity.pdf,5.690000057220459,6.159999847412109,43,0.08260101677771219,-0.040584416589722484,0.03409091612805741,,
f29ec36d6097,Donald Trump,trump_278t_2026_05_08_equity,803,EXXON MOBIL CORP UNSOLICITED,purchase,2026-03-11,2026-05-12,15001.0,50000.0,equity,XOM,trump_278t_2026_05_08_equity.pdf,150.55809020996094,149.614501953125,62,-0.006267270364017341,0.006240504976167592,0.08645887216658699,,
c821a22494bf,Donald Trump,trump_278t_2026_05_08_equity,776,EXPAND ENERGY CORP UNSOLICITED,purchase,2026-03-02,2026-05-12,15001.0,50000.0,equity,EXE,trump_278t_2026_05_08_equity.pdf,107.25218200683594,95.85031127929688,71,-0.1063089861128638,-0.008088723879059723,0.052578734936671055,,
fef39609f403,Donald Trump,trump_278t_2026_05_08_equity,779,ARTISAN PARTNERS ASSET M CLASS A,purchase,2026-03-04,2026-05-12,15001.0,50000.0,equity,APAM,trump_278t_2026_05_08_equity.pdf,39.22234344482422,36.176612854003906,69,-0.07765294786898377,-0.0016241924643290303,0.00037001177415637,,
b0bfbfe92225,Donald Trump,trump_278t_2026_05_08_equity,783,ZILLOW GROUP INC CLASS C,purchase,2026-03-11,2026-05-12,15001.0,50000.0,equity,ZG,trump_278t_2026_05_08_equity.pdf,44.349998474121094,39.84000015258789,62,-0.10169105922663912,-0.02409636246977518,-0.08584342295541945,,
1d84e1c6e469,Donald Trump,trump_278t_2026_05_08_equity,786,APPLIED MATERIALS INC UNSOLICITED,purchase,2026-03-21,2026-05-12,15001.0,50000.0,equity,AMAT,trump_278t_2026_05_08_equity.pdf,361.3407897949219,430.66461181640625,52,0.19185163695698165,0.012546327534446173,-0.05633113563205489,,
f8a080ee7ebc,Donald Trump,trump_278t_2026_05_08_equity,787,CHEVRON CORP UNSOLICITED,purchase,2026-03-25,2026-05-12,15001.0,50000.0,equity,CVX,trump_278t_2026_05_08_equity.pdf,203.2880401611328,184.26229858398438,48,-0.09359006836835067,0.00026896737561542435,0.0704848550996231,,
b034e15b77de,Donald Trump,trump_278t_2026_05_08_equity,789,COSTCO WHOLESALE CORP UNSOLICITED,purchase,2026-03-25,2026-05-12,15001.0,50000.0,equity,COST,trump_278t_2026_05_08_equity.pdf,973.447509765625,1021.8800048828125,48,0.04975357647054693,0.010960143185460793,0.07088889210094418,,
d3ca79bb7dd6,Donald Trump,trump_278t_2026_05_08_equity,790,BROADRIDGE FINANCIAL SOLUTIONS INC UNSOLICITED,purchase,2026-03-25,2026-05-12,15001.0,50000.0,equity,BR,trump_278t_2026_05_08_equity.pdf,163.36000061035156,149.52999877929688,48,-0.0846596582969058,-0.0374507199172864,-0.000668802944773857,,
5cf3f18c5b46,Donald Trump,trump_278t_2026_05_08_equity,791,ENERPAC TOOL GROUP CORP CLASS A,purchase,2026-03-04,2026-05-12,15001.0,,equity,EPAC,trump_278t_2026_05_08_equity.pdf,40.119998931884766,34.40999984741211,69,-0.14232301187662097,-0.008718373681803695,-0.03719845350110167,,
a43e3923f37e,Donald Trump,trump_278t_2026_05_08_equity,793,AURORA INNOVATION INC CLASS A,purchase,2026-02-12,2026-05-12,15001.0,50000.0,equity,AUR,trump_278t_2026_05_08_equity.pdf,4.21999979019165,7.21999979019165,89,0.7109005092779295,0.16343488402058537,-0.03878112757725703,,
9c0dbb3dd360,Donald Trump,trump_278t_2026_05_08_equity,794,NVIDIA CORP,purchase,2026-01-23,2026-05-12,15001.0,50000.0,equity,NVDA,trump_278t_2026_05_08_equity.pdf,187.6598358154297,220.77999877929688,109,0.17649041852750036,0.022873462631033244,-0.0007699889930484667,,
bca6ed486154,Donald Trump,trump_278t_2026_05_08_equity,795,EXXON MOBIL CORP UNSOLICITED,purchase,2026-03-25,2026-05-12,15001.0,50000.0,equity,XOM,trump_278t_2026_05_08_equity.pdf,162.1593475341797,149.614501953125,48,-0.0773612238320736,0.006240504976167592,0.08645887216658699,,
3db7f30871d4,Donald Trump,trump_278t_2026_05_08_equity,796,PLEXUS CORP,purchase,2026-03-04,2026-05-12,15001.0,50000.0,equity,PLXS,trump_278t_2026_05_08_equity.pdf,197.97000122070312,264.489990234375,69,0.336010449075632,-0.00975457169467698,-0.05467122382311919,,
d4d969130561,Donald Trump,trump_278t_2026_05_08_equity,797,APOGEE ENTERPRISES INC,purchase,2026-03-30,2026-05-12,15001.0,50000.0,equity,APOG,trump_278t_2026_05_08_equity.pdf,32.1941032409668,35.349998474121094,43,0.09802712035595512,-0.003960378944596781,-0.057425710521118965,,
dea18bcccc57,Donald Trump,trump_278t_2026_05_08_equity,798,GODADDY INC CLASS A,purchase,2026-03-18,2026-05-12,15001.0,50000.0,equity,GDDY,trump_278t_2026_05_08_equity.pdf,84.12999725341797,87.02999877929688,55,0.03447048164215989,-0.018958997460900996,0.03929677372072857,,
748380c3e302,Donald Trump,trump_278t_2026_05_08_equity,799,CENTENE CORP DEL,purchase,2026-03-18,2026-05-12,15001.0,50000.0,equity,CNC,trump_278t_2026_05_08_equity.pdf,36.15999984741211,59.310001373291016,55,0.6402102218906868,-0.008430281376205873,-0.0026976874676681744,,
3c55fc690da0,Donald Trump,trump_278t_2026_05_08_equity,801,OTTER TAIL CORP,purchase,2026-03-04,2026-05-12,15001.0,50000.0,equity,OTTR,trump_278t_2026_05_08_equity.pdf,88.69783020019531,89.12507629394531,69,0.004816871988702371,-0.004124877309168568,-0.02777080111441711,,
6ae7ce465ae7,Donald Trump,trump_278t_2026_05_08_equity,802,ORACLE CORP UNSOLICITED,purchase,2026-03-25,2026-05-12,15001.0,50000.0,equity,ORCL,trump_278t_2026_05_08_equity.pdf,145.5117950439453,186.8300018310547,48,0.2839509111589962,0.015682666847216344,-0.028742680857239626,,
3626e34ba06e,Donald Trump,trump_278t_2026_05_08_equity,806,STARBUCKS CORP,purchase,2026-01-23,2026-05-12,15001.0,50000.0,equity,SBUX,trump_278t_2026_05_08_equity.pdf,96.4292984008789,105.95895385742188,109,0.09882531154510724,-0.005911111059908763,0.003973646215520859,,
5036aca8c9ea,Donald Trump,trump_278t_2026_05_08_equity,835,KlA CORP UNSOLICITED,purchase,2026-03-21,2026-05-12,15001.0,50000.0,equity,KLAC,trump_278t_2026_05_08_equity.pdf,1509.50341796875,1809.041015625,52,0.19843452760068614,0.021177605646119913,-0.03784384045414255,,
a0016234923b,Donald Trump,trump_278t_2026_05_08_equity,836,BLACKROCK INC UNSOLICITED,purchase,2026-03-02,2026-05-12,15001.0,50000.0,equity,BLK,trump_278t_2026_05_08_equity.pdf,1062.3956298828125,1092.5,71,0.028336308311535656,0.0014645085454805492,-0.051441602903318076,,
9c4a51c9a91e,Donald Trump,trump_278t_2026_05_08_equity,872,TERADYNE INC UNSOLICITED,purchase,2026-03-23,2026-05-12,15001.0,50000.0,equity,TER,trump_278t_2026_05_08_equity.pdf,303.8052673339844,358.314697265625,50,0.17942226746094034,0.013753639304006318,-0.10302705264240895,,
48e7d33c8bf1,Donald Trump,trump_278t_2026_05_08_equity,873,KEYSIGHT TECHNOLOGIES INC COM UNSOLICITED,purchase,2026-03-23,2026-05-12,15001.0,50000.0,equity,KEYS,trump_278t_2026_05_08_equity.pdf,288.9599914550781,361.6499938964844,50,0.2515573248579178,-0.0012719244099027665,-0.04849995531851821,,
f0461385ae61,Donald Trump,trump_278t_2026_05_08_equity,874,BLACKLINE INC,purchase,2026-03-30,2026-05-12,15001.0,50000.0,equity,BL,trump_278t_2026_05_08_equity.pdf,36.4900016784668,26.209999084472656,43,-0.28172107758658993,-0.037390292883180604,0.14574596473129597,,
b0873f400612,Donald Trump,trump_278t_2026_05_08_equity,877,THERMO FISHER SCIENTIFIC INC UNSOLICITED,purchase,2026-03-02,2026-05-12,15001.0,50000.0,equity,TMO,trump_278t_2026_05_08_equity.pdf,508.07769775390625,459.29998779296875,71,-0.09600443037860637,-0.028891768705322445,-0.025016308599498934,,
071445ef611c,Donald Trump,trump_278t_2026_05_08_equity,878,COSTCO WHOLESALE CORP UNSOLICITED,purchase,2026-03-11,2026-05-12,15001.0,50000.0,equity,COST,trump_278t_2026_05_08_equity.pdf,990.7922973632812,1021.8800048828125,62,0.031376614051464226,0.010960143185460793,0.07088889210094418,,
4660e8304bd1,Donald Trump,trump_278t_2026_05_08_equity,879,VISTRA CORP UNSOLICITED,purchase,2026-03-23,2026-05-12,,,equity,VST,trump_278t_2026_05_08_equity.pdf,151.2899932861328,146.8699951171875,50,-0.029215403298920285,-0.029005206294429913,-0.08279423168508901,,
8b299d812e1e,Donald Trump,trump_278t_2026_05_08_equity,865,PARKER HANNIFIN CORP UNSOLICITED,purchase,2026-03-23,2026-05-12,15001.0,50000.0,equity,PH,trump_278t_2026_05_08_equity.pdf,904.0166625976562,881.3400268554688,50,-0.02508431169512637,0.0011686389251984522,-0.03265485331417343,,
365b52009ca5,Donald Trump,trump_278t_2026_05_08_equity,867,INTERCONTINENTALEXCHANGE INC,purchase,2026-01-06,2026-05-12,15001.0,50000.0,equity,ICE,trump_278t_2026_05_08_equity.pdf,165.47543334960938,155.80999755859375,126,-0.058410095053777006,-0.006482218873382114,-0.010910705185030815,,
ee6eeecacb13,Donald Trump,trump_278t_2026_05_08_equity,890,CUMMINS INC UNSOLICITED,purchase,2026-03-23,2026-05-12,15001.0,50000.0,equity,CMI,trump_278t_2026_05_08_equity.pdf,546.533447265625,702.3540649414062,50,0.2851071941806512,0.007110834805071429,-0.06401159118126828,,
edc2b96584d3,Donald Trump,trump_278t_2026_05_08_equity,891,MARTIN MARIETTA MATERIAI.S INC UNSOLICITED,purchase,2026-03-23,2026-05-12,15001.0,50000.0,equity,MLM,trump_278t_2026_05_08_equity.pdf,577.5900268554688,581.1400146484375,50,0.006146206873230983,-0.007485350365566065,-0.08343942769748729,,
ccdd9615f2d6,Donald Trump,trump_278t_2026_05_08_equity,892,DATADOG INC UNSOLICITED 1DUrchaSO,purchase,2026-03-02,2026-05-12,15001.0,50000.0,equity,DDOG,trump_278t_2026_05_08_equity.pdf,111.11000061035156,199.94000244140625,71,0.799478006867897,0.026858032667881022,0.07607277818022191,,
6b6e643d7c9b,Donald Trump,trump_278t_2026_05_08_equity,893,TELEDYNE TECHNOLOGIES INC UNSOLICITED IDUrchalO,purchase,2026-03-02,2026-05-12,15001.0,50000.0,equity,TDY,trump_278t_2026_05_08_equity.pdf,688.5900268554688,632.1699829101562,71,-0.08193561007986361,0.005995284757198981,-0.040685213468574816,,
f7681229ac4f,Donald Trump,trump_278t_2026_05_08_equity,894,GENERAC HLDGS INC UNSOLICITED I,purchase,2026-03-23,2026-05-12,15001.0,50000.0,equity,GNRC,trump_278t_2026_05_08_equity.pdf,201.85000610351562,269.5899963378906,50,0.33559568088214775,-0.00867983370925155,-0.09503318173971366,,
9de2b9a72dfc,Donald Trump,trump_278t_2026_05_08_equity,895,FRANKLIN RESOURCES INC UNSOLICITED I,purchase,2026-03-31,2026-05-12,15001.0,50000.0,equity,BEN,trump_278t_2026_05_08_equity.pdf,23.6200008392334,31.68000030517578,42,0.3412362057394395,0.011363655520317236,-0.028093414806660597,,
30f8404a9575,Donald Trump,trump_278t_2026_05_08_equity,896,CARRIER GLOBAL CORP UNSOLICITED IDUrcha08,purchase,2026-03-31,2026-05-12,15001.0,50000.0,equity,CARR,trump_278t_2026_05_08_equity.pdf,56.110145568847656,65.55999755859375,42,0.16841610182869762,0.00015256462176542056,-0.06284318311944029,,
b9a019a75763,Donald Trump,trump_278t_2026_05_08_equity,898,CATERPILLAR INC UNSOLICITED I,purchase,2026-03-11,2026-05-12,15001.0,50000.0,equity,CAT,trump_278t_2026_05_08_equity.pdf,706.2454833984375,912.1400146484375,62,0.29153394406041383,-0.010787846928589525,-0.056997817658962474,,
8768542a830d,Donald Trump,trump_278t_2026_05_08_equity,871,FREEPORT-MCMORAN INC UNSOLICITED,purchase,2026-03-23,2026-05-12,15001.0,50000.0,equity,FCX,trump_278t_2026_05_08_equity.pdf,54.81928634643555,66.02999877929688,50,0.2045030714558047,0.017113507552673213,-0.1110101189136426,,
52220d6c4d97,Donald Trump,trump_278t_2026_05_08_equity,869,PEPSICO INC UNSOLICITED,purchase,2026-03-12,2026-05-12,15001.0,50000.0,equity,PEP,trump_278t_2026_05_08_equity.pdf,158.86000061035156,151.85000610351562,61,-0.04412686944418377,-0.016990462478453306,-0.00974653228080351,,
948b949b98a0,Donald Trump,trump_278t_2026_05_08_equity,836,SMURFIT WESTROCK PLC F,purchase,2026-03-16,2026-05-12,15001.0,50000.0,equity,SW,trump_278t_2026_05_08_equity.pdf,38.97477340698242,40.12167739868164,57,0.029426828983019775,-0.0034501030029787053,-0.11220065457544394,,
96b1cdf341a5,Donald Trump,trump_278t_2026_05_08_equity,640,LULULEMON ATHLETICA INC,purchase,2026-01-16,2026-05-12,15001.0,50000.0,equity,LULU,trump_278t_2026_05_08_equity.pdf,201.8699951171875,125.12999725341797,116,-0.3801456368947808,-0.03132740553814914,-0.04723084921632099,,
b7c2e862a250,Donald Trump,trump_278t_2026_05_08_equity,641,LINDE PLCF,purchase,2026-03-16,2026-05-12,15001.0,50000.0,equity,LIN,trump_278t_2026_05_08_equity.pdf,497.4100036621094,503.8699951171875,57,0.012987256805286122,0.018635788476060414,0.004366229837757222,,
1ffbe690d9ed,Donald Trump,trump_278t_2026_05_08_equity,643,SANDISK CORP UNSOLICITED,purchase,2026-03-21,2026-05-12,15001.0,50000.0,equity,SNDK,trump_278t_2026_05_08_equity.pdf,702.489990234375,1452.02001953125,52,1.0669618638221532,-0.0032988794906879796,-0.04733404467173795,,
3bbf402d6838,Donald Trump,trump_278t_2026_05_08_equity,644,WHIRLPOOL CORP,purchase,2026-03-11,2026-05-12,15001.0,50000.0,equity,WHR,trump_278t_2026_05_08_equity.pdf,58.22999954223633,41.290000915527344,62,-0.2909153144406568,0.011625079476707436,-0.012836100320715423,,
f9b338728aec,Donald Trump,trump_278t_2026_05_08_equity,645,TEXAS INSTR$ INC,purchase,2026-03-16,2026-05-12,15001.0,50000.0,equity,TXN,trump_278t_2026_05_08_equity.pdf,193.1486053466797,295.1700134277344,57,0.5282016295066584,0.037842539560309925,0.024189395284245012,,
0e03be2634e7,Donald Trump,trump_278t_2026_05_08_equity,647,HNI CORP,purchase,2026-03-04,2026-05-12,15001.0,50000.0,equity,HNI,trump_278t_2026_05_08_equity.pdf,42.82282638549805,31.301212310791016,69,-0.26905309731281135,-0.0186413866435925,-0.07582934461042543,,
7aba77392ee2,Donald Trump,trump_278t_2026_05_08_equity,648,BROWN & BROWN INC UNSOLICITED,purchase,2026-03-21,2026-05-12,15001.0,50000.0,equity,BRO,trump_278t_2026_05_08_equity.pdf,66.52497863769531,55.77000045776367,52,-0.16166826957592595,-0.024923783005903442,0.041599420401318185,,
abe63c23a263,Donald Trump,trump_278t_2026_05_08_equity,649,LUMENTUM HLDGS INC,purchase,2026-03-11,2026-05-12,15001.0,50000.0,equity,LITE,trump_278t_2026_05_08_equity.pdf,672.0,992.3699951171875,62,0.4767410641624814,0.03829216943979915,-0.10306636513092142,,
942dce232e4d,Donald Trump,trump_278t_2026_05_08_equity,771,RTX CORP UNSOLICITED,purchase,2026-03-02,2026-05-12,15001.0,50000.0,equity,RTX,trump_278t_2026_05_08_equity.pdf,211.27992248535156,178.14793395996094,71,-0.15681560337418113,-0.004360218492290817,-0.024596099923058494,,
c231df384065,Donald Trump,trump_278t_2026_05_08_equity,850,ROBERT HALF INC,purchase,2026-03-30,2026-05-12,15001.0,50000.0,equity,RHI,trump_278t_2026_05_08_equity.pdf,25.200824737548828,25.494312286376953,43,0.011645950157767385,-0.04451263552490947,-0.014581678993880309,,
e4cf05137dfc,Donald Trump,trump_278t_2026_05_08_equity,853,GOLDMAN SACHS GROUP INC UNSOLICITED,purchase,2026-03-23,2026-05-12,15001.0,50000.0,equity,GS,trump_278t_2026_05_08_equity.pdf,831.27001953125,945.9000244140625,50,0.13789743668062507,0.010064444709144485,-0.018141488251168274,,
9de0b8e399cd,Donald Trump,trump_278t_2026_05_08_equity,856,RALLIANT CORP,purchase,2026-03-04,2026-05-12,15001.0,50000.0,equity,RAL,trump_278t_2026_05_08_equity.pdf,46.947357177734375,59.15999984741211,69,0.2601348276846092,0.037187301700706304,-0.009465878545223023,,
7d44c73f441f,Donald Trump,trump_278t_2026_05_08_equity,857,SNAP ON INC COM,purchase,2026-01-01,2026-05-12,15001.0,50000.0,equity,SNA,trump_278t_2026_05_08_equity.pdf,346.364013671875,366.72711181640625,131,0.05879103296170386,-0.007122960187615556,-0.025133407795046216,,
44d27a94f800,Donald Trump,trump_278t_2026_05_08_equity,859,LKQ CORP,purchase,2026-03-04,2026-05-12,15001.0,50000.0,equity,LKQ,trump_278t_2026_05_08_equity.pdf,31.390708923339844,26.538515090942383,69,-0.15457420360423027,-0.017877039563168287,-0.08603349546224708,,
0c84e36027b5,Donald Trump,trump_278t_2026_05_08_equity,660,VISA INC CL A UNSOLICITED,purchase,2026-01-21,2026-05-12,15001.0,50000.0,equity,V,trump_278t_2026_05_08_equity.pdf,323.9390563964844,326.4200134277344,111,0.007658715373343062,-0.01871826364131105,0.010691716472058915,,
822e1445328b,Donald Trump,trump_278t_2026_05_08_equity,862,ALIGN TECHNOLOGY INC UNSOLICITED,purchase,2026-03-23,2026-05-12,15001.0,50000.0,equity,ALGN,trump_278t_2026_05_08_equity.pdf,180.86000061035156,165.7899932861328,50,-0.08332415831782439,-0.024368137099567214,-0.06411719678206032,,
db0f23be1054,Donald Trump,trump_278t_2026_05_08_equity,864,NETFLIX INC UNSOLICITED I,purchase,2026-03-11,2026-05-12,15001.0,50000.0,etf,NFLX,trump_278t_2026_05_08_equity.pdf,94.88999938964844,87.66000366210938,62,-0.07619344266038412,-0.001140840740791027,0.019050856709776312,,
d02891469f64,Donald Trump,trump_278t_2026_05_08_equity,867,ANALOG DEVICES INC UNSOLICITED IDUrchDIO,purchase,2026-03-11,2026-05-12,15001.0,50000.0,equity,ADI,trump_278t_2026_05_08_equity.pdf,319.2200012207031,419.6499938964844,62,0.3146105892229031,0.03035868208566142,-0.012724881247604281,,
c559ea8f0652,Donald Trump,trump_278t_2026_05_08_equity,516,STRATEGY INC CLASS A,purchase,2026-02-12,2026-05-12,50001.0,100000.0,equity,MSTR,trump_278t_2026_05_08_equity.pdf,123.0,184.4199981689453,89,0.4993495786093115,-0.034649167406425325,-0.10730936711106243,,
f7f3064c2327,Donald Trump,trump_278t_2026_05_08_equity,514,WSFS FINL CORP.,purchase,2026-03-04,2026-05-12,50001.0,100000.0,equity,WSFS,trump_278t_2026_05_08_equity.pdf,65.01903533935547,70.41999816894531,69,0.08306740943479804,-0.00979827932338688,0.005254228290298361,,
5bbbff31b0e9,Donald Trump,trump_278t_2026_05_08_equity,162,MICROSOFT CORP UNSOLICITED,purchase,2026-03-31,2026-05-12,100001.0,250000.0,equity,MSFT,trump_278t_2026_05_08_equity.pdf,369.3699951171875,406.8887023925781,42,0.1015748646922101,-0.0062779903800582754,0.0236653926530322,,
a75435fba51b,Donald Trump,trump_278t_2026_05_08_equity,163,"ULTA BEAUTY, INC",purchase,2026-01-10,2026-05-12,100001.0,250000.0,equity,ULTA,trump_278t_2026_05_08_equity.pdf,661.489990234375,505.20001220703125,122,-0.2362696039768766,-0.02583138953923653,-0.04679337703331212,,
3448d33a3c97,Donald Trump,trump_278t_2026_05_08_equity,164,MASCO CORP.,purchase,2026-01-06,2026-05-12,100001.0,250000.0,equity,MAS,trump_278t_2026_05_08_equity.pdf,65.43521881103516,69.46737670898438,126,0.061620606933299134,-0.03323782776224824,-0.07636107519767764,,
7cb057a0fea5,Donald Trump,trump_278t_2026_05_08_equity,165,LENNOX INTL INC I,purchase,2026-01-06,2026-05-12,100001.0,250000.0,equity,LII,trump_278t_2026_05_08_equity.pdf,518.3278198242188,508.54998779296875,126,-0.018864185284451777,-0.0020646697830542494,-0.05085042959845695,,
267af619c79e,Donald Trump,trump_278t_2026_05_08_equity,167,COSTCO WHOLESALE CORP I,purchase,2026-01-23,2026-05-12,100001.0,250000.0,equity,COST,trump_278t_2026_05_08_equity.pdf,980.48583984375,1021.8800048828125,109,0.0422180141282398,0.010960143185460793,0.07088889210094418,,
198ad082d3f7,Donald Trump,trump_278t_2026_05_08_equity,171,APPLE INC UNSOLICITED,purchase,2026-03-25,2026-05-12,100001.0,250000.0,equity,AAPL,trump_278t_2026_05_08_equity.pdf,252.38746643066406,294.79998779296875,48,0.16804527563161012,0.013805995565634225,0.014145229309381382,,
187b78453bdc,Donald Trump,trump_278t_2026_05_08_equity,173,BOSTON SCIENTIFIC CORP,purchase,2026-03-18,2026-05-12,100001.0,250000.0,equity,BSX,trump_278t_2026_05_08_equity.pdf,71.27999877929688,54.099998474121094,55,-0.2410213327636262,-0.019223606842199155,0.05009247644371488,,
6a310f0b19a4,Donald Trump,trump_278t_2026_05_08_equity,175,TE CONNECTIVITY PLC ORO SHS,purchase,2026-02-10,2026-05-12,100001.0,250000.0,equity,TEL,trump_278t_2026_05_08_equity.pdf,224.2235107421875,212.9070281982422,91,-0.05046965194009927,-0.02840033469324862,-0.08262759284243795,,
32e4384ccf0f,Donald Trump,trump_278t_2026_05_08_equity,176,ACCENTURE PLC IRELAND F CLASS A,purchase,2026-03-16,2026-05-12,100001.0,250000.0,equity,ACN,trump_278t_2026_05_08_equity.pdf,197.63400268554688,169.77000427246094,57,-0.14098787675428512,-0.05966899115202372,0.04140895683794972,,
541ca7f5cafe,Donald Trump,trump_278t_2026_05_08_equity,179,S&P GLOBAL INC,purchase,2026-03-18,2026-05-12,100001.0,250000.0,equity,SPGI,trump_278t_2026_05_08_equity.pdf,425.6492004394531,423.1849365234375,55,-0.005789424515472939,-0.041539998344261496,-0.03246343601508164,,
b50032cf8357,Donald Trump,trump_278t_2026_05_08_equity,182,MICROSOFT CORP UNSOLICITED,purchase,2026-03-25,2026-05-12,100001.0,250000.0,equity,MSFT,trump_278t_2026_05_08_equity.pdf,370.2381286621094,406.8887023925781,48,0.0989918943867534,-0.0062779903800582754,0.0236653926530322,,
779d58053321,Donald Trump,trump_278t_2026_05_08_equity,184,Comfort Svs Uso Inc,purchase,2026-01-06,2026-05-12,100001.0,250000.0,equity,FIX,trump_278t_2026_05_08_equity.pdf,1034.167236328125,2015.520263671875,126,0.9489306882589946,0.009085864563456603,-0.09427851810613705,,
e1bc85cc85d5,Donald Trump,trump_278t_2026_05_08_equity,185,MOTOROLA SOLUTIONS INC,purchase,2026-01-13,2026-05-12,100001.0,250000.0,equity,MSI,trump_278t_2026_05_08_equity.pdf,389.9696350097656,391.3900146484375,119,0.0036422826578184886,0.016607475297596864,0.018753662748610768,,
6d0b313b5f4f,Donald Trump,trump_278t_2026_05_08_equity,186,WORKDAY INC CLASS A,purchase,2026-01-21,2026-05-12,100001.0,250000.0,equity,WDAY,trump_278t_2026_05_08_equity.pdf,183.41000366210938,118.62000274658203,111,-0.3532522742591946,-0.017872219672015795,0.09037256232585515,,
307a8b07acd7,Donald Trump,trump_278t_2026_05_08_equity,130,META PLATFORMS INC CL A,purchase,2026-01-23,2026-05-12,250001.0,500000.0,equity,META,trump_278t_2026_05_08_equity.pdf,658.1964721679688,603.0,109,-0.08386017625734533,0.022603656522077114,-0.0006467904617537313,,
cafbef31d7bc,Donald Trump,trump_278t_2026_05_08_equity,131,ALPHABET INC CL A UNSOLICITED,purchase,2026-03-31,2026-05-12,250001.0,500000.0,equity,GOOGL,trump_278t_2026_05_08_equity.pdf,287.55999755859375,387.3500061035156,42,0.34702326259614213,0.03942168264634315,0.0008003034818874021,,
62ca5001581c,Donald Trump,trump_278t_2026_05_08_equity,133,META PLATFORMS INC CLASS A,purchase,2026-01-21,2026-05-12,250001.0,500000.0,equity,META,trump_278t_2026_05_08_equity.pdf,612.4356689453125,603.0,111,-0.01540679196814557,0.022603656522077114,-0.0006467904617537313,,
13ef8529e924,Donald Trump,trump_278t_2026_05_08_equity,134,EQUIFAX INC COM,purchase,2026-03-11,2026-05-12,250001.0,500000.0,equity,EFX,trump_278t_2026_05_08_equity.pdf,190.89231872558594,166.1874237060547,62,-0.12941796288328059,-0.04089701658917486,-0.035559984387479905,,
a96220975600,Donald Trump,trump_278t_2026_05_08_equity,135,ECOLAB INC,purchase,2026-03-11,2026-05-12,250001.0,500000.0,equity,ECL,trump_278t_2026_05_08_equity.pdf,276.2596130371094,251.6999969482422,62,-0.08890049406377813,-0.008263813493340664,-0.02371871789069093,,
009a6633d7de,Donald Trump,trump_278t_2026_05_08_equity,137,INVITATION HOMES INC COM,purchase,2026-01-06,2026-05-12,250001.0,500000.0,equity,INVH,trump_278t_2026_05_08_equity.pdf,27.761310577392578,28.459999084472656,126,0.02516770615466026,0.0,0.007027433920353515,,
4149bc01515c,Donald Trump,trump_278t_2026_05_08_equity,140,STATE STREET SPDR S&P 500 ETF TRUST,purchase,2026-03-10,2026-05-12,250001.0,500000.0,etf,SPY,trump_278t_2026_05_08_equity.pdf,675.3356323242188,738.1799926757812,63,0.09305648531424127,0.0055948480367801765,-0.006028356567753464,,
6feb1a39211b,Donald Trump,trump_278t_2026_05_08_equity,141,ACCENTURE PLC,purchase,2026-01-11,2026-05-12,250001.0,500000.0,equity,ACN,trump_278t_2026_05_08_equity.pdf,278.5973815917969,169.77000427246094,121,-0.3906259875722403,-0.05966899115202372,0.04140895683794972,,
cd82fac52e31,Donald Trump,trump_278t_2026_05_08_equity,146,MOTOROLA SOLUTIONS INC,purchase,2026-01-11,2026-05-12,100001.0,250000.0,equity,MSI,trump_278t_2026_05_08_equity.pdf,384.6237487792969,391.3900146484375,121,0.01759190869158528,0.016607475297596864,0.018753662748610768,,
c2a0a271df2b,Donald Trump,trump_278t_2026_05_08_equity,147,SKYWORKS SOLUTIONS INC,purchase,2026-01-01,2026-05-12,100001.0,250000.0,equity,SWKS,trump_278t_2026_05_08_equity.pdf,63.086952209472656,65.73877716064453,131,0.04203444386355531,0.027597590811967672,0.06092592212186067,,
8d9ac29d8f80,Donald Trump,trump_278t_2026_05_08_equity,148,JACOBS SOLUTIONS INC COM,purchase,2026-01-01,2026-05-12,100001.0,250000.0,equity,J,trump_278t_2026_05_08_equity.pdf,134.57406616210938,113.78965759277344,131,-0.15444586882214598,-0.06027166063299692,-0.011038149232988424,,
6dc12daad632,Donald Trump,trump_278t_2026_05_08_equity,149,ZOETISINC,purchase,2026-01-01,2026-05-12,100001.0,250000.0,equity,ZTS,trump_278t_2026_05_08_equity.pdf,124.84159088134766,76.94000244140625,131,-0.3836989588307008,-0.03379264389152655,0.02573428209918411,,
627c584bfc0b,Donald Trump,trump_278t_2026_05_08_equity,152,BOOKING HLDGS INC,purchase,2026-02-23,2026-05-12,100001.0,250000.0,equity,BKNG,trump_278t_2026_05_08_equity.pdf,154.4807891845703,160.55999755859375,78,0.039352520181393756,-0.034441946084850884,-0.03749379897856585,,
de5e813c1e3d,Donald Trump,trump_278t_2026_05_08_equity,127,NETFLIX INC,purchase,2026-02-12,2026-05-12,250001.0,500000.0,etf,NFLX,trump_278t_2026_05_08_equity.pdf,75.86000061035156,87.66000366210938,89,0.15554973578721049,-0.001140840740791027,0.019050856709776312,,
dfa85d4f78da,Donald Trump,trump_278t_2026_05_08_equity,223,AMAZON.COM INC UNSOLICITED,purchase,2026-01-25,2026-05-12,100001.0,250000.0,equity,AMZN,trump_278t_2026_05_08_equity.pdf,238.4199981689453,265.82000732421875,107,0.11492328397661378,0.016213969753363512,-0.02437743889768426,,
a7c96b378bc1,Donald Trump,trump_278t_2026_05_08_equity,224,FACTSET RESH SYS INC,purchase,2026-01-06,2026-05-12,100001.0,250000.0,equity,FDS,trump_278t_2026_05_08_equity.pdf,289.87255859375,214.87158203125,126,-0.25873776022935724,-0.06507040565199508,0.027834391340212747,,
86477b704555,Donald Trump,trump_278t_2026_05_08_equity,227,AMAZON.COM INC UNSOLICITED,purchase,2026-01-23,2026-05-12,100001.0,250000.0,equity,AMZN,trump_278t_2026_05_08_equity.pdf,239.16000366210938,265.82000732421875,109,0.11147350415571672,0.016213969753363512,-0.02437743889768426,,
dfbabb0a613a,Donald Trump,trump_278t_2026_05_08_equity,230,BOOKING HLDGS INC FORWARD SPLIT WITH STOCK SPLIT SHARES I,purchase,2026-03-18,2026-05-12,100001.0,250000.0,equity,BKNG,trump_278t_2026_05_08_equity.pdf,175.25559997558594,160.55999755859375,55,-0.08385239854840225,-0.034441946084850884,-0.03749379897856585,,
356f7d9dcc86,Donald Trump,trump_278t_2026_05_08_equity,232,JPMORGAN CHASE & CO UNSOLICITED loun:haao,purchase,2026-03-02,2026-05-12,100001.0,250000.0,equity,JPM,trump_278t_2026_05_08_equity.pdf,296.044921875,304.8800048828125,71,0.029843724228929572,-0.015186318579967705,-0.030110182789159255,,
978b426e093d,Donald Trump,trump_278t_2026_05_08_equity,234,MOLINA HEALTHCARE INC I,purchase,2026-03-23,2026-05-12,100001.0,250000.0,equity,MOH,trump_278t_2026_05_08_equity.pdf,135.24000549316406,191.5800018310547,50,0.41659268004642624,0.0020356998951923983,-0.03758219479813724,,
7f82b26eee48,Donald Trump,trump_278t_2026_05_08_equity,238,KLA CORP UNSOLICITED,purchase,2026-03-02,2026-05-12,100001.0,250000.0,equity,KLAC,trump_278t_2026_05_08_equity.pdf,1532.9932861328125,1809.041015625,71,0.18007106227357073,0.021177605646119913,-0.03784384045414255,,
67b54708d523,Donald Trump,trump_278t_2026_05_08_equity,238,WASTE MGMT INC DEL,purchase,2026-03-17,2026-05-12,100001.0,250000.0,equity,WM,trump_278t_2026_05_08_equity.pdf,236.0500030517578,217.64999389648438,56,-0.07794962472946436,-0.005559345228622447,0.021548369276026,,
7371eb92a11a,Donald Trump,trump_278t_2026_05_08_equity,239,ADVANCED MICRO DEVICES INC UNSOLICITED,purchase,2026-03-02,2026-05-12,100001.0,250000.0,equity,AMD,trump_278t_2026_05_08_equity.pdf,198.6199951171875,448.2900085449219,71,1.2570235603944453,-0.006223668812021485,-0.07637917441678164,,
79bac0ac2f4d,Donald Trump,trump_278t_2026_05_08_equity,240,CHURCH & DWIGHT INC,purchase,2026-03-17,2026-05-12,100001.0,250000.0,equity,CHD,trump_278t_2026_05_08_equity.pdf,96.99333953857422,93.2057113647461,56,-0.03905039451004558,0.01689651810695543,0.027297561469138167,,
3f6060299b5c,Donald Trump,trump_278t_2026_05_08_equity,241,INSULET CORP,purchase,2026-01-06,2026-05-12,100001.0,250000.0,equity,PODD,trump_278t_2026_05_08_equity.pdf,294.3500061035156,158.35000610351562,126,-0.46203498277547905,-0.060056895478792546,-0.023618600246337648,,
d51746b1bbd0,Donald Trump,trump_278t_2026_05_08_equity,242,STATE STREET CONSUMER DISCRETIONARY SELECT SECTOR SPDR ETF,purchase,2026-03-10,2026-05-12,100001.0,250000.0,etf,XLY,trump_278t_2026_05_08_equity.pdf,114.2105712890625,118.29000091552734,63,0.03571849418509576,0.0036351365444899347,-0.027559405790845204,,
22160d470760,Donald Trump,trump_278t_2026_05_08_equity,243,MICRON TECHNOLOGY INC UNSOLICITED,purchase,2026-03-02,2026-05-12,100001.0,250000.0,equity,MU,trump_278t_2026_05_08_equity.pdf,412.4967346191406,766.5800170898438,71,0.8583905101639876,0.04833153352160296,-0.08849699358588661,,
b6f9491fcfc9,Donald Trump,trump_278t_2026_05_08_equity,244,GARTNER GROUP INC NEW,purchase,2026-01-16,2026-05-12,100001.0,250000.0,equity,IT,trump_278t_2026_05_08_equity.pdf,230.6699981689453,152.9600067138672,116,-0.336888160887583,-0.05557008124287301,0.007714386924606961,,
7015106d6691,Donald Trump,trump_278t_2026_05_08_equity,245,QUALCOMM INC UNSOLICITED,purchase,2026-03-02,2026-05-12,100001.0,250000.0,equity,QCOM,trump_278t_2026_05_08_equity.pdf,140.1302947998047,210.30999755859375,71,0.5008174917425984,0.013598976004717739,-0.06989680528214866,,
d3812aee58fa,Donald Trump,trump_278t_2026_05_08_equity,246,VISA INC CLASS A,purchase,2026-02-12,2026-05-12,100001.0,250000.0,equity,V,trump_278t_2026_05_08_equity.pdf,323.50933837890625,326.4200134277344,89,0.008997190199866915,-0.01871826364131105,0.010691716472058915,,
5a8da1bd7514,Donald Trump,trump_278t_2026_05_08_equity,247,CHEVRON CORP,purchase,2026-01-23,2026-05-12,100001.0,250000.0,equity,CVX,trump_278t_2026_05_08_equity.pdf,163.60638427734375,184.26229858398438,109,0.1262537180188821,0.00026896737561542435,0.0704848550996231,,
8ee5249bce4f,Donald Trump,trump_278t_2026_05_08_equity,248,PALANTIR TECHNOLOGIES IN CLASS A,purchase,2026-03-18,2026-05-12,100001.0,250000.0,equity,PLTR,trump_278t_2026_05_08_equity.pdf,152.77000427246094,136.0,55,-0.10977288606048681,-0.04374997756060432,-0.00544121686150046,,
4830f26ec7ec,Donald Trump,trump_278t_2026_05_08_equity,220,LAM RESEARCH CORP UNSOLICITED,purchase,2026-03-02,2026-05-12,100001.0,250000.0,equity,LRCX,trump_278t_2026_05_08_equity.pdf,230.72357177734375,289.239990234375,71,0.2536213270549644,0.021435529029050576,-0.05483330758900574,,
696546eb975e,Donald Trump,trump_278t_2026_05_08_equity,191,SMURFIT WESTROCK PLC SHS,purchase,2026-02-10,2026-05-12,100001.0,250000.0,equity,SW,trump_278t_2026_05_08_equity.pdf,44.83674621582031,40.12167739868164,91,-0.1051608159620422,-0.0034501030029787053,-0.11220065457544394,,
9c68d539e048,Donald Trump,trump_278t_2026_05_08_equity,192,MARSH & MCLENNAN COS INC,purchase,2026-03-18,2026-05-12,100001.0,250000.0,equity,MRSH,trump_278t_2026_05_08_equity.pdf,170.14453125,163.38999938964844,55,-0.03969878908671396,-0.02601138390278529,0.016402521234969197,,
b6f2a90719d9,Donald Trump,trump_278t_2026_05_08_equity,194,APPLIED MATERIALS INC UNSOLICITED,purchase,2026-03-02,2026-05-12,100001.0,250000.0,equity,AMAT,trump_278t_2026_05_08_equity.pdf,371.7178955078125,430.66461181640625,71,0.15857917259556542,0.012546327534446173,-0.05633113563205489,,
8b9827278b79,Donald Trump,trump_278t_2026_05_08_equity,195,EBAY INC,purchase,2026-02-10,2026-05-12,100001.0,250000.0,equity,EBAY,trump_278t_2026_05_08_equity.pdf,86.94747924804688,110.09478759765625,91,0.26622173005814126,0.023641293651766027,0.03478253879463996,,
c1c9558f057d,Donald Trump,trump_278t_2026_05_08_equity,203,TRIMBLE INC,purchase,2026-01-21,2026-05-12,100001.0,250000.0,equity,TRMB,trump_278t_2026_05_08_equity.pdf,70.23999786376953,56.5099983215332,111,-0.1954726645758968,-0.02849047679126909,-0.03450711389419983,,
6af3a9a758d9,Donald Trump,trump_278t_2026_05_08_equity,205,ALEXANDRIA REAL ESTATE EQUITIES INC,purchase,2026-01-06,2026-05-12,100001.0,250000.0,equity,ARE,trump_278t_2026_05_08_equity.pdf,51.565277099609375,46.5,126,-0.09823038650262089,0.016559149629326277,-0.014193545105636762,,
c918107b0432,Donald Trump,trump_278t_2026_05_08_equity,207,Amazon Com Inc Com Solldtod Ordor Dlscrotlon Exercised,purchase,2026-02-02,2026-05-12,100001.0,250000.0,equity,AMZN,trump_278t_2026_05_08_equity.pdf,242.9600067138672,265.82000732421875,99,0.09408956197994213,0.016213969753363512,-0.02437743889768426,,
0ee8d7da006c,Donald Trump,trump_278t_2026_05_08_equity,212,NETFLIX INC,purchase,2026-01-23,2026-05-12,100001.0,250000.0,etf,NFLX,trump_278t_2026_05_08_equity.pdf,86.12000274658203,87.66000366210938,109,0.01788203514181221,-0.001140840740791027,0.019050856709776312,,
3e1e9e1363ad,Donald Trump,trump_278t_2026_05_08_equity,213,Broadcom Inc Com Solldted Ordor Dlscnltlon Exercised Allocoted Order Your Brokor Aclod As Aoont,purchase,2026-02-02,2026-05-12,100001.0,250000.0,equity,AVGO,trump_278t_2026_05_08_equity.pdf,330.4168701171875,419.29998779296875,99,0.2690029647828135,-0.00598611810426808,-0.019627905338298245,,
601dd094df10,Donald Trump,trump_278t_2026_05_08_equity,216,TERADYNE INC COM,purchase,2026-01-06,2026-05-12,100001.0,250000.0,equity,TER,trump_278t_2026_05_08_equity.pdf,228.65798950195312,358.314697265625,126,0.567033358624735,0.013753639304006318,-0.10302705264240895,,
38480699e0ae,Donald Trump,trump_278t_2026_05_08_equity,125,ALPHABET INC CL A UNSOLICITED,purchase,2026-03-11,2026-05-12,250001.0,500000.0,equity,GOOGL,trump_278t_2026_05_08_equity.pdf,308.70001220703125,387.3500061035156,62,0.25477807187042595,0.03942168264634315,0.0008003034818874021,,
60e2102e0c18,Donald Trump,trump_278t_2026_05_08_equity,34,COMCAST CORP NEW CLASS A l,purchase,2026-01-12,2026-05-12,1000001.0,5000000.0,equity,CMCSA,trump_278t_2026_05_08_equity.pdf,28.393125534057617,24.899999618530273,120,-0.12302717118400126,0.0016064624955887774,-0.004016079638624071,,
c87551e2921b,Donald Trump,trump_278t_2026_05_08_equity,35,PTCINC l,purchase,2026-02-10,2026-05-12,1000001.0,5000000.0,equity,PTC,trump_278t_2026_05_08_equity.pdf,162.72000122070312,144.22000122070312,91,-0.11369223120216039,-0.023644457309988296,0.006725843936297783,,
baaf61dea603,Donald Trump,trump_278t_2026_05_08_equity,39,ACCENTURE PLC,purchase,2026-02-10,2026-05-12,500001.0,1000000.0,equity,ACN,trump_278t_2026_05_08_equity.pdf,238.83460998535156,169.77000427246094,91,-0.28917335606060846,-0.05966899115202372,0.04140895683794972,,
e48e2936224f,Donald Trump,trump_278t_2026_05_08_equity,40,NVIDIA CORP UNSOLICITED,purchase,2026-01-06,2026-05-12,500001.0,1000000.0,equity,NVDA,trump_278t_2026_05_08_equity.pdf,187.22987365722656,220.77999877929688,126,0.1791921581034265,0.022873462631033244,-0.0007699889930484667,,
8f7c6b78d6ae,Donald Trump,trump_278t_2026_05_08_equity,41,ADVANCED MICRO DEVICES INC,purchase,2026-02-10,2026-05-12,500001.0,1000000.0,equity,AMD,trump_278t_2026_05_08_equity.pdf,213.57000732421875,448.2900085449219,91,1.099030730772869,-0.006223668812021485,-0.07637917441678164,,
d9da06afa32e,Donald Trump,trump_278t_2026_05_08_equity,42,STATE STREET ENERGY SELECT SECTOR SPDR ETF,purchase,2026-03-05,2026-05-12,500001.0,1000000.0,etf,XLE,trump_278t_2026_05_08_equity.pdf,56.11336898803711,57.56999969482422,68,0.025958710607763554,0.0010422333439131493,0.0646170095609288,,
e59cd5d484df,Donald Trump,trump_278t_2026_05_08_equity,43,VANGUARD S&P 500 ETF UNSOLICITED,purchase,2026-03-25,2026-05-12,500001.0,1000000.0,etf,VOO,trump_278t_2026_05_08_equity.pdf,603.754150390625,678.6699829101562,48,0.1240833416566349,0.005510764183702092,-0.00601169369122903,,
8cd15dc7ddcd,Donald Trump,trump_278t_2026_05_08_equity,46,AVALONBAY CMNTYS INC REIT,purchase,2026-01-12,2026-05-12,500001.0,1000000.0,reit,AVB,trump_278t_2026_05_08_equity.pdf,176.42457580566406,187.02000427246094,120,0.06005642024877529,-0.0029943190343312957,-0.010212830812081351,,
2ac814bf248b,Donald Trump,trump_278t_2026_05_08_equity,47,DATAOOG INC CL A COM,purchase,2026-03-17,2026-05-12,500001.0,1000000.0,equity,DDOG,trump_278t_2026_05_08_equity.pdf,128.8699951171875,199.94000244140625,56,0.5514860713666628,0.026858032667881022,0.07607277818022191,,
3319cdde908b,Donald Trump,trump_278t_2026_05_08_equity,48,ALPHABET INC CL A UNSOLICITED,purchase,2026-03-02,2026-05-12,500001.0,1000000.0,equity,GOOGL,trump_278t_2026_05_08_equity.pdf,306.3043518066406,387.3500061035156,71,0.26459191264783705,0.03942168264634315,0.0008003034818874021,,
97d130d7d569,Donald Trump,trump_278t_2026_05_08_equity,49,AMPHENOL CORP NEW,purchase,2026-02-10,2026-05-12,500001.0,1000000.0,equity,APH,trump_278t_2026_05_08_equity.pdf,143.85568237304688,127.87000274658203,91,-0.11112303221370667,-0.02526005542781559,-0.06780328155245616,,
8cc397bab321,Donald Trump,trump_278t_2026_05_08_equity,50,ZEBRA TECHNOLOGIES CORP CL A,purchase,2026-02-10,2026-05-12,500001.0,1000000.0,equity,ZBRA,trump_278t_2026_05_08_equity.pdf,256.57000732421875,241.7899932861328,91,-0.05760616446258638,0.020555032708990797,0.022168000162060348,,
257c3d265c88,Donald Trump,trump_278t_2026_05_08_equity,51,MICROCHIP TECHNOLOGY INC,purchase,2026-02-10,2026-05-12,500001.0,1000000.0,equity,MCHP,trump_278t_2026_05_08_equity.pdf,76.02850341796875,97.21208190917969,91,0.2786267983568431,-0.010132962563635134,-0.06028654390728079,,
c202a25e44b2,Donald Trump,trump_278t_2026_05_08_equity,52,CHIPOTLE MEXICAN GRILL INC,purchase,2026-02-10,2026-05-12,500001.0,1000000.0,equity,CMG,trump_278t_2026_05_08_equity.pdf,38.439998626708984,32.66999816894531,91,-0.150104075543711,-0.017141034281601505,0.011325459666959511,,
55afb99b6e6b,Donald Trump,trump_278t_2026_05_08_equity,53,PAYCHEX INC COM,purchase,2026-02-10,2026-05-12,500001.0,1000000.0,equity,PAYX,trump_278t_2026_05_08_equity.pdf,97.7724380493164,92.5199966430664,91,-0.05372108450032379,-0.02810201652029504,0.02118468206855554,,
7a916bce161f,Donald Trump,trump_278t_2026_05_08_equity,54,ISHARES CORE MSCI EMERGING ETF,purchase,2026-03-04,2026-05-12,500001.0,1000000.0,etf,IEMG,trump_278t_2026_05_08_equity.pdf,72.47000122070312,80.44999694824219,69,0.1101144693407201,0.0198882058944638,-0.02386573327256371,,
9681ae8556c8,Donald Trump,trump_278t_2026_05_08_equity,55,DOORDASH INC CL A,purchase,2026-03-17,2026-05-12,500001.0,1000000.0,equity,DASH,trump_278t_2026_05_08_equity.pdf,169.80999755859375,155.19000244140625,56,-0.086096197676128,-0.039435498556024406,-0.0034796606509865952,,
23647be40b13,Donald Trump,trump_278t_2026_05_08_equity,57,MICROSOFT CORP UNSOLICITED,purchase,2026-01-06,2026-05-12,500001.0,1000000.0,equity,MSFT,trump_278t_2026_05_08_equity.pdf,476.3885192871094,406.8887023925781,126,-0.1458889416531996,-0.0062779903800582754,0.0236653926530322,,
cf0020e2805a,Donald Trump,trump_278t_2026_05_08_equity,58,LINDE PLC SHS,purchase,2026-02-10,2026-05-12,500001.0,1000000.0,equity,LIN,trump_278t_2026_05_08_equity.pdf,458.9683532714844,503.8699951171875,91,0.09783167298060604,0.018635788476060414,0.004366229837757222,,
df2e18c1e1b4,Donald Trump,trump_278t_2026_05_08_equity,59,CHURCH & DWIGHT INC,purchase,2026-02-10,2026-05-12,500001.0,1000000.0,equity,CHD,trump_278t_2026_05_08_equity.pdf,98.34410858154297,93.2057113647461,91,-0.05224916155029585,0.01689651810695543,0.027297561469138167,,
c2a0380cca43,Donald Trump,trump_278t_2026_05_08_equity,33,VANGUARD S&P 500 ETF UNSOLICITED I,purchase,2026-01-31,2026-05-12,1000001.0,5000000.0,etf,VOO,trump_278t_2026_05_08_equity.pdf,637.6671142578125,678.6699829101562,101,0.06430136937525377,0.005510764183702092,-0.00601169369122903,,
2e7135f5d960,Donald Trump,trump_278t_2026_05_08_equity,32,APPLE INC UNSOLICITED,purchase,2026-03-02,2026-05-12,1000001.0,5000000.0,equity,AAPL,trump_278t_2026_05_08_equity.pdf,264.476318359375,294.79998779296875,71,0.1146555185798882,0.013805995565634225,0.014145229309381382,,
b8e61011e963,Donald Trump,trump_278t_2026_05_08_equity,29,BOEING COMPANY COM,purchase,2026-02-10,2026-05-12,1000001.0,5000000.0,equity,BA,trump_278t_2026_05_08_equity.pdf,242.58999633789062,236.8699951171875,91,-0.02357888333011078,0.01574708094405441,-0.09228691290991368,,
65ec98458978,Donald Trump,trump_278t_2026_05_08_equity,1,VANGUARD S&P 500 ETF UNSOLICITED I,purchase,2026-03-02,2026-05-12,1000001.0,5000000.0,etf,VOO,trump_278t_2026_05_08_equity.pdf,629.2936401367188,678.6699829101562,71,0.07846312059138262,0.005510764183702092,-0.00601169369122903,,
fc1e204ad748,Donald Trump,trump_278t_2026_05_08_equity,3,SERVICENOW INC COM,purchase,2026-02-10,2026-05-12,1000001.0,5000000.0,equity,NOW,trump_278t_2026_05_08_equity.pdf,106.4800033569336,89.0,91,-0.16416231034796788,-0.021910078070136937,0.1441573239444347,,
4fb1e8f470fc,Donald Trump,trump_278t_2026_05_08_equity,4,NVIDIA CORP,purchase,2026-02-10,2026-05-12,1000001.0,5000000.0,equity,NVDA,trump_278t_2026_05_08_equity.pdf,188.52978515625,220.77999877929688,91,0.17106163673988434,0.022873462631033244,-0.0007699889930484667,,
989ccbe12115,Donald Trump,trump_278t_2026_05_08_equity,7,WORKDAY INCCL A,purchase,2026-02-10,2026-05-12,1000001.0,5000000.0,equity,WDAY,trump_278t_2026_05_08_equity.pdf,153.22999572753906,118.62000274658203,91,-0.225869568269764,-0.017872219672015795,0.09037256232585515,,
066fef345c73,Donald Trump,trump_278t_2026_05_08_equity,8,ORACLE CORPORATION COM,purchase,2026-03-17,2026-05-12,1000001.0,5000000.0,equity,ORCL,trump_278t_2026_05_08_equity.pdf,154.151611328125,186.8300018310547,56,0.2119886404130471,0.015682666847216344,-0.028742680857239626,,
3c29cf0951a9,Donald Trump,trump_278t_2026_05_08_equity,9,MICROSOFT CORP UNSOLICITED,purchase,2026-03-11,2026-05-12,1000001.0,5000000.0,equity,MSFT,trump_278t_2026_05_08_equity.pdf,404.0049743652344,406.8887023925781,62,0.007137852774893709,-0.0062779903800582754,0.0236653926530322,,
75692c9b9cda,Donald Trump,trump_278t_2026_05_08_equity,10,BROADCOM INC COM,purchase,2026-02-10,2026-05-12,1000001.0,5000000.0,equity,AVGO,trump_278t_2026_05_08_equity.pdf,339.72735595703125,419.29998779296875,91,0.23422497611879645,-0.00598611810426808,-0.019627905338298245,,
6ffde55d103d,Donald Trump,trump_278t_2026_05_08_equity,11,SYNOPSYS INC COM,purchase,2026-02-10,2026-05-12,1000001.0,5000000.0,equity,SNPS,trump_278t_2026_05_08_equity.pdf,437.45001220703125,513.2100219726562,91,0.17318552440631818,-0.0076577288538780056,-0.03768442942935979,,
5fd3d57e2bed,Donald Trump,trump_278t_2026_05_08_equity,14,CADENCE DESIGN SYS INC,purchase,2026-03-11,2026-05-12,1000001.0,5000000.0,equity,CDNS,trump_278t_2026_05_08_equity.pdf,294.1600036621094,358.0400085449219,62,0.21716074275070066,-0.009747571971458173,-0.055636277936338754,,
1809c99fb545,Donald Trump,trump_278t_2026_05_08_equity,15,TRANE TECHNOLOGIES PLC SHS,purchase,2026-03-11,2026-05-12,1000001.0,5000000.0,equity,TT,trump_278t_2026_05_08_equity.pdf,432.4200134277344,467.6600036621094,62,0.08149481786245834,0.007184675459204193,-0.04201769179021296,,
fdfad4d91dc6,Donald Trump,trump_278t_2026_05_08_equity,16,TEXAS INSTR$ INC,purchase,2026-01-12,2026-05-12,1000001.0,5000000.0,equity,TXN,trump_278t_2026_05_08_equity.pdf,186.89427185058594,295.1700134277344,120,0.5793422158155297,0.037842539560309925,0.024189395284245012,,
1cd832735e65,Donald Trump,trump_278t_2026_05_08_equity,18,MOTOROLA SOLUTIONS INC,purchase,2026-02-10,2026-05-12,1000001.0,5000000.0,equity,MSI,trump_278t_2026_05_08_equity.pdf,418.5840148925781,391.3900146484375,91,-0.06496664773765778,0.016607475297596864,0.018753662748610768,,
dadfde474578,Donald Trump,trump_278t_2026_05_08_equity,21,TRANSDIGM GROUP INC,purchase,2026-02-10,2026-05-12,1000001.0,5000000.0,equity,TDG,trump_278t_2026_05_08_equity.pdf,1311.949951171875,1191.18994140625,91,-0.09204620165407862,0.0085713307784979,-0.010166292486709676,,
11536f56d7a9,Donald Trump,trump_278t_2026_05_08_equity,22,AMAZON.COM INC UNSOLICITED,purchase,2026-03-19,2026-05-12,1000001.0,5000000.0,equity,AMZN,trump_278t_2026_05_08_equity.pdf,208.75999450683594,265.82000732421875,54,0.2733282923875262,0.016213969753363512,-0.02437743889768426,,
8262161a3b21,Donald Trump,trump_278t_2026_05_08_equity,23,JABIL INC,purchase,2026-02-10,2026-05-12,,,equity,JBL,trump_278t_2026_05_08_equity.pdf,258.7901916503906,350.7207946777344,91,0.355232176463381,0.013198352757587415,-0.05086892498437448,,
38bdcc471efa,Donald Trump,trump_278t_2026_05_08_equity,24,COSTCO WHOLESALE CORP NEW,purchase,2026-02-10,2026-05-12,1000001.0,5000000.0,equity,COST,trump_278t_2026_05_08_equity.pdf,969.82275390625,1021.8800048828125,91,0.05367707734932638,0.010960143185460793,0.07088889210094418,,
b3a4308813a5,Donald Trump,trump_278t_2026_05_08_equity,25,AXON ENTERPRISE INC COM,purchase,2026-02-10,2026-05-12,1000001.0,5000000.0,equity,AXON,trump_278t_2026_05_08_equity.pdf,446.9700012207031,393.6600036621094,91,-0.11926974385976867,-0.0427780221034213,-0.0033531659603187763,,
86a0b9dca105,Donald Trump,trump_278t_2026_05_08_equity,28,DELL TECHNOLOGIES INC CL C,purchase,2026-02-10,2026-05-12,1000001.0,5000000.0,equity,DELL,trump_278t_2026_05_08_equity.pdf,125.6213150024414,238.94000244140625,91,0.9020657635749358,0.02063276398011338,-0.01540138903896068,,
88a0f6ea7f1b,Donald Trump,trump_278t_2026_05_08_equity,30,UBER TECHNOLOGIES INC COM,purchase,2026-03-11,2026-05-12,1000001.0,5000000.0,equity,UBER,trump_278t_2026_05_08_equity.pdf,74.97000122070312,76.36000061035156,62,0.018540741190018632,-0.02173917821949756,-0.029727661790421852,,
4fde553cf85d,Donald Trump,trump_278t_2026_05_08_equity,61,AIRBNB INC COM CL A,purchase,2026-02-10,2026-05-12,500001.0,1000000.0,equity,ABNB,trump_278t_2026_05_08_equity.pdf,120.31999969482422,135.47999572753906,91,0.12599730777232523,-0.018526679849353803,-0.031886567771359633,,
ed10ec4e35c0,Donald Trump,trump_278t_2026_05_08_equity,62,BOSTON SCIENTIFIC CORP COM,purchase,2026-03-17,2026-05-12,500001.0,1000000.0,equity,BSX,trump_278t_2026_05_08_equity.pdf,71.19999694824219,54.099998474121094,56,-0.2401685281890067,-0.019223606842199155,0.05009247644371488,,
2f11fa0d9d6c,Donald Trump,trump_278t_2026_05_08_equity,63,ISHARES CORE MSCI EMERGING MARKETS ETF,purchase,2026-03-10,2026-05-12,500001.0,1000000.0,etf,IEMG,trump_278t_2026_05_08_equity.pdf,72.11000061035156,80.44999694824219,63,0.1156565839314859,0.0198882058944638,-0.02386573327256371,,
ba595b5c4aae,Donald Trump,trump_278t_2026_05_08_equity,99,NVR INC,purchase,2026-01-06,2026-05-12,250001.0,500000.0,equity,NVR,trump_278t_2026_05_08_equity.pdf,7239.72998046875,5795.66015625,126,-0.1994645971762128,-0.013037351493473362,-0.003820123354692257,,
e614341d10b8,Donald Trump,trump_278t_2026_05_08_equity,100,SUPER MICRO COMPUTER INC COM NEW,purchase,2026-02-10,2026-05-12,250001.0,500000.0,equity,SMCI,trump_278t_2026_05_08_equity.pdf,33.33000183105469,32.790000915527344,91,-0.016201646740511326,-0.024092738440676515,-0.06800858149805565,,
d42972ce0407,Donald Trump,trump_278t_2026_05_08_equity,101,AMAZON.COM INC I,purchase,2026-03-11,2026-05-12,250001.0,500000.0,equity,AMZN,trump_278t_2026_05_08_equity.pdf,212.64999389648438,265.82000732421875,62,0.25003533954304713,0.016213969753363512,-0.02437743889768426,,
d64b4eb6e8c1,Donald Trump,trump_278t_2026_05_08_equity,102,APPLE INC UNSOLICITED I,purchase,2026-01-23,2026-05-12,250001.0,500000.0,equity,AAPL,trump_278t_2026_05_08_equity.pdf,247.58001708984375,294.79998779296875,109,0.19072609840716448,0.013805995565634225,0.014145229309381382,,
783a76644393,Donald Trump,trump_278t_2026_05_08_equity,104,INTERCONTINENTALEXCHANGE INC IDUrchalO,purchase,2026-03-17,2026-05-12,250001.0,500000.0,equity,ICE,trump_278t_2026_05_08_equity.pdf,160.82000732421875,155.80999755859375,56,-0.031152900991508137,-0.006482218873382114,-0.010910705185030815,,
0997f6a973a8,Donald Trump,trump_278t_2026_05_08_equity,105,APPLE INC UNSOLICITED,purchase,2026-03-12,2026-05-12,250001.0,500000.0,equity,AAPL,trump_278t_2026_05_08_equity.pdf,255.52456665039062,294.79998779296875,61,0.15370506897802455,0.013805995565634225,0.014145229309381382,,
81cbea4adad4,Donald Trump,trump_278t_2026_05_08_equity,106,APPLE INC UNSOLICITED I,purchase,2026-03-11,2026-05-12,250001.0,500000.0,equity,AAPL,trump_278t_2026_05_08_equity.pdf,260.5699157714844,294.79998779296875,62,0.1313661706499671,0.013805995565634225,0.014145229309381382,,
42a59fac1f04,Donald Trump,trump_278t_2026_05_08_equity,107,MICROSOFT CORP,purchase,2026-01-23,2026-05-12,250001.0,500000.0,equity,MSFT,trump_278t_2026_05_08_equity.pdf,463.8841857910156,406.8887023925781,109,-0.12286576077442425,-0.0062779903800582754,0.0236653926530322,,
5e03c09e3be6,Donald Trump,trump_278t_2026_05_08_equity,109,"F5, Inc",purchase,2026-01-06,2026-05-12,250001.0,500000.0,equity,FFIV,trump_278t_2026_05_08_equity.pdf,270.6400146484375,354.9800109863281,126,0.3116316574526078,0.0068172371267672715,0.08034252107443399,,
02ba8c55d6f1,Donald Trump,trump_278t_2026_05_08_equity,110,AVALONBAY CMNTYS INC COM,purchase,2026-01-06,2026-05-12,250001.0,500000.0,equity,AVB,trump_278t_2026_05_08_equity.pdf,181.71563720703125,187.02000427246094,126,0.02919048215639442,-0.0029943190343312957,-0.010212830812081351,,
a3403a1f14ac,Donald Trump,trump_278t_2026_05_08_equity,111,XCEL ENERGY INC.,purchase,2026-01-06,2026-05-12,250001.0,500000.0,equity,XEL,trump_278t_2026_05_08_equity.pdf,73.8838882446289,79.9000015258789,126,0.0814265927820515,0.0001251831794675141,-0.002127636617006216,,
e5fafff130fb,Donald Trump,trump_278t_2026_05_08_equity,113,WASTE MGMT INC DEL,purchase,2026-01-06,2026-05-12,250001.0,500000.0,equity,WM,trump_278t_2026_05_08_equity.pdf,218.2123565673828,217.64999389648438,126,-0.0025771348595687014,-0.005559345228622447,0.021548369276026,,
36f9fe0b8af5,Donald Trump,trump_278t_2026_05_08_equity,116,SALESFORCE INC,purchase,2026-03-11,2026-05-12,250001.0,500000.0,equity,CRM,trump_278t_2026_05_08_equity.pdf,193.6457061767578,171.30999755859375,62,-0.11534316489195096,-0.031930426120239726,0.047341081816183385,,
daeba80883fb,Donald Trump,trump_278t_2026_05_08_equity,118,DAVITA INC.,purchase,2026-02-10,2026-05-12,250001.0,500000.0,equity,DVA,trump_278t_2026_05_08_equity.pdf,139.27999877929688,200.5399932861328,91,0.4398333934789053,-0.012167085191509832,-0.029570125033964008,,
05af9deb38d0,Donald Trump,trump_278t_2026_05_08_equity,119,ALPHABET INC CL A UNSOLICITED,purchase,2026-03-12,2026-05-12,250001.0,500000.0,equity,GOOGL,trump_278t_2026_05_08_equity.pdf,303.54998779296875,387.3500061035156,61,0.27606661729698795,0.03942168264634315,0.0008003034818874021,,
5cae401bdea0,Donald Trump,trump_278t_2026_05_08_equity,122,STATE STREET TECHNOLOGY SELECT SECTOR SPDR ETF,purchase,2026-03-10,2026-05-12,250001.0,500000.0,etf,XLK,trump_278t_2026_05_08_equity.pdf,139.58644104003906,175.1999969482422,63,0.2551362126783339,0.009417860639351983,-0.011187166034353005,,
342367c86fe2,Donald Trump,trump_278t_2026_05_08_equity,123,HOME DEPOT INC,purchase,2026-02-12,2026-05-12,250001.0,500000.0,equity,HD,trump_278t_2026_05_08_equity.pdf,387.62847900390625,310.4599914550781,89,-0.19907847779174778,-0.02547833498621322,-0.02583260076792318,,
6f175163d7c9,Donald Trump,trump_278t_2026_05_08_equity,96,KIMBERLY-CLARK CORP COM,purchase,2026-03-17,2026-05-12,250001.0,500000.0,equity,KMB,trump_278t_2026_05_08_equity.pdf,100.4800033569336,97.33999633789062,56,-0.03125006881109239,-0.0030819337749091826,-0.008937694163944047,,
494ee2e59cd7,Donald Trump,trump_278t_2026_05_08_equity,95,EBAY INC,purchase,2026-03-17,2026-05-12,250001.0,500000.0,equity,EBAY,trump_278t_2026_05_08_equity.pdf,93.35120391845703,110.09478759765625,56,0.17936119703206896,0.023641293651766027,0.03478253879463996,,
a0927f7c253f,Donald Trump,trump_278t_2026_05_08_equity,93,COSTCO WHSL CORP NEW,purchase,2026-01-12,2026-05-12,250001.0,500000.0,equity,COST,trump_278t_2026_05_08_equity.pdf,940.4287719726562,1021.8800048828125,120,0.08661074111897175,0.010960143185460793,0.07088889210094418,,
4d62eb7a66e9,Donald Trump,trump_278t_2026_05_08_equity,84,VERISIGN INC,purchase,2026-02-10,2026-05-12,500001.0,1000000.0,equity,VRSN,trump_278t_2026_05_08_equity.pdf,218.68260192871094,285.041748046875,91,0.30344959101866137,0.03268028857477874,0.061704143187632704,,
a6def2873a25,Donald Trump,trump_278t_2026_05_08_equity,65,DIGITAL RLTY TR INC,purchase,2026-03-17,2026-05-12,500001.0,1000000.0,equity,DLR,trump_278t_2026_05_08_equity.pdf,180.38999938964844,195.27000427246094,56,0.08248797013780787,-0.010037418297653044,-0.04603884517060939,,
cd48bd4b6799,Donald Trump,trump_278t_2026_05_08_equity,66,EDWARDS LIFESCIENCES,purchase,2026-02-10,2026-05-12,500001.0,1000000.0,equity,EW,trump_278t_2026_05_08_equity.pdf,77.05000305175781,79.7300033569336,91,0.03478261127874985,0.020820217770259067,0.03047786533128824,,
3b80706b217f,Donald Trump,trump_278t_2026_05_08_equity,67,APPLIED MATERIALS COM,purchase,2026-02-10,2026-05-12,500001.0,1000000.0,equity,AMAT,trump_278t_2026_05_08_equity.pdf,328.2520446777344,430.66461181640625,91,0.31199369143067096,0.012546327534446173,-0.05633113563205489,,
fc6e875178ff,Donald Trump,trump_278t_2026_05_08_equity,68,STRYKER CORP COM,purchase,2026-03-17,2026-05-12,500001.0,1000000.0,equity,SYK,trump_278t_2026_05_08_equity.pdf,348.16790771484375,294.45001220703125,56,-0.1542873260789116,0.025946625281467513,0.07913053770426151,,
3d459763f2a0,Donald Trump,trump_278t_2026_05_08_equity,69,LENNOX INTL INC I,purchase,2026-02-10,2026-05-12,500001.0,1000000.0,equity,LII,trump_278t_2026_05_08_equity.pdf,546.9537963867188,508.54998779296875,91,-0.07021399037259252,-0.0020646697830542494,-0.05085042959845695,,
3e2deca635f9,Donald Trump,trump_278t_2026_05_08_equity,70,CME GROUP INC l,purchase,2026-02-10,2026-05-12,500001.0,1000000.0,equity,CME,trump_278t_2026_05_08_equity.pdf,299.597900390625,285.75,91,-0.04622162028695688,0.03982503895997375,0.058162712571084865,,
12a853509521,Donald Trump,trump_278t_2026_05_08_equity,71,ILLINOIS TOOL WORKS I,purchase,2026-01-06,2026-05-12,500001.0,1000000.0,equity,ITW,trump_278t_2026_05_08_equity.pdf,252.5528106689453,251.41000366210938,126,-0.004525021930300222,-0.005210602360733281,-0.016069402514116246,,
1ece91d10d06,Donald Trump,trump_278t_2026_05_08_equity,72,"ROPER TECHNOLOGIES, INC l",purchase,2026-03-17,2026-05-12,500001.0,1000000.0,equity,ROP,trump_278t_2026_05_08_equity.pdf,351.9927062988281,323.94000244140625,56,-0.07969683279063805,-0.023738971363369072,0.015342351000945277,,
553097c8a700,Donald Trump,trump_278t_2026_05_08_equity,73,EMCOR GROUP INC I,purchase,2026-02-10,2026-05-12,500001.0,1000000.0,equity,EME,trump_278t_2026_05_08_equity.pdf,778.7022094726562,924.9000244140625,91,0.18774547338245343,-0.0020434799422076474,-0.07626774483781437,,
49143bf05150,Donald Trump,trump_278t_2026_05_08_equity,74,LAM RESEARCH CORPORATION COM USD0.00 I,purchase,2026-02-10,2026-05-12,500001.0,1000000.0,equity,LRCX,trump_278t_2026_05_08_equity.pdf,226.3388214111328,289.239990234375,91,0.27790711478958113,0.021435529029050576,-0.05483330758900574,,
35705f2188c0,Donald Trump,trump_278t_2026_05_08_equity,75,FORTINET INC,purchase,2026-03-17,2026-05-12,500001.0,1000000.0,equity,FTNT,trump_278t_2026_05_08_equity.pdf,83.16000366210938,113.87000274658203,56,0.36928809201658575,0.03354702382264482,0.12092734092324181,,
94755ea15efe,Donald Trump,trump_278t_2026_05_08_equity,250,ROPER TECHNOLOGIES INC,purchase,2026-01-12,2026-05-12,100001.0,250000.0,equity,ROP,trump_278t_2026_05_08_equity.pdf,431.2905578613281,323.94000244140625,120,-0.24890541530111135,-0.023738971363369072,0.015342351000945277,,
c09abcb9fa3e,Donald Trump,trump_278t_2026_05_08_equity,78,PHILIP MORRIS !NTL INC,purchase,2026-01-06,2026-05-12,500001.0,1000000.0,equity,PM,trump_278t_2026_05_08_equity.pdf,153.7871551513672,186.92999267578125,126,0.21551109058355852,0.0052426631612183,0.024822205265290543,,
3525c5a22b09,Donald Trump,trump_278t_2026_05_08_equity,81,Amazon Corn Inc Com Solldtod Order DlsaeUon Exorclsod,purchase,2026-01-19,2026-05-12,500001.0,1000000.0,equity,AMZN,trump_278t_2026_05_08_equity.pdf,231.0,265.82000732421875,113,0.15073596244250542,0.016213969753363512,-0.02437743889768426,,
ae5d4741f9c7,Donald Trump,trump_278t_2026_05_08_equity,83,STATE STREET SPDR S&P 500 TRUST ETF,purchase,2026-03-04,2026-05-12,250001.0,500000.0,etf,SPY,trump_278t_2026_05_08_equity.pdf,683.2639770507812,738.1799926757812,69,0.08037305853886477,0.0055948480367801765,-0.006028356567753464,,
a7253931fde5,Donald Trump,trump_278t_2026_05_08_equity,85,MICROSOFT CORP,purchase,2026-03-18,2026-05-12,250001.0,500000.0,equity,MSFT,trump_278t_2026_05_08_equity.pdf,390.9432678222656,406.8887023925781,55,0.04078708058879215,-0.0062779903800582754,0.0236653926530322,,
75c53fc4f8cf,Donald Trump,trump_278t_2026_05_08_equity,87,ZOETIS INC CLASS A,purchase,2026-01-12,2026-05-12,250001.0,500000.0,equity,ZTS,trump_278t_2026_05_08_equity.pdf,124.24673461914062,76.94000244140625,120,-0.3807482934883233,-0.03379264389152655,0.02573428209918411,,
a950a9eda1ba,Donald Trump,trump_278t_2026_05_08_equity,88,NVR INC,purchase,2026-01-07,2026-05-12,250001.0,500000.0,equity,NVR,trump_278t_2026_05_08_equity.pdf,7146.4501953125,5795.66015625,125,-0.18901552549103473,-0.013037351493473362,-0.003820123354692257,,
f8282093d3ef,Donald Trump,trump_278t_2026_05_08_equity,91,META PLATFORMS INC CL A UNSOLICITED,purchase,2026-03-02,2026-05-12,250001.0,500000.0,equity,META,trump_278t_2026_05_08_equity.pdf,653.0009155273438,603.0,71,-0.07657097308502933,0.022603656522077114,-0.0006467904617537313,,
d5e5f247ccc8,Donald Trump,trump_278t_2026_05_08_equity,92,HONEYWELL INTL INC,purchase,2026-03-17,2026-05-12,250001.0,500000.0,equity,HON,trump_278t_2026_05_08_equity.pdf,230.15512084960938,217.3455047607422,56,-0.055656446146324916,-0.0026538977411821366,-0.0008995394888568519,,
af7e029a31ab,Donald Trump,trump_278t_2026_05_08_equity,251,MOTOROLA SOLUTIONS INC,purchase,2026-01-15,2026-05-12,100001.0,250000.0,equity,MSI,trump_278t_2026_05_08_equity.pdf,393.4005432128906,391.3900146484375,117,-0.005110640031234318,0.016607475297596864,0.018753662748610768,,
38b962216f58,Donald Trump,trump_278t_2026_05_08_equity,252,"ULTA BEAUTY, INC",purchase,2026-01-06,2026-05-12,100001.0,250000.0,equity,ULTA,trump_278t_2026_05_08_equity.pdf,650.0599975585938,505.20001220703125,126,-0.22284094682892006,-0.02583138953923653,-0.04679337703331212,,
a1785603d442,Donald Trump,trump_278t_2026_05_08_equity,253,MATCH GROUP INC NEW,purchase,2026-03-23,2026-05-12,100001.0,250000.0,equity,MTCH,trump_278t_2026_05_08_equity.pdf,31.005849838256836,35.36000061035156,50,0.14042997675626745,0.020079159282163743,-0.00028286583873928574,,
4270ef2545d5,Donald Trump,trump_278t_2026_05_08_equity,428,BROWN & BROWN INC,purchase,2026-03-18,2026-05-12,50001.0,100000.0,equity,BRO,trump_278t_2026_05_08_equity.pdf,66.88392639160156,55.77000045776367,55,-0.1661673668613067,-0.024923783005903442,0.041599420401318185,,
7e409ede257c,Donald Trump,trump_278t_2026_05_08_equity,429,EXXON MOBIL CORP UNSOLICITED,purchase,2026-03-12,2026-05-12,,100000.0,equity,XOM,trump_278t_2026_05_08_equity.pdf,152.4949493408203,149.614501953125,61,-0.018888805171229796,0.006240504976167592,0.08645887216658699,,
17dcdaebee7b,Donald Trump,trump_278t_2026_05_08_equity,430,CLOUDFLARE INC CLASS A IDUrchoso,purchase,2026-02-12,2026-05-12,50001.0,100000.0,equity,NET,trump_278t_2026_05_08_equity.pdf,185.1699981689453,186.7899932861328,89,0.008748691111988074,0.03121153188395935,0.10675091363626375,,
89324a83bcbe,Donald Trump,trump_278t_2026_05_08_equity,432,KEYSIGHT TECHNOLOGIES INC COM UNSOLICITED,purchase,2026-03-02,2026-05-12,,100000.0,equity,KEYS,trump_278t_2026_05_08_equity.pdf,313.2699890136719,361.6499938964844,71,0.15443549200207965,-0.0012719244099027665,-0.04849995531851821,,
87248fdf5a74,Donald Trump,trump_278t_2026_05_08_equity,433,PAYPAL HLOGS INC,purchase,2026-03-11,2026-05-12,50001.0,100000.0,equity,PYPL,trump_278t_2026_05_08_equity.pdf,45.56999969482422,45.439998626708984,62,-0.0028527774629324766,-0.004621458864860568,-0.03543126858080413,,
bb623aef9e38,Donald Trump,trump_278t_2026_05_08_equity,435,CATERPILLAR INC UNSOLICITED,purchase,2026-03-02,2026-05-12,50001.0,100000.0,equity,CAT,trump_278t_2026_05_08_equity.pdf,750.8904418945312,912.1400146484375,71,0.21474447370386834,-0.010787846928589525,-0.056997817658962474,,
76c736a63b1e,Donald Trump,trump_278t_2026_05_08_equity,437,CARRIER GLOBAL CORP I,purchase,2026-01-12,2026-05-12,50001.0,100000.0,equity,CARR,trump_278t_2026_05_08_equity.pdf,54.94774627685547,65.55999755859375,120,0.19313351321577799,0.00015256462176542056,-0.06284318311944029,,
e50f502fc3fb,Donald Trump,trump_278t_2026_05_08_equity,440,STEPSTONE GROUP INC CLASS A,purchase,2026-03-30,2026-05-12,50001.0,100000.0,equity,STEP,trump_278t_2026_05_08_equity.pdf,46.5099983215332,56.20000076293945,43,0.20834235199101203,-0.02846979122949524,-0.06548043158751204,,
ff5ce18c5339,Donald Trump,trump_278t_2026_05_08_equity,443,ON SEMICONDUCTOR CORP UNSOLICITED,purchase,2026-03-02,2026-05-12,50001.0,100000.0,equity,ON,trump_278t_2026_05_08_equity.pdf,66.4800033569336,104.11000061035156,71,0.5660348278170373,0.11142059750374948,0.01834594199901421,,
6bac39dd4e69,Donald Trump,trump_278t_2026_05_08_equity,446,MARKETAXESS HLDGS INC,purchase,2026-02-26,2026-05-12,50001.0,100000.0,equity,MKTX,trump_278t_2026_05_08_equity.pdf,183.85357666015625,140.59274291992188,75,-0.23530047402993834,-0.014783881632570666,0.003536835597922527,,
26052f58b55c,Donald Trump,trump_278t_2026_05_08_equity,447,ORACLE CORP UNSOLICITED,purchase,2026-03-02,2026-05-12,50001.0,100000.0,equity,ORCL,trump_278t_2026_05_08_equity.pdf,148.7305450439453,186.8300018310547,71,0.2561643055624664,0.015682666847216344,-0.028742680857239626,,
7d0a0c39fb00,Donald Trump,trump_278t_2026_05_08_equity,448,CIENA CORP NEW UNSOLICITED,purchase,2026-03-25,2026-05-12,50001.0,100000.0,equity,CIEN,trump_278t_2026_05_08_equity.pdf,437.70001220703125,577.1500244140625,48,0.31859723170643106,0.0012994888127422662,-0.06104139307569586,,
2ed6ba26d677,Donald Trump,trump_278t_2026_05_08_equity,449,PROGRESSIVE CORP OH,purchase,2026-01-12,2026-05-12,50001.0,100000.0,equity,PGR,trump_278t_2026_05_08_equity.pdf,216.38803100585938,198.4199981689453,120,-0.08303616772790692,-0.012397900805258337,0.022427159506640173,,
2cbd8799d812,Donald Trump,trump_278t_2026_05_08_equity,450,QUANTA SVCS INC,purchase,2026-02-10,2026-05-12,50001.0,100000.0,equity,PWR,trump_278t_2026_05_08_equity.pdf,510.53973388671875,765.8099975585938,91,0.5000007770766687,0.01032889772887307,-0.06748409245183183,,
9c2210772944,Donald Trump,trump_278t_2026_05_08_equity,453,SKYWORKS SOLLITIONS INC UNSOLICITED,purchase,2026-03-02,2026-05-12,50001.0,100000.0,equity,SWKS,trump_278t_2026_05_08_equity.pdf,58.4223518371582,65.73877716064453,71,0.12523332412018515,0.027597590811967672,0.06092592212186067,,
f5fca860fb27,Donald Trump,trump_278t_2026_05_08_equity,399,TARGET CORP COM,purchase,2026-03-17,2026-05-12,50001.0,100000.0,equity,TGT,trump_278t_2026_05_08_equity.pdf,115.66717529296875,120.66000366210938,56,0.04316547332027855,0.006795952842173845,0.05453334992502125,,
7f1e9e653f4d,Donald Trump,trump_278t_2026_05_08_equity,401,ALARM COM HLDGS INC,purchase,2026-01-26,2026-05-12,50001.0,100000.0,equity,ALRM,trump_278t_2026_05_08_equity.pdf,49.81999969482422,42.130001068115234,106,-0.15435565383008013,0.004984549706826081,0.03180631660610205,,
1323f8d4963d,Donald Trump,trump_278t_2026_05_08_equity,402,SERVICENOW INC UNSOLICITED,purchase,2026-03-02,2026-05-12,50001.0,100000.0,equity,NOW,trump_278t_2026_05_08_equity.pdf,109.41999816894531,89.0,71,-0.18662034829699667,-0.021910078070136937,0.1441573239444347,,
17a15f6787e8,Donald Trump,trump_278t_2026_05_08_equity,403,LENNOX INTL INC,purchase,2026-03-17,2026-05-12,50001.0,100000.0,equity,LII,trump_278t_2026_05_08_equity.pdf,485.55413818359375,508.54998779296875,56,0.04736001158470201,-0.0020646697830542494,-0.05085042959845695,,
2eb04d8c8b31,Donald Trump,trump_278t_2026_05_08_equity,404,PALANTIR TECHNOLOGIES INC CLA·UNSOLICITEO,purchase,2026-01-06,2026-05-12,50001.0,100000.0,equity,PLTR,trump_278t_2026_05_08_equity.pdf,179.7100067138672,136.0,126,-0.24322522442204292,-0.04374997756060432,-0.00544121686150046,,
6fcd63ab854c,Donald Trump,trump_278t_2026_05_08_equity,405,"SALESFORCE, INC. UNSOLICITED",purchase,2026-03-02,2026-05-12,50001.0,100000.0,equity,CRM,trump_278t_2026_05_08_equity.pdf,192.4686279296875,171.30999755859375,71,-0.10993287892520025,-0.031930426120239726,0.047341081816183385,,
1e72bf52b354,Donald Trump,trump_278t_2026_05_08_equity,406,VERRA MOBILITY CORP CLASS A,purchase,2026-01-26,2026-05-12,50001.0,100000.0,equity,VRRM,trump_278t_2026_05_08_equity.pdf,20.530000686645508,13.569999694824219,106,-0.33901611101010226,-0.01031683071458249,-0.021370668266384504,,
ba400e34d7c1,Donald Trump,trump_278t_2026_05_08_equity,407,Charter Communlcotlons Inc Now,purchase,2026-01-06,2026-05-12,50001.0,100000.0,equity,CHTR,trump_278t_2026_05_08_equity.pdf,210.6199951171875,147.9199981689453,126,-0.2976925192375792,-0.032855602153271816,-0.0366414158737003,,
1f52aa7a366f,Donald Trump,trump_278t_2026_05_08_equity,409,QNITY ELECTRONICS INC UNSOLICITED,purchase,2026-03-02,2026-05-12,50001.0,100000.0,equity,Q,trump_278t_2026_05_08_equity.pdf,124.00756072998047,168.2752685546875,71,0.3569758776329573,-0.03765729834582386,-0.13732471122827455,,
0b249fe7d2f7,Donald Trump,trump_278t_2026_05_08_equity,410,PINNACLE WEST CAP CORP COM,purchase,2026-01-06,2026-05-12,50001.0,100000.0,equity,PNW,trump_278t_2026_05_08_equity.pdf,87.60514068603516,99.83000183105469,126,0.13954502040961,-0.007512771574113036,0.016728419696630886,,
409910abe2f6,Donald Trump,trump_278t_2026_05_08_equity,411,HOME DEPOT INC UNSOLICITED,purchase,2026-03-02,2026-05-12,50001.0,100000.0,equity,HD,trump_278t_2026_05_08_equity.pdf,368.3473815917969,310.4599914550781,71,-0.1571543413355104,-0.02547833498621322,-0.02583260076792318,,
55f64dacc0b7,Donald Trump,trump_278t_2026_05_08_equity,412,STARBUCKS CORP COM,purchase,2026-01-06,2026-05-12,50001.0,100000.0,equity,SBUX,trump_278t_2026_05_08_equity.pdf,88.36882019042969,105.95895385742188,126,0.19905362127825707,-0.005911111059908763,0.003973646215520859,,
7420c25bff7a,Donald Trump,trump_278t_2026_05_08_equity,413,AMPHENOL CORP NEW CL A UNSOLICITED,purchase,2026-03-02,2026-05-12,50001.0,100000.0,equity,APH,trump_278t_2026_05_08_equity.pdf,134.8933868408203,127.87000274658203,71,-0.05206618544262782,-0.02526005542781559,-0.06780328155245616,,
3c0ba259945e,Donald Trump,trump_278t_2026_05_08_equity,414,INTUITIVE SURGICAL INC NEW,purchase,2026-01-06,2026-05-12,50001.0,100000.0,equity,ISRG,trump_278t_2026_05_08_equity.pdf,592.8499755859375,431.8699951171875,126,-0.2715357798735625,0.0009261905226266925,0.022483598223681477,,
20bcc02ad5db,Donald Trump,trump_278t_2026_05_08_equity,415,LIFE360 INC EQUITY,purchase,2026-03-23,2026-05-12,50001.0,100000.0,equity,LIF,trump_278t_2026_05_08_equity.pdf,41.189998626708984,38.619998931884766,50,-0.06239377957050341,0.03987573687517415,0.01191100237939526,,
3f391a50d12b,Donald Trump,trump_278t_2026_05_08_equity,417,UBER TECHNOLOGIES INC,purchase,2026-01-21,2026-05-12,50001.0,100000.0,equity,UBER,trump_278t_2026_05_08_equity.pdf,84.26000213623047,76.36000061035156,111,-0.09375743324936411,-0.02173917821949756,-0.029727661790421852,,
b464347ba8d2,Donald Trump,trump_278t_2026_05_08_equity,419,MICROSOFT CORP,purchase,2026-03-17,2026-05-12,50001.0,100000.0,equity,MSFT,trump_278t_2026_05_08_equity.pdf,398.5467834472656,406.8887023925781,56,0.02093083997105267,-0.0062779903800582754,0.0236653926530322,,
5bc1ef09946d,Donald Trump,trump_278t_2026_05_08_equity,420,APPLOVIN CORP CLASS A,purchase,2026-03-18,2026-05-12,50001.0,100000.0,equity,APP,trump_278t_2026_05_08_equity.pdf,442.57000732421875,490.69000244140625,55,0.10872854988100372,-0.07573010144331743,-0.028103300406183744,,
3e628a56352b,Donald Trump,trump_278t_2026_05_08_equity,454,AMCOR PLC,purchase,2026-03-17,2026-05-12,50001.0,100000.0,equity,AMCR,trump_278t_2026_05_08_equity.pdf,40.0429573059082,38.57737350463867,56,-0.036600288786694815,-0.003059678564658527,-0.06450797586075585,,
0de31bdb5c58,Donald Trump,trump_278t_2026_05_08_equity,455,COSTAR GROUP INC,purchase,2026-01-12,2026-05-12,50001.0,100000.0,equity,CSGP,trump_278t_2026_05_08_equity.pdf,59.29999923706055,33.04999923706055,120,-0.4426644239076923,-0.03267775941413636,0.022692890085122576,,
9fa84cb63a35,Donald Trump,trump_278t_2026_05_08_equity,456,STATE STREET SPDR S&P GLOBAL NATURAL RESOURCES ETF,purchase,2026-03-10,2026-05-12,,,etf,GNR,trump_278t_2026_05_08_equity.pdf,72.73999786376953,75.61000061035156,63,0.03945563418845696,0.0027773982644817732,-0.025128971174995362,,
0682e6926f47,Donald Trump,trump_278t_2026_05_08_equity,486,INTEL CORP UNSOLICITED,purchase,2026-03-02,2026-05-12,50001.0,100000.0,equity,INTC,trump_278t_2026_05_08_equity.pdf,45.5,120.61000061035156,71,1.6507692441835509,-0.002653177126314965,-0.08133651860500687,,
cd0898514d42,Donald Trump,trump_278t_2026_05_08_equity,489,LAM RESEARCH CORP UNSOLICITED,purchase,2026-03-11,2026-05-12,50001.0,100000.0,equity,LRCX,trump_278t_2026_05_08_equity.pdf,218.8699951171875,289.239990234375,62,0.32151503946217,0.021435529029050576,-0.05483330758900574,,
75219f2300d1,Donald Trump,trump_278t_2026_05_08_equity,490,PALO ALTO NETWORKS INC UNSOLICITED,purchase,2026-03-02,2026-05-12,50001.0,100000.0,equity,PANW,trump_278t_2026_05_08_equity.pdf,150.14999389648438,215.60000610351562,71,0.43589753491534244,0.05653982763230736,0.11377550132127238,,
924d786ed2ec,Donald Trump,trump_278t_2026_05_08_equity,495,MICRON TECHNOLOGY INC UNSOLICITED,purchase,2026-03-25,2026-05-12,50001.0,100000.0,equity,MU,trump_278t_2026_05_08_equity.pdf,381.9295654296875,766.5800170898438,48,1.0071240523822962,0.04833153352160296,-0.08849699358588661,,
2d3b8012ab34,Donald Trump,trump_278t_2026_05_08_equity,496,AUTOZONE INC,purchase,2026-01-12,2026-05-12,50001.0,100000.0,equity,AZO,trump_278t_2026_05_08_equity.pdf,3523.0,3409.81005859375,120,-0.03212885081074368,-0.012616544262583358,-0.018338273458746026,,
5c680a504c4e,Donald Trump,trump_278t_2026_05_08_equity,497,AMAZON.COM INC,purchase,2026-03-17,2026-05-12,50001.0,100000.0,equity,AMZN,trump_278t_2026_05_08_equity.pdf,215.1999969482422,265.82000732421875,56,0.23522309987834802,0.016213969753363512,-0.02437743889768426,,
eb2b383dfd07,Donald Trump,trump_278t_2026_05_08_equity,498,FLUTTER ENTMT PLC F,purchase,2026-03-18,2026-05-12,50001.0,100000.0,equity,FLUT,trump_278t_2026_05_08_equity.pdf,106.5,95.95999908447266,55,-0.09896714474673562,-0.00989992660802252,0.016048363174448303,,
c60d73a4b70a,Donald Trump,trump_278t_2026_05_08_equity,499,PTC THERAPEUTICS INC,purchase,2026-02-26,2026-05-12,50001.0,100000.0,equity,PTCT,trump_278t_2026_05_08_equity.pdf,68.0999984741211,75.0199966430664,75,0.10161524704842693,-0.020794423199136866,-0.0627832484035171,,
d128905de3f4,Donald Trump,trump_278t_2026_05_08_equity,500,DORMAN PRODS INC,purchase,2026-01-30,2026-05-12,50001.0,100000.0,equity,DORM,trump_278t_2026_05_08_equity.pdf,124.19999694824219,119.5199966430664,102,-0.03768116280329762,-0.02677373693206028,-0.05597385374759228,,
6d63047d7a81,Donald Trump,trump_278t_2026_05_08_equity,501,META PLATFORMS INC CL A UNSOLICITED,purchase,2026-01-23,2026-05-12,50001.0,100000.0,equity,META,trump_278t_2026_05_08_equity.pdf,658.1964721679688,603.0,109,-0.08386017625734533,0.022603656522077114,-0.0006467904617537313,,
9051d4cdd835,Donald Trump,trump_278t_2026_05_08_equity,503,GE VERNOVA INC COM,purchase,2026-02-10,2026-05-12,50001.0,100000.0,equity,GEV,trump_278t_2026_05_08_equity.pdf,790.3120727539062,1071.97998046875,91,0.3564008667276829,-0.00877818089062888,-0.05613910126331468,,
d7799329fa4f,Donald Trump,trump_278t_2026_05_08_equity,504,ORACLE CORP UNSOLICITED,purchase,2026-01-08,2026-05-12,50001.0,100000.0,equity,ORCL,trump_278t_2026_05_08_equity.pdf,188.49166870117188,186.8300018310547,124,-0.008815598490729775,0.015682666847216344,-0.028742680857239626,,
affe63c7c6d9,Donald Trump,trump_278t_2026_05_08_equity,508,TAPESTRY INC COM,purchase,2026-03-17,2026-05-12,50001.0,100000.0,equity,TPR,trump_278t_2026_05_08_equity.pdf,143.16000366210938,131.72999572753906,56,-0.07984079101833336,0.007363556153978828,-0.000759059044785642,,
b375897b7fae,Donald Trump,trump_278t_2026_05_08_equity,509,NETFLIX INC UNSOLICITED,purchase,2026-03-25,2026-05-12,50001.0,100000.0,etf,NFLX,trump_278t_2026_05_08_equity.pdf,92.27999877929688,87.66000366210938,48,-0.05006496725511446,-0.001140840740791027,0.019050856709776312,,
72a71eeb55d5,Donald Trump,trump_278t_2026_05_08_equity,513,JABIL INC UNSOLICITED,purchase,2026-03-23,2026-05-12,50001.0,100000.0,equity,JBL,trump_278t_2026_05_08_equity.pdf,266.19989013671875,350.7207946777344,50,0.31750916387533507,0.013198352757587415,-0.05086892498437448,,
a3f3208e510d,Donald Trump,trump_278t_2026_05_08_equity,486,AUTODESK INC UNSOLICITED,purchase,2026-03-02,2026-05-12,50001.0,100000.0,equity,ADSK,trump_278t_2026_05_08_equity.pdf,246.94000244140625,234.8699951171875,71,-0.048878299201777616,-0.016349454667356184,0.0395538329205766,,
d13d3ca6b924,Donald Trump,trump_278t_2026_05_08_equity,457,NEWMONT CORP UNSOLICITED,purchase,2026-03-02,2026-05-12,50001.0,100000.0,equity,NEM,trump_278t_2026_05_08_equity.pdf,128.1707305908203,119.41117858886719,71,-0.06834284209487444,-0.006099110741220213,-0.12198183147363485,,
746ae4802f72,Donald Trump,trump_278t_2026_05_08_equity,458,TERADYNE INC UNSOLICITED,purchase,2026-03-02,2026-05-12,50001.0,100000.0,equity,TER,trump_278t_2026_05_08_equity.pdf,325.70697021484375,358.314697265625,71,0.10011369123992787,0.013753639304006318,-0.10302705264240895,,
de8617ae8e26,Donald Trump,trump_278t_2026_05_08_equity,459,RED ROCK RESORTS INC CLASS A,purchase,2026-03-30,2026-05-12,50001.0,100000.0,equity,RRR,trump_278t_2026_05_08_equity.pdf,52.189998626708984,53.029998779296875,43,0.016095040710692957,-0.03752588929997174,-0.02715441561109682,,
1f4d9c20ee33,Donald Trump,trump_278t_2026_05_08_equity,460,FISERV INC,purchase,2026-01-06,2026-05-12,50001.0,100000.0,equity,FISV,trump_278t_2026_05_08_equity.pdf,68.76000213623047,54.880001068115234,126,-0.20186155667382819,-0.04573618963882922,0.020954768381915696,,
42309bd069cb,Donald Trump,trump_278t_2026_05_08_equity,462,CROWDSTRIKE HLDGS INC CL A UNSOLICITED l,purchase,2026-01-21,2026-05-12,50001.0,100000.0,equity,CRWD,trump_278t_2026_05_08_equity.pdf,445.8800048828125,546.1799926757812,111,0.22494838677354434,0.030008449354106608,0.12944452956005584,,
2c8e6af2f524,Donald Trump,trump_278t_2026_05_08_equity,464,HIGHWOODS PPTYS INC REIT l,purchase,2026-03-30,2026-05-12,50001.0,100000.0,reit,HIW,trump_278t_2026_05_08_equity.pdf,20.489713668823242,25.0582332611084,43,0.22296649265707058,0.018779422413200575,0.004859362701215301,,
0de2f57bb6c7,Donald Trump,trump_278t_2026_05_08_equity,465,BADGER METER INC I,purchase,2026-02-26,2026-05-12,50001.0,100000.0,equity,BMI,trump_278t_2026_05_08_equity.pdf,155.25181579589844,114.65730285644531,75,-0.2614752860141787,0.008953404236602765,0.035813683487262285,,
c2d35b02e628,Donald Trump,trump_278t_2026_05_08_equity,467,APPLIED MATERIALS INC UNSOLICITED,purchase,2026-03-11,2026-05-12,50001.0,100000.0,equity,AMAT,trump_278t_2026_05_08_equity.pdf,350.6341247558594,430.66461181640625,62,0.22824500358107117,0.012546327534446173,-0.05633113563205489,,
c849f21a69c5,Donald Trump,trump_278t_2026_05_08_equity,468,SLM CORP,purchase,2026-03-11,2026-05-12,50001.0,100000.0,equity,SLM,trump_278t_2026_05_08_equity.pdf,20.649999618530273,22.010000228881836,62,0.06585959493825685,-0.031349410580749956,-0.024988693261686585,,
c5b2cc48eff9,Donald Trump,trump_278t_2026_05_08_equity,396,CARNIVAL CORP PAIRED CTF 1 COM CARNI I,purchase,2026-02-10,2026-05-12,50001.0,100000.0,equity,CCL,trump_278t_2026_05_08_equity.pdf,32.99445724487305,24.69872283935547,91,-0.2514281215159749,0.007243434442968253,-0.03274353313598848,,
a88f03de5563,Donald Trump,trump_278t_2026_05_08_equity,471,PAYPAL HLDGS INC,purchase,2026-01-12,2026-05-12,50001.0,100000.0,equity,PYPL,trump_278t_2026_05_08_equity.pdf,57.117069244384766,45.439998626708984,120,-0.20444099762390672,-0.004621458864860568,-0.03543126858080413,,
4277647198b7,Donald Trump,trump_278t_2026_05_08_equity,472,AMAZON.COM INC,purchase,2026-01-23,2026-05-12,50001.0,100000.0,equity,AMZN,trump_278t_2026_05_08_equity.pdf,239.16000366210938,265.82000732421875,109,0.11147350415571672,0.016213969753363512,-0.02437743889768426,,
b62eb04306bc,Donald Trump,trump_278t_2026_05_08_equity,473,NVIDIA CORP,purchase,2026-03-17,2026-05-12,50001.0,100000.0,equity,NVDA,trump_278t_2026_05_08_equity.pdf,181.92999267578125,220.77999877929688,56,0.21354371278819595,0.022873462631033244,-0.0007699889930484667,,
cae16ced7e49,Donald Trump,trump_278t_2026_05_08_equity,474,UNITEDHEALTH GROUP INC,purchase,2026-03-18,2026-05-12,50001.0,100000.0,equity,UNH,trump_278t_2026_05_08_equity.pdf,284.3299865722656,396.3900146484375,55,0.394119626378875,0.012033575108854416,-0.018037851988789204,,
383ad3d2f932,Donald Trump,trump_278t_2026_05_08_equity,475,ARISTA NETWORKS INC UNSOLICITED,purchase,2026-03-02,2026-05-12,50001.0,100000.0,equity,ANET,trump_278t_2026_05_08_equity.pdf,129.3000030517578,142.5399932861328,71,0.10239744719166892,-0.012978749346598583,-0.006734891962223202,,
d72c47d929e9,Donald Trump,trump_278t_2026_05_08_equity,478,NVIDIA CORP,purchase,2026-02-12,2026-05-12,50001.0,100000.0,equity,NVDA,trump_278t_2026_05_08_equity.pdf,186.9298858642578,220.77999877929688,89,0.1810845427874485,0.022873462631033244,-0.0007699889930484667,,
e2da2b2e987e,Donald Trump,trump_278t_2026_05_08_equity,481,"NVIDIA CORP,",purchase,2026-03-23,2026-05-12,50001.0,100000.0,equity,NVDA,trump_278t_2026_05_08_equity.pdf,175.63999938964844,220.77999877929688,50,0.25700295801930423,0.022873462631033244,-0.0007699889930484667,,
4e2fab04f1da,Donald Trump,trump_278t_2026_05_08_equity,470,BALL CORP,purchase,2026-02-10,2026-05-12,50001.0,100000.0,equity,BALL,trump_278t_2026_05_08_equity.pdf,67.5581283569336,57.56999969482422,91,-0.1478449581868009,-0.01945455858644825,-0.04273057317201654,,
ae7db176708a,Donald Trump,trump_278t_2026_05_08_equity,293,META PLATFORMS INC CL A UNSOLICITED,purchase,2026-03-12,2026-05-12,100001.0,250000.0,equity,META,trump_278t_2026_05_08_equity.pdf,637.6340942382812,603.0,61,-0.05431656580355101,0.022603656522077114,-0.0006467904617537313,,
d5da90fe7ab2,Donald Trump,trump_278t_2026_05_08_equity,294,QNITY ELECTRONICS INC COMMON STOCK,purchase,2026-01-10,2026-05-12,100001.0,250000.0,equity,Q,trump_278t_2026_05_08_equity.pdf,90.80599975585938,168.2752685546875,122,0.8531294078267039,-0.03765729834582386,-0.13732471122827455,,
1751d036b0e5,Donald Trump,trump_278t_2026_05_08_equity,299,AMEREN CORP,purchase,2026-01-06,2026-05-12,100001.0,250000.0,equity,AEE,trump_278t_2026_05_08_equity.pdf,99.93118286132812,109.48999786376953,126,0.09565397635396673,-0.003653315678904288,-0.004475275124027312,,
cb4cfe03892a,Donald Trump,trump_278t_2026_05_08_equity,300,META PLATFORMS INC CL A UNSOLICITED l,purchase,2026-03-11,2026-05-12,100001.0,250000.0,equity,META,trump_278t_2026_05_08_equity.pdf,654.2998046875,603.0,62,-0.0784041265486871,0.022603656522077114,-0.0006467904617537313,,
35c144015991,Donald Trump,trump_278t_2026_05_08_equity,302,LAMB WESTON HLDGS INC I,purchase,2026-03-23,2026-05-12,100001.0,250000.0,equity,LW,trump_278t_2026_05_08_equity.pdf,40.50907516479492,41.40999984741211,50,0.022240070378110013,0.0031393641292988004,0.018836000535402575,,
f90a6f520661,Donald Trump,trump_278t_2026_05_08_equity,303,QNITY ELECTRONICS INC COMMON STOCK l,purchase,2026-03-17,2026-05-12,100001.0,250000.0,equity,Q,trump_278t_2026_05_08_equity.pdf,113.51284790039062,168.2752685546875,56,0.4824336774842597,-0.03765729834582386,-0.13732471122827455,,
5e85d90c449b,Donald Trump,trump_278t_2026_05_08_equity,304,TELEDYNE TECHNOLOGIES INC l,purchase,2026-01-06,2026-05-12,100001.0,250000.0,equity,TDY,trump_278t_2026_05_08_equity.pdf,532.72998046875,632.1699829101562,126,0.18666117186404418,0.005995284757198981,-0.040685213468574816,,
0c9b23f9cd33,Donald Trump,trump_278t_2026_05_08_equity,306,MONDELEZ INTL INC CLASS A,purchase,2026-01-21,2026-05-12,100001.0,250000.0,equity,MDLZ,trump_278t_2026_05_08_equity.pdf,56.85772705078125,61.70000076293945,111,0.0851647430055273,-0.0029173468873585446,-0.006645054170864431,,
5ab2f22f4a8d,Donald Trump,trump_278t_2026_05_08_equity,307,AT&T INC,purchase,2026-01-23,2026-05-12,100001.0,250000.0,equity,T,trump_278t_2026_05_08_equity.pdf,23.34566307067871,25.229999542236328,109,0.08071462634635013,-0.019421315101408505,-0.009908838863888485,,
1e0dc43e81f5,Donald Trump,trump_278t_2026_05_08_equity,310,SERVICENOW INC,purchase,2026-03-18,2026-05-12,100001.0,250000.0,equity,NOW,trump_278t_2026_05_08_equity.pdf,113.70999908447266,89.0,55,-0.21730717864236496,-0.021910078070136937,0.1441573239444347,,
3a25a3b2712f,Donald Trump,trump_278t_2026_05_08_equity,311,DYNATRACE INC,purchase,2026-01-21,2026-05-12,100001.0,250000.0,equity,DT,trump_278t_2026_05_08_equity.pdf,39.400001525878906,39.209999084472656,111,-0.004822396803245087,-0.11425655819539228,0.0191277739737822,,
f24e5160d19c,Donald Trump,trump_278t_2026_05_08_equity,313,MONOLITHIC POWER SYSTEMS INC UNSOLICITED,purchase,2026-03-02,2026-05-12,100001.0,250000.0,equity,MPWR,trump_278t_2026_05_08_equity.pdf,1140.3001708984375,1599.52001953125,71,0.4027183897297807,0.03177825562294841,-0.08215591713456522,,
1fb800279e63,Donald Trump,trump_278t_2026_05_08_equity,314,CISCO SYSTEMS INC UNSOLICITED,purchase,2026-03-02,2026-05-12,100001.0,250000.0,equity,CSCO,trump_278t_2026_05_08_equity.pdf,78.9919662475586,99.29000091552734,71,0.25696327908024574,0.025984508080019737,0.162050520591489,,
129792b779ee,Donald Trump,trump_278t_2026_05_08_equity,315,DISNEY WALT CO,purchase,2026-03-18,2026-05-12,100001.0,250000.0,equity,DIS,trump_278t_2026_05_08_equity.pdf,99.41999816894531,106.16000366210938,55,0.06779325706394311,-0.011868896879853713,-0.036454433054652506,,
93e87e23571f,Donald Trump,trump_278t_2026_05_08_equity,317,EXXON MOBIL CORP UNSOLICITED,purchase,2026-03-02,2026-05-12,100001.0,250000.0,equity,XOM,trump_278t_2026_05_08_equity.pdf,153.1802978515625,149.614501953125,71,-0.023278423847255415,0.006240504976167592,0.08645887216658699,,
41a0d4c4e6c5,Donald Trump,trump_278t_2026_05_08_equity,319,TYLER TECHNOLOGIES INC,purchase,2026-01-01,2026-05-12,100001.0,250000.0,equity,TYL,trump_278t_2026_05_08_equity.pdf,435.8299865722656,309.6499938964844,131,-0.2895165467345812,-0.03571773866170685,0.04227352364252458,,
a1e1bbbdef0f,Donald Trump,trump_278t_2026_05_08_equity,320,COMMERCE BANCSHARES INC,purchase,2026-03-18,2026-05-12,100001.0,250000.0,equity,CBSH,trump_278t_2026_05_08_equity.pdf,47.5,51.13999938964844,55,0.07663156609786184,-0.016034409554377117,0.012514653838224013,,
f16780766a8e,Donald Trump,trump_278t_2026_05_08_equity,321,STATE STREET FINANCIAL SELECT SECTOR SPDR ETF,purchase,2026-03-10,2026-05-12,100001.0,250000.0,etf,XLF,trump_278t_2026_05_08_equity.pdf,49.80398941040039,51.58000183105469,63,0.03566004333547261,-0.011438544622785768,-0.009305997283710815,,
8cba4273d436,Donald Trump,trump_278t_2026_05_08_equity,289,TYLER TECHNOLOGIES INC,purchase,2026-01-06,2026-05-12,,,equity,TYL,trump_278t_2026_05_08_equity.pdf,443.6600036621094,309.6499938964844,126,-0.3020556477019884,-0.03571773866170685,0.04227352364252458,,
190a4dc843f7,Donald Trump,trump_278t_2026_05_08_equity,322,NVIDIA CORP,purchase,2026-03-17,2026-05-12,100001.0,250000.0,equity,NVDA,trump_278t_2026_05_08_equity.pdf,181.92999267578125,220.77999877929688,56,0.21354371278819595,0.022873462631033244,-0.0007699889930484667,,
456f957526ea,Donald Trump,trump_278t_2026_05_08_equity,288,COOPER COS INC COM,purchase,2026-01-06,2026-05-12,100001.0,250000.0,equity,CPS,trump_278t_2026_05_08_equity.pdf,35.279998779296875,28.770000457763672,126,-0.18452376833282153,0.010775094230446163,-0.09593327024564025,,
7f875d09cadd,Donald Trump,trump_278t_2026_05_08_equity,256,COHERENT CORP UNSOLICITED,purchase,2026-01-25,2026-05-12,100001.0,250000.0,equity,COHR,trump_278t_2026_05_08_equity.pdf,197.75999450683594,374.010009765625,107,0.8912318980302998,0.07940959042263267,-0.05449053327632519,,
6d71d510d570,Donald Trump,trump_278t_2026_05_08_equity,257,PAYCOM SOFTWARE INC,purchase,2026-03-23,2026-05-12,100001.0,250000.0,equity,PAYC,trump_278t_2026_05_08_equity.pdf,126.2455062866211,137.22555541992188,50,0.08697378192909505,-0.01962223961311273,0.025944673394850827,,
7b27375d16a0,Donald Trump,trump_278t_2026_05_08_equity,259,COSTCO WHOLESALE CORP NEW,purchase,2026-01-06,2026-05-12,100001.0,250000.0,equity,COST,trump_278t_2026_05_08_equity.pdf,886.6004638671875,1021.8800048828125,126,0.1525823034487943,0.010960143185460793,0.07088889210094418,,
31b4ba72a6db,Donald Trump,trump_278t_2026_05_08_equity,261,NETFLIX INC UNSOLICITED,purchase,2026-03-02,2026-05-12,100001.0,250000.0,etf,NFLX,trump_278t_2026_05_08_equity.pdf,97.08999633789062,87.66000366210938,71,-0.0971263058138676,-0.001140840740791027,0.019050856709776312,,
9a0cbc1e88cc,Donald Trump,trump_278t_2026_05_08_equity,262,WALMART INC UNSOLICITED,purchase,2026-03-02,2026-05-12,100001.0,250000.0,equity,WMT,trump_278t_2026_05_08_equity.pdf,126.59809112548828,130.35000610351562,71,0.029636426147281476,0.008592213768659677,0.029535793359834188,,
5c5ba76ded97,Donald Trump,trump_278t_2026_05_08_equity,263,FISERV INC,purchase,2026-03-18,2026-05-12,100001.0,250000.0,equity,FISV,trump_278t_2026_05_08_equity.pdf,57.060001373291016,54.880001068115234,55,-0.038205402255672025,-0.04573618963882922,0.020954768381915696,,
3c5bbec466ee,Donald Trump,trump_278t_2026_05_08_equity,267,BLACKSTONE INC,purchase,2026-03-18,2026-05-12,100001.0,250000.0,equity,BX,trump_278t_2026_05_08_equity.pdf,112.4876937866211,122.76000213623047,55,0.09131939684971237,-0.025578358871026132,-0.06924079384234039,,
f424f603e7bd,Donald Trump,trump_278t_2026_05_08_equity,271,Block. Inc. I,purchase,2026-03-17,2026-05-12,100001.0,250000.0,equity,PBOG,trump_278t_2026_05_08_equity.pdf,33.694000244140625,32.987998962402344,56,-0.020953323340141383,-0.001697579653837143,0.055838575439260296,,
5cf7b36c0d9a,Donald Trump,trump_278t_2026_05_08_equity,275,DISNEY WALT CO,purchase,2026-01-21,2026-05-12,100001.0,250000.0,equity,DIS,trump_278t_2026_05_08_equity.pdf,113.19000244140625,106.16000366210938,111,-0.06210794794298209,-0.011868896879853713,-0.036454433054652506,,
150fdbf7c4df,Donald Trump,trump_278t_2026_05_08_equity,276,KIMBERLY-CLARK CORP COM I,purchase,2026-01-10,2026-05-12,100001.0,250000.0,equity,KMB,trump_278t_2026_05_08_equity.pdf,97.07100677490234,97.33999633789062,122,0.00277105978319603,-0.0030819337749091826,-0.008937694163944047,,
f85ff62eec3b,Donald Trump,trump_278t_2026_05_08_equity,277,INGERSOLL RAND INC COM,purchase,2026-01-06,2026-05-12,100001.0,250000.0,equity,IR,trump_278t_2026_05_08_equity.pdf,83.3884048461914,73.18949127197266,126,-0.12230613588340591,-0.024859969563518252,-0.06352674783826238,,
c41133dc08eb,Donald Trump,trump_278t_2026_05_08_equity,278,ORACLE CORP,purchase,2026-03-18,2026-05-12,100001.0,250000.0,equity,ORCL,trump_278t_2026_05_08_equity.pdf,152.36782836914062,186.8300018310547,55,0.22617749318066516,0.015682666847216344,-0.028742680857239626,,
4ecc316daeee,Donald Trump,trump_278t_2026_05_08_equity,279,UBER TECHNOLOGIES INC,purchase,2026-03-18,2026-05-12,100001.0,250000.0,equity,UBER,trump_278t_2026_05_08_equity.pdf,76.66000366210938,76.36000061035156,55,-0.003913423394552935,-0.02173917821949756,-0.029727661790421852,,
30a1438980bd,Donald Trump,trump_278t_2026_05_08_equity,280,COSTCO WHOLESALE CORP UNSOLICITED,purchase,2026-03-02,2026-05-12,100001.0,250000.0,equity,COST,trump_278t_2026_05_08_equity.pdf,1001.3170776367188,1021.8800048828125,71,0.020535879897929845,0.010960143185460793,0.07088889210094418,,
dd6e45ba6157,Donald Trump,trump_278t_2026_05_08_equity,262,WASTE MGMT INC DEL,purchase,2026-01-10,2026-05-12,100001.0,250000.0,equity,WM,trump_278t_2026_05_08_equity.pdf,217.70437622070312,217.64999389648438,122,-0.0002497989482931597,-0.005559345228622447,0.021548369276026,,
02cd9f1e9588,Donald Trump,trump_278t_2026_05_08_equity,283,AT&T INC,purchase,2026-01-12,2026-05-12,100001.0,250000.0,equity,T,trump_278t_2026_05_08_equity.pdf,23.494108200073242,25.229999542236328,120,0.0738862410686299,-0.019421315101408505,-0.009908838863888485,,
6432b2351b74,Donald Trump,trump_278t_2026_05_08_equity,284,PROLOGIS INC,purchase,2026-03-17,2026-05-12,100001.0,250000.0,equity,PLD,trump_278t_2026_05_08_equity.pdf,133.2100067138672,143.75999450683594,56,0.07919816275987392,-0.012242588857028983,-0.009181915107592193,,
033f0c86077e,Donald Trump,trump_278t_2026_05_08_equity,285,CORPAY INC COM SHS,purchase,2026-01-06,2026-05-12,100001.0,250000.0,equity,CPAY,trump_278t_2026_05_08_equity.pdf,317.6300048828125,338.3399963378906,126,0.06520162181377966,-0.02095524151631794,0.014186966845484126,,
ce071afa369b,Donald Trump,trump_278t_2026_05_08_equity,287,MERIT MED SYS INC,purchase,2026-03-30,2026-05-12,100001.0,250000.0,equity,MMSI,trump_278t_2026_05_08_equity.pdf,68.63999938964844,61.150001525878906,43,-0.10912001646811048,0.024039204731397285,0.04284544344248254,,
39a0663c4c6e,Donald Trump,trump_278t_2026_05_08_equity,323,ALPHABET INC CAP STI< CL A,purchase,2026-01-10,2026-05-12,100001.0,250000.0,equity,GOOGL,trump_278t_2026_05_08_equity.pdf,331.62652587890625,387.3500061035156,122,0.1680308294908739,0.03942168264634315,0.0008003034818874021,,
a33124c15527,Donald Trump,trump_278t_2026_05_08_equity,324,CADENCE DESIGN SYSTEM UNSOLICITED,purchase,2026-03-02,2026-05-12,100001.0,250000.0,equity,CDNS,trump_278t_2026_05_08_equity.pdf,303.3599853515625,358.0400085449219,71,0.18024797545395102,-0.009747571971458173,-0.055636277936338754,,
d7af62e6e760,Donald Trump,trump_278t_2026_05_08_equity,325,DOLLAR TREE INC,purchase,2026-01-06,2026-05-12,100001.0,250000.0,equity,DLTR,trump_278t_2026_05_08_equity.pdf,133.77999877929688,89.05000305175781,126,-0.3343548821624093,-0.025266703232926905,0.01751822015870168,,
ed5da42f203e,Donald Trump,trump_278t_2026_05_08_equity,366,LITHIA MTRS INC CLASS A,purchase,2026-03-18,2026-05-12,50001.0,100000.0,equity,LAD,trump_278t_2026_05_08_equity.pdf,249.40069580078125,275.29998779296875,55,0.10384610960698999,-0.00755534567560467,-0.06614599441527187,,
efd5b81e9c5d,Donald Trump,trump_278t_2026_05_08_equity,367,NVR INC,purchase,2026-03-18,2026-05-12,50001.0,100000.0,equity,NVR,trump_278t_2026_05_08_equity.pdf,6482.81982421875,5795.66015625,55,-0.10599703317399542,-0.013037351493473362,-0.003820123354692257,,
322e584e0629,Donald Trump,trump_278t_2026_05_08_equity,366,MARSH & MCLENNAN COS INC,sale,2026-01-12,2026-05-12,50001.0,100000.0,equity,MRSH,trump_278t_2026_05_08_equity.pdf,183.7469024658203,163.38999938964844,120,0.11078773466648541,0.02601138390278529,-0.016402521234969197,,
a1554a9f4cb8,Donald Trump,trump_278t_2026_05_08_equity,371,SYNOPSYS INC UNSOLICITED,purchase,2026-03-02,2026-05-12,50001.0,100000.0,equity,SNPS,trump_278t_2026_05_08_equity.pdf,424.6600036621094,513.2100219726562,71,0.20851979830199352,-0.0076577288538780056,-0.03768442942935979,,
c1f4902ae406,Donald Trump,trump_278t_2026_05_08_equity,372,SYNOPSYS INC COM,purchase,2026-01-06,2026-05-12,50001.0,100000.0,equity,SNPS,trump_278t_2026_05_08_equity.pdf,508.7699890136719,513.2100219726562,126,0.008726994624018715,-0.0076577288538780056,-0.03768442942935979,,
d7834738398e,Donald Trump,trump_278t_2026_05_08_equity,373,WATERS CORP,purchase,2026-01-06,2026-05-12,50001.0,100000.0,equity,WAT,trump_278t_2026_05_08_equity.pdf,400.5400085449219,352.2099914550781,126,-0.12066214624955095,-0.0490616370873193,-0.05380307813292134,,
fd3555936b36,Donald Trump,trump_278t_2026_05_08_equity,374,DOORDASH INC CLASS A,purchase,2026-03-18,2026-05-12,50001.0,100000.0,equity,DASH,trump_278t_2026_05_08_equity.pdf,164.99000549316406,155.19000244140625,55,-0.05939755576384807,-0.039435498556024406,-0.0034796606509865952,,
a60e46a66b19,Donald Trump,trump_278t_2026_05_08_equity,376,BENTLEY SYS INC CLASS B,purchase,2026-01-12,2026-05-12,50001.0,100000.0,equity,BSY,trump_278t_2026_05_08_equity.pdf,40.07013702392578,32.66999816894531,120,-0.18467964934988526,-0.04346489894496233,0.010407106570060358,,
616f81f866b2,Donald Trump,trump_278t_2026_05_08_equity,377,JBT MAREL CORP,purchase,2026-03-30,2026-05-12,50001.0,100000.0,equity,JBTM,trump_278t_2026_05_08_equity.pdf,122.6969985961914,129.22206115722656,43,0.053180294837609,-0.03247760546870434,-0.03263229278364783,,
e6a1a4785d42,Donald Trump,trump_278t_2026_05_08_equity,380,PALANTIR TECHNOLOGIES INC CL A UNSOLICITED,purchase,2026-03-02,2026-05-12,50001.0,100000.0,equity,PLTR,trump_278t_2026_05_08_equity.pdf,145.1699981689453,136.0,71,-0.06316730925541165,-0.04374997756060432,-0.00544121686150046,,
14f22e7978d5,Donald Trump,trump_278t_2026_05_08_equity,381,ABBVIE INC COM UNSOLICITED,purchase,2026-03-02,2026-05-12,50001.0,100000.0,equity,ABBV,trump_278t_2026_05_08_equity.pdf,232.33253479003906,207.86000061035156,71,-0.10533408160765578,0.0030789925323254576,0.02838446011334492,,
5698fb3aa44c,Donald Trump,trump_278t_2026_05_08_equity,364,TRANSDIGM GROUP INC,purchase,2026-01-06,2026-05-12,50001.0,100000.0,equity,TDG,trump_278t_2026_05_08_equity.pdf,1384.4000244140625,1191.18994140625,126,-0.13956232273947503,0.0085713307784979,-0.010166292486709676,,
0b5657fab14b,Donald Trump,trump_278t_2026_05_08_equity,385,GROUP 1 AUTOMOTIVE INC,purchase,2026-03-30,2026-05-12,50001.0,100000.0,equity,GPI,trump_278t_2026_05_08_equity.pdf,328.7300109863281,336.1400146484375,43,0.02254130567475799,-0.024870635761363336,-0.09124178048189699,,
15f1ce6c8216,Donald Trump,trump_278t_2026_05_08_equity,386,WILLIAMS SONOMA INC COM,purchase,2026-03-17,2026-05-12,50001.0,100000.0,equity,WSM,trump_278t_2026_05_08_equity.pdf,181.447021484375,175.38999938964844,56,-0.03338176645268411,-0.018986269699771862,-0.020696760906806548,,
f682c5b84c13,Donald Trump,trump_278t_2026_05_08_equity,387,MORNINGSTAR INC,purchase,2026-01-12,2026-05-12,50001.0,100000.0,equity,MORN,trump_278t_2026_05_08_equity.pdf,217.86618041992188,175.82000732421875,120,-0.192990821313625,-0.05460132922081416,-0.02280747126935554,,
2f6d6a89a143,Donald Trump,trump_278t_2026_05_08_equity,388,RITHM CAPITAL CORP REIT,purchase,2026-03-23,2026-05-12,50001.0,100000.0,reit,RITM,trump_278t_2026_05_08_equity.pdf,8.824797630310059,9.65999984741211,50,0.094642648147922,-0.042443049056770675,-0.06832296664983092,,
3c5ea269f114,Donald Trump,trump_278t_2026_05_08_equity,369,T-MOBILE US INC,purchase,2026-01-12,2026-05-12,50001.0,100000.0,equity,TMUS,trump_278t_2026_05_08_equity.pdf,195.50405883789062,192.25685119628906,120,-0.016609412924230408,-0.015623411426183625,0.0006208062147289489,,
904f2222439f,Donald Trump,trump_278t_2026_05_08_equity,391,MIRION TECHNOLOGIES INC CLASS A,purchase,2026-03-30,2026-05-12,50001.0,100000.0,equity,MIR,trump_278t_2026_05_08_equity.pdf,17.31999969482422,18.959999084472656,43,0.09468818813770088,-0.016877621850007546,-0.031118052411850512,,
338e938845c1,Donald Trump,trump_278t_2026_05_08_equity,392,PRIMORIS SVCS CORP,purchase,2026-03-04,2026-05-12,50001.0,100000.0,equity,PRIM,trump_278t_2026_05_08_equity.pdf,144.52392578125,113.30000305175781,69,-0.21604673801037214,-0.003177410420607903,-0.07590472967231045,,
354609beda37,Donald Trump,trump_278t_2026_05_08_equity,364,VERTEX PHARMACEUTICALS INC,purchase,2026-01-06,2026-05-12,50001.0,100000.0,equity,VRTX,trump_278t_2026_05_08_equity.pdf,468.3800048828125,448.2900085449219,126,-0.04289251489913001,0.010640408937853648,-0.031185194226623563,,
b80dec81c433,Donald Trump,trump_278t_2026_05_08_equity,362,FORTINET INC UNSOLICITED,purchase,2025-03-02,2026-05-12,50001.0,100000.0,equity,FTNT,trump_278t_2026_05_08_equity.pdf,106.54000091552734,113.87000274658203,436,0.06880046713033583,0.03354702382264482,0.12092734092324181,,
f3156ddd4802,Donald Trump,trump_278t_2026_05_08_equity,361,UNITED PARCEL SERVICE INC,purchase,2026-01-06,2026-05-12,100001.0,250000.0,equity,UPS,trump_278t_2026_05_08_equity.pdf,102.05254364013672,96.8081283569336,126,-0.0513893637153844,0.00010150656068898366,0.0002259466688628231,,
023caef312a6,Donald Trump,trump_278t_2026_05_08_equity,329,ANALOG DEVICES INC UNSOLICITED I,purchase,2026-03-02,2026-05-12,100001.0,250000.0,equity,ADI,trump_278t_2026_05_08_equity.pdf,351.30999755859375,419.6499938964844,71,0.19452903934648896,0.03035868208566142,-0.012724881247604281,,
8e779cf184c5,Donald Trump,trump_278t_2026_05_08_equity,330,BOOKING HLDGS INC I,purchase,2026-02-24,2026-05-12,100001.0,250000.0,equity,BKNG,trump_278t_2026_05_08_equity.pdf,162.3719940185547,160.55999755859375,77,-0.011159538139033236,-0.034441946084850884,-0.03749379897856585,,
35ef02651ed1,Donald Trump,trump_278t_2026_05_08_equity,333,TELEFLEX INC I,purchase,2026-02-21,2026-05-12,100001.0,250000.0,equity,TFX,trump_278t_2026_05_08_equity.pdf,112.42255401611328,128.6973876953125,80,0.14476484564535497,0.007827668694257457,0.028753145484776945,,
7a36a0132e1b,Donald Trump,trump_278t_2026_05_08_equity,335,ISHARES CURRENCY HEDGED MSCI EUROZONE ETF,purchase,2026-03-10,2026-05-12,100001.0,250000.0,etf,HEZU,trump_278t_2026_05_08_equity.pdf,44.43000030517578,46.145999908447266,63,0.038622543134927294,0.009166565607692618,0.0013868845870143394,,
f6e0c0bd65cf,Donald Trump,trump_278t_2026_05_08_equity,339,ISHARES CORE MSCI PACIFIC ETF,purchase,2026-01-10,2026-05-12,100001.0,250000.0,etf,IPAC,trump_278t_2026_05_08_equity.pdf,76.43000030517578,82.55000305175781,122,0.08007330527470362,0.007268303475953869,-0.017807403590057443,,
45eb9c941d19,Donald Trump,trump_278t_2026_05_08_equity,340,AMAZON COM INC,purchase,2026-01-06,2026-05-12,100001.0,250000.0,equity,AMZN,trump_278t_2026_05_08_equity.pdf,240.92999267578125,265.82000732421875,126,0.10330807871617677,0.016213969753363512,-0.02437743889768426,,
810341d4ffa8,Donald Trump,trump_278t_2026_05_08_equity,341,JPMORGAN CHASE & CO UNSOLICITED,purchase,2026-03-31,2026-05-12,100001.0,250000.0,equity,JPM,trump_278t_2026_05_08_equity.pdf,292.6622314453125,304.8800048828125,42,0.04174701114374248,-0.015186318579967705,-0.030110182789159255,,
442affa7c631,Donald Trump,trump_278t_2026_05_08_equity,342,CHEVRON CORP NEW,purchase,2026-01-12,2026-05-12,100001.0,250000.0,equity,CVX,trump_278t_2026_05_08_equity.pdf,159.3081817626953,184.26229858398438,120,0.15664052244636495,0.00026896737561542435,0.0704848550996231,,
9359541699de,Donald Trump,trump_278t_2026_05_08_equity,343,UNITEDHEALTH GROUP INC,purchase,2026-01-23,2026-05-12,100001.0,250000.0,equity,UNH,trump_278t_2026_05_08_equity.pdf,353.5116882324219,396.3900146484375,109,0.12129252820581307,0.012033575108854416,-0.018037851988789204,,
0bae29aff41b,Donald Trump,trump_278t_2026_05_08_equity,346,WAYSTAR HLDG CORP,purchase,2026-02-21,2026-05-12,100001.0,250000.0,equity,WAY,trump_278t_2026_05_08_equity.pdf,24.350000381469727,19.389999389648438,80,-0.20369613610338316,-0.03610102514827939,0.01083037640183735,,
68c97799ae5d,Donald Trump,trump_278t_2026_05_08_equity,347,COUPANG INC CLASS A,purchase,2026-02-12,2026-05-12,100001.0,250000.0,equity,CPNG,trump_278t_2026_05_08_equity.pdf,17.1299991607666,15.899999618530273,89,-0.07180382968455926,0.0037736113871835045,-0.040251534905860344,,
87df079447b3,Donald Trump,trump_278t_2026_05_08_equity,348,PHILIP MORRIS INTL INC,purchase,2026-01-23,2026-05-12,100001.0,250000.0,equity,PM,trump_278t_2026_05_08_equity.pdf,171.4891357421875,186.92999267578125,109,0.09003985510083362,0.0052426631612183,0.024822205265290543,,
436d7ea1772c,Donald Trump,trump_278t_2026_05_08_equity,351,ACI WORLDWIDE INC,purchase,2026-03-13,2026-05-12,100001.0,250000.0,equity,ACIW,trump_278t_2026_05_08_equity.pdf,39.77000045776367,42.18000030517578,60,0.0605984365016934,-0.03247982271153889,0.0097202428744838,,
2a67b36d0636,Donald Trump,trump_278t_2026_05_08_equity,353,HOME DEPOT INC COM,purchase,2026-01-06,2026-05-12,,,equity,HD,trump_278t_2026_05_08_equity.pdf,346.9703063964844,310.4599914550781,126,-0.1052260503804777,-0.02547833498621322,-0.02583260076792318,,
7d05d9e808f2,Donald Trump,trump_278t_2026_05_08_equity,354,BERKSHIRE HATHAWAY CLASS B,purchase,2026-02-12,2026-05-12,100001.0,250000.0,equity,BRK-B,trump_278t_2026_05_08_equity.pdf,500.010009765625,484.9599914550781,89,-0.030099434044533288,0.001154729397189093,-0.009279115966861847,,
161b326aeda3,Donald Trump,trump_278t_2026_05_08_equity,359,VISA INC CL A UNSOLICITED,purchase,2026-03-12,2026-05-12,100001.0,250000.0,equity,V,trump_278t_2026_05_08_equity.pdf,305.86590576171875,326.4200134277344,61,0.06719973452035567,-0.01871826364131105,0.010691716472058915,,
23ac2cd9cb3d,Donald Trump,trump_278t_2026_05_08_equity,360,VERSANT MEDIA GROUP INC,purchase,2026-01-26,2026-05-12,100001.0,250000.0,equity,VSNT,trump_278t_2026_05_08_equity.pdf,32.75481033325195,40.369998931884766,106,0.23249069437908004,0.001733953348434004,0.04978950184323493,,
2f0f0f294090,Donald Trump,trump_278t_2026_05_08_equity,344,STATE STREET CONSUMER STAPLES SELECT SECTOR SPDR ETF,purchase,2026-01-10,2026-05-12,100001.0,250000.0,etf,XLP,trump_278t_2026_05_08_equity.pdf,79.73121643066406,84.44000244140625,122,0.059058248720399824,0.003315949445775643,0.0195404292844416,,
1685ccaf24cc,Donald Trump,trump_278t_2026_05_08_equity,1029,ONEOK INC NEW UNSOLICITED,purchase,2026-03-12,2026-05-12,15001.0,50000.0,equity,OKE,trump_278t_2026_05_08_equity.pdf,83.92430114746094,88.43000030517578,61,0.05368765775955657,0.004071023511355702,0.0770100365836498,,
232194f1b020,Donald Trump,trump_278t_2026_05_08_equity,1722,NiSOURCE INC l,purchase,2026-03-14,2026-05-12,1001.0,15000.0,equity,NI,trump_278t_2026_05_08_equity.pdf,47.17442321777344,47.189998626708984,59,0.0003301663883338945,-0.002966717391875479,0.004873904406222023,,
2eb34caba3f1,Donald Trump,trump_278t_2026_05_08_equity,1723,BEST BUY COMPANY INC l,purchase,2026-03-14,2026-05-12,1001.0,15000.0,equity,BBY,trump_278t_2026_05_08_equity.pdf,61.94679641723633,57.20000076293945,59,-0.07662697554729574,-0.029370634314121777,0.03653846371872824,,
5da906e175cc,Donald Trump,trump_278t_2026_05_08_equity,1724,BOOKING HOLDINGS INC l,purchase,2026-02-19,2026-05-12,1001.0,15000.0,equity,BKNG,trump_278t_2026_05_08_equity.pdf,159.9331512451172,160.55999755859375,82,0.003919427014327027,-0.034441946084850884,-0.03749379897856585,,
873ec1ec1d13,Donald Trump,trump_278t_2026_05_08_equity,1725,META PLATFORMS INC CL A,purchase,2026-02-19,2026-05-12,1001.0,15000.0,equity,META,trump_278t_2026_05_08_equity.pdf,644.2284545898438,603.0,82,-0.0639966370564808,0.022603656522077114,-0.0006467904617537313,,
1be7aee85475,Donald Trump,trump_278t_2026_05_08_equity,1728,VISA INC CLASS A,purchase,2026-03-23,2026-05-12,1001.0,15000.0,equity,V,trump_278t_2026_05_08_equity.pdf,303.8101806640625,326.4200134277344,50,0.07442091872712012,-0.01871826364131105,0.010691716472058915,,
46ece1676926,Donald Trump,trump_278t_2026_05_08_equity,1729,STRYKER CORP,purchase,2026-03-21,2026-05-12,1001.0,15000.0,equity,SYK,trump_278t_2026_05_08_equity.pdf,331.6924743652344,294.45001220703125,52,-0.11228009387151357,0.025946625281467513,0.07913053770426151,,
0fed626a9ea2,Donald Trump,trump_278t_2026_05_08_equity,1730,SERVICENOW INC,purchase,2026-02-12,2026-05-12,1001.0,15000.0,equity,NOW,trump_278t_2026_05_08_equity.pdf,103.29000091552734,89.0,89,-0.13834834726368136,-0.021910078070136937,0.1441573239444347,,
ce5964e398f0,Donald Trump,trump_278t_2026_05_08_equity,1731,CMS ENERGY CORP,purchase,2026-01-23,2026-05-12,1001.0,15000.0,equity,CMS,trump_278t_2026_05_08_equity.pdf,69.63402557373047,73.30999755859375,109,0.05278988187995908,-0.006820352157294372,0.0,,
34c7aa9d9788,Donald Trump,trump_278t_2026_05_08_equity,1732,OMNICOM GROUP INC,purchase,2026-01-17,2026-05-12,1001.0,15000.0,equity,OMC,trump_278t_2026_05_08_equity.pdf,77.25914001464844,76.04000091552734,115,-0.01577986887881412,-0.023671791558201472,-0.055365584347500656,,
065deb0f91c6,Donald Trump,trump_278t_2026_05_08_equity,1734,VISA INC CLASS A,purchase,2026-01-17,2026-05-12,1001.0,15000.0,equity,V,trump_278t_2026_05_08_equity.pdf,324.4768371582031,326.4200134277344,115,0.00598864401708843,-0.01871826364131105,0.010691716472058915,,
b80cd873a4b4,Donald Trump,trump_278t_2026_05_08_equity,1735,SERVICENOW INC,purchase,2026-03-28,2026-05-12,1001.0,15000.0,equity,NOW,trump_278t_2026_05_08_equity.pdf,104.97000122070312,89.0,45,-0.1521387161568726,-0.021910078070136937,0.1441573239444347,,
de0f3eec1c36,Donald Trump,trump_278t_2026_05_08_equity,1736,STRYKER CORP,purchase,2026-01-17,2026-05-12,1001.0,15000.0,equity,SYK,trump_278t_2026_05_08_equity.pdf,358.6395568847656,294.45001220703125,115,-0.17898066023531,0.025946625281467513,0.07913053770426151,,
c9f6bf978e60,Donald Trump,trump_278t_2026_05_08_equity,1737,BOSTON SCIENTIFIC CORP,purchase,2026-03-28,2026-05-12,1001.0,15000.0,equity,BSX,trump_278t_2026_05_08_equity.pdf,62.93000030517578,54.099998474121094,45,-0.14031466372531465,-0.019223606842199155,0.05009247644371488,,
74ed4236c5e6,Donald Trump,trump_278t_2026_05_08_equity,1738,MICRON TECHNOLOGY INC,purchase,2026-03-23,2026-05-12,1001.0,15000.0,equity,MU,trump_278t_2026_05_08_equity.pdf,404.1802062988281,766.5800170898438,50,0.8966292884790048,0.04833153352160296,-0.08849699358588661,,
f418f296a22f,Donald Trump,trump_278t_2026_05_08_equity,1742,AMAZON.COM INC,purchase,2026-02-19,2026-05-12,1001.0,15000.0,equity,AMZN,trump_278t_2026_05_08_equity.pdf,204.86000061035156,265.82000732421875,82,0.29756910344745396,0.016213969753363512,-0.02437743889768426,,
5e654a4bdb74,Donald Trump,trump_278t_2026_05_08_equity,1743,CROWDS'TRIKE HOLDINGS INC CL A,purchase,2026-02-19,2026-05-12,1001.0,15000.0,equity,CRWD,trump_278t_2026_05_08_equity.pdf,422.1400146484375,546.1799926757812,82,0.2938361058490167,0.030008449354106608,0.12944452956005584,,
b367613d8229,Donald Trump,trump_278t_2026_05_08_equity,1745,UBER TECHNOLOGIES INC,purchase,2026-01-17,2026-05-12,1001.0,15000.0,equity,UBER,trump_278t_2026_05_08_equity.pdf,83.72000122070312,76.36000061035156,115,-0.0879120939206521,-0.02173917821949756,-0.029727661790421852,,
3fa947e49404,Donald Trump,trump_278t_2026_05_08_equity,1746,ILLINOIS TOOL WKS INC,purchase,2026-01-17,2026-05-12,1001.0,15000.0,equity,ITW,trump_278t_2026_05_08_equity.pdf,252.85092163085938,251.41000366210938,115,-0.005698685847993928,-0.005210602360733281,-0.016069402514116246,,
572d7ac50ea9,Donald Trump,trump_278t_2026_05_08_equity,1692,AST SPACEMOBILE INC CL A,purchase,2026-03-17,2026-05-12,1001.0,15000.0,equity,ASTS,trump_278t_2026_05_08_equity.pdf,95.69999694824219,72.95999908447266,56,-0.23761754011411407,0.025356339053392483,0.2075109591506359,,
1ea38932bf4d,Donald Trump,trump_278t_2026_05_08_equity,1693,UNITEDHEALTH GROUP INC,purchase,2026-03-17,2026-05-12,1001.0,15000.0,equity,UNH,trump_278t_2026_05_08_equity.pdf,287.57000732421875,396.3900146484375,56,0.3784122285100838,0.012033575108854416,-0.018037851988789204,,
3c07221e2425,Donald Trump,trump_278t_2026_05_08_equity,1694,DAVITA INC.,purchase,2026-03-17,2026-05-12,1001.0,15000.0,equity,DVA,trump_278t_2026_05_08_equity.pdf,149.97999572753906,200.5399932861328,56,0.3371116082070271,-0.012167085191509832,-0.029570125033964008,,
280920134ff3,Donald Trump,trump_278t_2026_05_08_equity,1696,PAYCHEX. INC,purchase,2026-03-17,2026-05-12,1001.0,15000.0,equity,PAYX,trump_278t_2026_05_08_equity.pdf,91.25625610351562,92.5199966430664,56,0.013848261954964159,-0.02810201652029504,0.02118468206855554,,
845fae92ee63,Donald Trump,trump_278t_2026_05_08_equity,1697,SERVICENOW INC,purchase,2026-01-21,2026-05-12,1001.0,15000.0,equity,NOW,trump_278t_2026_05_08_equity.pdf,125.30000305175781,89.0,111,-0.2897047259987961,-0.021910078070136937,0.1441573239444347,,
b6263d17c429,Donald Trump,trump_278t_2026_05_08_equity,1698,CADENCE DESIGN SYSTEMS INC,purchase,2026-01-23,2026-05-12,1001.0,15000.0,equity,CDNS,trump_278t_2026_05_08_equity.pdf,318.32000732421875,358.0400085449219,109,0.12478009646514955,-0.009747571971458173,-0.055636277936338754,,
3a210089db84,Donald Trump,trump_278t_2026_05_08_equity,1699,INTUITIVE SURGICAL INC,purchase,2026-03-17,2026-05-12,1001.0,15000.0,equity,ISRG,trump_278t_2026_05_08_equity.pdf,482.760009765625,431.8699951171875,56,-0.10541472702584474,0.0009261905226266925,0.022483598223681477,,
3518756d401a,Donald Trump,trump_278t_2026_05_08_equity,1702,WORKDAY INC CLASS A,purchase,2026-02-23,2026-05-12,1001.0,15000.0,equity,WDAY,trump_278t_2026_05_08_equity.pdf,129.2100067138672,118.62000274658203,78,-0.08195962709557392,-0.017872219672015795,0.09037256232585515,,
b194d0008214,Donald Trump,trump_278t_2026_05_08_equity,1703,DISNEY WALT CO,purchase,2026-03-26,2026-05-12,1001.0,15000.0,equity,DIS,trump_278t_2026_05_08_equity.pdf,94.75,106.16000366210938,47,0.12042220223862138,-0.011868896879853713,-0.036454433054652506,,
3be71399a3a6,Donald Trump,trump_278t_2026_05_08_equity,1705,AIRBNB INC CL A,purchase,2026-01-23,2026-05-12,1001.0,15000.0,equity,ABNB,trump_278t_2026_05_08_equity.pdf,132.14999389648438,135.47999572753906,109,0.025198652931177144,-0.018526679849353803,-0.031886567771359633,,
6cb7c9d30a53,Donald Trump,trump_278t_2026_05_08_equity,1706,TARGET CORP,purchase,2026-01-23,2026-05-12,1001.0,15000.0,equity,TGT,trump_278t_2026_05_08_equity.pdf,106.01006317138672,120.66000366210938,109,0.13819386624681151,0.006795952842173845,0.05453334992502125,,
0102f1651b52,Donald Trump,trump_278t_2026_05_08_equity,1711,COSTCO WHSL CORP NEW,purchase,2026-03-23,2026-05-12,1001.0,15000.0,equity,COST,trump_278t_2026_05_08_equity.pdf,964.3306884765625,1021.8800048828125,50,0.059677989193899536,0.010960143185460793,0.07088889210094418,,
4dd3dd049cdf,Donald Trump,trump_278t_2026_05_08_equity,1712,ALNYLAM PHARMACEUTICALS INC,purchase,2026-01-23,2026-05-12,1001.0,15000.0,equity,ALNY,trump_278t_2026_05_08_equity.pdf,357.9800109863281,292.0299987792969,109,-0.18422819761729656,-0.001883326354373634,0.007773136400919655,,
6a94f1d6d5ac,Donald Trump,trump_278t_2026_05_08_equity,1715,BOOKING HLDGS INC FORWARD SPLIT WITH STOCK SPLIT SHARES l,purchase,2026-03-21,2026-05-12,1001.0,15000.0,equity,BKNG,trump_278t_2026_05_08_equity.pdf,175.87159729003906,160.55999755859375,52,-0.08706124222090365,-0.034441946084850884,-0.03749379897856585,,
fdd5363e6fce,Donald Trump,trump_278t_2026_05_08_equity,1716,CONSOLIDATED EDISON INC I,purchase,2026-01-23,2026-05-12,1001.0,15000.0,equity,ED,trump_278t_2026_05_08_equity.pdf,102.20423889160156,106.01200103759766,109,0.03725640137132306,0.0013960931126960703,0.02007318351906287,,
12d10b290a41,Donald Trump,trump_278t_2026_05_08_equity,1717,ACCENTURE PLC IRELAND F CLASS A I,purchase,2026-03-21,2026-05-12,1001.0,15000.0,equity,ACN,trump_278t_2026_05_08_equity.pdf,198.33802795410156,169.77000427246094,52,-0.14403704612940743,-0.05966899115202372,0.04140895683794972,,
68e836313287,Donald Trump,trump_278t_2026_05_08_equity,1691,MASTERCARD INC CLASS A,purchase,2026-03-17,2026-05-12,1001.0,15000.0,equity,MA,trump_278t_2026_05_08_equity.pdf,505.7109375,499.80999755859375,56,-0.011668602562914214,-0.01834693774624073,-0.0002200543248429243,,
fe3282c68237,Donald Trump,trump_278t_2026_05_08_equity,1751,MICRON TECHNOLOGY INC IDUrchaso,purchase,2026-03-17,2026-05-12,1001.0,15000.0,equity,MU,trump_278t_2026_05_08_equity.pdf,461.4961242675781,766.5800170898438,56,0.6610757420909048,0.04833153352160296,-0.08849699358588661,,
7f221130647c,Donald Trump,trump_278t_2026_05_08_equity,1797,PHILIP MORRIS INTI. INC,purchase,2026-03-17,2026-05-12,1001.0,15000.0,equity,PM,trump_278t_2026_05_08_equity.pdf,171.30081176757812,186.92999267578125,56,0.09123821858713012,0.0052426631612183,0.024822205265290543,,
2f861f999984,Donald Trump,trump_278t_2026_05_08_equity,1798,ORACLE CORP,purchase,2026-03-11,2026-05-12,1001.0,15000.0,equity,ORCL,trump_278t_2026_05_08_equity.pdf,162.55226135253906,186.8300018310547,62,0.14935344655625984,0.015682666847216344,-0.028742680857239626,,
64911cb0cb83,Donald Trump,trump_278t_2026_05_08_equity,1799,DARDEN RESTAURANTS INC -,purchase,2026-01-23,2026-05-12,1001.0,15000.0,equity,DRI,trump_278t_2026_05_08_equity.pdf,204.5948944091797,199.1199951171875,109,-0.026759706334815274,-0.03168942202353985,-0.027069101656397074,,
3645ef8402db,Donald Trump,trump_278t_2026_05_08_equity,1800,UBER TECHNOLOGIES INC,purchase,2026-03-26,2026-05-12,1001.0,15000.0,equity,UBER,trump_278t_2026_05_08_equity.pdf,70.55000305175781,76.36000061035156,47,0.08235290300882545,-0.02173917821949756,-0.029727661790421852,,
a0071a303c6d,Donald Trump,trump_278t_2026_05_08_equity,1801,MASTERCARD INC CLASS A,purchase,2026-03-23,2026-05-12,1001.0,15000.0,equity,MA,trump_278t_2026_05_08_equity.pdf,499.5215759277344,499.80999755859375,50,0.0005773957417629161,-0.01834693774624073,-0.0002200543248429243,,
a7c2aa1c0d24,Donald Trump,trump_278t_2026_05_08_equity,1804,CISCO SYS INC,purchase,2026-03-23,2026-05-12,1001.0,15000.0,equity,CSCO,trump_278t_2026_05_08_equity.pdf,78.39520263671875,99.29000091552734,50,0.266531593465413,0.025984508080019737,0.162050520591489,,
92f5c8736ed1,Donald Trump,trump_278t_2026_05_08_equity,1805,BANK OF AMERICA CORP,purchase,2026-03-17,2026-05-12,1001.0,15000.0,equity,BAC,trump_278t_2026_05_08_equity.pdf,47.279998779296875,50.779998779296875,56,0.07402707466931222,-0.018511198292746396,-0.0015753843694466029,,
ac58515dda41,Donald Trump,trump_278t_2026_05_08_equity,1806,GE VERNOVA INC,purchase,2026-03-23,2026-05-12,1001.0,15000.0,equity,GEV,trump_278t_2026_05_08_equity.pdf,882.6400146484375,1071.97998046875,50,0.21451550199174702,-0.00877818089062888,-0.05613910126331468,,
7bb4c2338932,Donald Trump,trump_278t_2026_05_08_equity,1808,PAYCHEX INC,purchase,2026-01-21,2026-05-12,1001.0,15000.0,equity,PAYX,trump_278t_2026_05_08_equity.pdf,104.73967742919922,92.5199966430664,111,-0.11666716077479748,-0.02810201652029504,0.02118468206855554,,
328c5028d528,Donald Trump,trump_278t_2026_05_08_equity,1811,CADENCE DESIGN SYS INC,purchase,2026-03-23,2026-05-12,1001.0,15000.0,equity,CDNS,trump_278t_2026_05_08_equity.pdf,292.5199890136719,358.0400085449219,50,0.22398475998912917,-0.009747571971458173,-0.055636277936338754,,
ae64d4608cec,Donald Trump,trump_278t_2026_05_08_equity,1819,ALLIANT ENERGY CORP,purchase,2026-01-23,2026-05-12,,,equity,LNT,trump_278t_2026_05_08_equity.pdf,65.79839324951172,72.58999633789062,109,0.10321837286550012,-0.003994948350499385,0.005648211637880477,,
670124aa7a84,Donald Trump,trump_278t_2026_05_08_equity,1821,PHILIP MORRIS INTL INC,purchase,2026-01-12,2026-05-12,1001.0,15000.0,equity,PM,trump_278t_2026_05_08_equity.pdf,163.69866943359375,186.92999267578125,120,0.14191516230748322,0.0052426631612183,0.024822205265290543,,
7d1860588387,Donald Trump,trump_278t_2026_05_08_equity,1822,OKTA INC CLASS A,purchase,2026-02-23,2026-05-12,1001.0,15000.0,equity,OKTA,trump_278t_2026_05_08_equity.pdf,69.51000213623047,79.05999755859375,78,0.13739023347527088,-0.010877822374256843,0.0839868403072911,,
08df1d836ea6,Donald Trump,trump_278t_2026_05_08_equity,1823,ORACLE CORP,purchase,2026-02-23,2026-05-12,1001.0,15000.0,equity,ORCL,trump_278t_2026_05_08_equity.pdf,140.81817626953125,186.8300018310547,78,0.3267463532083748,0.015682666847216344,-0.028742680857239626,,
2f6319023230,Donald Trump,trump_278t_2026_05_08_equity,1825,TRADE DESK INC (THE) CLA,purchase,2026-01-23,2026-05-12,1001.0,15000.0,equity,TTD,trump_278t_2026_05_08_equity.pdf,36.54999923706055,21.139999389648438,109,-0.421614231712127,-0.030747381139876327,0.0009460954749821535,,
484910015cf4,Donald Trump,trump_278t_2026_05_08_equity,1795,PEPSICO INC,purchase,2026-03-04,2026-05-12,1001.0,15000.0,equity,PEP,trump_278t_2026_05_08_equity.pdf,162.46849060058594,151.85000610351562,69,-0.06535719300288752,-0.016990462478453306,-0.00974653228080351,,
e96e8c719146,Donald Trump,trump_278t_2026_05_08_equity,1754,HONEYWELL INTL INC,purchase,2026-03-17,2026-05-12,1001.0,15000.0,equity,HON,trump_278t_2026_05_08_equity.pdf,230.15512084960938,217.3455047607422,56,-0.055656446146324916,-0.0026538977411821366,-0.0008995394888568519,,
cbc5ec729f47,Donald Trump,trump_278t_2026_05_08_equity,1794,SALESFORCE INC,purchase,2026-02-12,2026-05-12,1001.0,15000.0,equity,CRM,trump_278t_2026_05_08_equity.pdf,184.96739196777344,171.30999755859375,89,-0.0738367680048124,-0.031930426120239726,0.047341081816183385,,
dfcc8e654569,Donald Trump,trump_278t_2026_05_08_equity,1792,CBRE GROUP INC CLASS A,purchase,2026-03-23,2026-05-12,1001.0,15000.0,equity,CBRE,trump_278t_2026_05_08_equity.pdf,135.75,144.05999755859375,50,0.06121545162868324,-0.023670718588777003,-0.11044012169747729,,
4dd8bf6c2e8d,Donald Trump,trump_278t_2026_05_08_equity,1757,DANAHER CORP,purchase,2026-03-17,2026-05-12,1001.0,15000.0,equity,DHR,trump_278t_2026_05_08_equity.pdf,194.79476928710938,166.25999450683594,56,-0.14648635014534622,-0.0016238964428738397,0.0046914399438693875,,
5d5a5700cacc,Donald Trump,trump_278t_2026_05_08_equity,1758,DELTA AIR LINES INC DEL,purchase,2026-03-17,2026-05-12,1001.0,15000.0,equity,DAL,trump_278t_2026_05_08_equity.pdf,64.65846252441406,70.52289581298828,56,0.09069861947861654,0.0048084199439243054,-0.0391772578948604,,
f8f3a45f1d16,Donald Trump,trump_278t_2026_05_08_equity,1760,BLACKSTONE INC,purchase,2026-03-17,2026-05-12,1001.0,15000.0,equity,BX,trump_278t_2026_05_08_equity.pdf,110.97174835205078,122.76000213623047,56,0.10622752150197909,-0.025578358871026132,-0.06924079384234039,,
41ab236e5a24,Donald Trump,trump_278t_2026_05_08_equity,1761,CHEVRON CORP NEW,purchase,2026-03-17,2026-05-12,1001.0,15000.0,equity,CVX,trump_278t_2026_05_08_equity.pdf,196.1732177734375,184.26229858398438,56,-0.06071633694263592,0.00026896737561542435,0.0704848550996231,,
b576d24df44c,Donald Trump,trump_278t_2026_05_08_equity,1763,MERCK & CO. INC.,purchase,2026-03-17,2026-05-12,1001.0,15000.0,equity,MRK,trump_278t_2026_05_08_equity.pdf,115.87000274658203,112.37000274658203,56,-0.030206264926521235,0.009611054331784347,0.016641408485187387,,
c9ea2121928b,Donald Trump,trump_278t_2026_05_08_equity,1766,ARES MANAGEMENT CORP CL A,purchase,2026-03-17,2026-05-12,1001.0,15000.0,equity,ARES,trump_278t_2026_05_08_equity.pdf,105.66999816894531,123.66000366210938,56,0.170247050297111,-0.0038816379000372893,-0.020621081806899203,,
f01d453eea87,Donald Trump,trump_278t_2026_05_08_equity,1769,SYSCO CORP,purchase,2026-01-23,2026-05-12,1001.0,15000.0,equity,SYY,trump_278t_2026_05_08_equity.pdf,75.6397705078125,72.9800033569336,109,-0.03516360683040664,0.0028774880078531115,0.03028225517699557,,
46bd41d04482,Donald Trump,trump_278t_2026_05_08_equity,1780,NETFLIX INC,purchase,2026-02-12,2026-05-12,1001.0,15000.0,etf,NFLX,trump_278t_2026_05_08_equity.pdf,75.86000061035156,87.66000366210938,89,0.15554973578721049,-0.001140840740791027,0.019050856709776312,,
f2e8975dc630,Donald Trump,trump_278t_2026_05_08_equity,1781,TARGET CORP l,purchase,2026-03-17,2026-05-12,1001.0,15000.0,equity,CLSM,trump_278t_2026_05_08_equity.pdf,23.613000869750977,26.867000579833984,56,0.13780542879882274,0.006252996760056016,-0.0057691846242728445,,
42de4754950b,Donald Trump,trump_278t_2026_05_08_equity,1782,MORNINGSTAR INC l,purchase,2026-01-23,2026-05-12,1001.0,15000.0,equity,MORN,trump_278t_2026_05_08_equity.pdf,210.2786102294922,175.82000732421875,109,-0.16387117485542768,-0.05460132922081416,-0.02280747126935554,,
4bf46d819a1b,Donald Trump,trump_278t_2026_05_08_equity,1783,AMEREN CORP l,purchase,2026-01-13,2026-05-12,1001.0,15000.0,equity,AEE,trump_278t_2026_05_08_equity.pdf,100.74565124511719,109.48999786376953,119,0.08679626872803757,-0.003653315678904288,-0.004475275124027312,,
15ffcae12f2b,Donald Trump,trump_278t_2026_05_08_equity,1786,NVIDIA CORP,purchase,2026-02-19,2026-05-12,1001.0,15000.0,equity,NVDA,trump_278t_2026_05_08_equity.pdf,187.88983154296875,220.77999877929688,82,0.17505027795400643,0.022873462631033244,-0.0007699889930484667,,
325d5b7b5729,Donald Trump,trump_278t_2026_05_08_equity,1790,FORTINET INC,purchase,2026-02-23,2026-05-12,1001.0,15000.0,equity,FTNT,trump_278t_2026_05_08_equity.pdf,75.5999984741211,113.87000274658203,78,0.5062169979482378,0.03354702382264482,0.12092734092324181,,
719da4519911,Donald Trump,trump_278t_2026_05_08_equity,1791,GOLDMAN SACHS GROUP INC,purchase,2026-03-17,2026-05-12,1001.0,15000.0,equity,GS,trump_278t_2026_05_08_equity.pdf,807.0399780273438,945.9000244140625,56,0.17206092655550448,0.010064444709144485,-0.018141488251168274,,
42ca60612677,Donald Trump,trump_278t_2026_05_08_equity,1690,EXXON MOBIL CORP,purchase,2026-03-17,2026-05-12,1001.0,15000.0,equity,XOM,trump_278t_2026_05_08_equity.pdf,157.73934936523438,149.614501953125,56,-0.05150805708787896,0.006240504976167592,0.08645887216658699,,
547523ad0d3a,Donald Trump,trump_278t_2026_05_08_equity,1582,DIODES INC,purchase,2026-02-12,2026-05-12,15001.0,50000.0,equity,DIOD,trump_278t_2026_05_08_equity.pdf,72.08000183105469,103.44999694824219,89,0.43521079800628093,-0.014403073056783199,-0.0937650771811551,,
448bfb64403c,Donald Trump,trump_278t_2026_05_08_equity,1589,FORTINET INC,purchase,2026-01-23,2026-05-12,,,equity,FTNT,trump_278t_2026_05_08_equity.pdf,81.63999938964844,113.87000274658203,109,0.39478201369291294,0.03354702382264482,0.12092734092324181,,
d2da2b4b3755,Donald Trump,trump_278t_2026_05_08_equity,1593,CAVCO INDS INC DEL,purchase,2026-02-02,2026-05-12,15001.0,50000.0,equity,CVCO,trump_278t_2026_05_08_equity.pdf,465.79998779296875,475.8699951171875,99,0.021618736771402632,-0.027822704457578853,-0.02345179098623589,,
b67ba2b471c6,Donald Trump,trump_278t_2026_05_08_equity,1595,STRIDE INC,purchase,2026-01-21,2026-05-12,15001.0,50000.0,equity,LRN,trump_278t_2026_05_08_equity.pdf,71.61000061035156,87.41999816894531,111,0.2207791848043685,0.008121700976251828,0.031686162554107,,
7c29db8b7fb7,Donald Trump,trump_278t_2026_05_08_equity,1596,GLAUKOS CORP,purchase,2026-01-26,2026-05-12,15001.0,50000.0,equity,GKOS,trump_278t_2026_05_08_equity.pdf,124.2699966430664,136.36000061035156,106,0.0972881974239573,0.00682012812861964,0.025960642932587954,,
5c18443211bb,Donald Trump,trump_278t_2026_05_08_equity,1598,CELANESE CORP DEL CLASS A,purchase,2026-01-30,2026-05-12,15001.0,50000.0,equity,CE,trump_278t_2026_05_08_equity.pdf,44.39402770996094,59.470001220703125,102,0.3395946321707482,0.008407600298248125,-0.10055489186965962,,
953489547774,Donald Trump,trump_278t_2026_05_08_equity,1599,PRA GROUP INC,purchase,2026-01-30,2026-05-12,15001.0,50000.0,equity,PRAA,trump_278t_2026_05_08_equity.pdf,12.789999961853027,16.780000686645508,102,0.31196252827935156,-0.12395713899080801,-0.12336117781842292,,
0709fa514c2f,Donald Trump,trump_278t_2026_05_08_equity,1600,ICU MED INC,purchase,2026-01-26,2026-05-12,15001.0,50000.0,equity,ICUI,trump_278t_2026_05_08_equity.pdf,152.86000061035156,123.2300033569336,106,-0.19383747962258904,-0.009656758979056653,0.0034894124276722833,,
400fa0793666,Donald Trump,trump_278t_2026_05_08_equity,1601,TERRENO RLTY CORP REIT,purchase,2026-01-21,2026-05-12,15001.0,50000.0,reit,TRNO,trump_278t_2026_05_08_equity.pdf,61.973941802978516,65.91000366210938,111,0.06351156219244536,0.005613641277950715,-0.015627467022635604,,
58ce106f8a3f,Donald Trump,trump_278t_2026_05_08_equity,1602,UNIFIRST CORP MASS,purchase,2026-02-12,2026-05-12,15001.0,50000.0,equity,UNF,trump_278t_2026_05_08_equity.pdf,234.72349548339844,256.79998779296875,89,0.09405318485098882,-0.0015576087052108767,0.028816295817071354,,
457f5216ee8b,Donald Trump,trump_278t_2026_05_08_equity,1604,APOGEE ENTERPRISES INC,purchase,2026-02-12,2026-05-12,15001.0,50000.0,equity,APOG,trump_278t_2026_05_08_equity.pdf,41.10603713989258,35.349998474121094,89,-0.14002903384197465,-0.003960378944596781,-0.057425710521118965,,
3f260eb80be4,Donald Trump,trump_278t_2026_05_08_equity,1606,JBT MAREL CORP,purchase,2026-01-30,2026-05-12,15001.0,50000.0,equity,JBTM,trump_278t_2026_05_08_equity.pdf,157.08518981933594,129.22206115722656,102,-0.17737591108464668,-0.03247760546870434,-0.03263229278364783,,
2a84c8721d7b,Donald Trump,trump_278t_2026_05_08_equity,1607,EVERTEC INC F,purchase,2026-02-12,2026-05-12,15001.0,50000.0,equity,EVTC,trump_278t_2026_05_08_equity.pdf,26.159032821655273,23.969999313354492,89,-0.08368174478104673,-0.01752190606279864,0.013767206222746976,,
0d7dec3d3d63,Donald Trump,trump_278t_2026_05_08_equity,1609,BGC GROUP INC CLASS A,purchase,2026-01-26,2026-05-12,15001.0,50000.0,equity,BGC,trump_278t_2026_05_08_equity.pdf,9.084192276000977,10.999554634094238,106,0.21084564261737956,0.012704149839052273,0.026315800881733614,,
da45e5057ccf,Donald Trump,trump_278t_2026_05_08_equity,1610,CABLE ONE INC,purchase,2026-01-30,2026-05-12,15001.0,50000.0,equity,CABO,trump_278t_2026_05_08_equity.pdf,80.98999786376953,50.43000030517578,102,-0.3773305144420137,0.03648622132566289,-0.058298604182384736,,
f4a0c9d3ba47,Donald Trump,trump_278t_2026_05_08_equity,1612,NCR VOYIX CORP,purchase,2026-01-30,2026-05-12,15001.0,50000.0,equity,VYX,trump_278t_2026_05_08_equity.pdf,9.920000076293945,7.599999904632568,102,-0.2338709832478263,-0.08815790588175505,-0.14736840784384586,,
7053d1a37496,Donald Trump,trump_278t_2026_05_08_equity,1581,PAPA JOHNS INTL INC,purchase,2026-02-26,2026-05-12,15001.0,50000.0,equity,PZZA,trump_278t_2026_05_08_equity.pdf,30.500595092773438,33.61874008178711,75,0.10223226725672836,-0.04021127542862771,-0.007993803664629475,,
9880cb89c8fe,Donald Trump,trump_278t_2026_05_08_equity,1613,LINDSAY CORP,purchase,2026-01-26,2026-05-12,15001.0,50000.0,equity,LNN,trump_278t_2026_05_08_equity.pdf,123.50784301757812,107.69444274902344,106,-0.12803559581478613,-0.0237808526461905,0.009151424446748258,,
4c1487389c72,Donald Trump,trump_278t_2026_05_08_equity,1578,TESLA INC,purchase,2026-03-23,2026-05-12,15001.0,50000.0,equity,TSLA,trump_278t_2026_05_08_equity.pdf,380.8500061035156,433.45001220703125,50,0.13811213144425907,0.027269526989873474,-0.06768952827126673,,
e078bd28bd8d,Donald Trump,trump_278t_2026_05_08_equity,1549,DXP ENTERPRISES INC,purchase,2026-03-04,2026-05-12,15001.0,50000.0,equity,DXPE,trump_278t_2026_05_08_equity.pdf,143.05999755859375,143.7899932861328,69,0.005102724311455932,0.017177838069635222,-0.023784674376747042,,
13250ffef8d1,Donald Trump,trump_278t_2026_05_08_equity,1550,J & J SNACK FOODS CORP,purchase,2026-01-21,2026-05-12,15001.0,50000.0,equity,JJSF,trump_278t_2026_05_08_equity.pdf,94.87125396728516,69.9000015258789,111,-0.2632119993904285,0.023891246530617503,0.037911322861671225,,
9c5eb690e7d8,Donald Trump,trump_278t_2026_05_08_equity,1554,STRIDE INC I,purchase,2026-03-04,2026-05-12,15001.0,50000.0,equity,LRN,trump_278t_2026_05_08_equity.pdf,86.69000244140625,87.41999816894531,69,0.008420760260474862,0.008121700976251828,0.031686162554107,,
ced502400269,Donald Trump,trump_278t_2026_05_08_equity,1555,ARCHROCK INC,purchase,2026-03-30,2026-05-12,15001.0,50000.0,equity,AROC,trump_278t_2026_05_08_equity.pdf,34.28330612182617,37.22999954223633,43,0.08595126181643752,-0.011549833748667084,0.021756685018813744,,
e87a416e94dc,Donald Trump,trump_278t_2026_05_08_equity,1556,ULTRA CLEAN HLDGS INC,purchase,2026-03-04,2026-05-12,15001.0,50000.0,equity,UCTT,trump_278t_2026_05_08_equity.pdf,58.970001220703125,82.98999786376953,69,0.40732569350250397,0.024581286516913325,-0.072418299331704,,
be2d43962613,Donald Trump,trump_278t_2026_05_08_equity,1558,LUMEN TECHNOLOGIES INC,purchase,2026-03-04,2026-05-12,15001.0,,equity,LUMN,trump_278t_2026_05_08_equity.pdf,6.960000038146973,8.670000076293945,69,0.24568965930670345,0.08419833169694409,0.05997687422300843,,
f812f4768fe4,Donald Trump,trump_278t_2026_05_08_equity,1560,WILLSCOT HOLDINGS CO A CLASS A,purchase,2026-02-26,2026-05-12,15001.0,50000.0,equity,WSC,trump_278t_2026_05_08_equity.pdf,22.095853805541992,27.020000457763672,75,0.2228538754626728,-0.04182091224911695,-0.15396002135213932,,
888447f6df3e,Donald Trump,trump_278t_2026_05_08_equity,1561,AGILYSYS INC,purchase,2026-03-30,2026-05-12,15001.0,,equity,AGYS,trump_278t_2026_05_08_equity.pdf,71.97000122070312,69.23999786376953,43,-0.0379325178634049,-0.05314847514028269,0.14009250255497677,,
497bd6fa222c,Donald Trump,trump_278t_2026_05_08_equity,1562,CRH PLC ORD SHS .32 EACH ORD EUR UNSOLICITED,purchase,2026-01-08,2026-05-12,15001.0,50000.0,equity,CRH,trump_278t_2026_05_08_equity.pdf,123.76234436035156,110.98637390136719,124,-0.10322986789734147,-0.02370049616400565,-0.11214325280057215,,
e5c81bea6765,Donald Trump,trump_278t_2026_05_08_equity,1564,ACUSHNET HLDGS CORP,purchase,2026-03-30,2026-05-12,15001.0,50000.0,equity,GOLF,trump_278t_2026_05_08_equity.pdf,91.13999938964844,84.79000091552734,43,-0.06967301422697089,-0.0028304972423414745,0.03137157688398758,,
bb0975de467c,Donald Trump,trump_278t_2026_05_08_equity,1565,EMBECTA CORP,purchase,2026-02-26,2026-05-12,15001.0,50000.0,equity,EMBC,trump_278t_2026_05_08_equity.pdf,10.298601150512695,3.3996353149414062,75,-0.6698934869642794,-0.08504405325888639,-0.1495600985868397,,
36a741c82cfb,Donald Trump,trump_278t_2026_05_08_equity,1567,ARLO TECHNOLOGIES INC,purchase,2026-03-30,2026-05-12,15001.0,50000.0,equity,ARLO,trump_278t_2026_05_08_equity.pdf,13.65999984741211,12.949999809265137,43,-0.05197657731171076,-0.023938183050828486,-0.013127419212185468,,
72772493d294,Donald Trump,trump_278t_2026_05_08_equity,1566,PAYCHEX INC,purchase,2026-01-23,2026-05-12,15001.0,50000.0,equity,PAYX,trump_278t_2026_05_08_equity.pdf,104.19246673583984,92.5199966430664,109,-0.1120279657296795,-0.02810201652029504,0.02118468206855554,,
a37f142d461f,Donald Trump,trump_278t_2026_05_08_equity,1570,WERNER ENTERPRISES INC,purchase,2026-03-30,2026-05-12,15001.0,50000.0,equity,WERN,trump_278t_2026_05_08_equity.pdf,28.51609230041504,34.119998931884766,43,0.19651734089064385,0.013481914231247357,0.10697542907798921,,
5735172ddad2,Donald Trump,trump_278t_2026_05_08_equity,1571,CARGURUS INC CLASS A,purchase,2026-03-01,2026-05-12,15001.0,50000.0,equity,CARG,trump_278t_2026_05_08_equity.pdf,31.309999465942383,31.56999969482422,72,0.008304063663899214,-0.011086486691575984,-0.10072855039327511,,
69165dba896a,Donald Trump,trump_278t_2026_05_08_equity,1573,PALOMAR HLDGS INC,purchase,2026-01-21,2026-05-12,,,equity,PLMR,trump_278t_2026_05_08_equity.pdf,130.0,108.62999725341797,111,-0.16438463651216947,-0.004326554388215321,0.04409464270125101,,
6c6833180aa3,Donald Trump,trump_278t_2026_05_08_equity,1576,SABRE CORP,purchase,2026-03-30,2026-05-12,15001.0,50000.0,equity,SABR,trump_278t_2026_05_08_equity.pdf,1.399999976158142,1.8300000429153442,43,0.3071429100571855,-0.060109296024865366,-0.15300551040042398,,
94503cca0ee1,Donald Trump,trump_278t_2026_05_08_equity,1577,PROTO LABS INC EQUITY CLASS EQUITY,purchase,2026-03-30,2026-05-12,15001.0,50000.0,equity,PRLB,trump_278t_2026_05_08_equity.pdf,55.380001068115234,71.0199966430664,43,0.28241233790722736,0.011686875109641667,-0.012109166736225006,,
aea7722c785a,Donald Trump,trump_278t_2026_05_08_equity,1579,MASTERCARD INC CLASS A,purchase,2026-01-21,2026-05-12,15001.0,50000.0,equity,MA,trump_278t_2026_05_08_equity.pdf,526.6649169921875,499.80999755859375,111,-0.05099052275394321,-0.01834693774624073,-0.0002200543248429243,,
e2cc0aae0f92,Donald Trump,trump_278t_2026_05_08_equity,1615,PERRIGO CO PLC F,purchase,2026-01-30,2026-05-12,15001.0,50000.0,equity,PRGO,trump_278t_2026_05_08_equity.pdf,13.545965194702148,10.838111877441406,102,-0.19990109810113704,-0.01888489715065681,-0.04586335936273602,,
895c1c5fb230,Donald Trump,trump_278t_2026_05_08_equity,1616,CURBLINE PPTYS CORP,purchase,2026-01-28,2026-05-12,15001.0,50000.0,equity,CURB,trump_278t_2026_05_08_equity.pdf,23.410551071166992,27.700000762939453,104,0.1832271986563978,-0.01046934684259444,0.0014440074757047171,,
9a796bce87d5,Donald Trump,trump_278t_2026_05_08_equity,1662,SANDISK CORP COM,purchase,2026-01-06,2026-05-12,1001.0,15000.0,equity,SNDK,trump_278t_2026_05_08_equity.pdf,349.6300048828125,1452.02001953125,126,3.1530189035633023,-0.0032988794906879796,-0.04733404467173795,,
4accdccdc16e,Donald Trump,trump_278t_2026_05_08_equity,1663,NEXTERA ENERGY INC,purchase,2026-01-23,2026-05-12,1001.0,15000.0,equity,NEE,trump_278t_2026_05_08_equity.pdf,84.23562622070312,94.58999633789062,109,0.1229215069887216,0.0027487276276203614,-0.04789088650680346,,
a9be2000f080,Donald Trump,trump_278t_2026_05_08_equity,1664,STARBUCKS CORP,purchase,2026-01-23,2026-05-12,1001.0,,equity,SBUX,trump_278t_2026_05_08_equity.pdf,96.4292984008789,105.95895385742188,109,0.09882531154510724,-0.005911111059908763,0.003973646215520859,,
297f9bd38ac1,Donald Trump,trump_278t_2026_05_08_equity,1667,T-MOBILE US INC,purchase,2026-01-21,2026-05-12,1001.0,15000.0,equity,TMUS,trump_278t_2026_05_08_equity.pdf,181.7353515625,192.25685119628906,111,0.057894622831104206,-0.015623411426183625,0.0006208062147289489,,
a87717bb462e,Donald Trump,trump_278t_2026_05_08_equity,1668,COREWEAVE INC CL A,purchase,2026-01-23,2026-05-12,1001.0,15000.0,equity,CRWV,trump_278t_2026_05_08_equity.pdf,92.9800033569336,107.75,109,0.15885132404617186,0.03303942049738979,-0.07368911778567286,,
19d4f2cf5b9e,Donald Trump,trump_278t_2026_05_08_equity,1669,AT&T INC,purchase,2026-01-21,2026-05-12,1001.0,15000.0,equity,T,trump_278t_2026_05_08_equity.pdf,23.256593704223633,25.229999542236328,111,0.08485360595409572,-0.019421315101408505,-0.009908838863888485,,
789a93c59dfb,Donald Trump,trump_278t_2026_05_08_equity,1670,HORMEL FOODS CORP,purchase,2026-01-23,2026-05-12,1001.0,,equity,HRL,trump_278t_2026_05_08_equity.pdf,24.254634857177734,20.18000030517578,109,-0.16799405870239834,-0.013379606227975228,0.010901848861621008,,
43f7338e1f26,Donald Trump,trump_278t_2026_05_08_equity,1671,SALESFORCE INC,purchase,2026-01-26,2026-05-12,1001.0,15000.0,equity,CRM,trump_278t_2026_05_08_equity.pdf,228.82769775390625,171.30999755859375,106,-0.2513581212409442,-0.031930426120239726,0.047341081816183385,,
eed74ab2422e,Donald Trump,trump_278t_2026_05_08_equity,1672,WORKDAY INC CL A,purchase,2026-01-23,2026-05-12,1001.0,,equity,WDAY,trump_278t_2026_05_08_equity.pdf,189.25999450683594,118.62000274658203,109,-0.37324312485754846,-0.017872219672015795,0.09037256232585515,,
732bdb773497,Donald Trump,trump_278t_2026_05_08_equity,1674,JPMORGAN CHASE & CO,purchase,2026-03-23,2026-05-12,1001.0,15000.0,equity,JPM,trump_278t_2026_05_08_equity.pdf,288.4338684082031,304.8800048828125,50,0.05701874251235346,-0.015186318579967705,-0.030110182789159255,,
7fba53ddd4f2,Donald Trump,trump_278t_2026_05_08_equity,1676,JPMORGAN CHASE & CO,purchase,2026-01-17,2026-05-12,1001.0,15000.0,equity,JPM,trump_278t_2026_05_08_equity.pdf,301.19854736328125,304.8800048828125,115,0.012222693474982052,-0.015186318579967705,-0.030110182789159255,,
b8b78aa26e3e,Donald Trump,trump_278t_2026_05_08_equity,1677,INSMED INC PAR $.01,purchase,2026-01-23,2026-05-12,1001.0,15000.0,equity,INSM,trump_278t_2026_05_08_equity.pdf,156.2100067138672,116.0,109,-0.25740992884995273,0.0171551539980132,-0.07405169256802263,,
b707fd022bb3,Donald Trump,trump_278t_2026_05_08_equity,1678,META PLATFORMS INC CLASS A,purchase,2026-02-23,2026-05-12,1001.0,15000.0,equity,META,trump_278t_2026_05_08_equity.pdf,636.7048950195312,603.0,78,-0.05293644714086474,0.022603656522077114,-0.0006467904617537313,,
4da27b9a78dc,Donald Trump,trump_278t_2026_05_08_equity,1679,CITIGROUP INC,purchase,2026-01-17,2026-05-12,1001.0,,equity,C,trump_278t_2026_05_08_equity.pdf,111.68677520751953,126.44000244140625,115,0.13209466569765754,-0.018506832664524353,-0.051170524325965576,,
b533169d518f,Donald Trump,trump_278t_2026_05_08_equity,1660,EXXON MOBIL CORP,purchase,2026-03-23,2026-05-12,1001.0,15000.0,equity,XOM,trump_278t_2026_05_08_equity.pdf,160.04371643066406,149.614501953125,50,-0.06516478566065619,0.006240504976167592,0.08645887216658699,,
33de58cab655,Donald Trump,trump_278t_2026_05_08_equity,1661,MICROSOFT CORP,purchase,2026-02-19,2026-05-12,1001.0,15000.0,equity,MSFT,trump_278t_2026_05_08_equity.pdf,397.5988464355469,406.8887023925781,82,0.02336489665479246,-0.0062779903800582754,0.0236653926530322,,
f451cbae2240,Donald Trump,trump_278t_2026_05_08_equity,1682,HOME DEPOT INC,purchase,2026-03-17,2026-05-12,1001.0,15000.0,equity,HD,trump_278t_2026_05_08_equity.pdf,341.42999267578125,310.4599914550781,56,-0.0907067389657005,-0.02547833498621322,-0.02583260076792318,,
cab8fce28c1f,Donald Trump,trump_278t_2026_05_08_equity,1683,BOOKING HOLDINGS INC,purchase,2026-01-23,2026-05-12,1001.0,15000.0,equity,BKNG,trump_278t_2026_05_08_equity.pdf,203.47581481933594,160.55999755859375,109,-0.21091360316628635,-0.034441946084850884,-0.03749379897856585,,
26b62ef17867,Donald Trump,trump_278t_2026_05_08_equity,1685,AMCOR PLC,purchase,2026-01-23,2026-05-12,1001.0,15000.0,equity,AMCR,trump_278t_2026_05_08_equity.pdf,42.99028778076172,38.57737350463867,109,-0.10264909829465806,-0.003059678564658527,-0.06450797586075585,,
0ebf92af1dcc,Donald Trump,trump_278t_2026_05_08_equity,1686,- PPL CORP,purchase,2026-01-23,2026-05-12,1001.0,15000.0,equity,PPL,trump_278t_2026_05_08_equity.pdf,35.94062042236328,36.349998474121094,109,0.011390400247600784,-0.01650614853665688,-0.03026130729838196,,
4589f60f904b,Donald Trump,trump_278t_2026_05_08_equity,1659,MICROSOFT CORP,purchase,2026-02-12,2026-05-12,1001.0,15000.0,equity,MSFT,trump_278t_2026_05_08_equity.pdf,400.05841064453125,406.8887023925781,89,0.017073236223287096,-0.0062779903800582754,0.0236653926530322,,
d4c8680e4212,Donald Trump,trump_278t_2026_05_08_equity,1617,HOME DEPOT INC,purchase,2026-01-21,2026-05-12,15001.0,50000.0,equity,HD,trump_278t_2026_05_08_equity.pdf,382.0855407714844,310.4599914550781,111,-0.18745946044381634,-0.02547833498621322,-0.02583260076792318,,
ba70e9c19409,Donald Trump,trump_278t_2026_05_08_equity,1623,AMN HEALTHCARE SVCS INC,purchase,2026-01-28,2026-05-12,15001.0,50000.0,equity,AMN,trump_278t_2026_05_08_equity.pdf,20.489999771118164,29.469999313354492,104,0.43826254966064737,0.047505991126524656,-0.08652864935443011,,
bbf7b75629d3,Donald Trump,trump_278t_2026_05_08_equity,1632,BLACKLINE INC,purchase,2026-01-26,2026-05-12,15001.0,50000.0,equity,BL,trump_278t_2026_05_08_equity.pdf,54.529998779296875,26.209999084472656,106,-0.51934715438828,-0.037390292883180604,0.14574596473129597,,
b6877d266fa7,Donald Trump,trump_278t_2026_05_08_equity,1636,EXELON CORP.,purchase,2026-01-31,2026-05-12,15001.0,50000.0,equity,EXC,trump_278t_2026_05_08_equity.pdf,43.53720474243164,44.97999954223633,101,0.03313935307377532,-0.0157847730479847,-0.008003570787356746,,
607e2a27d27e,Donald Trump,trump_278t_2026_05_08_equity,1637,INSPERITY INC,purchase,2026-02-12,2026-05-12,15001.0,50000.0,equity,NSP,trump_278t_2026_05_08_equity.pdf,25.209537506103516,31.56999969482422,89,0.2523038031610363,-0.07538800075303116,-0.003484339924450385,,
c798f01070ca,Donald Trump,trump_278t_2026_05_08_equity,1638,PEPSICO INC,purchase,2026-03-17,2026-05-12,15001.0,50000.0,equity,PEP,trump_278t_2026_05_08_equity.pdf,156.5,151.85000610351562,56,-0.029712421063797925,-0.016990462478453306,-0.00974653228080351,,
99a4d5da2e37,Donald Trump,trump_278t_2026_05_08_equity,1640,MICROSOFT CORP,purchase,2026-01-21,2026-05-12,15001.0,50000.0,equity,MSFT,trump_278t_2026_05_08_equity.pdf,442.1409912109375,406.8887023925781,111,-0.07973087661881398,-0.0062779903800582754,0.0236653926530322,,
0f66a94cb5ba,Donald Trump,trump_278t_2026_05_08_equity,1641,KEURIG DR PEPPER INC,purchase,2026-01-23,2026-05-12,15001.0,50000.0,equity,KDP,trump_278t_2026_05_08_equity.pdf,27.516956329345703,29.170000076293945,109,0.06007364067316337,0.004799430554757285,-0.010970164346495085,,
427459fd4cbd,Donald Trump,trump_278t_2026_05_08_equity,1828,MARVELL TECHNOLOGY INC,purchase,2026-02-19,2026-05-12,1001.0,15000.0,equity,MRVL,trump_278t_2026_05_08_equity.pdf,79.5701675415039,164.5,82,1.0673577181321954,0.08176289938141147,0.0715501779480908,,
5675f728853d,Donald Trump,trump_278t_2026_05_08_equity,1642,CARVANA CO CL A UNSOLICITED,purchase,2026-01-06,2026-05-12,15001.0,50000.0,equity,CVNA,trump_278t_2026_05_08_equity.pdf,88.08799743652344,73.72000122070312,126,-0.1631095794426925,-0.051817683553583974,-0.14066742505248056,,
4bf3226c4e17,Donald Trump,trump_278t_2026_05_08_equity,1644,PUBLIC SERVICE ENTERPRISE GROUP INC,purchase,2026-01-23,2026-05-12,1001.0,15000.0,equity,PEG,trump_278t_2026_05_08_equity.pdf,77.65591430664062,78.62000274658203,109,0.012414874624159357,-0.01780719253332474,-0.01640804973875972,,
3f488c28cdc3,Donald Trump,trump_278t_2026_05_08_equity,1645,SMURFIT WESTROCK PLC,purchase,2026-01-23,2026-05-12,1001.0,15000.0,equity,SW,trump_278t_2026_05_08_equity.pdf,42.9256706237793,40.12167739868164,109,-0.06532205983857929,-0.0034501030029787053,-0.11220065457544394,,
bb93cd5fb41b,Donald Trump,trump_278t_2026_05_08_equity,1646,BERKSHIRE HATHAWAY CLASS B,purchase,2026-01-23,2026-05-12,1001.0,15000.0,equity,BRK-B,trump_278t_2026_05_08_equity.pdf,478.9700012207031,484.9599914550781,109,0.012505982042944043,0.001154729397189093,-0.009279115966861847,,
17c45a166815,Donald Trump,trump_278t_2026_05_08_equity,1647,WEC ENERGY GROUP INC,purchase,2026-01-23,2026-05-12,1001.0,15000.0,equity,WEC,trump_278t_2026_05_08_equity.pdf,107.26927185058594,111.62377166748047,109,0.040594102502717284,-0.0033754248158553175,-0.0011984347214985753,,
3b85746f8fa3,Donald Trump,trump_278t_2026_05_08_equity,1848,COPARTINC,purchase,2026-01-23,2026-05-12,1001.0,15000.0,equity,CPRT,trump_278t_2026_05_08_equity.pdf,41.400001525878906,33.439998626708984,109,-0.19227059434271201,-0.014952153724092655,-0.00956936925734891,,
d780ae51d856,Donald Trump,trump_278t_2026_05_08_equity,1649,GENERAL MILLS INC l,purchase,2026-01-23,2026-05-12,1001.0,15000.0,equity,GIS,trump_278t_2026_05_08_equity.pdf,43.82036590576172,34.130001068115234,109,-0.2211383825157048,-0.015235875812774708,-0.010547922621891756,,
f663360dcc16,Donald Trump,trump_278t_2026_05_08_equity,1650,BERKSHIRE HATHAWAY CLASS B l,purchase,2026-01-17,2026-05-12,1001.0,15000.0,equity,BRK-B,trump_278t_2026_05_08_equity.pdf,485.3900146484375,484.9599914550781,115,-0.0008859333327465253,0.001154729397189093,-0.009279115966861847,,
6c00b9e1c34d,Donald Trump,trump_278t_2026_05_08_equity,1652,CASEYS GENL STORES INC I,purchase,2026-01-17,2026-05-12,1001.0,15000.0,equity,CASY,trump_278t_2026_05_08_equity.pdf,637.5322875976562,867.1900024414062,115,0.3602291512311388,0.02441216209891286,-0.017343348037917403,,
aae76915b5dd,Donald Trump,trump_278t_2026_05_08_equity,1653,COMFORT SYSTEMS USA INC UNSOLICITED l,purchase,2026-01-06,2026-05-12,1001.0,15000.0,equity,FIX,trump_278t_2026_05_08_equity.pdf,1034.167236328125,2015.520263671875,126,0.9489306882589946,0.009085864563456603,-0.09427851810613705,,
63d29ff9c63d,Donald Trump,trump_278t_2026_05_08_equity,1654,PALANTIR TECHNOLOGIES IN Cl.ASS A l,purchase,2026-01-17,2026-05-12,1001.0,15000.0,equity,PLTR,trump_278t_2026_05_08_equity.pdf,168.52999877929688,136.0,115,-0.19302200803963357,-0.04374997756060432,-0.00544121686150046,,
5dabd62339c3,Donald Trump,trump_278t_2026_05_08_equity,1655,PROGRESSIVE CORP OH I,purchase,2026-02-23,2026-05-12,1001.0,15000.0,equity,PGR,trump_278t_2026_05_08_equity.pdf,203.58465576171875,198.4199981689453,78,-0.025368599482361278,-0.012397900805258337,0.022427159506640173,,
f671e531b34a,Donald Trump,trump_278t_2026_05_08_equity,1643,WILLIAMS COS INC DEL,purchase,2026-01-23,2026-05-12,1001.0,15000.0,equity,WMB,trump_278t_2026_05_08_equity.pdf,64.49612426757812,74.7300033569336,109,0.15867432664477155,0.013113818861459165,0.06249160924883086,,
dfc908b0e453,Donald Trump,trump_278t_2026_05_08_equity,1992,COPARTINC,purchase,2026-03-26,2026-05-12,1001.0,15000.0,equity,CPRT,trump_278t_2026_05_08_equity.pdf,33.029998779296875,33.439998626708984,47,0.012412953756119916,-0.014952153724092655,-0.00956936925734891,,
d0968311816b,Donald Trump,trump_278t_2026_05_08_equity,1993,TOAST INC CLASS A,purchase,2026-03-23,2026-05-12,1001.0,15000.0,equity,TOST,trump_278t_2026_05_08_equity.pdf,27.559999465942383,23.260000228881836,50,-0.15602319740152118,-0.03998281582220296,-0.0017197297993864504,,
af7330a4a3c0,Donald Trump,trump_278t_2026_05_08_equity,1994,PROLOGIS INC REIT,purchase,2026-03-23,2026-05-12,1001.0,15000.0,reit,PLD,trump_278t_2026_05_08_equity.pdf,130.30999755859375,143.75999450683594,50,0.10321538792289832,-0.012242588857028983,-0.009181915107592193,,
cd08555d5f3b,Donald Trump,trump_278t_2026_05_08_equity,1996,AGILENT TECHNOLOGIES INC,purchase,2026-01-21,2026-05-12,1001.0,15000.0,equity,A,trump_278t_2026_05_08_equity.pdf,139.45179748535156,112.9000015258789,111,-0.1904012457226429,-0.0014172157656942015,-0.020637748446093732,,
dc1cd9c2bfbb,Donald Trump,trump_278t_2026_05_08_equity,1997,WOODWARD INC,purchase,2026-03-11,2026-05-12,1001.0,15000.0,equity,WWD,trump_278t_2026_05_08_equity.pdf,385.5634765625,367.12005615234375,62,-0.04783497797713877,0.006341008446531486,-0.06150498055244522,,
ae608f92986e,Donald Trump,trump_278t_2026_05_08_equity,1998,WEC ENERGY GROUP INC,purchase,2026-01-12,2026-05-12,1001.0,15000.0,equity,WEC,trump_278t_2026_05_08_equity.pdf,103.23807525634766,111.62377166748047,120,0.08122677985143095,-0.0033754248158553175,-0.0011984347214985753,,
4b5b2209ea70,Donald Trump,trump_278t_2026_05_08_equity,2000,BEST BUY INC,purchase,2026-03-31,2026-05-12,1001.0,15000.0,equity,BBY,trump_278t_2026_05_08_equity.pdf,64.19999694824219,57.20000076293945,42,-0.10903421367677177,-0.029370634314121777,0.03653846371872824,,
e35e53617ddc,Donald Trump,trump_278t_2026_05_08_equity,2002,EMCOR GROUP INC,purchase,2026-03-11,2026-05-12,1001.0,15000.0,equity,EME,trump_278t_2026_05_08_equity.pdf,719.821533203125,924.9000244140625,62,0.28490185657319983,-0.0020434799422076474,-0.07626774483781437,,
ed775a6a422e,Donald Trump,trump_278t_2026_05_08_equity,2005,EXLSERVICE HLDGS INC,purchase,2026-01-23,2026-05-12,1001.0,15000.0,equity,EXLS,trump_278t_2026_05_08_equity.pdf,42.63999938964844,29.729999542236328,109,-0.30276735535193805,-0.08644465975093991,-0.025563412061346696,,
e2280083c6cd,Donald Trump,trump_278t_2026_05_08_equity,2007,ROYAL GOLD INC,purchase,2026-03-31,2026-05-12,1001.0,15000.0,equity,RGLD,trump_278t_2026_05_08_equity.pdf,254.03273010253906,245.35000610351562,42,-0.034179548420861745,-0.001467294075385817,-0.10768295402685871,,
cb7ba6795875,Donald Trump,trump_278t_2026_05_08_equity,2008,UNION PAC CORP,purchase,2026-03-31,2026-05-12,1001.0,15000.0,equity,UNP,trump_278t_2026_05_08_equity.pdf,241.36599731445312,264.22723388671875,42,0.09471606119598472,-0.0035768412780580903,0.022439773264598478,,
eeca04183793,Donald Trump,trump_278t_2026_05_08_equity,2009,COSTAR GROUP INC,purchase,2026-02-12,2026-05-12,1001.0,15000.0,equity,CSGP,trump_278t_2026_05_08_equity.pdf,45.029998779296875,33.04999923706055,89,-0.2660448560292719,-0.03267775941413636,0.022692890085122576,,
1ed3d92e4e3d,Donald Trump,trump_278t_2026_05_08_equity,2010,DATAOOG INC CLASS A,purchase,2026-01-23,2026-05-12,1001.0,15000.0,equity,DDOG,trump_278t_2026_05_08_equity.pdf,130.1300048828125,199.94000244140625,109,0.5364634975727586,0.026858032667881022,0.07607277818022191,,
2dafe9768630,Donald Trump,trump_278t_2026_05_08_equity,2011,T-MOBILE US INC,purchase,2026-01-12,2026-05-12,1001.0,15000.0,equity,TMUS,trump_278t_2026_05_08_equity.pdf,195.50405883789062,192.25685119628906,120,-0.016609412924230408,-0.015623411426183625,0.0006208062147289489,,
6d1d93b05109,Donald Trump,trump_278t_2026_05_08_equity,2014,FACTSET RESH SYS INC,purchase,2026-02-12,2026-05-12,1001.0,15000.0,equity,FDS,trump_278t_2026_05_08_equity.pdf,199.9376983642578,214.87158203125,89,0.07469268571745181,-0.06507040565199508,0.027834391340212747,,
077fdaa6887f,Donald Trump,trump_278t_2026_05_08_equity,2015,EOG RES INC,purchase,2026-01-21,2026-05-12,1001.0,15000.0,equity,EOG,trump_278t_2026_05_08_equity.pdf,107.217529296875,134.1300048828125,111,0.25100816781012975,0.005964271705407661,0.07582194735496131,,
f94cdaa3f073,Donald Trump,trump_278t_2026_05_08_equity,2019,MCKESSON CORP,purchase,2026-03-23,2026-05-12,1001.0,15000.0,equity,MCK,trump_278t_2026_05_08_equity.pdf,877.010009765625,734.6900024414062,50,-0.1622786578710234,0.0033891712505963825,0.037022434110501636,,
0a910d378b82,Donald Trump,trump_278t_2026_05_08_equity,2021,COINBASE GLOBAL INC CLASS A,purchase,2026-01-23,2026-05-12,1001.0,15000.0,equity,COIN,trump_278t_2026_05_08_equity.pdf,216.9499969482422,207.63999938964844,109,-0.042913102970980166,-0.028125584449321516,-0.06833944559389972,,
c7363419b3ee,Donald Trump,trump_278t_2026_05_08_equity,2022,PAYLOCITY HLDG CORP,purchase,2026-01-21,2026-05-12,1001.0,15000.0,equity,PCTY,trump_278t_2026_05_08_equity.pdf,140.47000122070312,107.3499984741211,111,-0.2357798993291434,-0.029063764895531308,0.05468097652555733,,
3fa9af948e0e,Donald Trump,trump_278t_2026_05_08_equity,1991,APPLOVIN CORP CLASS A,purchase,2026-03-17,2026-05-12,1001.0,15000.0,equity,APP,trump_278t_2026_05_08_equity.pdf,459.0899963378906,490.69000244140625,56,0.06883183331282608,-0.07573010144331743,-0.028103300406183744,,
1c857423d7e2,Donald Trump,trump_278t_2026_05_08_equity,2023,ZIMMER BIOMET HLDGS INC,purchase,2026-03-23,2026-05-12,1001.0,15000.0,equity,ZBH,trump_278t_2026_05_08_equity.pdf,87.56222534179688,83.37000274658203,50,-0.04787706775211127,-0.007796587555055043,0.032505685440723575,,
6d966c827906,Donald Trump,trump_278t_2026_05_08_equity,1990,CROWDSTRIKE HLDGS INC CLASS A,purchase,2026-01-21,2026-05-12,1001.0,15000.0,equity,CRWD,trump_278t_2026_05_08_equity.pdf,445.8800048828125,546.1799926757812,111,0.22494838677354434,0.030008449354106608,0.12944452956005584,,
7f8bced76291,Donald Trump,trump_278t_2026_05_08_equity,1965,SUPER MICRO COMPUTER INC,purchase,2026-01-23,2026-05-12,1001.0,15000.0,equity,SMCI,trump_278t_2026_05_08_equity.pdf,31.700000762939453,32.790000915527344,109,0.03438486203010482,-0.024092738440676515,-0.06800858149805565,,
6b06224c98b5,Donald Trump,trump_278t_2026_05_08_equity,1967,BLACKROCK INC NEW,purchase,2026-03-17,2026-05-12,1001.0,15000.0,equity,BLK,trump_278t_2026_05_08_equity.pdf,971.010009765625,1092.5,56,0.12511713474889855,0.0014645085454805492,-0.051441602903318076,,
652cb23ccb80,Donald Trump,trump_278t_2026_05_08_equity,1968,PPL CORP,purchase,2026-03-17,2026-05-12,1001.0,15000.0,equity,PPL,trump_278t_2026_05_08_equity.pdf,38.43000030517578,36.349998474121094,56,-0.05412442920991992,-0.01650614853665688,-0.03026130729838196,,
14c98cd399b3,Donald Trump,trump_278t_2026_05_08_equity,1970,PTCINC,purchase,2026-02-19,2026-05-12,1001.0,15000.0,equity,PTC,trump_278t_2026_05_08_equity.pdf,154.39999389648438,144.22000122070312,82,-0.065932597656748,-0.023644457309988296,0.006725843936297783,,
f32f757720a1,Donald Trump,trump_278t_2026_05_08_equity,1971,ENTERGY CORP NEW,purchase,2026-03-17,2026-05-12,1001.0,15000.0,equity,ETR,trump_278t_2026_05_08_equity.pdf,105.4942626953125,112.93000030517578,56,0.07048475831656463,-0.005135941109424623,-0.02107497783570704,,
a7aaa3794e3c,Donald Trump,trump_278t_2026_05_08_equity,1972,VERALTO CORP,purchase,2026-03-17,2026-05-12,1001.0,15000.0,equity,VLTO,trump_278t_2026_05_08_equity.pdf,90.85247039794922,86.7300033569336,56,-0.045375398411936635,-0.01014648736021464,-0.0029978338079896198,,
fc07663ea34e,Donald Trump,trump_278t_2026_05_08_equity,1973,XCEL ENERGY INC,purchase,2026-01-23,2026-05-12,1001.0,15000.0,equity,XEL,trump_278t_2026_05_08_equity.pdf,74.45963287353516,79.9000015258789,109,0.0730646719892356,0.0001251831794675141,-0.002127636617006216,,
7070f78c9f4b,Donald Trump,trump_278t_2026_05_08_equity,1974,PFIZER INC,purchase,2026-03-17,2026-05-12,1001.0,15000.0,equity,PFE,trump_278t_2026_05_08_equity.pdf,27.004249572753906,25.8700008392334,56,-0.042002601496651644,0.0034788651843710074,-0.008117548705402825,,
4c45beafa5f1,Donald Trump,trump_278t_2026_05_08_equity,1975,PAYLOCITY HLDG CORP,purchase,2026-02-12,2026-05-12,1001.0,15000.0,equity,PCTY,trump_278t_2026_05_08_equity.pdf,104.19999694824219,107.3499984741211,89,0.03023034182470814,-0.029063764895531308,0.05468097652555733,,
ed3f8854be1c,Donald Trump,trump_278t_2026_05_08_equity,1976,INTERNATIONAL FLAVORS & FRAGRANCES INC,purchase,2026-03-17,2026-05-12,1001.0,15000.0,equity,IFF,trump_278t_2026_05_08_equity.pdf,70.86150360107422,78.47000122070312,56,0.10737138266867888,-0.012616259059115896,-0.08257937117533704,,
de230e546eec,Donald Trump,trump_278t_2026_05_08_equity,1977,FERGUSON ENTERPRISES INC,purchase,2026-03-31,2026-05-12,1001.0,15000.0,equity,FERG,trump_278t_2026_05_08_equity.pdf,232.3651580810547,237.1865997314453,42,0.020749417383430554,-0.01881562590849446,-0.06584095570706128,,
707f41aa3b69,Donald Trump,trump_278t_2026_05_08_equity,1978,BANK OF AMERICA CORP,purchase,2026-03-23,2026-05-12,1001.0,15000.0,equity,BAC,trump_278t_2026_05_08_equity.pdf,47.52000045776367,50.779998779296875,50,0.06860265762056815,-0.018511198292746396,-0.0015753843694466029,,
aba36f980dca,Donald Trump,trump_278t_2026_05_08_equity,1979,LULULEMON ATHLETICA INC I,purchase,2026-03-31,2026-05-12,1001.0,15000.0,equity,LULU,trump_278t_2026_05_08_equity.pdf,153.10000610351562,125.12999725341797,42,-0.18269110212305462,-0.03132740553814914,-0.04723084921632099,,
ce434e0e5d6f,Donald Trump,trump_278t_2026_05_08_equity,1981,VERTEX PHARMACEUTICALS INC I,purchase,2026-02-11,2026-05-12,1001.0,15000.0,equity,VRTX,trump_278t_2026_05_08_equity.pdf,461.239990234375,448.2900085449219,90,-0.02807645035911285,0.010640408937853648,-0.031185194226623563,,
4e55008e21d6,Donald Trump,trump_278t_2026_05_08_equity,1982,PACCAR INC l,purchase,2026-03-23,2026-05-12,1001.0,15000.0,equity,PCAR,trump_278t_2026_05_08_equity.pdf,113.96600341796875,112.68000030517578,50,-0.011284094152855128,-0.00798723396735353,-0.029286501977460785,,
38777c7ac6ce,Donald Trump,trump_278t_2026_05_08_equity,1984,WELLTOWER INC REIT,purchase,2026-01-12,2026-05-12,1001.0,15000.0,reit,WELL,trump_278t_2026_05_08_equity.pdf,185.3870849609375,216.75999450683594,120,0.16922920791655446,0.01559330581504469,0.0057206381462837535,,
c15d6d663906,Donald Trump,trump_278t_2026_05_08_equity,1985,PROCORE TECHNOLOGIES INC,purchase,2026-01-23,2026-05-12,1001.0,15000.0,equity,PCOR,trump_278t_2026_05_08_equity.pdf,65.63999938964844,48.09000015258789,109,-0.2673674497295656,-0.04366809040253425,-0.014971952971898237,,
dbce37a53313,Donald Trump,trump_278t_2026_05_08_equity,1987,UNITEDHEALTH GROUP INC,purchase,2026-01-12,2026-05-12,1001.0,15000.0,equity,UNH,trump_278t_2026_05_08_equity.pdf,337.8832092285156,396.3900146484375,120,0.17315688919111935,0.012033575108854416,-0.018037851988789204,,
752269ef6124,Donald Trump,trump_278t_2026_05_08_equity,3834,STATE STREET SPDR S&P 500 ETF TRUST 3,sale,2026-01-05,2026-05-12,1000001.0,5000000.0,etf,SPY,trump_278t_2026_05_08_equity.pdf,685.846923828125,738.1799926757812,127,-0.0763042991511194,-0.0055948480367801765,0.006028356567753464,,
66073e463cf7,Donald Trump,trump_278t_2026_05_08_equity,2060,EOG RES INC,purchase,2026-03-17,2026-05-12,1001.0,15000.0,equity,EOG,trump_278t_2026_05_08_equity.pdf,134.67434692382812,134.1300048828125,56,-0.00404191335209151,0.005964271705407661,0.07582194735496131,,
61b91b097ece,Donald Trump,trump_278t_2026_05_08_equity,2062,CDW CORP,purchase,2026-03-23,2026-05-12,1001.0,15000.0,equity,CDW,trump_278t_2026_05_08_equity.pdf,119.45172119140625,98.71468353271484,50,-0.17360183220351366,0.011077516025335096,0.05085591469518919,,
c9a6e1373ddf,Donald Trump,trump_278t_2026_05_08_equity,2069,MONOLITHIC PWR SYS INC,purchase,2026-03-23,2026-05-12,1001.0,15000.0,equity,MPWR,trump_278t_2026_05_08_equity.pdf,1074.2022705078125,1599.52001953125,50,0.4890305703553407,0.03177825562294841,-0.08215591713456522,,
6851b0289882,Donald Trump,trump_278t_2026_05_08_equity,2071,META PLATFORMS INC CLASS A,purchase,2026-01-12,2026-05-12,1001.0,15000.0,equity,META,trump_278t_2026_05_08_equity.pdf,641.4207763671875,603.0,120,-0.059899488421299836,0.022603656522077114,-0.0006467904617537313,,
99698d8548f7,Donald Trump,trump_278t_2026_05_08_equity,2075,UBER TECHNOLOGIES INC,purchase,2026-03-23,2026-05-12,1001.0,15000.0,equity,UBER,trump_278t_2026_05_08_equity.pdf,75.12000274658203,76.36000061035156,50,0.01650689321661335,-0.02173917821949756,-0.029727661790421852,,
b5a08c5c59a0,Donald Trump,trump_278t_2026_05_08_equity,2078,GE VERNOVA INC I,purchase,2026-01-21,2026-05-12,1001.0,15000.0,equity,GEV,trump_278t_2026_05_08_equity.pdf,667.4863891601562,1071.97998046875,111,0.6059952650383404,-0.00877818089062888,-0.05613910126331468,,
4956b639f250,Donald Trump,trump_278t_2026_05_08_equity,2084,AFLAC INC,purchase,2026-03-23,2026-05-12,1001.0,15000.0,equity,AFL,trump_278t_2026_05_08_equity.pdf,106.1005859375,115.56159973144531,50,0.08917023134555027,-0.005854006994175042,0.01936978482051431,,
e3681898fe70,Donald Trump,trump_278t_2026_05_08_equity,2085,DELL TECHNOLOGIES INC CLASS C,purchase,2026-03-23,2026-05-12,1001.0,15000.0,equity,DELL,trump_278t_2026_05_08_equity.pdf,164.08230590820312,238.94000244140625,50,0.45622040791578544,0.02063276398011338,-0.01540138903896068,,
4cc1809fa34a,Donald Trump,trump_278t_2026_05_08_equity,2086,MONGODB INC CL A,purchase,2026-02-19,2026-05-12,1001.0,15000.0,equity,MDB,trump_278t_2026_05_08_equity.pdf,355.8900146484375,308.7200012207031,82,-0.13254098594008268,-0.01852811997306877,0.08408911425379074,,
b852cbd1d56d,Donald Trump,trump_278t_2026_05_08_equity,2057,PROGRESSIVE CORP OH,purchase,2026-03-23,2026-05-12,1001.0,15000.0,equity,PGR,trump_278t_2026_05_08_equity.pdf,204.99392700195312,198.4199981689453,50,-0.03206889554803825,-0.012397900805258337,0.022427159506640173,,
7c1afbf10f94,Donald Trump,trump_278t_2026_05_08_equity,2055,DIAMONDBACK ENERGY INC,purchase,2026-03-23,2026-05-12,1001.0,15000.0,equity,FANG,trump_278t_2026_05_08_equity.pdf,190.73097229003906,197.06613159179688,50,0.03321515758921482,0.01488773532268013,0.05431614552030728,,
d7ab34135522,Donald Trump,trump_278t_2026_05_08_equity,2031,TALEN ENERGY CORP NEW CLASS EQUITY,purchase,2026-03-23,2026-05-12,1001.0,15000.0,equity,TLN,trump_278t_2026_05_08_equity.pdf,311.0199890136719,374.6099853515625,50,0.2044563005083745,-0.06294542989860874,-0.16027329856409905,,
f60b6636b713,Donald Trump,trump_278t_2026_05_08_equity,2032,GEN DIGITAL INC,purchase,2026-02-23,2026-05-12,1001.0,15000.0,equity,GEN,trump_278t_2026_05_08_equity.pdf,21.53459358215332,21.922515869140625,78,0.018013912614946826,0.0567150977856414,0.10936171012463163,,
cd903bedb346,Donald Trump,trump_278t_2026_05_08_equity,2033,ANALOG DEVICES INC,purchase,2026-03-11,2026-05-12,1001.0,15000.0,equity,ADI,trump_278t_2026_05_08_equity.pdf,319.2200012207031,419.6499938964844,62,0.3146105892229031,0.03035868208566142,-0.012724881247604281,,
dd4befe1b011,Donald Trump,trump_278t_2026_05_08_equity,2034,DISNEY WALT CO,purchase,2026-03-23,2026-05-12,1001.0,15000.0,equity,DIS,trump_278t_2026_05_08_equity.pdf,97.94999694824219,106.16000366210938,50,0.08381834578520142,-0.011868896879853713,-0.036454433054652506,,
3480956857e5,Donald Trump,trump_278t_2026_05_08_equity,2037,BOSTON SCIENTIFIC CORP,purchase,2026-03-11,2026-05-12,1001.0,15000.0,equity,BSX,trump_278t_2026_05_08_equity.pdf,69.62999725341797,54.099998474121094,62,-0.22303603894705804,-0.019223606842199155,0.05009247644371488,,
a79ca13312ac,Donald Trump,trump_278t_2026_05_08_equity,2038,QUANTA SVCS INC,purchase,2026-03-11,2026-05-12,1001.0,15000.0,equity,PWR,trump_278t_2026_05_08_equity.pdf,567.5985107421875,765.8099975585938,62,0.34921072389218644,0.01032889772887307,-0.06748409245183183,,
37d07d7e488c,Donald Trump,trump_278t_2026_05_08_equity,2039,EQT CORP,purchase,2026-03-11,2026-05-12,1001.0,15000.0,equity,EQT,trump_278t_2026_05_08_equity.pdf,63.65064239501953,55.779998779296875,62,-0.12365379703282477,0.002689163305155545,0.07153104635684777,,
6ec012b03bb3,Donald Trump,trump_278t_2026_05_08_equity,2040,ENTEGRIS INC,purchase,2026-03-23,2026-05-12,1001.0,15000.0,equity,ENTG,trump_278t_2026_05_08_equity.pdf,114.93053436279297,145.30999755859375,50,0.26432891280139803,-0.0018581259169869776,-0.14513795810495728,,
cd675c3bbb26,Donald Trump,trump_278t_2026_05_08_equity,2041,TE CONNECTIVITY PLC F,purchase,2026-03-23,2026-05-12,1001.0,15000.0,equity,TEL,trump_278t_2026_05_08_equity.pdf,200.016845703125,212.9070281982422,50,0.06444548432810225,-0.02840033469324862,-0.08262759284243795,,
fd2a7dc5afac,Donald Trump,trump_278t_2026_05_08_equity,2043,BOEING CO,purchase,2026-03-11,2026-05-12,1001.0,15000.0,equity,BA,trump_278t_2026_05_08_equity.pdf,214.10000610351562,236.8699951171875,62,0.10635211753643187,0.01574708094405441,-0.09228691290991368,,
b1cad9eabb05,Donald Trump,trump_278t_2026_05_08_equity,2044,ONEOK INC NEW,purchase,2026-03-11,2026-05-12,1001.0,15000.0,equity,OKE,trump_278t_2026_05_08_equity.pdf,84.74446868896484,88.43000030517578,62,0.04348993713958886,0.004071023511355702,0.0770100365836498,,
81cc98b3fc92,Donald Trump,trump_278t_2026_05_08_equity,2045,AUTOZONE INC,purchase,2026-03-23,2026-05-12,1001.0,15000.0,equity,AZO,trump_278t_2026_05_08_equity.pdf,3353.239990234375,3409.81005859375,50,0.016870271297051133,-0.012616544262583358,-0.018338273458746026,,
11326fd43f54,Donald Trump,trump_278t_2026_05_08_equity,2047,STRATEGY INC CLASS A,purchase,2026-03-26,2026-05-12,1001.0,15000.0,equity,MSTR,trump_278t_2026_05_08_equity.pdf,132.92999267578125,184.4199981689453,47,0.3873467865055041,-0.034649167406425325,-0.10730936711106243,,
f958e391bec8,Donald Trump,trump_278t_2026_05_08_equity,2048,RAYMOND JAMES FINL INC,purchase,2026-03-23,2026-05-12,1001.0,15000.0,equity,RJF,trump_278t_2026_05_08_equity.pdf,144.8975830078125,153.47999572753906,50,0.05923088944322709,0.0031275149836481014,-0.016028091761516296,,
534a5f06b4de,Donald Trump,trump_278t_2026_05_08_equity,2049,PEPSICO INC,purchase,2026-03-23,2026-05-12,1001.0,15000.0,equity,PEP,trump_278t_2026_05_08_equity.pdf,150.8800048828125,151.85000610351562,50,0.006428958041567658,-0.016990462478453306,-0.00974653228080351,,
22d1f52db907,Donald Trump,trump_278t_2026_05_08_equity,2050,GILEAD SCIENCES INC,purchase,2026-03-23,2026-05-12,1001.0,15000.0,equity,GILD,trump_278t_2026_05_08_equity.pdf,137.33999633789062,134.94000244140625,50,-0.017474835885241992,-0.014006220212342997,-0.0329035301695225,,
cddc13fb6a4b,Donald Trump,trump_278t_2026_05_08_equity,2051,YUM BRANDS INC,purchase,2026-03-17,2026-05-12,1001.0,15000.0,equity,YUM,trump_278t_2026_05_08_equity.pdf,162.8928680419922,152.1156005859375,56,-0.06616169010712251,-0.020214568131279937,-0.004383066467329679,,
dc16105d1ca3,Donald Trump,trump_278t_2026_05_08_equity,2053,GUIDEWIRE SOFTWARE INC,purchase,2026-03-23,2026-05-12,1001.0,15000.0,equity,GWRE,trump_278t_2026_05_08_equity.pdf,156.80999755859375,131.3800048828125,50,-0.16217073574201835,-0.04399456685853391,0.06568723780853228,,
e0b287829e66,Donald Trump,trump_278t_2026_05_08_equity,2054,COUPANG INC CLASS A,purchase,2026-02-12,2026-05-12,1001.0,15000.0,equity,CPNG,trump_278t_2026_05_08_equity.pdf,17.1299991607666,15.899999618530273,89,-0.07180382968455926,0.0037736113871835045,-0.040251534905860344,,
1d81ee1f2a86,Donald Trump,trump_278t_2026_05_08_equity,1961,CDW CORP,purchase,2026-02-19,2026-05-12,1001.0,15000.0,equity,CDW,trump_278t_2026_05_08_equity.pdf,122.8185806274414,98.71468353271484,82,-0.1962561118324878,0.011077516025335096,0.05085591469518919,,
1fef907635af,Donald Trump,trump_278t_2026_05_08_equity,1862,MERCK & CO. INC.,purchase,2026-03-23,2026-05-12,1001.0,15000.0,equity,MRK,trump_278t_2026_05_08_equity.pdf,115.68000030517578,112.37000274658203,50,-0.0286133951405743,0.009611054331784347,0.016641408485187387,,
507ae8d5fc07,Donald Trump,trump_278t_2026_05_08_equity,1863,TYSON FOODS INC CLASS A,purchase,2026-03-17,2026-05-12,1001.0,15000.0,equity,TSN,trump_278t_2026_05_08_equity.pdf,62.06999969482422,67.45999908447266,56,0.08683743219186593,-0.008449447117698171,-0.01927061132531949,,
858358f6bd20,Donald Trump,trump_278t_2026_05_08_equity,1865,COSTCO WHSL CORP NEW,purchase,2026-01-12,2026-05-12,1001.0,15000.0,equity,COST,trump_278t_2026_05_08_equity.pdf,940.4287719726562,1021.8800048828125,120,0.08661074111897175,0.010960143185460793,0.07088889210094418,,
184cf3fadec0,Donald Trump,trump_278t_2026_05_08_equity,1866,API GROUP CORP,purchase,2026-03-17,2026-05-12,1001.0,15000.0,equity,APG,trump_278t_2026_05_08_equity.pdf,42.08000183105469,43.15999984741211,56,0.02566535098295534,0.002316924802470538,-0.04680260576703389,,
3a9e19944c2a,Donald Trump,trump_278t_2026_05_08_equity,1867,DATADOG INC CL A,purchase,2026-02-19,2026-05-12,1001.0,15000.0,equity,DDOG,trump_278t_2026_05_08_equity.pdf,120.5999984741211,199.94000244140625,82,0.6578773214852925,0.026858032667881022,0.07607277818022191,,
cc734d7c4648,Donald Trump,trump_278t_2026_05_08_equity,1868,SOFI TECHNOLOGIES INC,purchase,2026-03-17,2026-05-12,1001.0,15000.0,equity,SOFI,trump_278t_2026_05_08_equity.pdf,17.3700008392334,15.899999618530273,56,-0.08462873630857012,-0.03710686874646046,-0.042138370589211195,,
bbd89979f41b,Donald Trump,trump_278t_2026_05_08_equity,1870,FIRSTENERGY CORP,purchase,2026-01-23,2026-05-12,1001.0,15000.0,equity,FE,trump_278t_2026_05_08_equity.pdf,45.64826202392578,44.709999084472656,109,-0.02055418756055488,-0.013196156668962936,0.008051903773726249,,
af75a042e03f,Donald Trump,trump_278t_2026_05_08_equity,1871,BENTLEY SYS INC CLASS B,purchase,2026-02-23,2026-05-12,1001.0,15000.0,equity,BSY,trump_278t_2026_05_08_equity.pdf,32.143959045410156,32.66999816894531,78,0.016365100602325135,-0.04346489894496233,0.010407106570060358,,
ff893dd0f8a2,Donald Trump,trump_278t_2026_05_08_equity,1874,UNION PAC CORP,purchase,2026-03-17,2026-05-12,1001.0,15000.0,equity,UNP,trump_278t_2026_05_08_equity.pdf,241.06756591796875,264.22723388671875,56,0.09607127313274008,-0.0035768412780580903,0.022439773264598478,,
72d8ffe08723,Donald Trump,trump_278t_2026_05_08_equity,1875,FORTINET INC,purchase,2026-02-19,2026-05-12,1001.0,15000.0,equity,FTNT,trump_278t_2026_05_08_equity.pdf,81.66999816894531,113.87000274658203,82,0.39426968653809324,0.03354702382264482,0.12092734092324181,,
5cf501f738d7,Donald Trump,trump_278t_2026_05_08_equity,1877,PARKER-HANNIFIN CORP,purchase,2026-03-23,2026-05-12,1001.0,15000.0,equity,PH,trump_278t_2026_05_08_equity.pdf,904.0166625976562,881.3400268554688,50,-0.02508431169512637,0.0011686389251984522,-0.03265485331417343,,
71f01befb808,Donald Trump,trump_278t_2026_05_08_equity,1880,UNITEDHEALTH GROUP INC,purchase,2026-03-31,2026-05-12,1001.0,15000.0,equity,UNH,trump_278t_2026_05_08_equity.pdf,270.5899963378906,396.3900146484375,42,0.46491008541741546,0.012033575108854416,-0.018037851988789204,,
1308dd7a9865,Donald Trump,trump_278t_2026_05_08_equity,1882,VITAL FARMS INC,purchase,2026-03-23,2026-05-12,1001.0,15000.0,equity,VITL,trump_278t_2026_05_08_equity.pdf,13.6899995803833,8.649999618530273,50,-0.3681519442173653,-0.03699418600420587,0.06011566250820546,,
66ee738c928d,Donald Trump,trump_278t_2026_05_08_equity,1884,CSX CORP,purchase,2026-03-17,2026-05-12,1001.0,15000.0,equity,CSX,trump_278t_2026_05_08_equity.pdf,40.18680953979492,44.3939094543457,56,0.10468857724036808,-0.002919331198700213,0.03480804499416847,,
5004ff6419a0,Donald Trump,trump_278t_2026_05_08_equity,1861,PALO ALTO NETWORKS INC I,purchase,2026-03-17,2026-05-12,1001.0,15000.0,equity,PANW,trump_278t_2026_05_08_equity.pdf,169.19000244140625,215.60000610351562,56,0.2743070098257257,0.05653982763230736,0.11377550132127238,,
b1816373b254,Donald Trump,trump_278t_2026_05_08_equity,1891,QUALCOMM INC,purchase,2026-03-11,2026-05-12,1001.0,15000.0,equity,QCOM,trump_278t_2026_05_08_equity.pdf,134.1199951171875,210.30999755859375,62,0.5680734060185071,0.013598976004717739,-0.06989680528214866,,
7d2d3004c055,Donald Trump,trump_278t_2026_05_08_equity,1859,CROWDSTRIKE HLOGS INC CLASS A l,purchase,2026-03-17,2026-05-12,1001.0,15000.0,equity,CRWD,trump_278t_2026_05_08_equity.pdf,433.20001220703125,546.1799926757812,56,0.26080327166462675,0.030008449354106608,0.12944452956005584,,
619dbc580c7c,Donald Trump,trump_278t_2026_05_08_equity,1857,UBER TECHNOLOGIES INC I,purchase,2026-01-21,2026-05-12,1001.0,15000.0,equity,UBER,trump_278t_2026_05_08_equity.pdf,84.26000213623047,76.36000061035156,111,-0.09375743324936411,-0.02173917821949756,-0.029727661790421852,,
56a19db62ed6,Donald Trump,trump_278t_2026_05_08_equity,1830,TYLER TECHNOLOGIES INC,purchase,2026-02-23,2026-05-12,1001.0,15000.0,equity,TYL,trump_278t_2026_05_08_equity.pdf,317.42999267578125,309.6499938964844,78,-0.02450933736196523,-0.03571773866170685,0.04227352364252458,,
f6be06cb8972,Donald Trump,trump_278t_2026_05_08_equity,1833,PALO ALTO NElWORKS INC,purchase,2026-02-19,2026-05-12,1001.0,15000.0,equity,PANW,trump_278t_2026_05_08_equity.pdf,150.99000549316406,215.60000610351562,82,0.42790912152974736,0.05653982763230736,0.11377550132127238,,
1fd24a0c7c1d,Donald Trump,trump_278t_2026_05_08_equity,1835,MARSH & MCLENNAN COS INC,purchase,2026-03-17,2026-05-12,1001.0,15000.0,equity,MRSH,trump_278t_2026_05_08_equity.pdf,171.059814453125,163.38999938964844,56,-0.044837036027408406,-0.02601138390278529,0.016402521234969197,,
98aed34a3386,Donald Trump,trump_278t_2026_05_08_equity,1837,INVITATION HOMES INC,purchase,2026-01-23,2026-05-12,1001.0,15000.0,equity,INVH,trump_278t_2026_05_08_equity.pdf,26.862279891967773,28.459999084472656,109,0.05947816785955778,0.0,0.007027433920353515,,
5a0844b9af60,Donald Trump,trump_278t_2026_05_08_equity,1838,AMERICAN TOWER CORP NEW REIT,purchase,2026-02-12,2026-05-12,,,reit,AMT,trump_278t_2026_05_08_equity.pdf,186.32827758789062,178.82000732421875,89,-0.040295924810072055,-0.027681534527936674,0.023375419441754638,,
ee39f1ae6166,Donald Trump,trump_278t_2026_05_08_equity,1839,INSMED INC PAR S.01,purchase,2026-02-19,2026-05-12,1001.0,15000.0,equity,INSM,trump_278t_2026_05_08_equity.pdf,161.0,116.0,82,-0.2795031055900621,0.0171551539980132,-0.07405169256802263,,
d62d4598dc09,Donald Trump,trump_278t_2026_05_08_equity,1840,DISNEY WALT CO,purchase,2026-03-17,2026-05-12,1001.0,15000.0,equity,DIS,trump_278t_2026_05_08_equity.pdf,100.30000305175781,106.16000366210938,56,0.058424730130143925,-0.011868896879853713,-0.036454433054652506,,
1a48729c7b07,Donald Trump,trump_278t_2026_05_08_equity,1841,DYNATRACE INC,purchase,2026-01-21,2026-05-12,1001.0,15000.0,equity,DT,trump_278t_2026_05_08_equity.pdf,39.400001525878906,39.209999084472656,111,-0.004822396803245087,-0.11425655819539228,0.0191277739737822,,
de65b82247ac,Donald Trump,trump_278t_2026_05_08_equity,1842,NEXTERA ENERGY INC,purchase,2026-03-17,2026-05-12,1001.0,15000.0,equity,NEE,trump_278t_2026_05_08_equity.pdf,92.52999877929688,94.58999633789062,56,0.022263023730360886,0.0027487276276203614,-0.04789088650680346,,
aaa230557e6d,Donald Trump,trump_278t_2026_05_08_equity,1844,STARBUCKS CORP,purchase,2026-03-11,2026-05-12,1001.0,15000.0,equity,SBUX,trump_278t_2026_05_08_equity.pdf,100.84890747070312,105.95895385742188,62,0.050670319737506644,-0.005911111059908763,0.003973646215520859,,
58b75ae9c58f,Donald Trump,trump_278t_2026_05_08_equity,1845,UNITED PARCEL SERVICE INC CL B,purchase,2026-03-17,2026-05-12,1001.0,15000.0,equity,UPS,trump_278t_2026_05_08_equity.pdf,96.14923095703125,96.8081283569336,56,0.006852861882970262,0.00010150656068898366,0.0002259466688628231,,
f8f01ef2cc05,Donald Trump,trump_278t_2026_05_08_equity,1849,FLUTTER ENTMT PLC F,purchase,2026-02-12,2026-05-12,1001.0,15000.0,equity,FLUT,trump_278t_2026_05_08_equity.pdf,141.3699951171875,95.95999908447266,89,-0.32121381906445284,-0.00989992660802252,0.016048363174448303,,
d0dc26e5b129,Donald Trump,trump_278t_2026_05_08_equity,1850,CURTISS WRIGHT CORP,purchase,2026-03-23,2026-05-12,1001.0,15000.0,equity,CW,trump_278t_2026_05_08_equity.pdf,688.3046264648438,735.3400268554688,50,0.06833515071982073,0.021296233813760855,-0.04132783955525199,,
24ca90c8e8d9,Donald Trump,trump_278t_2026_05_08_equity,1851,ROPER TECHNOLOGIES INC,purchase,2026-01-21,2026-05-12,1001.0,15000.0,equity,ROP,trump_278t_2026_05_08_equity.pdf,403.6310729980469,323.94000244140625,111,-0.19743542033253283,-0.023738971363369072,0.015342351000945277,,
fac21ffced4d,Donald Trump,trump_278t_2026_05_08_equity,1853,BAXTER INTL INC,purchase,2026-01-23,2026-05-12,1001.0,15000.0,equity,BAX,trump_278t_2026_05_08_equity.pdf,19.81995391845703,17.880706787109375,109,-0.09784317054046032,-0.032420338274323064,0.02459475777203178,,
e27b99c64b5e,Donald Trump,trump_278t_2026_05_08_equity,1854,AIRBNB INC CL A I,purchase,2026-02-19,2026-05-12,1001.0,15000.0,equity,ABNB,trump_278t_2026_05_08_equity.pdf,125.80999755859375,135.47999572753906,82,0.07686192160079873,-0.018526679849353803,-0.031886567771359633,,
50583a0fdf88,Donald Trump,trump_278t_2026_05_08_equity,1655,AMERICAN TOWER CORP NEW REIT I,purchase,2026-03-17,2026-05-12,1001.0,15000.0,reit,AMT,trump_278t_2026_05_08_equity.pdf,183.23915100097656,178.82000732421875,56,-0.024116809386080712,-0.027681534527936674,0.023375419441754638,,
d11730b82263,Donald Trump,trump_278t_2026_05_08_equity,18114,ESSEX PPTY TR INC REIT,purchase,2026-03-23,2026-05-12,1001.0,15000.0,reit,ESS,trump_278t_2026_05_08_equity.pdf,239.99032592773438,268.6400146484375,50,0.11937851498785033,0.012284051567252041,0.014852553665903424,,
9a848d937d28,Donald Trump,trump_278t_2026_05_08_equity,1895,PHILIP MORRIS INTL INC,purchase,2026-03-23,2026-05-12,1001.0,15000.0,equity,PM,trump_278t_2026_05_08_equity.pdf,163.24000549316406,186.92999267578125,50,0.1451236607781739,0.0052426631612183,0.024822205265290543,,
7e1590372ba6,Donald Trump,trump_278t_2026_05_08_equity,1929,ROPER TECHNOLOGIES INC,purchase,2026-02-12,2026-05-12,,,equity,ROP,trump_278t_2026_05_08_equity.pdf,319.00677490234375,323.94000244140625,89,0.015464334701269868,-0.023738971363369072,0.015342351000945277,,
a086e6f86078,Donald Trump,trump_278t_2026_05_08_equity,1930,MONSTER BEVERAGE CORP NE,purchase,2026-03-23,2026-05-12,1001.0,15000.0,equity,MNST,trump_278t_2026_05_08_equity.pdf,73.95999908447266,85.87000274658203,50,0.1610330423139471,0.0006987021855678017,0.005589795180927349,,
a53e86bf944b,Donald Trump,trump_278t_2026_05_08_equity,1931,PROGRESSIVE CORP OH,purchase,2026-02-12,2026-05-12,1001.0,15000.0,equity,PGR,trump_278t_2026_05_08_equity.pdf,205.34373474121094,198.4199981689453,89,-0.03371778827823221,-0.012397900805258337,0.022427159506640173,,
b6c9a11b19a5,Donald Trump,trump_278t_2026_05_08_equity,1933,STRATEGY INC ClASS A,purchase,2026-03-17,2026-05-12,1001.0,15000.0,equity,MSTR,trump_278t_2026_05_08_equity.pdf,150.27999877929688,184.4199981689453,56,0.22717593603249142,-0.034649167406425325,-0.10730936711106243,,
a213ead8d2b6,Donald Trump,trump_278t_2026_05_08_equity,1940,PAYCOM SOFTWARE INC,purchase,2026-02-23,2026-05-12,1001.0,15000.0,equity,PAYC,trump_278t_2026_05_08_equity.pdf,113.80851745605469,137.22555541992188,78,0.20575821992329613,-0.01962223961311273,0.025944673394850827,,
7b80b7acc49b,Donald Trump,trump_278t_2026_05_08_equity,1943,ADVANCED MICRO DEVICES INC,purchase,2026-02-19,2026-05-12,1001.0,15000.0,equity,AMD,trump_278t_2026_05_08_equity.pdf,203.3699951171875,448.2900085449219,82,1.2043075149144031,-0.006223668812021485,-0.07637917441678164,,
8f05647c528e,Donald Trump,trump_278t_2026_05_08_equity,1945,STARBUCKS CORP,purchase,2026-02-19,2026-05-12,1001.0,15000.0,equity,SBUX,trump_278t_2026_05_08_equity.pdf,95.24176788330078,105.95895385742188,82,0.11252611340911693,-0.005911111059908763,0.003973646215520859,,
0e2610c0a0ab,Donald Trump,trump_278t_2026_05_08_equity,1953,ACCENTURE PLC IRELAND F CLASS A l,purchase,2026-01-21,2026-05-12,1001.0,15000.0,equity,ACN,trump_278t_2026_05_08_equity.pdf,278.3594055175781,169.77000427246094,111,-0.3901050192401703,-0.05966899115202372,0.04140895683794972,,
b0fa4efaf541,Donald Trump,trump_278t_2026_05_08_equity,1954,EQUINIX INC REIT l,purchase,2026-03-17,2026-05-12,1001.0,15000.0,reit,EQIX,trump_278t_2026_05_08_equity.pdf,972.0722045898438,1075.3115234375,56,0.10620540157427612,-0.0031000282439954266,-0.029797301654044657,,
6f572451d791,Donald Trump,trump_278t_2026_05_08_equity,1958,UBER TECHNOLOGIES INC·,purchase,2026-01-12,2026-05-12,1001.0,15000.0,equity,UBER,trump_278t_2026_05_08_equity.pdf,84.66999816894531,76.36000061035156,120,-0.09814571558171634,-0.02173917821949756,-0.029727661790421852,,
2adaad810632,Donald Trump,trump_278t_2026_05_08_equity,1927,CINTAS CORP,purchase,2026-03-23,2026-05-12,1001.0,15000.0,equity,CTAS,trump_278t_2026_05_08_equity.pdf,180.7186279296875,164.971435546875,50,-0.08713652025368014,-0.011304558228741659,0.04381704855391928,,
48295c66b5ec,Donald Trump,trump_278t_2026_05_08_equity,1926,WORKDAY INC ClASS A,purchase,2026-02-12,2026-05-12,1001.0,15000.0,equity,WDAY,trump_278t_2026_05_08_equity.pdf,144.0399932861328,118.62000274658203,89,-0.1764786984476904,-0.017872219672015795,0.09037256232585515,,
da24d843407d,Donald Trump,trump_278t_2026_05_08_equity,1925,CATERPILLAR INC,purchase,2026-03-23,2026-05-12,1001.0,15000.0,equity,CAT,trump_278t_2026_05_08_equity.pdf,700.3666381835938,912.1400146484375,50,0.3023750203380327,-0.010787846928589525,-0.056997817658962474,,
497241890c59,Donald Trump,trump_278t_2026_05_08_equity,1896,AMPHENOL CORP NEW CLASS A,purchase,2026-03-17,2026-05-12,1001.0,15000.0,equity,APH,trump_278t_2026_05_08_equity.pdf,134.8534698486328,127.87000274658203,56,-0.05178559446701239,-0.02526005542781559,-0.06780328155245616,,
592669111873,Donald Trump,trump_278t_2026_05_08_equity,1899,FLUTTER ENTMT PLC F,purchase,2026-02-23,2026-05-12,1001.0,15000.0,equity,FLUT,trump_278t_2026_05_08_equity.pdf,115.41999816894531,95.95999908447266,78,-0.16860162357642913,-0.00989992660802252,0.016048363174448303,,
042585fc7299,Donald Trump,trump_278t_2026_05_08_equity,1900,SNOWFLAKE INC CLASS A,purchase,2026-02-23,2026-05-12,1001.0,15000.0,equity,SNOW,trump_278t_2026_05_08_equity.pdf,157.60000610351562,151.97999572753906,78,-0.03565996293353694,0.0025661231781293494,0.11560736819414867,,
dfa6abf1a2dc,Donald Trump,trump_278t_2026_05_08_equity,1901,VICI PPTYS INC REIT,purchase,2026-03-26,2026-05-12,1001.0,15000.0,reit,VICI,trump_278t_2026_05_08_equity.pdf,27.15999984741211,28.549999237060547,47,0.051178181055140215,-0.011908937361600308,-0.006304672596750679,,
65bfefc34318,Donald Trump,trump_278t_2026_05_08_equity,1902,ZILLOW GROUP INC CLASS C,purchase,2026-02-23,2026-05-12,1001.0,15000.0,equity,ZG,trump_278t_2026_05_08_equity.pdf,42.810001373291016,39.84000015258789,78,-0.06937634023427285,-0.02409636246977518,-0.08584342295541945,,
c347527baea4,Donald Trump,trump_278t_2026_05_08_equity,1904,EBAY INC,purchase,2026-01-23,2026-05-12,1001.0,15000.0,equity,EBAY,trump_278t_2026_05_08_equity.pdf,93.04016876220703,110.09478759765625,109,0.18330382524388558,0.023641293651766027,0.03478253879463996,,
30d7f06fa940,Donald Trump,trump_278t_2026_05_08_equity,1908,TRANE TECHNOLOGIES PLC F,purchase,2026-01-21,2026-05-12,1001.0,15000.0,equity,TT,trump_278t_2026_05_08_equity.pdf,394.3786926269531,467.6600036621094,111,0.18581457975589416,0.007184675459204193,-0.04201769179021296,,
27128cfac7bc,Donald Trump,trump_278t_2026_05_08_equity,1828,CONAGRA BRANDS INC,purchase,2026-02-11,2026-05-12,1001.0,15000.0,equity,CAG,trump_278t_2026_05_08_equity.pdf,19.527589797973633,14.0,90,-0.28306564482152463,0.0064285823277064735,-0.004999978201729911,,
d033d328a7be,Donald Trump,trump_278t_2026_05_08_equity,1909,FISERV INC,purchase,2026-03-26,2026-05-12,1001.0,15000.0,equity,FISV,trump_278t_2026_05_08_equity.pdf,55.540000915527344,54.880001068115234,47,-0.011883324388415573,-0.04573618963882922,0.020954768381915696,,
6ba55cb2905e,Donald Trump,trump_278t_2026_05_08_equity,1911,TOAST INC CLASS A,purchase,2026-02-21,2026-05-12,1001.0,15000.0,equity,TOST,trump_278t_2026_05_08_equity.pdf,25.06999969482422,23.260000228881836,80,-0.07219782560731594,-0.03998281582220296,-0.0017197297993864504,,
1be7f674bc64,Donald Trump,trump_278t_2026_05_08_equity,1913,ALTRIA GROUP INC,purchase,2026-03-17,2026-05-12,1001.0,15000.0,equity,MO,trump_278t_2026_05_08_equity.pdf,65.8663330078125,69.88999938964844,56,0.061088361809343246,0.023608549725116917,0.05880670548353594,,
617ab75ded1c,Donald Trump,trump_278t_2026_05_08_equity,1916,ORACLE CORP l,purchase,2026-03-23,2026-05-12,1001.0,15000.0,equity,ORCL,trump_278t_2026_05_08_equity.pdf,153.80282592773438,186.8300018310547,50,0.2147371201023213,0.015682666847216344,-0.028742680857239626,,
261a093a6469,Donald Trump,trump_278t_2026_05_08_equity,1917,CISCO SYS INC I,purchase,2026-03-17,2026-05-12,1001.0,15000.0,equity,CSCO,trump_278t_2026_05_08_equity.pdf,78.8427734375,99.29000091552734,56,0.2593418088499412,0.025984508080019737,0.162050520591489,,
2c932530ea92,Donald Trump,trump_278t_2026_05_08_equity,1918,RB GLOBAL INC F l,purchase,2026-03-17,2026-05-12,1001.0,15000.0,equity,RBA,trump_278t_2026_05_08_equity.pdf,99.71527099609375,103.09527587890625,56,0.03389656217195567,-0.015667320658830995,-0.0010637979815441595,,
b9cacf2e2ccd,Donald Trump,trump_278t_2026_05_08_equity,1919,WORKDAY INC CL A. I,purchase,2026-02-19,2026-05-12,1001.0,15000.0,equity,WDAY,trump_278t_2026_05_08_equity.pdf,140.02000427246094,118.62000274658203,82,-0.1528353154756177,-0.017872219672015795,0.09037256232585515,,
c27c35fbaf5b,Donald Trump,trump_278t_2026_05_08_equity,1920,FACTSET RESH SYS INC,purchase,2026-02-23,2026-05-12,1001.0,15000.0,equity,FDS,trump_278t_2026_05_08_equity.pdf,188.3641815185547,214.87158203125,78,0.14072420934276306,-0.06507040565199508,0.027834391340212747,,
24befa669e01,Donald Trump,trump_278t_2026_05_08_equity,1921,PTC INC,purchase,2026-02-23,2026-05-12,1001.0,15000.0,equity,PTC,trump_278t_2026_05_08_equity.pdf,150.8800048828125,144.22000122070312,78,-0.04414106207964505,-0.023644457309988296,0.006725843936297783,,
696f8ad9899b,Donald Trump,trump_278t_2026_05_08_equity,1923,INTUIT INC,purchase,2026-02-19,2026-05-12,1001.0,15000.0,equity,INTU,trump_278t_2026_05_08_equity.pdf,380.36456298828125,387.739990234375,82,0.01939041636305373,-0.04134213437620224,0.030871206277865965,,
fd280bea0da9,Donald Trump,trump_278t_2026_05_08_equity,1910,AUTODESK INC,purchase,2026-02-19,2026-05-12,1001.0,15000.0,equity,ADSK,trump_278t_2026_05_08_equity.pdf,229.10000610351562,234.8699951171875,82,0.02518545988630304,-0.016349454667356184,0.0395538329205766,,
4a8b17d73133,Donald Trump,trump_278t_2026_05_08_equity,1547,BIOLIFE SOLUTIONS INC,purchase,2026-03-04,2026-05-12,15001.0,50000.0,equity,BLFS,trump_278t_2026_05_08_equity.pdf,20.670000076293945,21.229999542236328,69,0.027092378513565475,-0.0028261642598256306,0.08572773123256051,,
264dbe03c3df,Donald Trump,trump_278t_2026_05_08_equity,1546,ENOVA INTL INC,purchase,2026-03-04,2026-05-12,15001.0,50000.0,equity,ENVA,trump_278t_2026_05_08_equity.pdf,144.94000244140625,166.8800048828125,69,0.15137299621804381,-0.02181207624127612,-0.0369726629219483,,
4ad0d4f2f92d,Donald Trump,trump_278t_2026_05_08_equity,1545,SANMINA CORP,purchase,2026-03-04,2026-05-12,15001.0,50000.0,equity,SANM,trump_278t_2026_05_08_equity.pdf,139.5500030517578,235.83999633789062,69,0.6900035197449601,0.011787647652919479,-0.04723541198537009,,
3abef632da6c,Donald Trump,trump_278t_2026_05_08_equity,1188,PRICE T ROWE GROUP INC UNSOLICITED I,purchase,2026-03-11,2026-05-12,15001.0,50000.0,equity,PSMT,trump_278t_2026_05_08_equity.pdf,145.97000122070312,156.49000549316406,62,0.07206963200990144,0.01035206761021084,0.03246214871707316,,
99c20e7d2276,Donald Trump,trump_278t_2026_05_08_equity,1192,CDW CORP UNSOLICITED,purchase,2026-03-11,2026-05-12,15001.0,50000.0,equity,CDW,trump_278t_2026_05_08_equity.pdf,118.20909118652344,98.71468353271484,62,-0.16491462253988698,0.011077516025335096,0.05085591469518919,,
c9f00fec67d9,Donald Trump,trump_278t_2026_05_08_equity,1193,PALANTIR TECHNOLOGIES INC CL A UNSOLICITED,purchase,2026-03-11,2026-05-12,15001.0,50000.0,equity,PLTR,trump_278t_2026_05_08_equity.pdf,151.60000610351562,136.0,62,-0.10290241078792317,-0.04374997756060432,-0.00544121686150046,,
13cc2a968509,Donald Trump,trump_278t_2026_05_08_equity,1197,MOTOROLA SOLUTIONS INC UNSOLICITED,purchase,2026-03-11,2026-05-12,15001.0,50000.0,equity,MSI,trump_278t_2026_05_08_equity.pdf,461.3410339355469,391.3900146484375,62,-0.1516254010409187,0.016607475297596864,0.018753662748610768,,
70a74ad099ae,Donald Trump,trump_278t_2026_05_08_equity,1198,SYNOPSYS INC UNSOLICITED,purchase,2026-03-11,2026-05-12,15001.0,50000.0,equity,SNPS,trump_278t_2026_05_08_equity.pdf,432.9800109863281,513.2100219726562,62,0.18529726303892002,-0.0076577288538780056,-0.03768442942935979,,
684f251d8cb7,Donald Trump,trump_278t_2026_05_08_equity,1199,APPLOVIN CORP CL A UNSOLICITED,purchase,2026-03-02,2026-05-12,15001.0,50000.0,equity,APP,trump_278t_2026_05_08_equity.pdf,432.9800109863281,490.69000244140625,71,0.13328557898923513,-0.07573010144331743,-0.028103300406183744,,
21e7af034219,Donald Trump,trump_278t_2026_05_08_equity,1202,PATTERSON-UTI ENERGY INC,purchase,2026-03-04,2026-05-12,15001.0,50000.0,equity,PTEN,trump_278t_2026_05_08_equity.pdf,8.869999885559082,12.0600004196167,69,0.3596392982204136,-0.004975158999091163,0.05555548087127872,,
ca160018d14a,Donald Trump,trump_278t_2026_05_08_equity,1204,MERCK & CO INC COM UNSOLICITED,purchase,2026-03-11,2026-05-12,15001.0,50000.0,equity,MRK,trump_278t_2026_05_08_equity.pdf,115.3555908203125,112.37000274658203,62,-0.025881607059523193,0.009611054331784347,0.016641408485187387,,
739f41bab099,Donald Trump,trump_278t_2026_05_08_equity,1205,DUPONT DE NEMOURS INC UNSOLICITED,purchase,2026-03-11,2026-05-12,15001.0,50000.0,equity,DD,trump_278t_2026_05_08_equity.pdf,45.808223724365234,50.34023666381836,62,0.098934483177582,0.012267520718353981,-0.0750937131220195,,
ab0e027f749e,Donald Trump,trump_278t_2026_05_08_equity,1209,AUTODESK INC UNSOLICITED,purchase,2026-03-11,2026-05-12,15001.0,50000.0,equity,ADSK,trump_278t_2026_05_08_equity.pdf,251.8300018310547,234.8699951171875,62,-0.06734704598558974,-0.016349454667356184,0.0395538329205766,,
69521e184684,Donald Trump,trump_278t_2026_05_08_equity,1210,PALO ALTO NETWORKS INC UNSOLICITED,purchase,2026-03-11,2026-05-12,15001.0,50000.0,equity,PANW,trump_278t_2026_05_08_equity.pdf,164.92999267578125,215.60000610351562,62,0.30722134043467336,0.05653982763230736,0.11377550132127238,,
451618b094f0,Donald Trump,trump_278t_2026_05_08_equity,1211,S&P GLOBAL INC UNSOLICITED,purchase,2026-03-11,2026-05-12,15001.0,50000.0,equity,SPGI,trump_278t_2026_05_08_equity.pdf,427.9637756347656,423.1849365234375,62,-0.011166457030714906,-0.041539998344261496,-0.03246343601508164,,
76e92a6fd01f,Donald Trump,trump_278t_2026_05_08_equity,1212,ENTERGY CORP NEW UNSOLICITED,purchase,2026-03-11,2026-05-12,15001.0,50000.0,equity,ETR,trump_278t_2026_05_08_equity.pdf,103.25647735595703,112.93000030517578,62,0.09368441764550153,-0.005135941109424623,-0.02107497783570704,,
b11c29888371,Donald Trump,trump_278t_2026_05_08_equity,1213,ARISTA NETWORKS INC UNSOLICITED,purchase,2026-03-11,2026-05-12,15001.0,50000.0,equity,ANET,trump_278t_2026_05_08_equity.pdf,138.22999572753906,142.5399932861328,62,0.03117990083056253,-0.012978749346598583,-0.006734891962223202,,
3dedfe6d24a3,Donald Trump,trump_278t_2026_05_08_equity,1215,THERMO FISHER SCIENTIFIC INC UNSOLICITED,purchase,2026-03-11,2026-05-12,15001.0,50000.0,equity,TMO,trump_278t_2026_05_08_equity.pdf,495.23040771484375,459.29998779296875,62,-0.07255293568839966,-0.028891768705322445,-0.025016308599498934,,
f7a50f4ee301,Donald Trump,trump_278t_2026_05_08_equity,1216,SALESFORCE INC. UNSOLICITED,purchase,2026-03-11,2026-05-12,15001.0,50000.0,equity,CRM,trump_278t_2026_05_08_equity.pdf,193.6457061767578,171.30999755859375,62,-0.11534316489195096,-0.031930426120239726,0.047341081816183385,,
ef33d2b64fe2,Donald Trump,trump_278t_2026_05_08_equity,1187,ROCKWELL AUTOMATION INC NEW UNSOLICITEO lpurchose,purchase,2026-03-11,2026-05-12,15001.0,50000.0,equity,ROK,trump_278t_2026_05_08_equity.pdf,372.1021423339844,453.68048095703125,62,0.21923641210811773,-0.00019776402876807406,-0.06919070519827458,,
ed2f72f8e346,Donald Trump,trump_278t_2026_05_08_equity,1217,GILEAD SCIENCES INC UNSOLICITED,purchase,2026-03-11,2026-05-12,15001.0,50000.0,equity,GILD,trump_278t_2026_05_08_equity.pdf,145.175537109375,134.94000244140625,62,-0.07050454141083919,-0.014006220212342997,-0.0329035301695225,,
7634a230e7f1,Donald Trump,trump_278t_2026_05_08_equity,1186,DIGITAL REALTY TRUST INC REIT UNSOLICITED,purchase,2026-03-11,2026-05-12,15001.0,50000.0,reit,DLR,trump_278t_2026_05_08_equity.pdf,179.36871337890625,195.27000427246094,62,0.08865141860032251,-0.010037418297653044,-0.04603884517060939,,
e422b9c7ae05,Donald Trump,trump_278t_2026_05_08_equity,1164,NAVIENT CORP,purchase,2026-03-30,2026-05-12,15001.0,50000.0,equity,NAVI,trump_278t_2026_05_08_equity.pdf,8.100000381469727,8.319999694824219,43,0.027160407776989984,-0.05168267357102444,-0.008413425167282735,,
8da6a06237e1,Donald Trump,trump_278t_2026_05_08_equity,1155,LAMB WESTON HLDGS INC COM,purchase,2026-03-17,2026-05-12,15001.0,50000.0,equity,LW,trump_278t_2026_05_08_equity.pdf,40.558631896972656,41.40999984741211,56,0.020991042119026707,0.0031393641292988004,0.018836000535402575,,
8a3e8e0538a1,Donald Trump,trump_278t_2026_05_08_equity,1156,F5 INC UNSOLICITED,purchase,2026-03-02,2026-05-12,15001.0,50000.0,equity,FFIV,trump_278t_2026_05_08_equity.pdf,278.0,354.9800109863281,71,0.2769065143393098,0.0068172371267672715,0.08034252107443399,,
5f7dd79c55ba,Donald Trump,trump_278t_2026_05_08_equity,1159,"PRICE T ROWE GROUP INC UNSOLICITED ,aao",purchase,2026-03-02,2026-05-12,15001.0,50000.0,equity,PSMT,trump_278t_2026_05_08_equity.pdf,157.4199981689453,156.49000549316406,71,-0.005907716215211545,0.01035206761021084,0.03246214871707316,,
374560573f69,Donald Trump,trump_278t_2026_05_08_equity,1160,DELL TECHNOLOGIES INC CL C UNSOLICITED lcurchaso,purchase,2026-03-11,2026-05-12,15001.0,50000.0,equity,DELL,trump_278t_2026_05_08_equity.pdf,146.91542053222656,238.94000244140625,62,0.6263779634282413,0.02063276398011338,-0.01540138903896068,,
300344bc7cdb,Donald Trump,trump_278t_2026_05_08_equity,1163,INTEL CORP UNSOLICITED I,purchase,2026-03-11,2026-05-12,15001.0,50000.0,equity,INTC,trump_278t_2026_05_08_equity.pdf,47.97999954223633,120.61000061035156,62,1.5137557682588085,-0.002653177126314965,-0.08133651860500687,,
17e5277f1612,Donald Trump,trump_278t_2026_05_08_equity,1166,AMNEAL PHARMACEUTICALS I CLASS A ll>Urchaso,purchase,2026-03-04,2026-05-12,15001.0,50000.0,equity,AMRX,trump_278t_2026_05_08_equity.pdf,13.300000190734863,12.600000381469727,69,-0.05263156385161373,-0.016666669189614517,-0.06269840777265737,,
2e7cc59d8e96,Donald Trump,trump_278t_2026_05_08_equity,1167,INTUITIVE SURGICAL INC UNSOLICITED lpun:haso,purchase,2026-03-11,2026-05-12,15001.0,50000.0,equity,ISRG,trump_278t_2026_05_08_equity.pdf,492.8699951171875,431.8699951171875,62,-0.12376488851892131,0.0009261905226266925,0.022483598223681477,,
90d6743dbcc7,Donald Trump,trump_278t_2026_05_08_equity,1170,NETAPP INC UNSOLICITED,purchase,2026-03-11,2026-05-12,15001.0,50000.0,equity,NTAP,trump_278t_2026_05_08_equity.pdf,97.08273315429688,116.2300033569336,62,0.19722632007285285,0.020218518508550887,0.0375117685195949,,
4288443229ea,Donald Trump,trump_278t_2026_05_08_equity,1172,SCHRODINGER INC,purchase,2026-03-30,2026-05-12,15001.0,50000.0,equity,SDGR,trump_278t_2026_05_08_equity.pdf,11.069999694824219,12.6899995803833,43,0.14634145711101632,0.004728165610773559,-0.055161531316929586,,
94df1ee0539f,Donald Trump,trump_278t_2026_05_08_equity,1173,UNITEDHEALTH GROUP INC UNSOLICITED,purchase,2026-03-11,2026-05-12,15001.0,50000.0,equity,UNH,trump_278t_2026_05_08_equity.pdf,285.25,396.3900146484375,62,0.38962318895157755,0.012033575108854416,-0.018037851988789204,,
9d2c048be154,Donald Trump,trump_278t_2026_05_08_equity,1176,SKYWORKS SOLUTIONS INC UNSOLICITED,purchase,2026-03-11,2026-05-12,15001.0,50000.0,equity,SWKS,trump_278t_2026_05_08_equity.pdf,54.873191833496094,65.73877716064453,62,0.19801263538884917,0.027597590811967672,0.06092592212186067,,
cf5ee83bea69,Donald Trump,trump_278t_2026_05_08_equity,1178,RTX CORP UNSOLICITED,purchase,2026-03-11,2026-05-12,15001.0,50000.0,equity,RTX,trump_278t_2026_05_08_equity.pdf,206.40023803710938,178.14793395996094,62,-0.13688116034085612,-0.004360218492290817,-0.024596099923058494,,
da43a26ff0c6,Donald Trump,trump_278t_2026_05_08_equity,1161,TELEDYNE TECHNOLOGIES INC UNSOLICITED,purchase,2026-03-11,2026-05-12,15001.0,50000.0,equity,TDY,trump_278t_2026_05_08_equity.pdf,655.3699951171875,632.1699829101562,62,-0.03539986935606173,0.005995284757198981,-0.040685213468574816,,
afd47dc3db6f,Donald Trump,trump_278t_2026_05_08_equity,1183,MICROCHIP TECHNOLOGY INC UNSOLICITED,purchase,2026-03-11,2026-05-12,15001.0,50000.0,equity,MCHP,trump_278t_2026_05_08_equity.pdf,65.4614486694336,97.21208190917969,62,0.48502796508644413,-0.010132962563635134,-0.06028654390728079,,
0e3f2b30cfd2,Donald Trump,trump_278t_2026_05_08_equity,1218,EDWARDS LIFESCIENCES CORP UNSOLICITED,purchase,2026-03-11,2026-05-12,15001.0,50000.0,equity,EW,trump_278t_2026_05_08_equity.pdf,85.08999633789062,79.7300033569336,62,-0.06299204620567392,0.020820217770259067,0.03047786533128824,,
64b23a9c16d4,Donald Trump,trump_278t_2026_05_08_equity,1220,FORTINET INC UNSOLICITED l,purchase,2026-03-11,2026-05-12,15001.0,50000.0,equity,FTNT,trump_278t_2026_05_08_equity.pdf,83.4800033569336,113.87000274658203,62,0.3640392688978532,0.03354702382264482,0.12092734092324181,,
e4cda4201874,Donald Trump,trump_278t_2026_05_08_equity,1252,GODADDY INC CL A UNSOLICITED,purchase,2026-03-11,2026-05-12,15001.0,50000.0,equity,GDDY,trump_278t_2026_05_08_equity.pdf,86.54000091552734,87.02999877929688,62,0.005662096817491643,-0.018958997460900996,0.03929677372072857,,
fc02629c75e8,Donald Trump,trump_278t_2026_05_08_equity,1254,CME GROUP INC UNSOLICITED,purchase,2026-03-02,2026-05-12,15001.0,50000.0,equity,CME,trump_278t_2026_05_08_equity.pdf,318.8379211425781,285.75,71,-0.10377661798824064,0.03982503895997375,0.058162712571084865,,
83484df48718,Donald Trump,trump_278t_2026_05_08_equity,1258,NRG ENERGY INC NEW UNSOLICITED l,purchase,2026-03-11,2026-05-12,15001.0,50000.0,equity,NRG,trump_278t_2026_05_08_equity.pdf,148.1762237548828,137.33999633789062,62,-0.07313067604501633,-0.04558027285390914,-0.09924273785390804,,
700aebd904cc,Donald Trump,trump_278t_2026_05_08_equity,1260,ARCHROCK INC l,purchase,2026-03-04,2026-05-12,15001.0,50000.0,equity,AROC,trump_278t_2026_05_08_equity.pdf,36.818023681640625,37.22999954223633,69,0.011189515878364097,-0.011549833748667084,0.021756685018813744,,
42ed57609a4f,Donald Trump,trump_278t_2026_05_08_equity,1261,LGI HOMES INC l,purchase,2026-03-13,2026-05-12,15001.0,50000.0,equity,LGIH,trump_278t_2026_05_08_equity.pdf,41.25,45.599998474121094,60,0.10545450846354167,-0.0026315556118465095,-0.11030699446517524,,
a282d667128e,Donald Trump,trump_278t_2026_05_08_equity,1262,ALKERMES PLC F l,purchase,2026-01-26,2026-05-12,15001.0,50000.0,equity,ALKS,trump_278t_2026_05_08_equity.pdf,33.11000061035156,38.290000915527344,106,0.1564482092928835,0.016192189006538883,-0.033690281657951675,,
65fc8a97fe00,Donald Trump,trump_278t_2026_05_08_equity,1265,AMERISAFE INC,purchase,2026-01-26,2026-05-12,15001.0,50000.0,equity,AMSF,trump_278t_2026_05_08_equity.pdf,36.815696716308594,30.309999465942383,106,-0.17670987732480753,-0.004288985914126267,0.03464207069977042,,
9fc210daa72b,Donald Trump,trump_278t_2026_05_08_equity,1266,URBAN OUTFITTERS INC,purchase,2026-03-04,2026-05-12,15001.0,50000.0,equity,URBN,trump_278t_2026_05_08_equity.pdf,66.9000015258789,67.01000213623047,69,0.0016442542278419978,-0.008953864423124545,0.027906208887828778,,
d7bc7ca53df8,Donald Trump,trump_278t_2026_05_08_equity,1267,AMENTUM HLDGS INC EQUITY,purchase,2026-03-04,2026-05-12,15001.0,50000.0,equity,AMTM,trump_278t_2026_05_08_equity.pdf,31.190000534057617,24.309999465942383,69,-0.22058355082753794,-0.04771698366498264,-0.06910737729671339,,
937e745ff72c,Donald Trump,trump_278t_2026_05_08_equity,1266,ENPHASE ENERGY INC,purchase,2026-03-04,2026-05-12,15001.0,50000.0,equity,ENPH,trump_278t_2026_05_08_equity.pdf,42.65999984741211,37.47999954223633,69,-0.12142523027903894,0.1205976657675801,0.24759868977157312,,
698d95a1aaee,Donald Trump,trump_278t_2026_05_08_equity,1270,RTHERN OIL & GAS INC,purchase,2026-03-04,2026-05-12,15001.0,50000.0,equity,NOG,trump_278t_2026_05_08_equity.pdf,27.96562385559082,23.8700008392334,69,-0.1464520526166855,-0.022203630834163355,0.04273139985561044,,
51f3516f5365,Donald Trump,trump_278t_2026_05_08_equity,1271,COMSTOCK RES INC,purchase,2026-03-30,2026-05-12,15001.0,50000.0,equity,CRK,trump_278t_2026_05_08_equity.pdf,21.8799991607666,14.720000267028809,43,-0.32723945010822986,-0.011548918016987195,0.029211911936212146,,
4e27bd9b328b,Donald Trump,trump_278t_2026_05_08_equity,1275,BROADRIDGE FINL SOLUTIONS INC,purchase,2026-03-17,2026-05-12,15001.0,50000.0,equity,BR,trump_278t_2026_05_08_equity.pdf,178.19000244140625,149.52999877929688,56,-0.16083957163384388,-0.0374507199172864,-0.000668802944773857,,
d38c30a9622a,Donald Trump,trump_278t_2026_05_08_equity,1276,TRUPANION INC,purchase,2026-02-26,2026-05-12,15001.0,50000.0,equity,TRUP,trump_278t_2026_05_08_equity.pdf,27.239999771118164,23.780000686645508,75,-0.12701905703175517,-0.05004207315796688,-0.07148867593995269,,
5758ff56b44b,Donald Trump,trump_278t_2026_05_08_equity,1278,COINBASE GLOBAL INC'CL A UNSOLICITED,purchase,2026-03-02,2026-05-12,15001.0,50000.0,equity,COIN,trump_278t_2026_05_08_equity.pdf,185.24000549316406,207.63999938964844,71,0.12092416989974125,-0.028125584449321516,-0.06833944559389972,,
027dde5ca8eb,Donald Trump,trump_278t_2026_05_08_equity,1251,PHILIP MORRIS INTL INC UNSOLICITED,purchase,2026-03-11,2026-05-12,15001.0,50000.0,equity,PM,trump_278t_2026_05_08_equity.pdf,165.36380004882812,186.92999267578125,62,0.13041664875012018,0.0052426631612183,0.024822205265290543,,
6a95a2351024,Donald Trump,trump_278t_2026_05_08_equity,1250,PAYONEER GLOBAL INC,purchase,2026-03-30,2026-05-12,15001.0,50000.0,equity,PAYO,trump_278t_2026_05_08_equity.pdf,4.769999980926514,5.119999885559082,43,0.07337524235473586,-0.037109387005330334,-0.06249994179233778,,
f7d46b4ca158,Donald Trump,trump_278t_2026_05_08_equity,1248,ONEOK INC,purchase,2026-01-23,2026-05-12,15001.0,50000.0,equity,OKE,trump_278t_2026_05_08_equity.pdf,76.034912109375,88.43000030517578,109,0.16301838000378888,0.004071023511355702,0.0770100365836498,,
1d01c58b2e5a,Donald Trump,trump_278t_2026_05_08_equity,1221,BOEING COMPANY UNSOLICITED I,purchase,2026-03-11,2026-05-12,15001.0,50000.0,equity,BA,trump_278t_2026_05_08_equity.pdf,214.10000610351562,236.8699951171875,62,0.10635211753643187,0.01574708094405441,-0.09228691290991368,,
9d15e466b0f3,Donald Trump,trump_278t_2026_05_08_equity,1223,MSCI INC UNSOLICITED,purchase,2026-03-11,2026-05-12,15001.0,50000.0,equity,MSCI,trump_278t_2026_05_08_equity.pdf,545.0914306640625,578.9990234375,62,0.06220533082336164,-0.017518911443004243,-0.0022608345491191527,,
2682b412c71f,Donald Trump,trump_278t_2026_05_08_equity,1225,INTERCONTINENTALEXCHANGE GROUP UNSOLICITED,purchase,2026-03-11,2026-05-12,15001.0,50000.0,equity,ICE,trump_278t_2026_05_08_equity.pdf,156.51438903808594,155.80999755859375,62,-0.004500490234931576,-0.006482218873382114,-0.010910705185030815,,
9f57bcd24e92,Donald Trump,trump_278t_2026_05_08_equity,1228,TYLER TECHNOLOGIES INC UNSOLICITED,purchase,2026-03-11,2026-05-12,15001.0,50000.0,equity,TYL,trump_278t_2026_05_08_equity.pdf,348.32000732421875,309.6499938964844,62,-0.11101863979848867,-0.03571773866170685,0.04227352364252458,,
4eb8ee3692fc,Donald Trump,trump_278t_2026_05_08_equity,1229,FREEPORT-MCMORAN INC UNSOLICITED,purchase,2026-03-11,2026-05-12,15001.0,50000.0,equity,FCX,trump_278t_2026_05_08_equity.pdf,61.404788970947266,66.02999877929688,62,0.07532327503866118,0.017113507552673213,-0.1110101189136426,,
01c720eff68c,Donald Trump,trump_278t_2026_05_08_equity,1231,NASDAQ INC UNSOLICITED,purchase,2026-03-11,2026-05-12,15001.0,50000.0,equity,NDAQ,trump_278t_2026_05_08_equity.pdf,85.23009490966797,89.48999786376953,62,0.04998120627011464,0.008045605518945051,0.02782439996204485,,
1a6f1861cc31,Donald Trump,trump_278t_2026_05_08_equity,1232,HUMANA INC UNSOLICITED,purchase,2026-03-11,2026-05-12,15001.0,50000.0,equity,HUM,trump_278t_2026_05_08_equity.pdf,170.08616638183594,295.3500061035156,62,0.7364728266052389,0.03216522703124779,0.05146430125390201,,
7ee057a57129,Donald Trump,trump_278t_2026_05_08_equity,1233,MASTERCARD INC CL A UNSOLICITED,purchase,2026-03-11,2026-05-12,15001.0,50000.0,equity,MA,trump_278t_2026_05_08_equity.pdf,503.1353759765625,499.80999755859375,62,-0.006609311483046375,-0.01834693774624073,-0.0002200543248429243,,
29cebe38046e,Donald Trump,trump_278t_2026_05_08_equity,1236,PROGRESSIVE CORP OHIO UNSOLICITED,purchase,2026-03-11,2026-05-12,15001.0,50000.0,equity,PGR,trump_278t_2026_05_08_equity.pdf,201.11593627929688,198.4199981689453,62,-0.013404895505682937,-0.012397900805258337,0.022427159506640173,,
5779d0508447,Donald Trump,trump_278t_2026_05_08_equity,1237,T-MOBILE US INC COM UNSOLICITED,purchase,2026-03-11,2026-05-12,15001.0,50000.0,equity,TMUS,trump_278t_2026_05_08_equity.pdf,212.2881622314453,192.25685119628906,62,-0.09435905810573313,-0.015623411426183625,0.0006208062147289489,,
e1635d44c597,Donald Trump,trump_278t_2026_05_08_equity,1238,RESMED INC UNSOLICITED,purchase,2026-03-11,2026-05-12,15001.0,50000.0,equity,RMD,trump_278t_2026_05_08_equity.pdf,239.43798828125,203.185791015625,62,-0.15140537024159356,-0.006967941685721461,0.02261087126569092,,
e07fddb126a4,Donald Trump,trump_278t_2026_05_08_equity,1239,MIRION TECHNOLOGIES INC CLASS A,purchase,2026-01-26,2026-05-12,15001.0,50000.0,equity,MIR,trump_278t_2026_05_08_equity.pdf,25.489999771118164,18.959999084472656,106,-0.2561789229219384,-0.016877621850007546,-0.031118052411850512,,
650b2cea05dc,Donald Trump,trump_278t_2026_05_08_equity,1240,GOLDMAN SACHS GROUP INC UNSOLICITED,purchase,2026-03-11,2026-05-12,15001.0,50000.0,equity,GS,trump_278t_2026_05_08_equity.pdf,823.760009765625,945.9000244140625,62,0.14827135719199164,0.010064444709144485,-0.018141488251168274,,
90c29b2475de,Donald Trump,trump_278t_2026_05_08_equity,1241,ALPHABET INC CL C,purchase,2026-03-17,2026-05-12,15001.0,50000.0,equity,GOOGL,trump_278t_2026_05_08_equity.pdf,310.9200134277344,387.3500061035156,56,0.24581882598414817,0.03942168264634315,0.0008003034818874021,,
2a8d18af4457,Donald Trump,trump_278t_2026_05_08_equity,1243,CORNING INC UNSOLICITED,purchase,2026-03-11,2026-05-12,15001.0,50000.0,equity,GLW,trump_278t_2026_05_08_equity.pdf,131.55836486816406,197.9366455078125,62,0.5045538587087698,0.0417170059519074,-0.1130448437462419,,
633ec89ab543,Donald Trump,trump_278t_2026_05_08_equity,1244,BLACKROCK INC UNSOLICITED,purchase,2026-03-11,2026-05-12,15001.0,50000.0,equity,BLK,trump_278t_2026_05_08_equity.pdf,951.1699829101562,1092.5,62,0.14858544700647183,0.0014645085454805492,-0.051441602903318076,,
b2a372fa2107,Donald Trump,trump_278t_2026_05_08_equity,1245,AT&T INC UNSOLICITED,purchase,2026-03-11,2026-05-12,15001.0,50000.0,equity,T,trump_278t_2026_05_08_equity.pdf,26.878684997558594,25.229999542236328,62,-0.06133802511067847,-0.019421315101408505,-0.009908838863888485,,
833167677ecc,Donald Trump,trump_278t_2026_05_08_equity,1246,RINGCENTRAL INC CLASS A,purchase,2026-03-04,2026-05-12,15001.0,50000.0,equity,RNG,trump_278t_2026_05_08_equity.pdf,39.1000862121582,41.869998931884766,69,0.07084160133808748,-0.07499401647362525,0.01719611270767984,,
1ebca6409f26,Donald Trump,trump_278t_2026_05_08_equity,1247,BLACKSTONE INC CL A UNSOLICITED,purchase,2026-03-11,2026-05-12,15001.0,50000.0,equity,BX,trump_278t_2026_05_08_equity.pdf,106.2653579711914,122.76000213623047,62,0.15522127323478993,-0.025578358871026132,-0.06924079384234039,,
e32f768fe1fa,Donald Trump,trump_278t_2026_05_08_equity,1249,WORKDAY INC CL A UNSOLICITED,purchase,2026-03-11,2026-05-12,15001.0,50000.0,equity,WDAY,trump_278t_2026_05_08_equity.pdf,137.83999633789062,118.62000274658203,62,-0.13943698564960888,-0.017872219672015795,0.09037256232585515,,
e19357b32e20,Donald Trump,trump_278t_2026_05_08_equity,1151,CHEVRON CORP UNSOLICITED,purchase,2026-03-02,2026-05-12,15001.0,50000.0,equity,CVX,trump_278t_2026_05_08_equity.pdf,187.87918090820312,184.26229858398438,71,-0.019251107582728612,0.00026896737561542435,0.0704848550996231,,
8f4eea4c93d8,Donald Trump,trump_278t_2026_05_08_equity,1150,CHEVRON CORP UNSOLICITED,purchase,2026-03-11,2026-05-12,15001.0,50000.0,equity,CVX,trump_278t_2026_05_08_equity.pdf,190.04930114746094,184.26229858398438,62,-0.030450007069409722,0.00026896737561542435,0.0704848550996231,,
20d30b9c65e9,Donald Trump,trump_278t_2026_05_08_equity,1149,NRG ENERGY INC,purchase,2026-01-06,2026-05-12,15001.0,50000.0,equity,NRG,trump_278t_2026_05_08_equity.pdf,158.64736938476562,137.33999633789062,126,-0.13430650082320922,-0.04558027285390914,-0.09924273785390804,,
6ae2d896b591,Donald Trump,trump_278t_2026_05_08_equity,1062,VERTEX PHARMACEUTICAL INC UNSOLICITED l,purchase,2026-03-12,2026-05-12,15001.0,50000.0,equity,VRTX,trump_278t_2026_05_08_equity.pdf,478.1300048828125,448.2900085449219,61,-0.062409796568203814,0.010640408937853648,-0.031185194226623563,,
4f6136b32df4,Donald Trump,trump_278t_2026_05_08_equity,1063,ILLINOIS TOOL WORKS INC UNSOLICITED I,purchase,2026-03-12,2026-05-12,15001.0,50000.0,equity,ITW,trump_278t_2026_05_08_equity.pdf,263.9507141113281,251.41000366210938,61,-0.047511560980014536,-0.005210602360733281,-0.016069402514116246,,
04e0ea706051,Donald Trump,trump_278t_2026_05_08_equity,1064,APPLOVIN CORP CL A UNSOLICITED I,purchase,2026-01-21,2026-05-12,15001.0,50000.0,equity,APP,trump_278t_2026_05_08_equity.pdf,532.5599975585938,490.69000244140625,111,-0.07862024055342393,-0.07573010144331743,-0.028103300406183744,,
74a72be84d34,Donald Trump,trump_278t_2026_05_08_equity,1065,TE CONNECTIVITY PLC UNSOLICITED I,purchase,2025-03-11,2026-05-12,15001.0,50000.0,equity,TEL,trump_278t_2026_05_08_equity.pdf,142.43099975585938,212.9070281982422,427,0.4948082128412045,-0.02840033469324862,-0.08262759284243795,,
9d1fab0368ca,Donald Trump,trump_278t_2026_05_08_equity,1069,BLACKROCK INC UNSOLICITED I,purchase,2026-03-12,2026-05-12,15001.0,50000.0,equity,BLK,trump_278t_2026_05_08_equity.pdf,922.9000244140625,1092.5,61,0.18376852432484697,0.0014645085454805492,-0.051441602903318076,,
f1d690c45b6f,Donald Trump,trump_278t_2026_05_08_equity,1070,ACCENTURE PLC IRELAND CL A UNSOLICITED,purchase,2026-03-12,2026-05-12,15001.0,50000.0,equity,ACN,trump_278t_2026_05_08_equity.pdf,194.4014129638672,169.77000427246094,61,-0.12670385629339237,-0.05966899115202372,0.04140895683794972,,
14b1fe82ff65,Donald Trump,trump_278t_2026_05_08_equity,1073,AMPHENOL CORP NEW CL A UNSOLICITED,purchase,2026-03-12,2026-05-12,15001.0,,equity,APH,trump_278t_2026_05_08_equity.pdf,131.21066284179688,127.87000274658203,61,-0.025460279087552048,-0.02526005542781559,-0.06780328155245616,,
b3832f2010f7,Donald Trump,trump_278t_2026_05_08_equity,1074,MONOLITHIC POWER SYSTEMS INC UNSOLICITED,purchase,2026-01-21,2026-05-12,15001.0,50000.0,equity,MPWR,trump_278t_2026_05_08_equity.pdf,1072.7852783203125,1599.52001953125,111,0.49099736159286195,0.03177825562294841,-0.08215591713456522,,
507aa08c5c20,Donald Trump,trump_278t_2026_05_08_equity,1076,VICTORY CAP HLDGS INC DE CLASS A,purchase,2026-03-04,2026-05-12,15001.0,50000.0,equity,VCTR,trump_278t_2026_05_08_equity.pdf,68.218994140625,87.06999969482422,69,0.27633074617518116,-0.0008039473420186517,-0.05420927112951053,,
9f3ea0e036bf,Donald Trump,trump_278t_2026_05_08_equity,1079,CITIGROUP INC UNSOLICITED,purchase,2026-01-21,2026-05-12,15001.0,50000.0,equity,C,trump_278t_2026_05_08_equity.pdf,112.7363052368164,126.44000244140625,111,0.12155531597211343,-0.018506832664524353,-0.051170524325965576,,
aecfe5818350,Donald Trump,trump_278t_2026_05_08_equity,1083,UNITED PARCEL SERVICE INC CL B UNSOLICITED,purchase,2026-03-12,2026-05-12,15001.0,50000.0,equity,UPS,trump_278t_2026_05_08_equity.pdf,96.26724243164062,96.8081283569336,61,0.0056185875031899025,0.00010150656068898366,0.0002259466688628231,,
55cecd084027,Donald Trump,trump_278t_2026_05_08_equity,1084,COMFORT SYSTEMS USA INC UNSOLICITED,purchase,2026-03-12,2026-05-12,15001.0,50000.0,equity,FIX,trump_278t_2026_05_08_equity.pdf,1373.221923828125,2015.520263671875,61,0.46773090983955284,0.009085864563456603,-0.09427851810613705,,
c34a96822e06,Donald Trump,trump_278t_2026_05_08_equity,1086,WILLIAMS COS INC IDELl UNSOLICITED,purchase,2026-03-02,2026-05-12,15001.0,50000.0,equity,WMB,trump_278t_2026_05_08_equity.pdf,75.7154312133789,74.7300033569336,71,-0.01301488799117065,0.013113818861459165,0.06249160924883086,,
d2b791417125,Donald Trump,trump_278t_2026_05_08_equity,1067,NCR VOYIX CORP,purchase,2026-03-30,2026-05-12,15001.0,50000.0,equity,VYX,trump_278t_2026_05_08_equity.pdf,6.239999771118164,7.599999904632568,43,0.2179487473395695,-0.08815790588175505,-0.14736840784384586,,
343f20434017,Donald Trump,trump_278t_2026_05_08_equity,1051,EMCOR GROUP INC UNSOLICITED l,purchase,2026-03-12,2026-05-12,15001.0,50000.0,equity,EME,trump_278t_2026_05_08_equity.pdf,710.1763305664062,924.9000244140625,61,0.30235264765357894,-0.0020434799422076474,-0.07626774483781437,,
fc9230104091,Donald Trump,trump_278t_2026_05_08_equity,1089,DANAHER CORP UNSOLICITED,purchase,2026-03-12,2026-05-12,15001.0,50000.0,equity,DHR,trump_278t_2026_05_08_equity.pdf,185.86380004882812,166.25999450683594,61,-0.10547403817656847,-0.0016238964428738397,0.0046914399438693875,,
1985e08f5409,Donald Trump,trump_278t_2026_05_08_equity,1060,SERVICENOW INC UNSOLICITED,purchase,2026-03-12,2026-05-12,15001.0,50000.0,equity,NOW,trump_278t_2026_05_08_equity.pdf,112.97000122070312,89.0,61,-0.21218023335127956,-0.021910078070136937,0.1441573239444347,,
321dcf0e9d03,Donald Trump,trump_278t_2026_05_08_equity,1058,ORACLE CORP UNSOLICITED,purchase,2026-03-12,2026-05-12,15001.0,50000.0,equity,ORCL,trump_278t_2026_05_08_equity.pdf,158.60606384277344,186.8300018310547,61,0.17794993018841768,0.015682666847216344,-0.028742680857239626,,
52aa81c3dab0,Donald Trump,trump_278t_2026_05_08_equity,1033,INTEL CORP UNSOLICITED,purchase,2026-03-13,2026-05-12,15001.0,50000.0,equity,INTC,trump_278t_2026_05_08_equity.pdf,45.77000045776367,120.61000061035156,60,1.6351321696325931,-0.002653177126314965,-0.08133651860500687,,
4645289e45c7,Donald Trump,trump_278t_2026_05_08_equity,1034,PTC INC COM UNSOLICITED,purchase,2026-01-21,2026-05-12,15001.0,50000.0,equity,PTC,trump_278t_2026_05_08_equity.pdf,161.32000732421875,144.22000122070312,111,-0.10600052893097299,-0.023644457309988296,0.006725843936297783,,
ef4b443a8aa4,Donald Trump,trump_278t_2026_05_08_equity,1035,AUTODESK INC UNSOLICITED,purchase,2026-01-21,2026-05-12,15001.0,50000.0,equity,ADSK,trump_278t_2026_05_08_equity.pdf,257.44000244140625,234.8699951171875,111,-0.08767094122971708,-0.016349454667356184,0.0395538329205766,,
364325e0ff8c,Donald Trump,trump_278t_2026_05_08_equity,1036,SKYWORKS SOLUTIONS INC UNSOLICITED,purchase,2026-01-21,2026-05-12,15001.0,50000.0,equity,SWKS,trump_278t_2026_05_08_equity.pdf,57.356224060058594,65.73877716064453,111,0.14614897054255935,0.027597590811967672,0.06092592212186067,,
9417738d9e3f,Donald Trump,trump_278t_2026_05_08_equity,1037,ROPER TECHNOLOGIES INC UNSOLICITED,purchase,2026-01-21,2026-05-12,15001.0,50000.0,equity,ROP,trump_278t_2026_05_08_equity.pdf,403.6310729980469,323.94000244140625,111,-0.19743542033253283,-0.023738971363369072,0.015342351000945277,,
46da0ac4f058,Donald Trump,trump_278t_2026_05_08_equity,1038,WARNER BROS DISCOVERY INC UNSOLICITED,purchase,2026-03-12,2026-05-12,15001.0,50000.0,equity,WBD,trump_278t_2026_05_08_equity.pdf,27.43000030517578,27.200000762939453,61,-0.008384963167241723,0.0018382071933127236,-0.004044139973019433,,
67e50114eb1c,Donald Trump,trump_278t_2026_05_08_equity,1039,EQUINIX INC REIT UNSOLICITED,purchase,2026-03-02,2026-05-12,15001.0,50000.0,reit,EQIX,trump_278t_2026_05_08_equity.pdf,961.34521484375,1075.3115234375,71,0.1185487864650923,-0.0031000282439954266,-0.029797301654044657,,
71041b16644f,Donald Trump,trump_278t_2026_05_08_equity,1041,ALAMO GROUP INC,purchase,2026-03-04,2026-05-12,15001.0,50000.0,equity,ALG,trump_278t_2026_05_08_equity.pdf,177.66603088378906,151.6300048828125,69,-0.14654476081590784,0.0,-0.011013639221577375,,
2bd86757bdf5,Donald Trump,trump_278t_2026_05_08_equity,1042,BOSTON SCIENTIFIC CORP UNSOLICITED,purchase,2026-01-21,2026-05-12,15001.0,50000.0,equity,BSX,trump_278t_2026_05_08_equity.pdf,91.70999908447266,54.099998474121094,111,-0.4100970557824297,-0.019223606842199155,0.05009247644371488,,
d0ac5e5072e8,Donald Trump,trump_278t_2026_05_08_equity,1043,F5 INC UNSOLICITED,purchase,2026-03-12,2026-05-12,15001.0,50000.0,equity,FFIV,trump_278t_2026_05_08_equity.pdf,282.69000244140625,354.9800109863281,61,0.2557218434348614,0.0068172371267672715,0.08034252107443399,,
6dac57b9b1f4,Donald Trump,trump_278t_2026_05_08_equity,1046,QUINSTREET INC,purchase,2026-01-26,2026-05-12,15001.0,50000.0,equity,QNST,trump_278t_2026_05_08_equity.pdf,14.199999809265137,11.9399995803833,106,-0.1591549478336784,-0.03266326661260382,-0.05025121012409188,,
9b5af063a4f8,Donald Trump,trump_278t_2026_05_08_equity,1047,STARBUCKS CORP UNSOLICITED,purchase,2026-03-12,2026-05-12,15001.0,50000.0,equity,SBUX,trump_278t_2026_05_08_equity.pdf,99.59624481201172,105.95895385742188,61,0.06388502957535992,-0.005911111059908763,0.003973646215520859,,
b801fa35f2b4,Donald Trump,trump_278t_2026_05_08_equity,1048,NEWMONT CORP UNSOLICITED,purchase,2026-03-12,2026-05-12,15001.0,50000.0,equity,NEM,trump_278t_2026_05_08_equity.pdf,114.21331787109375,119.41117858886719,61,0.04551011050777787,-0.006099110741220213,-0.12198183147363485,,
a480f4eccdad,Donald Trump,trump_278t_2026_05_08_equity,1050,PEPSICO INC UNSOLICITED,purchase,2026-03-02,2026-05-12,15001.0,50000.0,equity,PEP,trump_278t_2026_05_08_equity.pdf,165.79873657226562,151.85000610351562,71,-0.08413049916499368,-0.016990462478453306,-0.00974653228080351,,
2c284be3e7fc,Donald Trump,trump_278t_2026_05_08_equity,1051,CADENCE DESIGN SYSTEM UNSOLICITED,purchase,2026-01-21,2026-05-12,15001.0,50000.0,equity,CDNS,trump_278t_2026_05_08_equity.pdf,313.8399963378906,358.0400085449219,111,0.14083613536448056,-0.009747571971458173,-0.055636277936338754,,
afd1c94809df,Donald Trump,trump_278t_2026_05_08_equity,1052,MASTERCARD INC CL A UNSOLICITED,purchase,2026-03-12,2026-05-12,15001.0,50000.0,equity,MA,trump_278t_2026_05_08_equity.pdf,496.45684814453125,499.80999755859375,61,0.006754160863314978,-0.01834693774624073,-0.0002200543248429243,,
b2c95b0abadd,Donald Trump,trump_278t_2026_05_08_equity,1054,HONEYWELL INTL INC UNSOLICITED,purchase,2026-03-12,2026-05-12,15001.0,50000.0,equity,HON,trump_278t_2026_05_08_equity.pdf,232.12428283691406,217.3455047607422,61,-0.06366752282679168,-0.0026538977411821366,-0.0008995394888568519,,
ff504eba98c3,Donald Trump,trump_278t_2026_05_08_equity,1055,TRANE TECHNOLOGIES PLC UNSOLICITED,purchase,2026-03-12,2026-05-12,15001.0,50000.0,equity,TT,trump_278t_2026_05_08_equity.pdf,421.82000732421875,467.6600036621094,61,0.10867193481094685,0.007184675459204193,-0.04201769179021296,,
4cc9686829b0,Donald Trump,trump_278t_2026_05_08_equity,1056,ARISTA NElWORKS INC UNSOLICITED,purchase,2026-03-12,2026-05-12,15001.0,50000.0,equity,ANET,trump_278t_2026_05_08_equity.pdf,134.02999877929688,142.5399932861328,61,0.06349320737403785,-0.012978749346598583,-0.006734891962223202,,
adaca25c7a52,Donald Trump,trump_278t_2026_05_08_equity,1059,TRIMBLE INC COM UNSOLICITED,purchase,2026-03-12,2026-05-12,15001.0,50000.0,equity,TRMB,trump_278t_2026_05_08_equity.pdf,66.16000366210938,56.5099983215332,61,-0.14585859743691104,-0.02849047679126909,-0.03450711389419983,,
002960dbf495,Donald Trump,trump_278t_2026_05_08_equity,1090,SYNOPSYS INC UNSOLICITED,purchase,2026-03-12,2026-05-12,15001.0,50000.0,equity,SNPS,trump_278t_2026_05_08_equity.pdf,418.7200012207031,513.2100219726562,61,0.22566397706458827,-0.0076577288538780056,-0.03768442942935979,,
e5347f1e4ede,Donald Trump,trump_278t_2026_05_08_equity,1091,GE HEALTHCARE TECHNOLOGIES INC UNSOLICITED,purchase,2026-03-12,2026-05-12,15001.0,50000.0,equity,GEHC,trump_278t_2026_05_08_equity.pdf,70.29580688476562,62.290000915527344,61,-0.11388738993155059,-0.006421600899016777,-0.011398283416876162,,
6d070af7e035,Donald Trump,trump_278t_2026_05_08_equity,1092,CHIPOTLE MEXICAN GRIU INC CL A UNSOLICITED,purchase,2026-03-12,2026-05-12,15001.0,50000.0,equity,CMG,trump_278t_2026_05_08_equity.pdf,32.560001373291016,32.66999816894531,61,0.0033782798223260303,-0.017141034281601505,0.011325459666959511,,
5b686446b3ef,Donald Trump,trump_278t_2026_05_08_equity,1123,KEYSIGHT TECHNOLOGIES INC COM UNSOLICITED,purchase,2026-03-11,2026-05-12,15001.0,50000.0,equity,KEYS,trump_278t_2026_05_08_equity.pdf,284.260009765625,361.6499938964844,62,0.2722506911706227,-0.0012719244099027665,-0.04849995531851821,,
3e2e92474bdc,Donald Trump,trump_278t_2026_05_08_equity,1125,LOCKHEED MARTIN CORP UNSOLICITED,purchase,2026-03-02,2026-05-12,15001.0,50000.0,equity,LMT,trump_278t_2026_05_08_equity.pdf,676.7000122070312,521.0,71,-0.23008720171176236,-0.002034544258337332,0.010806151406549905,,
095cf0156424,Donald Trump,trump_278t_2026_05_08_equity,1127,GODADDY INC CL A UNSOLICITED,purchase,2026-03-02,2026-05-12,15001.0,50000.0,equity,GDDY,trump_278t_2026_05_08_equity.pdf,88.22000122070312,87.02999877929688,71,-0.013489032248244685,-0.018958997460900996,0.03929677372072857,,
e76067c7d9e1,Donald Trump,trump_278t_2026_05_08_equity,1129,LENNOX INTL INC,purchase,2026-01-11,2026-05-12,15001.0,50000.0,equity,LII,trump_278t_2026_05_08_equity.pdf,531.6886596679688,508.54998779296875,121,-0.04351921270889949,-0.0020646697830542494,-0.05085042959845695,,
467ff90c49a9,Donald Trump,trump_278t_2026_05_08_equity,1131,STONEX GROUP INC l,purchase,2026-03-04,2026-05-12,15001.0,50000.0,equity,SNEX,trump_278t_2026_05_08_equity.pdf,82.25333404541016,116.80999755859375,69,0.42012477566083417,-0.006677500176349334,-0.0636931338713512,,
5f0959a9811e,Donald Trump,trump_278t_2026_05_08_equity,1132,QNITY ELECTRONICS INC UNSOLICITED l,purchase,2026-03-12,2026-05-12,15001.0,50000.0,equity,Q,trump_278t_2026_05_08_equity.pdf,106.98613739013672,168.2752685546875,61,0.5728698377160139,-0.03765729834582386,-0.13732471122827455,,
4b1b1a38b636,Donald Trump,trump_278t_2026_05_08_equity,1136,SHAKE SHACK INC CLASS A,purchase,2026-03-04,2026-05-12,15001.0,50000.0,equity,SHAK,trump_278t_2026_05_08_equity.pdf,97.4000015258789,66.02999877929688,69,-0.3220739451246016,-0.03210660262119333,-0.02892618609760911,,
4056455ae3a6,Donald Trump,trump_278t_2026_05_08_equity,1137,AIR PRODUCTS & CHEMICALS INC,purchase,2026-03-11,2026-05-12,15001.0,50000.0,equity,APD,trump_278t_2026_05_08_equity.pdf,275.95977783203125,303.6000061035156,62,0.10016035122447513,0.008563919799886716,-0.03896579990782405,,
0317cbaeba4c,Donald Trump,trump_278t_2026_05_08_equity,1138,SANDISK CORP UNSOLICITED,purchase,2026-01-11,2026-05-12,15001.0,50000.0,equity,SNDK,trump_278t_2026_05_08_equity.pdf,389.2699890136719,1452.02001953125,121,2.7301103617321303,-0.0032988794906879796,-0.04733404467173795,,
63ce2890f968,Donald Trump,trump_278t_2026_05_08_equity,1139,KENVUE INC COM,purchase,2026-01-06,2026-05-12,15001.0,50000.0,equity,KVUE,trump_278t_2026_05_08_equity.pdf,16.362661361694336,17.261999130249023,126,0.05496280517422882,-0.004170930356799734,-0.00648821210531102,,
370d545cc404,Donald Trump,trump_278t_2026_05_08_equity,1140,EXPAND ENERGY CORP UNSOLICITED,purchase,2026-01-11,2026-05-12,15001.0,50000.0,equity,EXE,trump_278t_2026_05_08_equity.pdf,101.66664123535156,95.85031127929688,121,-0.0572098171571368,-0.008088723879059723,0.052578734936671055,,
c390d16d1990,Donald Trump,trump_278t_2026_05_08_equity,1142,EQUINIX INC REIT UNSOLICITED,purchase,2026-03-11,2026-05-12,15001.0,50000.0,reit,EQIX,trump_278t_2026_05_08_equity.pdf,968.63916015625,1075.3115234375,62,0.11012600736072121,-0.0031000282439954266,-0.029797301654044657,,
d0d9ba9a0909,Donald Trump,trump_278t_2026_05_08_equity,1143,VERISIGN INC UNSOLICITED,purchase,2026-03-02,2026-05-12,15001.0,50000.0,equity,VRSN,trump_278t_2026_05_08_equity.pdf,227.44497680664062,285.041748046875,71,0.25323386802778025,0.03268028857477874,0.061704143187632704,,
ebfa4ce4a1de,Donald Trump,trump_278t_2026_05_08_equity,1144,EOG RESOURCES INC UNSOLICITED,purchase,2026-01-11,2026-05-12,15001.0,50000.0,equity,EOG,trump_278t_2026_05_08_equity.pdf,103.6396713256836,134.1300048828125,121,0.29419558328503603,0.005964271705407661,0.07582194735496131,,
14758c97b2af,Donald Trump,trump_278t_2026_05_08_equity,1145,DATADOG INC UNSOLICITED,purchase,2026-01-11,2026-05-12,15001.0,50000.0,equity,DDOG,trump_278t_2026_05_08_equity.pdf,126.56999969482422,199.94000244140625,121,0.5796792519829825,0.026858032667881022,0.07607277818022191,,
601c7ba60f9d,Donald Trump,trump_278t_2026_05_08_equity,1146,GRID DYNAMICS HLDGS INC CLASS A,purchase,2026-03-30,2026-05-12,15001.0,50000.0,equity,GDYN,trump_278t_2026_05_08_equity.pdf,5.679999828338623,6.659999847412109,43,0.17253521983998588,-0.054054003742527404,-0.027027001871263702,,
a6cde715eb42,Donald Trump,trump_278t_2026_05_08_equity,1147,UBER TECHNOLOGIES INC UNSOLICITED,purchase,2026-01-11,2026-05-12,15001.0,50000.0,equity,UBER,trump_278t_2026_05_08_equity.pdf,84.66999816894531,76.36000061035156,121,-0.09814571558171634,-0.02173917821949756,-0.029727661790421852,,
5a3c5f40c23a,Donald Trump,trump_278t_2026_05_08_equity,1120,ORACLE CORP UNSOLICITED,purchase,2026-03-11,2026-05-12,15001.0,50000.0,equity,ORCL,trump_278t_2026_05_08_equity.pdf,162.55226135253906,186.8300018310547,62,0.14935344655625984,0.015682666847216344,-0.028742680857239626,,
b6282d1b9be4,Donald Trump,trump_278t_2026_05_08_equity,1119,CHIPOTLE MEXICAN GRIU INC CL A UNSOLICITED,purchase,2026-03-02,2026-05-12,15001.0,50000.0,equity,CMG,trump_278t_2026_05_08_equity.pdf,36.689998626708984,32.66999816894531,71,-0.109566655988841,-0.017141034281601505,0.011325459666959511,,
d78fa938fceb,Donald Trump,trump_278t_2026_05_08_equity,1093,AMETEK INC (NAN\ UNSOLICITED,purchase,2026-03-12,2026-05-12,15001.0,50000.0,equity,AME,trump_278t_2026_05_08_equity.pdf,215.22830200195312,231.1999969482422,61,0.07420815384281629,0.0009515623858436979,-0.04290656704102839,,
7500356099a2,Donald Trump,trump_278t_2026_05_08_equity,1094,MONDELEZ INTERNATIONAL INC CL A,purchase,2026-01-23,2026-05-12,15001.0,50000.0,equity,MDLZ,trump_278t_2026_05_08_equity.pdf,57.89871597290039,61.70000076293945,109,0.06565404303297954,-0.0029173468873585446,-0.006645054170864431,,
b6d5d1dae6d7,Donald Trump,trump_278t_2026_05_08_equity,1095,AMAZON.COM INC,purchase,2026-03-23,2026-05-12,15001.0,50000.0,equity,AMZN,trump_278t_2026_05_08_equity.pdf,210.13999938964844,265.82000732421875,50,0.26496625152894676,0.016213969753363512,-0.02437743889768426,,
33f955f8e125,Donald Trump,trump_278t_2026_05_08_equity,1096,DOORDASH INC CL A UNSOLICITED,purchase,2026-03-12,2026-05-12,15001.0,50000.0,equity,DASH,trump_278t_2026_05_08_equity.pdf,161.75,155.19000244140625,61,-0.040556399125772795,-0.039435498556024406,-0.0034796606509865952,,
5b421b8b4c8a,Donald Trump,trump_278t_2026_05_08_equity,1097,PTC THERAPEUTICS INC,purchase,2026-03-04,2026-05-12,15001.0,50000.0,equity,PTCT,trump_278t_2026_05_08_equity.pdf,64.29000091552734,75.0199966430664,69,0.16689991561265557,-0.020794423199136866,-0.0627832484035171,,
3ef56e3724a6,Donald Trump,trump_278t_2026_05_08_equity,1099,ZEBRA TECHNOLOGIES CORP CL A UNSOLICITED,purchase,2026-03-12,2026-05-12,15001.0,50000.0,equity,ZBRA,trump_278t_2026_05_08_equity.pdf,204.0500030517578,241.7899932861328,61,0.18495461734838667,0.020555032708990797,0.022168000162060348,,
4595a601e4bd,Donald Trump,trump_278t_2026_05_08_equity,1100,KKR & CO INC CL A UNSOLICITED,purchase,2026-03-12,2026-05-12,15001.0,50000.0,equity,KKR,trump_278t_2026_05_08_equity.pdf,83.7157211303711,99.27519989013672,61,0.1858608938640657,-0.02050875489992122,-0.06401600528857575,,
57a2acafc768,Donald Trump,trump_278t_2026_05_08_equity,1101,ANALOG DEVICES INC UNSOLICITED,purchase,2026-03-12,2026-05-12,15001.0,50000.0,equity,ADI,trump_278t_2026_05_08_equity.pdf,307.2699890136719,419.6499938964844,61,0.3657370029645563,0.03035868208566142,-0.012724881247604281,,
729342bfad68,Donald Trump,trump_278t_2026_05_08_equity,1280,POWER INTEGRATIONS INC,purchase,2026-03-04,2026-05-12,15001.0,50000.0,equity,POWI,trump_278t_2026_05_08_equity.pdf,46.85401916503906,70.73490905761719,69,0.5096871158151842,0.003384506662772239,-0.037089356627707286,,
77c4ec721755,Donald Trump,trump_278t_2026_05_08_equity,1105,PARKER HANNIFIN CORP UNSOLICITED,purchase,2026-03-12,2026-05-12,,,equity,PH,trump_278t_2026_05_08_equity.pdf,900.1354370117188,881.3400268554688,61,-0.020880646826490074,0.0011686389251984522,-0.03265485331417343,,
37287b0094c6,Donald Trump,trump_278t_2026_05_08_equity,1108,TERADYNE INC UNSOLICITED,purchase,2026-03-12,2026-05-12,15001.0,50000.0,equity,TER,trump_278t_2026_05_08_equity.pdf,286.50177001953125,358.314697265625,61,0.2506543929595903,0.013753639304006318,-0.10302705264240895,,
448f6a5f651f,Donald Trump,trump_278t_2026_05_08_equity,1109,EDWARDS LIFESCIENCES CORP UNSOLICITED,purchase,2026-03-02,2026-05-12,15001.0,50000.0,equity,EW,trump_278t_2026_05_08_equity.pdf,87.18000030517578,79.7300033569336,71,-0.08545534436984728,0.020820217770259067,0.03047786533128824,,
9d93041d6589,Donald Trump,trump_278t_2026_05_08_equity,1111,ON SEMICONDUCTOR CORP UNSOLICITED,purchase,2026-03-11,2026-05-12,15001.0,50000.0,equity,ON,trump_278t_2026_05_08_equity.pdf,59.2400016784668,104.11000061035156,62,0.7574273744187722,0.11142059750374948,0.01834594199901421,,
56157b0bffce,Donald Trump,trump_278t_2026_05_08_equity,1115,STARBUCKS CORP UNSOLICITED,purchase,2026-03-02,2026-05-12,15001.0,50000.0,equity,SBUX,trump_278t_2026_05_08_equity.pdf,96.19617462158203,105.95895385742188,71,0.10148822730472197,-0.005911111059908763,0.003973646215520859,,
4c9cbfa552dc,Donald Trump,trump_278t_2026_05_08_equity,1117,ALBEMARLE CORP UNSOLICITED,purchase,2026-03-13,2026-05-12,15001.0,50000.0,equity,ALB,trump_278t_2026_05_08_equity.pdf,158.22000122070312,205.52000427246094,60,0.2989508449426595,-0.022284944218777414,-0.1776956184958318,,
dc9153db7963,Donald Trump,trump_278t_2026_05_08_equity,1282,KKR & CO INC CL A UNSOLICITED,purchase,2026-03-02,2026-05-12,15001.0,50000.0,equity,KKR,trump_278t_2026_05_08_equity.pdf,90.43254852294922,99.27519989013672,71,0.09778173358614886,-0.02050875489992122,-0.06401600528857575,,
db76298087ae,Donald Trump,trump_278t_2026_05_08_equity,1455,CORE NAT RES INC,purchase,2026-03-04,2026-05-12,15001.0,50000.0,equity,CNR,trump_278t_2026_05_08_equity.pdf,93.6701889038086,85.79857635498047,69,-0.08403540807323032,-0.04051684759213469,-0.023984173278696,,
7b5443470241,Donald Trump,trump_278t_2026_05_08_equity,1459,CINEMARK HLDGS INC,purchase,2026-03-04,2026-05-12,15001.0,50000.0,equity,CNK,trump_278t_2026_05_08_equity.pdf,28.5152645111084,26.19297981262207,69,-0.08144005459187165,0.00038055250018841937,0.0007610321812991142,,
bacdc8fb338e,Donald Trump,trump_278t_2026_05_08_equity,1461,LAMB WESTON HLDGS INC,purchase,2026-03-30,2026-05-12,15001.0,50000.0,equity,LW,trump_278t_2026_05_08_equity.pdf,40.58837127685547,41.40999984741211,43,0.020242954932886265,0.0031393641292988004,0.018836000535402575,,
559c48cecbcc,Donald Trump,trump_278t_2026_05_08_equity,1462,MARCUS & MILLICHAP INC,purchase,2026-01-26,2026-05-12,15001.0,50000.0,equity,MMI,trump_278t_2026_05_08_equity.pdf,26.573104858398438,30.079999923706055,106,0.1319715962434575,-0.020611730079984996,-0.0641622443507637,,
d0b099f7fb8d,Donald Trump,trump_278t_2026_05_08_equity,1463,KINETIK HLDGS INC CLASS A,purchase,2026-03-04,2026-05-12,15001.0,50000.0,equity,KNTK,trump_278t_2026_05_08_equity.pdf,44.83241653442383,48.900001525878906,69,0.09072865809791561,0.017382381341465945,0.03885475770744346,,
47062fbf1e23,Donald Trump,trump_278t_2026_05_08_equity,1464,LIQUIDITY SVCS INC,purchase,2026-03-04,2026-05-12,15001.0,50000.0,equity,LQDT,trump_278t_2026_05_08_equity.pdf,32.470001220703125,33.58000183105469,69,0.03418541942166043,-0.012209756990846999,0.01161403717636987,,
03804825dbec,Donald Trump,trump_278t_2026_05_08_equity,1466,ENERGIZER HLDGS INC NEW,purchase,2026-03-04,2026-05-12,15001.0,50000.0,equity,ENR,trump_278t_2026_05_08_equity.pdf,18.67824363708496,17.363014221191406,69,-0.07041504765909656,-0.037874510338100145,-0.08253260934043119,,
2a05ce77c697,Donald Trump,trump_278t_2026_05_08_equity,1467,SOUTHSIDE BANCSHARES INC,purchase,2026-03-30,2026-05-12,15001.0,50000.0,equity,SBSI,trump_278t_2026_05_08_equity.pdf,30.32442283630371,32.30188751220703,43,0.06521029885970145,-0.01928370312477488,-0.010274576020584462,,
cabc4c8e1c68,Donald Trump,trump_278t_2026_05_08_equity,1468,MARKETAXESS HLDGS INC,purchase,2026-03-04,2026-05-12,15001.0,50000.0,equity,MKTX,trump_278t_2026_05_08_equity.pdf,188.41835021972656,140.59274291992188,69,-0.25382669598811486,-0.014783881632570666,0.003536835597922527,,
74a740d801b3,Donald Trump,trump_278t_2026_05_08_equity,1469,SYLVAMO CORP,purchase,2026-03-04,2026-05-12,15001.0,50000.0,equity,SLVM,trump_278t_2026_05_08_equity.pdf,46.1009521484375,39.72999954223633,69,-0.13819568380470212,-0.03699977945231009,-0.09866595051877675,,
7a98e245ef0c,Donald Trump,trump_278t_2026_05_08_equity,1470,UNIFIRST CORP MASS,purchase,2026-03-30,2026-05-12,15001.0,50000.0,equity,UNF,trump_278t_2026_05_08_equity.pdf,249.3300018310547,256.79998779296875,43,0.029960237063551238,-0.0015576087052108767,0.028816295817071354,,
2c50080d9f9b,Donald Trump,trump_278t_2026_05_08_equity,1472,MATSON INC,purchase,2026-01-26,2026-05-12,15001.0,50000.0,equity,MATX,trump_278t_2026_05_08_equity.pdf,158.2083740234375,179.00999450683594,106,0.1314824238084693,0.015138857030486636,0.005865611328856365,,
331b7e652ca1,Donald Trump,trump_278t_2026_05_08_equity,1475,BOX INC CLASS A,purchase,2026-03-04,2026-05-12,15001.0,50000.0,equity,BOX,trump_278t_2026_05_08_equity.pdf,26.350000381469727,24.049999237060547,69,-0.08728656968166967,-0.013721410984393367,0.06860713422960481,,
d31b334e4b34,Donald Trump,trump_278t_2026_05_08_equity,1477,WILLSCOT HOLDINGS CO A CLASS A,purchase,2026-03-04,2026-05-12,15001.0,50000.0,equity,WSC,trump_278t_2026_05_08_equity.pdf,21.40999984741211,27.020000457763672,69,0.2620271205200247,-0.04182091224911695,-0.15396002135213932,,
4308694890f2,Donald Trump,trump_278t_2026_05_08_equity,1450,CHEESECAKE FACTORY INC.,purchase,2026-03-04,2026-05-12,15001.0,50000.0,equity,CAKE,trump_278t_2026_05_08_equity.pdf,63.7237548828125,60.45000076293945,69,-0.05137415593122935,-0.06484701297217921,-0.0327543344457693,,
33ed07564790,Donald Trump,trump_278t_2026_05_08_equity,1414,ITRON INC EQUITY CLASS EQUITY,purchase,2026-02-02,2026-05-12,15001.0,50000.0,equity,ITRI,trump_278t_2026_05_08_equity.pdf,100.44999694824219,81.26000213623047,99,-0.19104027272295035,0.011813919015941454,-0.03987208230357009,,
26470082d9b9,Donald Trump,trump_278t_2026_05_08_equity,1415,META PLATFORMS INC CLASS A,purchase,2026-03-23,2026-05-12,15001.0,50000.0,equity,META,trump_278t_2026_05_08_equity.pdf,604.0599975585938,603.0,50,-0.0017547885357048997,0.022603656522077114,-0.0006467904617537313,,
7ed1b4103c48,Donald Trump,trump_278t_2026_05_08_equity,1416,APPLOVIN CORP COM CL A,purchase,2026-01-06,2026-05-12,15001.0,50000.0,equity,APP,trump_278t_2026_05_08_equity.pdf,617.239990234375,490.69000244140625,126,-0.20502558128956597,-0.07573010144331743,-0.028103300406183744,,
d36e29e636ee,Donald Trump,trump_278t_2026_05_08_equity,1417,ARMSTRONG WORLD INDS INC,purchase,2026-03-04,2026-05-12,15001.0,50000.0,equity,AWI,trump_278t_2026_05_08_equity.pdf,169.22561645507812,159.10000610351562,69,-0.05983497394586475,-0.0066625567361269225,-0.039409201960567304,,
093d44034c6d,Donald Trump,trump_278t_2026_05_08_equity,1426,ON SEMICONDUCTOR CORP,purchase,2026-01-06,2026-05-12,15001.0,50000.0,equity,ON,trump_278t_2026_05_08_equity.pdf,61.7599983215332,104.11000061035156,126,0.6857189676129352,0.11142059750374948,0.01834594199901421,,
d8fdb2adac80,Donald Trump,trump_278t_2026_05_08_equity,1427,ASTRANA HEALTH INC,purchase,2026-03-30,2026-05-12,15001.0,50000.0,equity,ASTH,trump_278t_2026_05_08_equity.pdf,24.34000015258789,39.0099983215332,43,0.6027115068602644,0.019225840355548186,0.007434015073188701,,
6bb5aaebbbc7,Donald Trump,trump_278t_2026_05_08_equity,1428,N-ABLE INC,purchase,2026-01-21,2026-05-12,15001.0,50000.0,equity,NABL,trump_278t_2026_05_08_equity.pdf,6.309999942779541,3.9100000858306885,111,-0.3803486337103924,-0.09718672790263791,-0.0818414743316795,,
893faf07d6c0,Donald Trump,trump_278t_2026_05_08_equity,1429,LAUREATE EO INC,purchase,2026-03-30,2026-05-12,15001.0,50000.0,equity,LAUR,trump_278t_2026_05_08_equity.pdf,33.90999984741211,32.779998779296875,43,-0.033323535039811336,-0.003355723442584033,0.0036608526861148737,,
2f942049b10e,Donald Trump,trump_278t_2026_05_08_equity,1430,META PLATFORMS INC CLASS A,purchase,2026-03-17,2026-05-12,15001.0,50000.0,equity,META,trump_278t_2026_05_08_equity.pdf,622.6599731445312,603.0,56,-0.03157417208825112,0.022603656522077114,-0.0006467904617537313,,
211b39b5dcaf,Donald Trump,trump_278t_2026_05_08_equity,1431,MONRO INC,purchase,2026-03-30,2026-05-12,15001.0,50000.0,equity,MNRO,trump_278t_2026_05_08_equity.pdf,15.489999771118164,16.15999984741211,43,0.043253717636793775,-0.01732671631281179,-0.05445545314048024,,
800f9b9cec54,Donald Trump,trump_278t_2026_05_08_equity,1432,MEDICAL PPTYS TR INC REIT,purchase,2026-03-30,2026-05-12,15001.0,50000.0,reit,MPT,trump_278t_2026_05_08_equity.pdf,4.559999942779541,5.110000133514404,43,0.12061407842904741,-0.003913890490010355,-0.021526444352311918,,
a451e23fbd54,Donald Trump,trump_278t_2026_05_08_equity,1433,LKQ CORP,purchase,2026-02-21,2026-05-12,15001.0,50000.0,equity,LKQ,trump_278t_2026_05_08_equity.pdf,32.58486557006836,26.538515090942383,80,-0.185557017754893,-0.017877039563168287,-0.08603349546224708,,
cc042e4254be,Donald Trump,trump_278t_2026_05_08_equity,1434,GENERAC HLDGS INC,purchase,2026-03-17,2026-05-12,15001.0,50000.0,equity,GNRC,trump_278t_2026_05_08_equity.pdf,205.17999267578125,269.5899963378906,56,0.3139195143840753,-0.00867983370925155,-0.09503318173971366,,
4165fe5e3702,Donald Trump,trump_278t_2026_05_08_equity,1436,SIX FLAGS ENTMT CORP CLASS EQUITY,purchase,2026-03-04,2026-05-12,15001.0,50000.0,equity,FUN,trump_278t_2026_05_08_equity.pdf,16.729999542236328,18.899999618530273,69,0.12970712108004503,0.022222226707463072,0.03333339052015417,,
612ccf8adda2,Donald Trump,trump_278t_2026_05_08_equity,1438,RALLIANT CORP ZIFF DAVIS INC,purchase,2026-01-30,2026-05-12,15001.0,50000.0,equity,RAL,trump_278t_2026_05_08_equity.pdf,52.91067123413086,59.15999984741211,102,0.118110930508287,0.037187301700706304,-0.009465878545223023,,
abb21e6a4557,Donald Trump,trump_278t_2026_05_08_equity,1441,MOELIS & CO CLASS A,purchase,2026-02-21,2026-05-12,15001.0,50000.0,equity,MC,trump_278t_2026_05_08_equity.pdf,60.15314483642578,63.970001220703125,80,0.06345231649411692,0.0015632088824899138,-0.026887622133520722,,
30704399b9d8,Donald Trump,trump_278t_2026_05_08_equity,1442,BANCFIRST CORP,purchase,2026-03-04,2026-05-12,15001.0,50000.0,equity,BANF,trump_278t_2026_05_08_equity.pdf,112.43716430664062,109.97000122070312,69,-0.021942594347265903,-0.014276617963050893,-0.015731593504864857,,
6cfeb3c31de3,Donald Trump,trump_278t_2026_05_08_equity,1443,DOMINION ENERGY INC,purchase,2026-01-23,2026-05-12,15001.0,50000.0,equity,D,trump_278t_2026_05_08_equity.pdf,58.386898040771484,62.29621505737305,109,0.06695538122048704,-0.0031785768281700237,0.08280349398511835,,
3a8faa73fdad,Donald Trump,trump_278t_2026_05_08_equity,1445,RALLIANT CORP,purchase,2026-02-02,2026-05-12,15001.0,50000.0,equity,RAL,trump_278t_2026_05_08_equity.pdf,53.42009735107422,59.15999984741211,99,0.10744837207269649,0.037187301700706304,-0.009465878545223023,,
64c393800a34,Donald Trump,trump_278t_2026_05_08_equity,1479,OTTER TAIL CORP,purchase,2026-02-26,2026-05-12,15001.0,50000.0,equity,OTTR,trump_278t_2026_05_08_equity.pdf,85.03148651123047,89.12507629394531,75,0.04814204656029606,-0.004124877309168568,-0.02777080111441711,,
38e360203333,Donald Trump,trump_278t_2026_05_08_equity,1480,BERKSHIRE HATHAWAY CLASS B,purchase,2026-02-23,2026-05-12,15001.0,50000.0,equity,BRK-B,trump_278t_2026_05_08_equity.pdf,494.0899963378906,484.9599914550781,78,-0.01847842488308307,0.001154729397189093,-0.009279115966861847,,
9d58bf27d22e,Donald Trump,trump_278t_2026_05_08_equity,1517,HCI GROUP INC,purchase,2026-03-04,2026-05-12,15001.0,50000.0,equity,HCI,trump_278t_2026_05_08_equity.pdf,173.90420532226562,152.81826782226562,69,-0.12125030249225541,0.00358968030068203,0.018922730461549152,,
0d2c1368e025,Donald Trump,trump_278t_2026_05_08_equity,1518,"CORCEPT THERAPEUTICS INC ,",purchase,2026-03-04,2026-05-12,15001.0,50000.0,equity,CORT,trump_278t_2026_05_08_equity.pdf,35.689998626708984,51.15999984741211,69,0.4334548001110313,0.1157154417767661,0.13799846353299278,,
21e94253fcc2,Donald Trump,trump_278t_2026_05_08_equity,1521,CHAMPION HOMES INC I,purchase,2026-03-04,2026-05-12,15001.0,50000.0,equity,SKY,trump_278t_2026_05_08_equity.pdf,89.61000061035156,68.97000122070312,69,-0.23033142784360328,-0.022908537089896545,-0.05422644334602207,,
c23db8df701e,Donald Trump,trump_278t_2026_05_08_equity,1526,PATRICK INDS INC I,purchase,2026-03-04,2026-05-12,15001.0,50000.0,equity,PATK,trump_278t_2026_05_08_equity.pdf,120.40399932861328,93.86199951171875,69,-0.2204411810645478,0.012188645075707081,-0.058929517796122474,,
d1f602aee14e,Donald Trump,trump_278t_2026_05_08_equity,1528,ADVANCE AUTO PTS INC,purchase,2026-03-04,2026-05-12,15001.0,50000.0,equity,AAP,trump_278t_2026_05_08_equity.pdf,50.98352813720703,52.619998931884766,69,0.03209802958856945,-0.063854060785919,-0.05872292313399353,,
cbdcd16a135b,Donald Trump,trump_278t_2026_05_08_equity,1530,CSW INDUSTRIALS INC,purchase,2026-03-04,2026-05-12,15001.0,50000.0,equity,CSW,trump_278t_2026_05_08_equity.pdf,278.1875,261.4700012207031,69,-0.06009435642973489,-0.006119272176715533,-0.02279422758267565,,
c0a24f570297,Donald Trump,trump_278t_2026_05_08_equity,1531,NEOGENOMICS INC,purchase,2026-03-04,2026-05-12,15001.0,50000.0,equity,NEO,trump_278t_2026_05_08_equity.pdf,9.100000381469727,8.75,69,-0.03846157876898886,-0.05599997384207589,-0.041142817905970984,,
3a08a8af3a92,Donald Trump,trump_278t_2026_05_08_equity,1532,AXCELIS TECHNOLOGIES INC,purchase,2026-03-04,2026-05-12,15001.0,50000.0,equity,ACLS,trump_278t_2026_05_08_equity.pdf,86.62000274658203,161.63999938964844,69,0.8660816701027714,0.003155125641930669,-0.11389509856239437,,
79c85d2f25d2,Donald Trump,trump_278t_2026_05_08_equity,1533,SAREPTA THERAPEUTICS INC,purchase,2026-03-04,2026-05-12,15001.0,50000.0,equity,SRPT,trump_278t_2026_05_08_equity.pdf,16.09000015258789,19.1299991607666,69,0.18893716465812227,-0.015159384260374935,-0.13016204288314154,,
3e599949db6a,Donald Trump,trump_278t_2026_05_08_equity,1534,CAVCO INDS INC DEL,purchase,2026-03-04,2026-05-12,15001.0,50000.0,equity,CVCO,trump_278t_2026_05_08_equity.pdf,579.7000122070312,475.8699951171875,69,-0.1791099101318673,-0.027822704457578853,-0.02345179098623589,,
bb0079b339ad,Donald Trump,trump_278t_2026_05_08_equity,1535,FRESHPET INC,purchase,2026-03-04,2026-05-12,15001.0,50000.0,equity,FRPT,trump_278t_2026_05_08_equity.pdf,85.5,51.27000045776367,69,-0.4003508718390214,-0.05149208827925161,-0.07567780443675999,,
0ddf85405003,Donald Trump,trump_278t_2026_05_08_equity,1538,HAYWARD HLDGS INC,purchase,2026-03-04,2026-05-12,15001.0,50000.0,equity,HAYW,trump_278t_2026_05_08_equity.pdf,15.5,13.899999618530273,69,-0.103225831062563,-0.007194203635955471,-0.05899278541929356,,
1f17cf894c44,Donald Trump,trump_278t_2026_05_08_equity,1540,GATES INDL CORP PLC F,purchase,2026-03-04,2026-05-12,15001.0,50000.0,equity,GTES,trump_278t_2026_05_08_equity.pdf,26.239999771118164,25.68000030517578,69,-0.021341443247982147,-0.011682287416044724,-0.08683798737287685,,
8f7d3b6a0e7f,Donald Trump,trump_278t_2026_05_08_equity,1541,UNITI GROUP INC NEW,purchase,2026-03-04,2026-05-12,15001.0,50000.0,equity,UNIT,trump_278t_2026_05_08_equity.pdf,7.840000152587891,11.220000267028809,69,0.43112245518582293,0.007130117807674494,-0.04901962367604381,,
20a1850d99e2,Donald Trump,trump_278t_2026_05_08_equity,1543,AVANOS MED INC,purchase,2026-03-04,2026-05-12,15001.0,50000.0,equity,AVNS,trump_278t_2026_05_08_equity.pdf,13.880000114440918,24.729999542236328,69,0.7817002405141871,-0.0004043764281012849,0.0008087528562025698,,
f7883d02c0a9,Donald Trump,trump_278t_2026_05_08_equity,1544,WOLVERINE WORLD WIDE INC,purchase,2026-03-04,2026-05-12,15001.0,50000.0,equity,WWW,trump_278t_2026_05_08_equity.pdf,17.631298065185547,15.710000038146973,69,-0.10897087780691178,-0.011457689671464358,-0.06429027539333905,,
49d5195711a5,Donald Trump,trump_278t_2026_05_08_equity,1513,PROGRESS SOFTWARE CORP,purchase,2026-03-04,2026-05-12,15001.0,50000.0,equity,PRGS,trump_278t_2026_05_08_equity.pdf,38.70000076293945,27.170000076293945,69,-0.29793282840673896,-0.029444211807660353,0.06698563451283109,,
b40749fa00f2,Donald Trump,trump_278t_2026_05_08_equity,1512,BADGER METER INC,purchase,2026-03-04,2026-05-12,15001.0,50000.0,equity,BMI,trump_278t_2026_05_08_equity.pdf,148.6139678955078,114.65730285644531,69,-0.2284890546959746,0.008953404236602765,0.035813683487262285,,
f61f5be4b256,Donald Trump,trump_278t_2026_05_08_equity,1481,MARTIN MARIETTA MATLS INC,purchase,2026-01-06,2026-05-12,15001.0,50000.0,equity,MLM,trump_278t_2026_05_08_equity.pdf,645.4472045898438,581.1400146484375,126,-0.0996319907873347,-0.007485350365566065,-0.08343942769748729,,
73e7889800ca,Donald Trump,trump_278t_2026_05_08_equity,1462,DAVE & BUSTERS ENTMT INC,purchase,2026-02-26,2026-05-12,15001.0,50000.0,equity,PLAY,trump_278t_2026_05_08_equity.pdf,15.5,9.729999542236328,75,-0.37225809404926913,0.027749277540214085,0.10174725296697601,,
94580b28e338,Donald Trump,trump_278t_2026_05_08_equity,1483,KIMBERLY CLARK CORP,purchase,2026-01-23,2026-05-12,15001.0,50000.0,equity,KMB,trump_278t_2026_05_08_equity.pdf,100.98269653320312,97.33999633789062,109,-0.03607251856375988,-0.0030819337749091826,-0.008937694163944047,,
b5467e14c1bc,Donald Trump,trump_278t_2026_05_08_equity,1484,TG THERAPEUTICS INC,purchase,2026-03-04,2026-05-12,15001.0,50000.0,equity,TGTX,trump_278t_2026_05_08_equity.pdf,29.190000534057617,42.540000915527344,69,0.45734841168959656,0.0025858158905542393,-0.07310767614996441,,
1f7ca39d7620,Donald Trump,trump_278t_2026_05_08_equity,1485,INTUIT INC,purchase,2026-01-23,2026-05-12,15001.0,50000.0,equity,INTU,trump_278t_2026_05_08_equity.pdf,562.2324829101562,387.739990234375,109,-0.3103564770441498,-0.04134213437620224,0.030871206277865965,,
d669ef1c22ee,Donald Trump,trump_278t_2026_05_08_equity,1487,EMPLOYERS HLDGS INC,purchase,2026-03-04,2026-05-12,15001.0,50000.0,equity,EIG,trump_278t_2026_05_08_equity.pdf,41.88259506225586,40.9900016784668,69,-0.0213117974772642,0.011222226534191793,0.05464742064029398,,
496c0df5b567,Donald Trump,trump_278t_2026_05_08_equity,1489,GEO GROUP INC NEW REIT,purchase,2026-03-04,2026-05-12,15001.0,50000.0,reit,GEO,trump_278t_2026_05_08_equity.pdf,15.050000190734863,21.40999984741211,69,0.4225913339584283,0.05791685100212864,0.06538998731938317,,
1d910c5e31c0,Donald Trump,trump_278t_2026_05_08_equity,1494,VERSANT MEDIA GROUP INC,purchase,2026-03-04,2026-05-12,15001.0,50000.0,equity,VSNT,trump_278t_2026_05_08_equity.pdf,35.65513229370117,40.369998931884766,69,0.13223528661584916,0.001733953348434004,0.04978950184323493,,
5f6a7279ab26,Donald Trump,trump_278t_2026_05_08_equity,1496,MOELIS & CO ClASS A I,purchase,2026-03-04,2026-05-12,15001.0,50000.0,equity,MC,trump_278t_2026_05_08_equity.pdf,58.99483108520508,63.970001220703125,69,0.08433230579662998,0.0015632088824899138,-0.026887622133520722,,
65cccd50719e,Donald Trump,trump_278t_2026_05_08_equity,1497,ALARM COM HLDGS INC I 0urchase,purchase,2026-03-04,2026-05-12,15001.0,50000.0,equity,ALRM,trump_278t_2026_05_08_equity.pdf,50.119998931884766,42.130001068115234,69,-0.15941735901926657,0.004984549706826081,0.03180631660610205,,
ccb90e04c299,Donald Trump,trump_278t_2026_05_08_equity,1500,INSIGHT ENTERPRISES INC,purchase,2026-03-04,2026-05-12,15001.0,50000.0,equity,NSIT,trump_278t_2026_05_08_equity.pdf,87.1500015258789,87.0199966430664,69,-0.001491737011317154,0.003447518539771355,0.017582239343987775,,
b5135468c70a,Donald Trump,trump_278t_2026_05_08_equity,1501,MASTERCARD INC CLASS A,purchase,2026-03-26,2026-05-12,15001.0,50000.0,equity,MA,trump_278t_2026_05_08_equity.pdf,499.89093017578125,499.80999755859375,47,-0.00016190055130434335,-0.01834693774624073,-0.0002200543248429243,,
03d3e965e509,Donald Trump,trump_278t_2026_05_08_equity,1503,PENGUIN SOLUTIONS INC DE,purchase,2026-03-04,2026-05-12,15001.0,50000.0,equity,PENG,trump_278t_2026_05_08_equity.pdf,19.200000762939453,44.130001068115234,69,1.2984374642993026,0.0938137160535821,0.04849307359737699,,
4b0a98ea00dd,Donald Trump,trump_278t_2026_05_08_equity,1507,TELEFLEX INC,purchase,2026-03-04,2026-05-12,15001.0,50000.0,equity,TFX,trump_278t_2026_05_08_equity.pdf,118.52902221679688,128.6973876953125,69,0.08578798076910699,0.007827668694257457,0.028753145484776945,,
1622569b1b49,Donald Trump,trump_278t_2026_05_08_equity,1506,OPENLANE INC,purchase,2026-03-04,2026-05-12,15001.0,50000.0,equity,OPLN,trump_278t_2026_05_08_equity.pdf,28.700000762939453,36.11000061035156,69,0.2581881411299718,-0.013846579660723304,-0.04680150686349702,,
c690a856f3a3,Donald Trump,trump_278t_2026_05_08_equity,1509,ADDUS HOMECARE CORP,purchase,2026-03-04,2026-05-12,15001.0,50000.0,equity,ADUS,trump_278t_2026_05_08_equity.pdf,105.68000030517578,98.48999786376953,69,-0.06803560201214451,-0.040410151425164575,-0.059904575630509556,,
61c50e0b2345,Donald Trump,trump_278t_2026_05_08_equity,1511,GENTHERM INC,purchase,2026-03-04,2026-05-12,15001.0,50000.0,equity,THRM,trump_278t_2026_05_08_equity.pdf,30.739999771118164,30.299999237060547,69,-0.014313615397974749,0.015181551267455231,-0.011221127430657804,,
56ce3554e286,Donald Trump,trump_278t_2026_05_08_equity,1499,BANNER CORP,purchase,2026-03-04,2026-05-12,15001.0,50000.0,equity,BANR,trump_278t_2026_05_08_equity.pdf,60.76832962036133,64.5,69,0.06140814471866478,-0.019224832224291423,-0.015658888705941135,,
354535ca10ed,Donald Trump,trump_278t_2026_05_08_equity,1030,CISCO SYSTEMS INC UNSOLICITED,purchase,2026-01-21,2026-05-12,15001.0,50000.0,equity,CSCO,trump_278t_2026_05_08_equity.pdf,73.29285430908203,99.29000091552734,111,0.3547023356030479,0.025984508080019737,0.162050520591489,,
bebd9f79aa94,Donald Trump,trump_278t_2026_05_08_equity,1410,INSPERITY INC,purchase,2026-03-30,2026-05-12,15001.0,50000.0,equity,NSP,trump_278t_2026_05_08_equity.pdf,27.540000915527344,31.56999969482422,43,0.14633255792757505,-0.07538800075303116,-0.003484339924450385,,
c9a1f04fb814,Donald Trump,trump_278t_2026_05_08_equity,1316,COPART INC UNSOLICITED,purchase,2026-03-02,2026-05-12,15001.0,50000.0,equity,CPRT,trump_278t_2026_05_08_equity.pdf,38.310001373291016,33.439998626708984,71,-0.12712092331004984,-0.014952153724092655,-0.00956936925734891,,
003b90be372e,Donald Trump,trump_278t_2026_05_08_equity,1317,UNION PACIFIC CORP UNSOLICITED,purchase,2026-03-02,2026-05-12,15001.0,50000.0,equity,UNP,trump_278t_2026_05_08_equity.pdf,265.59014892578125,264.22723388671875,71,-0.0051316475576184285,-0.0035768412780580903,0.022439773264598478,,
4e29efcb90aa,Donald Trump,trump_278t_2026_05_08_equity,1319,AMETEK INC /Nl'WI UNSOLICITED,purchase,2026-03-02,2026-05-12,15001.0,50000.0,equity,AME,trump_278t_2026_05_08_equity.pdf,241.07725524902344,231.1999969482422,71,-0.040971340455068755,0.0009515623858436979,-0.04290656704102839,,
8df585010e63,Donald Trump,trump_278t_2026_05_08_equity,1323,PRA GROUP INC,purchase,2026-02-21,2026-05-12,15001.0,50000.0,equity,PRAA,trump_278t_2026_05_08_equity.pdf,10.420000076293945,16.780000686645508,80,0.6103647374073348,-0.12395713899080801,-0.12336117781842292,,
4c7fa3bd2714,Donald Trump,trump_278t_2026_05_08_equity,1327,REGENERON PHARMACEUTICALS INC UNSOLICITED,purchase,2026-01-21,2026-05-12,15001.0,50000.0,equity,REGN,trump_278t_2026_05_08_equity.pdf,747.3135375976562,722.3311157226562,111,-0.03342963912484375,-0.004879644752330715,-0.12870985112981154,,
279e8a3680a8,Donald Trump,trump_278t_2026_05_08_equity,1329,DOORDASH INC CL A UNSOLICITED,purchase,2026-03-02,2026-05-12,15001.0,50000.0,equity,DASH,trump_278t_2026_05_08_equity.pdf,176.41000366210938,155.19000244140625,71,-0.12028796995745945,-0.039435498556024406,-0.0034796606509865952,,
d849d6add25e,Donald Trump,trump_278t_2026_05_08_equity,1331,STRYKER CORP UNSOLICITED,purchase,2026-03-02,2026-05-12,15001.0,50000.0,equity,SYK,trump_278t_2026_05_08_equity.pdf,385.9755859375,294.45001220703125,71,-0.2371278833819537,0.025946625281467513,0.07913053770426151,,
a3a5171501bf,Donald Trump,trump_278t_2026_05_08_equity,1333,EXPEDITORS INTL WASH INC UNSOLICITED,purchase,2026-03-02,2026-05-12,15001.0,50000.0,equity,EXPD,trump_278t_2026_05_08_equity.pdf,145.6300048828125,154.42999267578125,71,0.060427023950524766,0.008871400899777527,0.020527187580651345,,
f6f0b3ddc74a,Donald Trump,trump_278t_2026_05_08_equity,1334,LIVERAMP HLDGS INC,purchase,2026-01-26,2026-05-12,15001.0,50000.0,equity,RAMP,trump_278t_2026_05_08_equity.pdf,26.18000030517578,28.68000030517578,106,0.09549274143842353,-0.0031380806007749104,0.3138075280416158,,
29688a20a75f,Donald Trump,trump_278t_2026_05_08_equity,1335,MSCI INC UNSOLICITED,purchase,2026-01-21,2026-05-12,15001.0,50000.0,equity,MSCI,trump_278t_2026_05_08_equity.pdf,584.546875,578.9990234375,111,-0.009490858303707465,-0.017518911443004243,-0.0022608345491191527,,
f20cf984ca55,Donald Trump,trump_278t_2026_05_08_equity,1338,CBOE GLOBAL MARKETS INC UNSOLICITED,purchase,2026-03-02,2026-05-12,15001.0,50000.0,equity,CBOE,trump_278t_2026_05_08_equity.pdf,296.8677673339844,355.0557861328125,71,0.19600652277404373,0.03063526411349449,0.02015184536155843,,
8139cf54eedb,Donald Trump,trump_278t_2026_05_08_equity,1337,ZEBRA TECHNOLOGIES CORP CL A UNSOLICITED,purchase,2026-03-02,2026-05-12,15001.0,50000.0,equity,ZBRA,trump_278t_2026_05_08_equity.pdf,223.9199981689453,241.7899932861328,71,0.07980526644924664,0.020555032708990797,0.022168000162060348,,
e6ed4432ed86,Donald Trump,trump_278t_2026_05_08_equity,1338,MODERNA INC UNSOLICITED,purchase,2026-03-02,2026-05-12,15001.0,50000.0,equity,MRNA,trump_278t_2026_05_08_equity.pdf,52.845001220703125,53.27000045776367,71,0.008042373493106186,-0.053501074982682764,-0.14173078979127726,,
a94232b2e355,Donald Trump,trump_278t_2026_05_08_equity,1339,FEDEX CORP UNSOLICITED,purchase,2026-03-02,2026-05-12,15001.0,50000.0,equity,FDX,trump_278t_2026_05_08_equity.pdf,385.68634033203125,376.4200134277344,71,-0.024025551167613665,-0.01785240152219813,-0.0038521124151376326,,
5aac261c8144,Donald Trump,trump_278t_2026_05_08_equity,1313,CITIGROUP INC UNSOLICITED,purchase,2026-03-02,2026-05-12,15001.0,50000.0,equity,C,trump_278t_2026_05_08_equity.pdf,110.92527770996094,126.44000244140625,71,0.13986644930483785,-0.018506832664524353,-0.051170524325965576,,
52015863bb0e,Donald Trump,trump_278t_2026_05_08_equity,1310,BLOCK INC CL A UNSOLICITED,purchase,2026-03-02,2026-05-12,15001.0,50000.0,equity,XYZ,trump_278t_2026_05_08_equity.pdf,64.44999694824219,72.12000274658203,71,0.11900707775827189,-0.03244597723474235,-0.040904110722271535,,
bed5322ba459,Donald Trump,trump_278t_2026_05_08_equity,1284,RINGCENTRAL INC CLASS A,purchase,2026-02-12,2026-05-12,15001.0,50000.0,equity,RNG,trump_278t_2026_05_08_equity.pdf,28.34930992126465,41.869998931884766,89,0.47693185647804176,-0.07499401647362525,0.01719611270767984,,
cb8faee4af41,Donald Trump,trump_278t_2026_05_08_equity,1286,DEVON ENERGY CORP NEW UNSOLICITED,purchase,2026-03-02,2026-05-12,15001.0,50000.0,equity,DVN,trump_278t_2026_05_08_equity.pdf,44.71644592285156,46.77000045776367,71,0.045923921110704286,0.0027795823571272727,0.062433143903478455,,
5428109caffe,Donald Trump,trump_278t_2026_05_08_equity,1267,FIRSTENERGY CORP UNSOLICITED,purchase,2026-03-02,2026-05-12,15001.0,50000.0,equity,FE,trump_278t_2026_05_08_equity.pdf,50.45956802368164,44.709999084472656,71,-0.11394407769227437,-0.013196156668962936,0.008051903773726249,,
e9e629c15714,Donald Trump,trump_278t_2026_05_08_equity,1289,SNAP ON INC COM,purchase,2026-01-06,2026-05-12,15001.0,50000.0,equity,SNA,trump_278t_2026_05_08_equity.pdf,353.055419921875,366.72711181640625,126,0.0387239258288587,-0.007122960187615556,-0.025133407795046216,,
24cd0c550511,Donald Trump,trump_278t_2026_05_08_equity,1290,OLD DOMINION FREIGHT LINES INC UNSOLICITED,purchase,2026-03-02,2026-05-12,15001.0,50000.0,equity,ODFL,trump_278t_2026_05_08_equity.pdf,207.46026611328125,191.1199951171875,71,-0.07876337624656925,-0.010150703699090796,0.06979914157333512,,
1574fefbd54f,Donald Trump,trump_278t_2026_05_08_equity,1292,CELANESE CORP DEL CLASS A,purchase,2026-03-04,2026-05-12,15001.0,50000.0,equity,CE,trump_278t_2026_05_08_equity.pdf,51.12639617919922,59.470001220703125,69,0.16319564188055374,0.008407600298248125,-0.10055489186965962,,
e6fb5d68d455,Donald Trump,trump_278t_2026_05_08_equity,1294,SCANSOURCE INC,purchase,2026-03-04,2026-05-12,15001.0,50000.0,equity,SCSC,trump_278t_2026_05_08_equity.pdf,38.09000015258789,43.5,69,0.14203202482908223,-0.034252912148661996,-0.023448286385371768,,
923261a68ae0,Donald Trump,trump_278t_2026_05_08_equity,1295,FAIR ISAAC CORP UNSOLICITED,purchase,2026-03-02,2026-05-12,15001.0,50000.0,equity,FICO,trump_278t_2026_05_08_equity.pdf,1407.5400390625,1086.0,71,-0.2284411314342884,-0.019668494798860497,0.09221917533523251,,
ab37b2f49bac,Donald Trump,trump_278t_2026_05_08_equity,1296,TEXAS PAC LAND CORP UNSOLICITED IDurchaso,purchase,2026-03-02,2026-05-12,15001.0,50000.0,equity,TPL,trump_278t_2026_05_08_equity.pdf,531.0900268554688,401.3900146484375,71,-0.24421473883622355,-0.037071188469512226,-0.016990974053482967,,
33a5f87dfbfa,Donald Trump,trump_278t_2026_05_08_equity,1297,KINDER MORGAN INC UNSOLICITED loorchuo,purchase,2026-03-02,2026-05-12,15001.0,50000.0,equity,KMI,trump_278t_2026_05_08_equity.pdf,33.57954025268555,32.45000076293945,71,-0.03363772944019858,0.011094009303158863,0.0573189696955519,,
46a45341cec3,Donald Trump,trump_278t_2026_05_08_equity,1298,AVISTA CORP 10urchaso,purchase,2026-03-04,2026-05-12,15001.0,50000.0,equity,AVA,trump_278t_2026_05_08_equity.pdf,39.857173919677734,40.32154846191406,69,0.01165096509783057,-0.0004900638142555969,0.014841932660312362,,
3d1384b164df,Donald Trump,trump_278t_2026_05_08_equity,1299,TRIMBLE INC COM UNSOLICITED,purchase,2026-03-02,2026-05-12,15001.0,50000.0,equity,TRMB,trump_278t_2026_05_08_equity.pdf,68.41000366210938,56.5099983215332,71,-0.17395124548381355,-0.02849047679126909,-0.03450711389419983,,
74e29a455416,Donald Trump,trump_278t_2026_05_08_equity,1300,PATHWARD FINL INC,purchase,2026-03-04,2026-05-12,15001.0,50000.0,equity,CASH,trump_278t_2026_05_08_equity.pdf,91.3986587524414,82.58999633789062,69,-0.09637627657545345,-0.03220724241023475,-0.025911121013897528,,
b994076cc03a,Donald Trump,trump_278t_2026_05_08_equity,1301,HUBBELL INC UNSOLICITED,purchase,2026-03-02,2026-05-12,15001.0,50000.0,equity,HUBB,trump_278t_2026_05_08_equity.pdf,515.4310302734375,484.52392578125,71,-0.05996360846918976,-0.004506363970754959,-0.050372491320712885,,
e4d39eb1c8cf,Donald Trump,trump_278t_2026_05_08_equity,1302,GENERAC HLDGS INC UNSOLICITED,purchase,2026-03-02,2026-05-12,15001.0,50000.0,equity,GNRC,trump_278t_2026_05_08_equity.pdf,230.3800048828125,269.5899963378906,71,0.17019702501969775,-0.00867983370925155,-0.09503318173971366,,
ac45d3820c58,Donald Trump,trump_278t_2026_05_08_equity,1303,TRANE TECHNOLOGIES PLC UNSOLICITED,purchase,2026-03-02,2026-05-12,15001.0,50000.0,equity,TT,trump_278t_2026_05_08_equity.pdf,465.04827880859375,467.6600036621094,71,0.005616029501725278,0.007184675459204193,-0.04201769179021296,,
1f59593c8366,Donald Trump,trump_278t_2026_05_08_equity,1306,THE TRADE DESK INC CL A UNSOLICITED,purchase,2026-03-02,2026-05-12,15001.0,50000.0,equity,TTD,trump_278t_2026_05_08_equity.pdf,24.31999969482422,21.139999389648438,71,-0.1307565931364937,-0.030747381139876327,0.0009460954749821535,,
bfeee6f9d461,Donald Trump,trump_278t_2026_05_08_equity,1307,FIRST SOLAR INC UNSOLICITED,purchase,2026-03-02,2026-05-12,15001.0,50000.0,equity,FSLR,trump_278t_2026_05_08_equity.pdf,199.86000061035156,228.05999755859375,71,0.14109875343801834,0.028676701810634718,-0.027843510096921344,,
40021dd16c19,Donald Trump,trump_278t_2026_05_08_equity,1308,PTC INC COM UNSOLICITED,purchase,2026-03-02,2026-05-12,15001.0,50000.0,equity,PTC,trump_278t_2026_05_08_equity.pdf,158.1199951171875,144.22000122070312,71,-0.0879078821510377,-0.023644457309988296,0.006725843936297783,,
6b6dd16b632b,Donald Trump,trump_278t_2026_05_08_equity,1311,GLAUKOS CORP,purchase,2026-03-30,2026-05-12,,,equity,GKOS,trump_278t_2026_05_08_equity.pdf,105.01000213623047,136.36000061035156,43,0.2985429753010617,0.00682012812861964,0.025960642932587954,,
918226815a62,Donald Trump,trump_278t_2026_05_08_equity,1341,EPAM SYSTEMS INC UNSOLICITED,purchase,2026-03-02,2026-05-12,15001.0,50000.0,equity,EPAM,trump_278t_2026_05_08_equity.pdf,139.16000366210938,95.13999938964844,71,-0.31632655298964146,-0.0499264245372364,0.05644316566146947,,
83bfc68ccb65,Donald Trump,trump_278t_2026_05_08_equity,1342,FORTIVE CORP UNSOLICITED,purchase,2026-03-02,2026-05-12,15001.0,50000.0,equity,FTV,trump_278t_2026_05_08_equity.pdf,58.515968322753906,60.27000045776367,71,0.02997527316535427,-0.0141032401254755,-0.03434544017093287,,
246b13dcde62,Donald Trump,trump_278t_2026_05_08_equity,1385,WORLD KINECT CORP I,purchase,2026-03-04,2026-05-12,15001.0,50000.0,equity,WKC,trump_278t_2026_05_08_equity.pdf,24.33980941772461,27.389999389648438,69,0.12531692091650623,-0.0003651051151762839,0.04308142867727632,,
6ea0d21d23c0,Donald Trump,trump_278t_2026_05_08_equity,1387,BLOOMIN BRANDS INC I,purchase,2026-02-26,2026-05-12,15001.0,50000.0,equity,BLMN,trump_278t_2026_05_08_equity.pdf,6.179999828338623,8.319999694824219,75,0.3462783051663764,-0.004807687899064574,-0.08533648886447645,,
5aa59f0b719e,Donald Trump,trump_278t_2026_05_08_equity,1388,BROADCOM INC l,purchase,2026-03-17,2026-05-12,15001.0,50000.0,equity,AVGO,trump_278t_2026_05_08_equity.pdf,320.63739013671875,419.29998779296875,56,0.307707711861616,-0.00598611810426808,-0.019627905338298245,,
e3ef58b7e00c,Donald Trump,trump_278t_2026_05_08_equity,1389,BROADCOM INC l,purchase,2026-03-31,2026-05-12,15001.0,50000.0,equity,AVGO,trump_278t_2026_05_08_equity.pdf,309.510009765625,419.29998779296875,42,0.354721897719824,-0.00598611810426808,-0.019627905338298245,,
7be171dac5b2,Donald Trump,trump_278t_2026_05_08_equity,1390,CHEVRON CORP l,purchase,2026-01-22,2026-05-12,15001.0,50000.0,equity,CVX,trump_278t_2026_05_08_equity.pdf,163.54750061035156,184.26229858398438,110,0.1266592145787992,0.00026896737561542435,0.0704848550996231,,
9c1e6273ce9e,Donald Trump,trump_278t_2026_05_08_equity,1391,VITAL FARMS INC I,purchase,2026-02-21,2026-05-12,15001.0,50000.0,equity,VITL,trump_278t_2026_05_08_equity.pdf,25.56999969482422,8.649999618530273,80,-0.6617129557384714,-0.03699418600420587,0.06011566250820546,,
55bc6cdb23ce,Donald Trump,trump_278t_2026_05_08_equity,1392,TEXAS INSTRUMENTS INC l,purchase,2026-01-31,2026-05-12,15001.0,50000.0,equity,TXN,trump_278t_2026_05_08_equity.pdf,223.8724822998047,295.1700134277344,101,0.31847384902111253,0.037842539560309925,0.024189395284245012,,
d30b4dd505f1,Donald Trump,trump_278t_2026_05_08_equity,1393,BGC GROUP INC CLASS A I,purchase,2026-03-04,2026-05-12,15001.0,50000.0,equity,BGC,trump_278t_2026_05_08_equity.pdf,9.612133026123047,10.999554634094238,69,0.1443406582285715,0.012704149839052273,0.026315800881733614,,
13dafda3391c,Donald Trump,trump_278t_2026_05_08_equity,1394,PAYCHEX INC,purchase,2026-01-22,2026-05-12,15001.0,50000.0,equity,PAYX,trump_278t_2026_05_08_equity.pdf,104.73967742919922,92.5199966430664,110,-0.11666716077479748,-0.02810201652029504,0.02118468206855554,,
c2c617342b83,Donald Trump,trump_278t_2026_05_08_equity,1395,UNITED PARCEL SERVICE INC CL B,purchase,2026-01-22,2026-05-12,15001.0,50000.0,equity,UPS,trump_278t_2026_05_08_equity.pdf,106.00972747802734,96.8081283569336,110,-0.0867995733976485,0.00010150656068898366,0.0002259466688628231,,
4cbb9bf9c557,Donald Trump,trump_278t_2026_05_08_equity,1397,AMGEN INC,purchase,2026-01-22,2026-05-12,15001.0,50000.0,equity,AMGN,trump_278t_2026_05_08_equity.pdf,342.0982971191406,333.7695617675781,110,-0.024346029844930502,0.00047581773401221783,-0.009046845828562432,,
b26168f2d15c,Donald Trump,trump_278t_2026_05_08_equity,1398,MICROSOFT CORP,purchase,2026-01-26,2026-05-12,15001.0,50000.0,equity,MSFT,trump_278t_2026_05_08_equity.pdf,468.1949768066406,406.8887023925781,106,-0.1309417602730525,-0.0062779903800582754,0.0236653926530322,,
3bda658ed42b,Donald Trump,trump_278t_2026_05_08_equity,1399,HOME DEPOT INC,purchase,2026-01-22,2026-05-12,15001.0,50000.0,equity,HD,trump_278t_2026_05_08_equity.pdf,378.49951171875,310.4599914550781,110,-0.17976118371912117,-0.02547833498621322,-0.02583260076792318,,
756c9e198b76,Donald Trump,trump_278t_2026_05_08_equity,1400,MILLROSE PPTYS INC CLASS A,purchase,2026-03-04,2026-05-12,15001.0,50000.0,equity,MRP,trump_278t_2026_05_08_equity.pdf,30.202823638916016,26.600000381469727,69,-0.11928763020700124,0.0026315674368554676,0.0018796705392296793,,
b7fe6c392faf,Donald Trump,trump_278t_2026_05_08_equity,1403,ADMA BIOLOGICS INC,purchase,2026-03-04,2026-05-12,15001.0,50000.0,equity,ADMA,trump_278t_2026_05_08_equity.pdf,16.540000915527344,8.40999984741211,69,-0.49153570847042644,0.010701564116625413,0.026159366352010837,,
c852ae4e6ef8,Donald Trump,trump_278t_2026_05_08_equity,1405,ARGAN INC,purchase,2026-03-30,2026-05-12,15001.0,50000.0,equity,AGX,trump_278t_2026_05_08_equity.pdf,513.5623779296875,681.010009765625,43,0.32605120435606166,0.057135684625138516,-0.06083609944300189,,
a93b01c52fab,Donald Trump,trump_278t_2026_05_08_equity,1406,WISDOMTREE INC,purchase,2026-03-30,2026-05-12,15001.0,50000.0,equity,WT,trump_278t_2026_05_08_equity.pdf,13.89769172668457,18.689998626708984,43,0.34482754361451545,0.042803702685453186,0.005350577643994627,,
3d75abf80b8b,Donald Trump,trump_278t_2026_05_08_equity,1407,YELP INC,purchase,2026-03-30,2026-05-12,15001.0,50000.0,equity,YELP,trump_278t_2026_05_08_equity.pdf,24.809999465942383,23.09000015258789,43,-0.06932685813700237,-0.009961002196465995,-0.02165439569925515,,
61b0dec904ac,Donald Trump,trump_278t_2026_05_08_equity,1409,PITNEY BOWES INC,purchase,2026-03-04,2026-05-12,15001.0,50000.0,equity,PBI,trump_278t_2026_05_08_equity.pdf,10.771174430847168,15.212794303894043,69,0.41236170684662615,0.001959468951754636,0.026109953559388485,,
16668ad3d335,Donald Trump,trump_278t_2026_05_08_equity,1363,ROPER TECHNOLOGIES INC,purchase,2026-01-23,2026-05-12,15001.0,50000.0,equity,ROP,trump_278t_2026_05_08_equity.pdf,406.57354736328125,323.94000244140625,109,-0.20324378075694222,-0.023738971363369072,0.015342351000945277,,
ba4bf44538a6,Donald Trump,trump_278t_2026_05_08_equity,1361,PHILLIPS EDISON & CO INC,purchase,2026-01-26,2026-05-12,15001.0,50000.0,equity,PECO,trump_278t_2026_05_08_equity.pdf,35.2134895324707,39.54219055175781,106,0.12292735189722029,-0.007313992198151064,0.0009562262173458201,,
b77a7e9ee1bd,Donald Trump,trump_278t_2026_05_08_equity,1344,NRG ENERGY INC NEW UNSOLICITED,purchase,2026-01-21,2026-05-12,15001.0,50000.0,equity,NRG,trump_278t_2026_05_08_equity.pdf,149.75245666503906,137.33999633789062,111,-0.08288652222188371,-0.04558027285390914,-0.09924273785390804,,
f97d9180aec4,Donald Trump,trump_278t_2026_05_08_equity,1345,PAYPAL HOLDINGS INC UNSOLICITED,purchase,2026-03-02,2026-05-12,15001.0,50000.0,equity,PYPL,trump_278t_2026_05_08_equity.pdf,45.49226379394531,45.439998626708984,71,-0.0011488803343148695,-0.004621458864860568,-0.03543126858080413,,
cea8645e523d,Donald Trump,trump_278t_2026_05_08_equity,1346,AIRBNB INC CL A UNSOLICITED,purchase,2026-03-02,2026-05-12,15001.0,50000.0,equity,ABNB,trump_278t_2026_05_08_equity.pdf,133.25999450683594,135.47999572753906,71,0.016659172386422724,-0.018526679849353803,-0.031886567771359633,,
778e9f53c726,Donald Trump,trump_278t_2026_05_08_equity,1347,CUMMINS INC UNSOLICITED,purchase,2026-03-02,2026-05-12,15001.0,50000.0,equity,CMI,trump_278t_2026_05_08_equity.pdf,578.5528564453125,702.3540649414062,71,0.21398426628941208,0.007110834805071429,-0.06401159118126828,,
9be37ff35917,Donald Trump,trump_278t_2026_05_08_equity,1348,VERTEX PHARMACEUTICAL INC UNSOLICITED,purchase,2026-03-02,2026-05-12,15001.0,50000.0,equity,VRTX,trump_278t_2026_05_08_equity.pdf,486.0299987792969,448.2900085449219,71,-0.07764950790931012,0.010640408937853648,-0.031185194226623563,,
300ac395d0e2,Donald Trump,trump_278t_2026_05_08_equity,1349,ACCENTURE PLC IRELAND CL A UNSOLICITED,purchase,2026-03-02,2026-05-12,15001.0,50000.0,equity,ACN,trump_278t_2026_05_08_equity.pdf,204.1983184814453,169.77000427246094,71,-0.16860233945615344,-0.05966899115202372,0.04140895683794972,,
278ba05fa911,Donald Trump,trump_278t_2026_05_08_equity,1350,APTIV PLC UNSOLICITED,purchase,2026-03-02,2026-05-12,15001.0,50000.0,equity,APTV,trump_278t_2026_05_08_equity.pdf,72.47000122070312,54.95000076293945,71,-0.24175521129643066,-0.013466818347450952,-0.04331212074741963,,
2c3e100520c3,Donald Trump,trump_278t_2026_05_08_equity,1351,UNITED PARCEL SERVICE INC CL B UNSOLICITED,purchase,2026-03-02,2026-05-12,15001.0,50000.0,equity,UPS,trump_278t_2026_05_08_equity.pdf,112.5232162475586,96.8081283569336,71,-0.13966084879808943,0.00010150656068898366,0.0002259466688628231,,
50846fe5413c,Donald Trump,trump_278t_2026_05_08_equity,1356,TRIPADVISOR INC,purchase,2026-03-30,2026-05-12,15001.0,50000.0,equity,TRIP,trump_278t_2026_05_08_equity.pdf,10.390000343322754,9.449999809265137,43,-0.09047165572633678,0.019047651725802382,-0.015872975826222574,,
d69a5aecc471,Donald Trump,trump_278t_2026_05_08_equity,1359,DECKERS OUTDOOR CORP UNSOLICITED,purchase,2026-03-02,2026-05-12,15001.0,50000.0,equity,DECK,trump_278t_2026_05_08_equity.pdf,114.51000213623047,94.88999938964844,71,-0.17133876849675078,-0.010116967969728776,-0.006533910323216499,,
0e577428862e,Donald Trump,trump_278t_2026_05_08_equity,1361,HP INC UNSOLICITED,purchase,2026-03-02,2026-05-12,15001.0,50000.0,equity,HPQ,trump_278t_2026_05_08_equity.pdf,18.401437759399414,21.079999923706055,71,0.14556265653418504,0.008538913938674036,-0.005218245291730693,,
4b68919ee426,Donald Trump,trump_278t_2026_05_08_equity,1382,PALO ALTO NETWORKS INC,purchase,2026-01-23,2026-05-12,15001.0,50000.0,equity,PANW,trump_278t_2026_05_08_equity.pdf,180.17999267578125,215.60000610351562,109,0.1965812790961187,0.05653982763230736,0.11377550132127238,,
69b900a0f01d,Donald Trump,trump_278t_2026_05_08_equity,1411,KINDER MORGAN INC DE,purchase,2026-01-31,2026-05-12,15001.0,50000.0,equity,KMI,trump_278t_2026_05_08_equity.pdf,29.3387508392334,32.45000076293945,101,0.10604575296183093,0.011094009303158863,0.0573189696955519,,
9abc87c4aed9,Donald Trump,trump_278t_2026_05_08_equity,1363,DANAHER CORP UNSOLICITED,purchase,2026-03-02,2026-05-12,15001.0,50000.0,equity,DHR,trump_278t_2026_05_08_equity.pdf,205.5618133544922,166.25999450683594,71,-0.19119221710639467,-0.0016238964428738397,0.0046914399438693875,,
74f7042a3be8,Donald Trump,trump_278t_2026_05_08_equity,1367,COMCAST CORP CL A,purchase,2026-01-23,2026-05-12,15001.0,50000.0,equity,CMCSA,trump_278t_2026_05_08_equity.pdf,28.96321678161621,24.899999618530273,109,-0.14028887722392006,0.0016064624955887774,-0.004016079638624071,,
2a40eb0d13cc,Donald Trump,trump_278t_2026_05_08_equity,1370,LYFT INC CLASS A,purchase,2026-03-30,2026-05-12,15001.0,50000.0,equity,LYFT,trump_278t_2026_05_08_equity.pdf,12.649999618530273,13.880000114440918,43,0.09723324371558763,-0.014409208041508192,-0.05043226249954051,,
7a35439bb5fe,Donald Trump,trump_278t_2026_05_08_equity,1371,WATERS CORP UNSOLICITED,purchase,2026-03-02,2026-05-12,15001.0,50000.0,equity,WAT,trump_278t_2026_05_08_equity.pdf,307.2300109863281,352.2099914550781,71,0.14640490466522696,-0.0490616370873193,-0.05380307813292134,,
5117cd514892,Donald Trump,trump_278t_2026_05_08_equity,1373,VISTRA CORP UNSOLICITED,purchase,2026-03-02,2026-05-12,15001.0,50000.0,equity,VST,trump_278t_2026_05_08_equity.pdf,165.76388549804688,146.8699951171875,71,-0.11398074028062037,-0.029005206294429913,-0.08279423168508901,,
c3439c424eae,Donald Trump,trump_278t_2026_05_08_equity,1374,GE HEALTHCARE TECHNOLOGIES INC UNSOLICITED,purchase,2026-03-02,2026-05-12,15001.0,50000.0,equity,GEHC,trump_278t_2026_05_08_equity.pdf,80.12102508544922,62.290000915527344,71,-0.22255112376439337,-0.006421600899016777,-0.011398283416876162,,
b8d43375f0bb,Donald Trump,trump_278t_2026_05_08_equity,1375,LULULEMON ATHLETICA INC UNSOLICITED,purchase,2026-03-02,2026-05-12,15001.0,50000.0,equity,LULU,trump_278t_2026_05_08_equity.pdf,176.1699981689453,125.12999725341797,71,-0.28972016487495494,-0.03132740553814914,-0.04723084921632099,,
ca12b8475e2a,Donald Trump,trump_278t_2026_05_08_equity,1364,JETBLUE AWYS CORP EQUITY CLASS EQUITY,purchase,2026-03-04,2026-05-12,15001.0,50000.0,equity,JBLU,trump_278t_2026_05_08_equity.pdf,5.050000190734863,4.730000019073486,69,-0.06336636823271315,-0.006342539045956718,-0.07399575120955844,,
39f9bb79224f,Donald Trump,trump_278t_2026_05_08_equity,3836,VANGUARD S&P 500 ETF UNSOLICITED 1,sale,2026-01-06,2026-05-12,1000001.0,5000000.0,etf,VOO,trump_278t_2026_05_08_equity.pdf,634.2080688476562,678.6699829101562,126,-0.07010619423888194,-0.005510764183702092,0.00601169369122903,,
